student_id,course_id,course_seq_no,status,is_major_ind,semester_seq_no
102003,385,0,completed,0,1
102003,1316,1,completed,1,1
102003,1328,2,completed,1,1
102003,62,3,completed,0,1
102003,1601,4,completed,0,1
102012,1283,8,completed,1,2
102012,1279,9,completed,1,2
102013,1246,5,completed,1,2
102013,1581,6,completed,0,2
102013,1202,7,completed,1,2
103009,1042,8,completed,0,2
103009,770,9,completed,0,2
103010,173,5,completed,0,2
103010,1678,6,completed,0,2
102013,11,8,completed,0,2
102013,271,9,completed,0,2
103010,1686,7,completed,0,2
103010,63,8,completed,0,2
103010,181,9,completed,0,2
103011,1603,5,completed,0,2
103011,1101,6,completed,1,2
101003,549,0,completed,0,1
101003,1707,1,completed,0,1
101003,1316,2,completed,1,1
101003,913,3,completed,0,1
101003,1714,4,completed,0,1
103005,1092,0,completed,1,1
103005,1248,1,completed,1,1
103005,1099,2,completed,1,1
103005,1710,3,completed,0,1
103005,1245,4,completed,1,1
103011,57,7,completed,0,2
103011,1201,8,completed,1,2
103011,661,9,completed,0,2
103012,1391,5,completed,1,2
103012,1396,6,completed,1,2
100016,869,5,completed,0,2
100016,56,6,completed,0,2
100016,1581,7,completed,0,2
100016,1043,8,completed,0,2
102018,1402,5,completed,1,2
102018,1395,6,completed,1,2
102018,1403,7,completed,1,2
103012,1392,7,completed,1,2
103012,1404,8,completed,1,2
103012,1688,9,completed,0,2
100016,250,9,completed,0,2
102018,1396,8,completed,1,2
102018,1404,9,completed,1,2
103007,1314,0,completed,0,1
103007,1090,1,completed,1,1
103007,69,2,completed,0,1
103007,1091,3,completed,1,1
103007,1390,4,completed,0,1
103009,1090,0,completed,0,1
103009,1274,1,completed,1,1
103009,1192,2,completed,0,1
103009,1275,3,completed,1,1
103009,1058,4,completed,0,1
103010,1090,0,completed,1,1
103010,2,1,completed,0,1
103010,1091,2,completed,1,1
103010,655,3,completed,0,1
103010,701,4,completed,0,1
101019,986,5,completed,0,2
101019,557,6,completed,0,2
102012,1274,0,completed,1,1
102012,1281,1,completed,1,1
102012,914,2,completed,0,1
102012,1289,3,completed,1,1
102012,1580,4,completed,0,1
103011,1678,0,completed,0,1
103011,1199,1,completed,1,1
103011,1245,2,completed,1,1
103011,486,3,completed,0,1
103011,475,4,completed,0,1
101019,1318,7,completed,1,2
101019,1330,8,completed,1,2
101019,658,9,completed,0,2
102013,1477,0,completed,0,1
102013,1242,1,completed,1,1
102013,472,2,completed,0,1
102013,1243,3,completed,1,1
102013,1695,4,completed,0,1
103012,1388,0,completed,1,1
103012,1389,1,completed,1,1
103012,1390,2,completed,1,1
103012,1402,3,completed,1,1
103012,1395,4,completed,1,1
100016,1090,0,completed,1,1
100016,1091,1,completed,1,1
100016,701,2,completed,0,1
100016,775,3,completed,0,1
100016,1710,4,completed,0,1
101024,1330,5,completed,1,2
101024,908,6,completed,0,2
101024,1323,7,completed,1,2
101024,1319,8,completed,1,2
101024,1291,9,completed,0,2
102018,1388,0,completed,1,1
102018,384,1,completed,0,1
102018,1389,2,completed,1,1
102018,1390,3,completed,1,1
102018,286,4,completed,0,1
102031,1053,5,completed,0,2
102031,4,6,completed,0,2
102031,1282,7,completed,0,2
101019,1588,0,completed,0,1
101019,23,1,completed,0,1
101019,1316,2,completed,1,1
101019,913,3,completed,0,1
101019,1099,4,completed,0,1
101026,913,5,completed,0,2
101026,1402,6,completed,1,2
102031,1055,8,completed,0,2
102031,987,9,completed,0,2
101026,1395,7,completed,1,2
101026,1710,8,completed,0,2
101026,1391,9,completed,1,2
100033,1259,5,completed,1,2
100033,1496,6,completed,0,2
100033,1211,7,completed,1,2
100033,1112,8,completed,1,2
100033,1327,9,completed,0,2
101024,1314,0,completed,1,1
101024,1389,1,completed,0,1
101024,1316,2,completed,1,1
101024,1321,3,completed,1,1
101024,998,4,completed,0,1
103037,763,5,completed,0,2
103037,1316,6,completed,1,2
101026,1388,0,completed,1,1
101026,1671,1,completed,0,1
101026,649,2,completed,0,1
101026,1389,3,completed,1,1
101026,1583,4,completed,0,1
103037,1321,7,completed,1,2
103037,1322,8,completed,1,2
103037,1330,9,completed,1,2
103039,775,5,completed,0,2
103039,478,6,completed,0,2
101035,403,5,completed,0,2
101035,706,6,completed,0,2
102031,1090,0,completed,1,1
102031,699,1,completed,0,1
102031,1093,2,completed,0,1
102031,252,3,completed,0,1
102031,1091,4,completed,1,1
103039,1710,7,completed,0,2
103039,1699,8,completed,0,2
103039,288,9,completed,0,2
100043,487,5,completed,0,2
100043,1439,6,completed,0,2
100043,1716,7,completed,0,2
100043,715,8,completed,0,2
101035,1403,7,completed,0,2
101035,907,8,completed,0,2
101035,1715,9,completed,0,2
101036,1054,5,completed,0,2
101036,235,6,completed,0,2
100033,1469,0,completed,0,1
100033,1206,1,completed,1,1
100033,1107,2,completed,1,1
100033,1200,3,completed,1,1
100033,85,4,completed,0,1
100043,1251,9,completed,0,2
101036,1200,7,completed,0,2
101036,487,8,completed,0,2
101036,770,9,completed,0,2
103037,1314,0,completed,1,1
103037,1051,1,completed,0,1
103037,1588,2,completed,0,1
103037,863,3,completed,0,1
103037,1457,4,completed,0,1
101035,1092,0,completed,0,1
101035,1090,1,completed,1,1
101035,1091,2,completed,1,1
101035,1672,3,completed,0,1
101035,1721,4,completed,0,1
103039,1090,0,completed,1,1
103039,259,1,completed,0,1
103039,1091,2,completed,1,1
103039,69,3,completed,0,1
103039,472,4,completed,0,1
100048,1289,5,completed,1,2
100048,263,6,completed,0,2
100048,1283,7,completed,1,2
100048,53,8,completed,0,2
101036,1090,0,completed,1,1
101036,1091,1,completed,1,1
101036,655,2,completed,0,1
101036,1589,3,completed,0,1
101036,875,4,completed,0,1
100048,394,9,completed,0,2
100043,1090,0,completed,1,1
100043,202,1,completed,0,1
100043,1091,2,completed,1,1
100043,227,3,completed,0,1
100043,287,4,completed,0,1
100048,1274,0,completed,1,1
100048,862,1,completed,0,1
100048,1275,2,completed,1,1
100048,204,3,completed,0,1
100048,997,4,completed,0,1
103055,914,5,completed,0,2
103055,76,6,completed,0,2
101055,1282,5,completed,1,2
101055,475,6,completed,0,2
103055,1207,7,completed,1,2
103055,38,8,completed,0,2
103055,1196,9,completed,1,2
101055,1290,7,completed,1,2
101055,1283,8,completed,1,2
101055,1279,9,completed,1,2
101056,1322,5,completed,1,2
101056,1318,6,completed,1,2
101056,1246,7,completed,0,2
101056,53,8,completed,0,2
101056,1487,9,completed,0,2
100062,868,5,completed,0,2
100062,714,6,completed,0,2
100062,766,7,completed,0,2
100062,709,8,completed,0,2
101058,1391,5,completed,1,2
101058,1403,6,completed,1,2
100062,1070,9,completed,0,2
100063,1290,5,completed,1,2
100063,1581,6,completed,0,2
100063,1196,7,completed,0,2
100063,1700,8,completed,0,2
101058,1396,7,completed,1,2
101058,1586,8,completed,0,2
101058,1405,9,completed,1,2
100063,1279,9,completed,1,2
101055,1479,0,completed,0,1
101055,1281,1,completed,1,1
101055,1277,2,completed,1,1
101055,1289,3,completed,1,1
101055,267,4,completed,0,1
103055,1092,0,completed,1,1
103055,1243,1,completed,1,1
103055,403,2,completed,0,1
103055,1678,3,completed,0,1
103055,1245,4,completed,1,1
101056,1314,0,completed,1,1
101056,471,1,completed,0,1
101056,1577,2,completed,0,1
101056,1315,3,completed,1,1
101056,50,4,completed,0,1
101058,1388,0,completed,1,1
101058,1389,1,completed,1,1
101058,1091,2,completed,0,1
101058,1402,3,completed,1,1
101058,1395,4,completed,1,1
102068,1067,5,completed,0,2
102068,1283,6,completed,1,2
102068,10,7,completed,0,2
103066,488,5,completed,0,2
103066,58,6,completed,0,2
102068,1319,8,completed,0,2
102068,1279,9,completed,1,2
102070,183,5,completed,0,2
102070,1324,6,completed,1,2
102070,477,7,completed,0,2
103066,709,7,completed,0,2
103066,1202,8,completed,0,2
103066,172,9,completed,0,2
103068,1277,5,completed,1,2
103068,1282,6,completed,1,2
100062,1090,0,completed,1,1
100062,1091,1,completed,1,1
100062,1193,2,completed,0,1
100062,1589,3,completed,0,1
100062,775,4,completed,0,1
102070,1332,8,completed,1,2
102070,16,9,completed,0,2
103068,1290,7,completed,1,2
103068,268,8,completed,0,2
103068,1279,9,completed,1,2
103070,1405,5,completed,0,2
103070,237,6,completed,0,2
100063,1275,0,completed,1,1
100063,1281,1,completed,1,1
100063,55,2,completed,0,1
100063,1277,3,completed,1,1
100063,1289,4,completed,1,1
103070,1252,7,completed,1,2
103070,246,8,completed,0,2
103070,1253,9,completed,1,2
103066,1090,0,completed,1,1
103066,1091,1,completed,1,1
103066,1430,2,completed,0,1
103066,235,3,completed,0,1
103066,553,4,completed,0,1
103068,48,0,completed,0,1
103068,1274,1,completed,1,1
103068,1275,2,completed,1,1
103068,1479,3,completed,0,1
103068,768,4,completed,0,1
102068,868,0,completed,0,1
102068,1281,1,completed,1,1
102068,1277,2,completed,1,1
102068,392,3,completed,0,1
102068,1289,4,completed,1,1
103070,1092,0,completed,1,1
103070,1193,1,completed,1,1
103070,1248,2,completed,1,1
103070,386,3,completed,0,1
103070,1207,4,completed,1,1
102070,1314,0,completed,1,1
102070,1328,1,completed,1,1
102070,228,2,completed,0,1
102070,1318,3,completed,1,1
102070,275,4,completed,0,1
101077,1199,5,completed,1,2
101077,1480,6,completed,0,2
101077,235,7,completed,0,2
101077,1250,8,completed,1,2
101077,1096,9,completed,1,2
103087,29,5,completed,0,2
103087,1249,6,completed,1,2
103087,255,7,completed,0,2
103087,26,8,completed,0,2
103087,268,9,completed,0,2
101083,1054,5,completed,0,2
101083,1392,6,completed,0,2
101083,708,7,completed,0,2
101083,1606,8,completed,0,2
101083,304,9,completed,0,2
101077,1092,0,completed,1,1
101077,1315,1,completed,0,1
101077,1275,2,completed,0,1
101077,1094,3,completed,1,1
101077,298,4,completed,0,1
100093,1206,5,completed,0,2
100093,1329,6,completed,1,2
100093,1322,7,completed,1,2
100093,1318,8,completed,1,2
100093,1246,9,completed,0,2
103087,1093,0,completed,1,1
103087,1248,1,completed,1,1
103087,1094,2,completed,1,1
103087,222,3,completed,0,1
103087,1194,4,completed,1,1
101083,1090,0,completed,1,1
101083,1091,1,completed,1,1
101083,24,2,completed,0,1
101083,234,3,completed,0,1
101083,986,4,completed,0,1
100096,1699,5,completed,0,2
100096,657,6,completed,0,2
100096,1290,7,completed,1,2
100096,1283,8,completed,1,2
101089,1321,5,completed,1,2
101089,173,6,completed,0,2
102098,1395,5,completed,1,2
102098,663,6,completed,0,2
102098,1392,7,completed,1,2
100096,1716,9,completed,0,2
101089,1710,7,completed,0,2
101089,1322,8,completed,1,2
101089,1485,9,completed,0,2
102098,1404,8,completed,1,2
102098,1393,9,completed,1,2
103097,1330,5,completed,1,2
103097,31,6,completed,0,2
100101,1391,5,completed,1,2
100101,1403,6,completed,1,2
100101,1396,7,completed,1,2
100101,1392,8,completed,1,2
103097,1331,7,completed,1,2
103097,1320,8,completed,1,2
103097,1327,9,completed,1,2
100101,1067,9,completed,0,2
100093,1050,0,completed,0,1
100093,1314,1,completed,1,1
100093,762,2,completed,0,1
100093,180,3,completed,0,1
100093,1321,4,completed,1,1
100105,1067,5,completed,0,2
100105,31,6,completed,0,2
100105,1258,7,completed,1,2
100105,1208,8,completed,1,2
101089,862,0,completed,0,1
101089,1315,1,completed,1,1
101089,1328,2,completed,1,1
101089,1469,3,completed,0,1
101089,1705,4,completed,0,1
100105,1251,9,completed,1,2
102109,1282,5,completed,1,2
102109,714,6,completed,0,2
102109,1290,7,completed,1,2
100096,1274,0,completed,1,1
100096,241,1,completed,0,1
100096,1281,2,completed,1,1
100096,1277,3,completed,1,1
100096,1289,4,completed,1,1
102109,14,8,completed,0,2
102109,1283,9,completed,1,2
103097,1,0,completed,0,1
103097,1256,1,completed,0,1
103097,71,2,completed,0,1
103097,1322,3,completed,1,1
103097,1585,4,completed,0,1
102098,1092,0,completed,0,1
102098,1692,1,completed,0,1
102098,1389,2,completed,1,1
102098,1390,3,completed,1,1
102098,391,4,completed,0,1
100101,1388,0,completed,1,1
100101,1389,1,completed,1,1
100101,1390,2,completed,1,1
100101,1402,3,completed,1,1
100101,1395,4,completed,1,1
103108,1256,5,completed,1,2
103108,1249,6,completed,1,2
100105,1577,0,completed,0,1
100105,1248,1,completed,1,1
100105,1245,2,completed,1,1
100105,769,3,completed,0,1
100105,288,4,completed,0,1
103108,1199,7,completed,1,2
103108,287,8,completed,0,2
103108,1037,9,completed,0,2
103110,1402,5,completed,1,2
103110,29,6,completed,0,2
100117,1246,5,completed,0,2
100117,1323,6,completed,1,2
100117,1319,7,completed,1,2
100117,1331,8,completed,1,2
102109,1274,0,completed,1,1
102109,761,1,completed,0,1
102109,655,2,completed,0,1
102109,1281,3,completed,1,1
102109,1277,4,completed,1,1
103110,1395,7,completed,1,2
103110,1391,8,completed,1,2
103110,1590,9,completed,0,2
100117,34,9,completed,0,2
100118,1403,5,completed,1,2
100118,1396,6,completed,1,2
100118,1404,7,completed,1,2
100118,1393,8,completed,1,2
102120,1194,5,completed,1,2
102120,1256,6,completed,1,2
102120,1391,7,completed,0,2
100118,1068,9,completed,0,2
102120,1250,8,completed,1,2
102120,1096,9,completed,1,2
103108,1192,0,completed,1,1
103108,1093,1,completed,1,1
103108,1243,2,completed,1,1
103108,1248,3,completed,1,1
103108,1437,4,completed,0,1
102126,1282,5,completed,1,2
102126,1290,6,completed,1,2
102126,1283,7,completed,1,2
103116,1699,5,completed,0,2
103116,1439,6,completed,0,2
102126,1291,8,completed,1,2
102126,1284,9,completed,1,2
103110,1388,0,completed,1,1
103110,1389,1,completed,1,1
103110,1390,2,completed,1,1
103110,1437,3,completed,0,1
103110,62,4,completed,0,1
103116,218,7,completed,0,2
103116,1196,8,completed,1,2
103116,1101,9,completed,1,2
100117,1314,0,completed,1,1
100117,1315,1,completed,1,1
100117,3,2,completed,0,1
100117,1059,3,completed,0,1
100117,1427,4,completed,0,1
102130,1392,5,completed,1,2
102130,1404,6,completed,1,2
102130,1393,7,completed,1,2
100118,390,0,completed,0,1
100118,1389,1,completed,1,1
100118,1402,2,completed,1,1
100118,1395,3,completed,1,1
100118,1391,4,completed,1,1
102130,1398,8,completed,1,2
102130,1394,9,completed,1,2
103120,767,5,completed,0,2
103120,1103,6,completed,1,2
102120,1092,0,completed,1,1
102120,1242,1,completed,1,1
102120,1721,2,completed,0,1
102120,563,3,completed,0,1
102120,1601,4,completed,0,1
103120,1112,7,completed,1,2
103120,491,8,completed,0,2
103120,919,9,completed,0,2
103116,1,0,completed,0,1
103116,1390,1,completed,0,1
103116,1425,2,completed,0,1
103116,180,3,completed,0,1
103116,1277,4,completed,0,1
102137,1404,5,completed,1,2
102137,38,6,completed,0,2
102137,1393,7,completed,1,2
102126,1274,0,completed,1,1
102126,1577,1,completed,0,1
102126,1281,2,completed,1,1
102126,1277,3,completed,1,1
102126,1042,4,completed,0,1
102137,219,8,completed,0,2
102137,1405,9,completed,1,2
102138,1393,5,completed,0,2
102138,1247,6,completed,1,2
102138,1103,7,completed,1,2
102138,1203,8,completed,1,2
102138,1606,9,completed,0,2
102139,1675,5,completed,0,2
102139,1392,6,completed,0,2
102139,1247,7,completed,0,2
102139,1681,8,completed,0,2
102139,1002,9,completed,0,2
102141,652,5,completed,0,2
102141,1396,6,completed,1,2
102141,1392,7,completed,1,2
103120,1692,0,completed,0,1
103120,1243,1,completed,1,1
103120,1583,2,completed,0,1
103120,1581,3,completed,0,1
103120,1258,4,completed,1,1
102130,1050,0,completed,0,1
102130,1389,1,completed,1,1
102130,1390,2,completed,1,1
102130,1690,3,completed,0,1
102130,1396,4,completed,1,1
102141,1695,8,completed,0,2
102141,1405,9,completed,1,2
103129,776,5,completed,0,2
103129,1431,6,completed,0,2
103129,1038,7,completed,0,2
103129,716,8,completed,0,2
103129,1057,9,completed,0,2
102137,1389,0,completed,1,1
102137,1390,1,completed,1,1
102137,1402,2,completed,1,1
102137,1249,3,completed,0,1
102137,1396,4,completed,1,1
102138,1094,0,completed,1,1
102138,55,1,completed,0,1
102138,4,2,completed,0,1
102138,267,3,completed,0,1
102138,236,4,completed,0,1
102139,1090,0,completed,1,1
102139,1091,1,completed,1,1
102139,700,2,completed,0,1
102139,217,3,completed,0,1
102139,475,4,completed,0,1
102141,1390,0,completed,1,1
102141,1402,1,completed,1,1
102141,1395,2,completed,1,1
102141,1391,3,completed,1,1
102141,1403,4,completed,1,1
103134,1402,5,completed,1,2
103134,990,6,completed,0,2
103129,1090,0,completed,1,1
103129,241,1,completed,0,1
103129,1091,2,completed,1,1
103129,1036,3,completed,0,1
103129,392,4,completed,0,1
103134,1391,7,completed,1,2
103134,83,8,completed,0,2
103134,1396,9,completed,1,2
103135,1282,5,completed,1,2
103135,987,6,completed,0,2
100151,57,5,completed,0,2
100151,1688,6,completed,0,2
100151,488,7,completed,0,2
100151,1202,8,completed,1,2
103135,665,7,completed,0,2
103135,1279,8,completed,1,2
103135,1291,9,completed,1,2
100151,1210,9,completed,1,2
103140,1463,5,completed,0,2
103140,1282,6,completed,1,2
103140,1675,7,completed,0,2
103140,1290,8,completed,1,2
103140,1283,9,completed,1,2
103134,1389,0,completed,1,1
103134,1684,1,completed,0,1
103134,1425,2,completed,0,1
103134,1390,3,completed,1,1
103134,1601,4,completed,0,1
101147,1322,5,completed,1,2
101147,77,6,completed,0,2
102164,1097,5,completed,1,2
102164,1103,6,completed,1,2
102164,1104,7,completed,1,2
103135,1274,0,completed,1,1
103135,701,1,completed,0,1
103135,1584,2,completed,0,1
103135,1277,3,completed,1,1
103135,1580,4,completed,0,1
101147,1486,7,completed,0,2
101147,1319,8,completed,1,2
101147,1320,9,completed,1,2
101148,1331,5,completed,1,2
101148,1284,6,completed,0,2
102164,34,8,completed,0,2
102164,1212,9,completed,1,2
100151,1578,0,completed,0,1
100151,650,1,completed,0,1
100151,1193,2,completed,1,1
100151,1438,3,completed,0,1
100151,263,4,completed,0,1
101148,1324,7,completed,1,2
101148,1320,8,completed,1,2
101148,1327,9,completed,1,2
101150,4,5,completed,0,2
101150,1403,6,completed,1,2
100166,1289,5,completed,1,2
100166,1470,6,completed,0,2
100166,72,7,completed,0,2
100166,1290,8,completed,1,2
101150,1396,7,completed,1,2
101150,267,8,completed,0,2
101150,658,9,completed,0,2
103140,1274,0,completed,1,1
103140,1321,1,completed,0,1
103140,1281,2,completed,1,1
103140,1277,3,completed,1,1
103140,1289,4,completed,1,1
100166,84,9,completed,0,2
100167,1290,5,completed,1,2
100167,1283,6,completed,1,2
100167,1279,7,completed,1,2
100167,1280,8,completed,1,2
103148,1277,5,completed,1,2
103148,1485,6,completed,0,2
100167,1292,9,completed,1,2
101147,1315,0,completed,1,1
101147,75,1,completed,0,1
101147,1321,2,completed,1,1
101147,986,3,completed,0,1
101147,1329,4,completed,1,1
103148,1471,7,completed,0,2
103148,1290,8,completed,1,2
103148,1283,9,completed,1,2
101148,1316,0,completed,1,1
101148,63,1,completed,0,1
101148,1431,2,completed,0,1
101148,1330,3,completed,1,1
101148,1319,4,completed,1,1
101150,1388,0,completed,1,1
101150,1390,1,completed,1,1
101150,1402,2,completed,1,1
101150,1395,3,completed,1,1
101150,1199,4,completed,0,1
101158,558,5,completed,0,2
101158,1097,6,completed,0,2
101158,716,7,completed,0,2
101158,1057,8,completed,0,2
101158,54,9,completed,0,2
102164,1242,0,completed,1,1
102164,50,1,completed,0,1
102164,168,2,completed,0,1
102164,1249,3,completed,1,1
102164,1246,4,completed,1,1
100166,1274,0,completed,1,1
100166,1050,1,completed,0,1
100166,563,2,completed,0,1
100166,1281,3,completed,1,1
100166,1277,4,completed,1,1
101164,1250,5,completed,1,2
101164,1200,6,completed,1,2
103148,1274,0,completed,1,1
103148,1691,1,completed,0,1
103148,1281,2,completed,1,1
103148,906,3,completed,0,1
103148,864,4,completed,0,1
100167,1274,0,completed,1,1
100167,983,1,completed,0,1
100167,1275,2,completed,1,1
100167,1289,3,completed,1,1
100167,1282,4,completed,1,1
101164,558,7,completed,0,2
101164,1712,8,completed,0,2
101164,1202,9,completed,1,2
101165,1395,5,completed,1,2
101165,1403,6,completed,1,2
101158,240,0,completed,0,1
101158,1090,1,completed,1,1
101158,1091,2,completed,1,1
101158,1277,3,completed,0,1
101158,244,4,completed,0,1
101165,1396,7,completed,1,2
101165,1404,8,completed,1,2
101165,1393,9,completed,1,2
102185,656,5,completed,0,2
102185,1403,6,completed,1,2
102185,1396,7,completed,1,2
102185,267,8,completed,0,2
102185,1392,9,completed,1,2
101164,1193,0,completed,1,1
101164,222,1,completed,0,1
101164,1721,2,completed,0,1
101164,1107,3,completed,1,1
101164,1207,4,completed,1,1
101165,1683,0,completed,0,1
101165,1691,1,completed,0,1
101165,252,2,completed,0,1
101165,1402,3,completed,1,1
101165,1281,4,completed,0,1
100192,216,5,completed,0,2
100192,1328,6,completed,1,2
100192,1321,7,completed,1,2
100192,1329,8,completed,1,2
102185,1388,0,completed,1,1
102185,1389,1,completed,1,1
102185,1390,2,completed,1,1
102185,1395,3,completed,1,1
102185,706,4,completed,0,1
103171,1318,5,completed,1,2
103171,1330,6,completed,1,2
100192,1322,9,completed,1,2
103171,1320,7,completed,1,2
103171,1325,8,completed,1,2
103171,1333,9,completed,1,2
100196,1395,5,completed,1,2
100196,1391,6,completed,1,2
100196,1403,7,completed,1,2
100196,1396,8,completed,1,2
101187,29,5,completed,0,2
101187,1256,6,completed,0,2
100196,1392,9,completed,1,2
100197,1289,5,completed,1,2
100197,56,6,completed,0,2
100197,1290,7,completed,1,2
100197,1283,8,completed,1,2
101187,1391,7,completed,0,2
101187,652,8,completed,0,2
101187,397,9,completed,0,2
101188,216,5,completed,0,2
101188,1470,6,completed,0,2
100197,1279,9,completed,1,2
101188,479,7,completed,0,2
101188,1463,8,completed,0,2
101188,1196,9,completed,0,2
102213,714,5,completed,0,2
102213,1318,6,completed,1,2
102213,1323,7,completed,1,2
103171,649,0,completed,0,1
103171,7,1,completed,0,1
103171,563,2,completed,0,1
103171,1321,3,completed,1,1
103171,1329,4,completed,1,1
100192,1314,0,completed,1,1
100192,389,1,completed,0,1
100192,1315,2,completed,1,1
100192,1193,3,completed,0,1
100192,3,4,completed,0,1
101187,1090,0,completed,1,1
101187,1091,1,completed,1,1
101187,1583,2,completed,0,1
101187,50,3,completed,0,1
101187,875,4,completed,0,1
102213,1319,8,completed,1,2
102213,1331,9,completed,1,2
101188,1090,0,completed,1,1
101188,762,1,completed,0,1
101188,1091,2,completed,1,1
101188,1243,3,completed,0,1
101188,551,4,completed,0,1
100196,1388,0,completed,1,1
100196,1389,1,completed,1,1
100196,1390,2,completed,1,1
100196,1402,3,completed,1,1
100196,36,4,completed,0,1
100197,1707,0,completed,0,1
100197,1274,1,completed,1,1
100197,386,2,completed,0,1
100197,1281,3,completed,1,1
100197,1277,4,completed,1,1
100210,708,5,completed,0,2
100210,1197,6,completed,1,2
100210,872,7,completed,0,2
100210,42,8,completed,0,2
100210,1262,9,completed,1,2
101200,273,5,completed,0,2
101200,1058,6,completed,0,2
101200,1249,7,completed,0,2
101200,83,8,completed,0,2
101200,564,9,completed,0,2
103191,1249,5,completed,1,2
103191,1207,6,completed,1,2
103191,255,7,completed,0,2
103191,1246,8,completed,1,2
103191,1067,9,completed,0,2
102213,1315,0,completed,1,1
102213,1316,1,completed,1,1
102213,913,2,completed,0,1
102213,1328,3,completed,1,1
102213,36,4,completed,0,1
102225,1200,5,completed,1,2
102225,64,6,completed,0,2
102225,1101,7,completed,1,2
102225,301,8,completed,0,2
102225,488,9,completed,0,2
101200,1090,0,completed,1,1
101200,240,1,completed,0,1
101200,1242,2,completed,0,1
101200,1091,3,completed,1,1
101200,863,4,completed,0,1
102230,1282,5,completed,1,2
102230,1096,6,completed,0,2
102230,1290,7,completed,1,2
100210,1242,0,completed,1,1
100210,1245,1,completed,1,1
100210,228,2,completed,0,1
100210,707,3,completed,0,1
100210,1258,4,completed,1,1
102230,249,8,completed,0,2
102230,665,9,completed,0,2
103191,1092,0,completed,1,1
103191,1242,1,completed,1,1
103191,1093,2,completed,1,1
103191,1094,3,completed,1,1
103191,1721,4,completed,0,1
103202,1321,5,completed,1,2
103202,1586,6,completed,0,2
102233,1290,5,completed,1,2
102233,21,6,completed,0,2
102233,1283,7,completed,1,2
103202,1324,7,completed,1,2
103202,1332,8,completed,1,2
103202,303,9,completed,0,2
100224,705,5,completed,0,2
100224,1194,6,completed,0,2
100224,1099,7,completed,0,2
100224,486,8,completed,0,2
102233,1279,8,completed,1,2
102233,1482,9,completed,0,2
100224,218,9,completed,0,2
100225,1318,5,completed,1,2
100225,1481,6,completed,0,2
100225,1330,7,completed,1,2
100225,1319,8,completed,1,2
101211,1330,5,completed,0,2
101211,175,6,completed,0,2
100225,406,9,completed,0,2
101211,1039,7,completed,0,2
101211,1676,8,completed,0,2
101211,1332,9,completed,0,2
102225,1036,0,completed,0,1
102225,1281,1,completed,0,1
102225,1249,2,completed,1,1
102225,1245,3,completed,1,1
102225,76,4,completed,0,1
102230,1274,0,completed,1,1
102230,241,1,completed,0,1
102230,1281,2,completed,1,1
102230,1277,3,completed,1,1
102230,1289,4,completed,1,1
103202,983,0,completed,0,1
103202,1683,1,completed,0,1
103202,1315,2,completed,1,1
103202,1316,3,completed,1,1
103202,1053,4,completed,0,1
101215,1095,5,completed,1,2
101215,1096,6,completed,1,2
100232,769,5,completed,0,2
100232,707,6,completed,0,2
100232,1481,7,completed,0,2
100232,565,8,completed,0,2
101211,1090,0,completed,1,1
101211,1091,1,completed,1,1
101211,655,2,completed,0,1
101211,1437,3,completed,0,1
101211,1321,4,completed,0,1
101215,877,7,completed,0,2
101215,1196,8,completed,1,2
101215,1486,9,completed,0,2
103213,302,5,completed,0,2
103213,1496,6,completed,0,2
100224,5,0,completed,0,1
100224,1090,1,completed,1,1
100224,471,2,completed,0,1
100224,203,3,completed,0,1
100224,1091,4,completed,1,1
100232,476,9,completed,0,2
102233,1698,0,completed,0,1
102233,1281,1,completed,1,1
102233,1277,2,completed,1,1
102233,1289,3,completed,1,1
102233,1282,4,completed,1,1
103213,568,7,completed,0,2
103213,87,8,completed,0,2
103213,1293,9,completed,0,2
100225,1315,0,completed,1,1
100225,49,1,completed,0,1
100225,1594,2,completed,0,1
100225,205,3,completed,0,1
100225,1580,4,completed,0,1
102247,1392,5,completed,0,2
102247,1482,6,completed,0,2
102247,1068,7,completed,0,2
101215,762,0,completed,0,1
101215,1243,1,completed,1,1
101215,1194,2,completed,1,1
101215,1099,3,completed,1,1
101215,1256,4,completed,1,1
102247,1682,8,completed,0,2
102247,59,9,completed,0,2
103213,1090,0,completed,1,1
103213,1683,1,completed,0,1
103213,1091,2,completed,1,1
103213,702,3,completed,0,1
103213,1439,4,completed,0,1
100232,284,0,completed,0,1
100232,1707,1,completed,0,1
100232,1090,2,completed,1,1
100232,1091,3,completed,1,1
100232,1395,4,completed,0,1
100241,1283,5,completed,1,2
100241,171,6,completed,0,2
100241,1676,7,completed,0,2
100241,1279,8,completed,1,2
100241,1291,9,completed,1,2
103227,12,5,completed,0,2
103227,75,6,completed,0,2
100245,236,5,completed,0,2
100245,218,6,completed,0,2
100245,1688,7,completed,0,2
100245,1712,8,completed,0,2
103227,254,7,completed,0,2
103227,387,8,completed,0,2
103227,397,9,completed,0,2
100245,1068,9,completed,0,2
102247,1090,0,completed,1,1
102247,1091,1,completed,1,1
102247,29,2,completed,0,1
102247,397,3,completed,0,1
102247,1250,4,completed,0,1
102256,1430,5,completed,0,2
102256,1256,6,completed,0,2
102256,1391,7,completed,1,2
102256,1403,8,completed,1,2
102256,652,9,completed,0,2
100241,1274,0,completed,1,1
100241,650,1,completed,0,1
100241,990,2,completed,0,1
100241,1289,3,completed,1,1
100241,1282,4,completed,1,1
103227,1090,0,completed,1,1
103227,1091,1,completed,1,1
103227,913,2,completed,0,1
103227,1402,3,completed,0,1
103227,906,4,completed,0,1
103234,868,5,completed,0,2
103234,552,6,completed,0,2
100253,1282,5,completed,1,2
100253,1290,6,completed,1,2
100253,1283,7,completed,1,2
100253,1405,8,completed,0,2
103234,244,7,completed,0,2
103234,1067,8,completed,0,2
103234,877,9,completed,0,2
100245,1090,0,completed,1,1
100245,1091,1,completed,1,1
100245,2,2,completed,0,1
100245,403,3,completed,0,1
100245,1426,4,completed,0,1
100253,1284,9,completed,1,2
100254,1096,5,completed,1,2
100254,1201,6,completed,1,2
100254,394,7,completed,0,2
100254,1197,8,completed,1,2
101238,1282,5,completed,1,2
101238,244,6,completed,0,2
100254,1098,9,completed,1,2
101238,1290,7,completed,1,2
101238,1283,8,completed,1,2
101238,264,9,completed,0,2
102256,220,0,completed,0,1
102256,1388,1,completed,1,1
102256,385,2,completed,0,1
102256,1390,3,completed,1,1
102256,1402,4,completed,1,1
100262,1290,5,completed,1,2
100262,64,6,completed,0,2
100262,1581,7,completed,0,2
100262,1247,8,completed,0,2
103234,1090,0,completed,1,1
103234,69,1,completed,0,1
103234,1091,2,completed,1,1
103234,1053,3,completed,0,1
103234,1678,4,completed,0,1
100262,1291,9,completed,1,2
100263,1403,5,completed,1,2
100263,274,6,completed,0,2
100263,1392,7,completed,1,2
100263,1404,8,completed,1,2
101238,1274,0,completed,1,1
101238,1275,1,completed,1,1
101238,775,2,completed,0,1
101238,386,3,completed,0,1
101238,713,4,completed,0,1
100253,1274,0,completed,1,1
100253,1388,1,completed,0,1
100253,1275,2,completed,1,1
100253,1281,3,completed,1,1
100253,991,4,completed,0,1
100263,1700,9,completed,0,2
101245,1478,5,completed,0,2
101245,655,6,completed,0,2
100254,1092,0,completed,1,1
100254,1243,1,completed,1,1
100254,391,2,completed,0,1
100254,254,3,completed,0,1
100254,1277,4,completed,0,1
101245,3,7,completed,0,2
101245,913,8,completed,0,2
101245,1594,9,completed,0,2
102273,1289,5,completed,0,2
102273,769,6,completed,0,2
102273,1208,7,completed,0,2
100267,1396,5,completed,1,2
100267,1392,6,completed,1,2
100267,1404,7,completed,1,2
100267,1060,8,completed,0,2
102273,27,8,completed,0,2
102273,1676,9,completed,0,2
100267,1596,9,completed,0,2
100262,1281,0,completed,1,1
100262,1277,1,completed,1,1
100262,1289,2,completed,1,1
100262,1282,3,completed,1,1
100262,1439,4,completed,0,1
101245,1090,0,completed,1,1
101245,1093,1,completed,0,1
101245,6,2,completed,0,1
101245,1672,3,completed,0,1
101245,1091,4,completed,1,1
103249,770,5,completed,0,2
103249,1324,6,completed,1,2
100263,1389,0,completed,1,1
100263,1588,1,completed,0,1
100263,1692,2,completed,0,1
100263,1390,3,completed,1,1
100263,1395,4,completed,1,1
103249,1333,7,completed,1,2
103249,1489,8,completed,0,2
103249,1334,9,completed,1,2
102278,182,5,completed,0,2
102278,1196,6,completed,1,2
102278,1251,7,completed,1,2
102278,1592,8,completed,0,2
102278,767,9,completed,0,2
100267,1389,0,completed,1,1
100267,1390,1,completed,1,1
100267,1589,2,completed,0,1
100267,1395,3,completed,1,1
100267,1403,4,completed,1,1
102273,1090,0,completed,1,1
102273,1091,1,completed,1,1
102273,50,2,completed,0,1
102273,227,3,completed,0,1
102273,1107,4,completed,0,1
103257,552,5,completed,0,2
103257,1059,6,completed,0,2
103249,1314,0,completed,1,1
103249,1315,1,completed,1,1
103249,386,2,completed,0,1
103249,552,3,completed,0,1
103249,1329,4,completed,1,1
103257,1396,7,completed,1,2
103257,1439,8,completed,0,2
103257,1393,9,completed,1,2
103258,1580,5,completed,0,2
103258,1392,6,completed,0,2
103258,565,7,completed,0,2
103258,1323,8,completed,0,2
103258,480,9,completed,0,2
103263,702,5,completed,0,2
103263,486,6,completed,0,2
101266,1318,5,completed,1,2
101266,1330,6,completed,1,2
102285,1282,5,completed,1,2
102285,1290,6,completed,1,2
102285,1283,7,completed,1,2
103263,1107,7,completed,0,2
103263,1049,8,completed,0,2
103263,766,9,completed,0,2
101266,249,7,completed,0,2
101266,1331,8,completed,1,2
101266,40,9,completed,0,2
102278,1248,0,completed,1,1
102278,1194,1,completed,1,1
102278,1099,2,completed,1,1
102278,1245,3,completed,1,1
102278,1246,4,completed,1,1
102285,866,8,completed,0,2
102285,1279,9,completed,1,2
101268,3,5,completed,0,2
101268,7,6,completed,0,2
103257,1388,0,completed,1,1
103257,1389,1,completed,1,1
103257,1390,2,completed,1,1
103257,1402,3,completed,1,1
103257,1391,4,completed,1,1
101268,247,7,completed,0,2
101268,656,8,completed,0,2
101268,4,9,completed,0,2
103258,1587,0,completed,0,1
103258,1090,1,completed,1,1
103258,69,2,completed,0,1
103258,1091,3,completed,1,1
103258,656,4,completed,0,1
101266,1671,0,completed,0,1
101266,1092,1,completed,0,1
101266,1314,2,completed,1,1
101266,1316,3,completed,1,1
101266,71,4,completed,0,1
103263,1090,0,completed,1,1
103263,1091,1,completed,1,1
103263,385,2,completed,0,1
103263,1281,3,completed,0,1
103263,474,4,completed,0,1
100290,1391,5,completed,1,2
100290,1403,6,completed,1,2
100290,1396,7,completed,1,2
100290,1404,8,completed,1,2
101268,471,0,completed,0,1
101268,1671,1,completed,0,1
101268,1090,2,completed,1,1
101268,1683,3,completed,0,1
101268,1091,4,completed,1,1
101273,1672,5,completed,0,2
101273,222,6,completed,0,2
100290,866,9,completed,0,2
101273,1709,7,completed,0,2
101273,396,8,completed,0,2
101273,1099,9,completed,0,2
101275,1403,5,completed,1,2
101275,1396,6,completed,1,2
102285,1274,0,completed,1,1
102285,550,1,completed,0,1
102285,1275,2,completed,1,1
102285,1277,3,completed,1,1
102285,1289,4,completed,1,1
103275,1601,5,completed,0,2
103275,1194,6,completed,0,2
101275,1392,7,completed,1,2
101275,1055,8,completed,0,2
101275,171,9,completed,0,2
103275,1711,7,completed,0,2
103275,565,8,completed,0,2
103275,1283,9,completed,0,2
101278,1329,5,completed,1,2
101278,1322,6,completed,1,2
101273,861,0,completed,0,1
101273,220,1,completed,0,1
101273,1090,2,completed,1,1
101273,649,3,completed,0,1
101273,1091,4,completed,1,1
101278,1396,7,completed,0,2
101278,1330,8,completed,1,2
101278,1323,9,completed,1,2
101275,1388,0,completed,1,1
101275,1390,1,completed,1,1
101275,1402,2,completed,1,1
101275,1395,3,completed,1,1
101275,1391,4,completed,1,1
100290,1388,0,completed,1,1
100290,1248,1,completed,0,1
100290,1390,2,completed,1,1
100290,1402,3,completed,1,1
100290,1395,4,completed,1,1
103275,1090,0,completed,1,1
103275,2,1,completed,0,1
103275,1091,2,completed,1,1
103275,1402,3,completed,0,1
103275,19,4,completed,0,1
100299,236,5,completed,0,2
100299,249,6,completed,0,2
100299,1393,7,completed,0,2
100299,1487,8,completed,0,2
101282,223,5,completed,0,2
101282,486,6,completed,0,2
100299,1324,9,completed,1,2
101278,1314,0,completed,1,1
101278,1315,1,completed,1,1
101278,762,2,completed,0,1
101278,1316,3,completed,1,1
101278,1321,4,completed,1,1
101282,765,7,completed,0,2
101282,999,8,completed,0,2
101282,1486,9,completed,0,2
100303,1277,5,completed,0,2
100303,262,6,completed,0,2
100303,52,7,completed,0,2
100303,1432,8,completed,0,2
100303,59,9,completed,0,2
101282,220,0,completed,0,1
101282,1090,1,completed,1,1
101282,1052,2,completed,0,1
101282,1091,3,completed,1,1
101282,396,4,completed,0,1
102316,1054,5,completed,0,2
102316,1289,6,completed,1,2
102316,397,7,completed,0,2
100299,1314,0,completed,1,1
100299,1707,1,completed,0,1
100299,550,2,completed,0,1
100299,1315,3,completed,1,1
100299,1322,4,completed,1,1
101290,1323,5,completed,1,2
101290,1319,6,completed,1,2
102316,708,8,completed,0,2
102316,1291,9,completed,1,2
102318,764,5,completed,0,2
102318,1282,6,completed,1,2
102318,56,7,completed,0,2
101290,1487,7,completed,0,2
101290,1320,8,completed,1,2
101290,28,9,completed,0,2
102318,1290,8,completed,1,2
102318,1283,9,completed,1,2
102320,1290,5,completed,1,2
102320,1283,6,completed,1,2
102320,1700,7,completed,0,2
100303,1090,0,completed,1,1
100303,1275,1,completed,0,1
100303,1091,2,completed,1,1
100303,1601,3,completed,0,1
100303,663,4,completed,0,1
101293,1193,5,completed,0,2
101293,997,6,completed,0,2
102320,1688,8,completed,0,2
102320,771,9,completed,0,2
101293,19,7,completed,0,2
101293,1321,8,completed,0,2
101293,1054,9,completed,0,2
103297,1246,5,completed,0,2
103297,1592,6,completed,0,2
101290,1314,0,completed,1,1
101290,1315,1,completed,1,1
101290,1328,2,completed,1,1
101290,29,3,completed,0,1
101290,244,4,completed,0,1
103297,1405,7,completed,0,2
103297,1465,8,completed,0,2
103297,11,9,completed,0,2
102316,22,0,completed,0,1
102316,240,1,completed,0,1
102316,1274,2,completed,1,1
102316,1193,3,completed,0,1
102316,1277,4,completed,1,1
103300,25,5,completed,0,2
103300,1431,6,completed,0,2
101293,1477,0,completed,0,1
101293,1090,1,completed,1,1
101293,1672,2,completed,0,1
101293,1091,3,completed,1,1
101293,385,4,completed,0,1
102318,240,0,completed,0,1
102318,1274,1,completed,1,1
102318,1275,2,completed,1,1
102318,1281,3,completed,1,1
102318,71,4,completed,0,1
103300,255,7,completed,0,2
103300,394,8,completed,0,2
103300,1259,9,completed,1,2
100323,1277,5,completed,1,2
100323,1396,6,completed,0,2
100323,714,7,completed,0,2
100323,1290,8,completed,1,2
102320,1274,0,completed,1,1
102320,240,1,completed,0,1
102320,1281,2,completed,1,1
102320,1277,3,completed,1,1
102320,1282,4,completed,1,1
102331,24,5,completed,0,2
102331,180,6,completed,0,2
102331,775,7,completed,0,2
103297,1090,0,completed,1,1
103297,1091,1,completed,1,1
103297,478,2,completed,0,1
103297,1463,3,completed,0,1
103297,1485,4,completed,0,1
100323,1471,9,completed,0,2
102331,906,8,completed,0,2
102331,267,9,completed,0,2
103307,1277,5,completed,1,2
103307,1290,6,completed,1,2
100325,1678,5,completed,0,2
100325,1395,6,completed,1,2
100325,1391,7,completed,1,2
100325,1403,8,completed,1,2
101306,1390,5,completed,0,2
101306,223,6,completed,0,2
103307,1283,7,completed,1,2
103307,1279,8,completed,1,2
103307,1393,9,completed,0,2
100325,1396,9,completed,1,2
101306,1674,7,completed,0,2
101306,397,8,completed,0,2
101306,769,9,completed,0,2
103300,284,0,completed,0,1
103300,1242,1,completed,1,1
103300,1243,2,completed,1,1
103300,650,3,completed,0,1
103300,253,4,completed,0,1
100323,1274,0,completed,1,1
100323,1671,1,completed,0,1
100323,1275,2,completed,1,1
100323,1281,3,completed,1,1
100323,1584,4,completed,0,1
101306,1090,0,completed,1,1
101306,1683,1,completed,0,1
101306,1093,2,completed,0,1
101306,1091,3,completed,1,1
101306,1589,4,completed,0,1
103307,1274,0,completed,1,1
103307,167,1,completed,0,1
103307,1275,2,completed,1,1
103307,1589,3,completed,0,1
103307,1281,4,completed,1,1
102331,1090,0,completed,1,1
102331,1091,1,completed,1,1
102331,1248,2,completed,0,1
102331,204,3,completed,0,1
102331,985,4,completed,0,1
100325,1388,0,completed,1,1
100325,1052,1,completed,0,1
100325,1389,2,completed,1,1
100325,1094,3,completed,0,1
100325,1390,4,completed,1,1
101329,1249,5,completed,1,2
101329,8,6,completed,0,2
101329,1250,7,completed,1,2
101329,1102,8,completed,1,2
101329,1103,9,completed,1,2
101336,1391,5,completed,1,2
101336,1396,6,completed,1,2
102363,1318,5,completed,1,2
102363,1323,6,completed,1,2
102363,1098,7,completed,0,2
101329,1193,0,completed,1,1
101329,261,1,completed,0,1
101329,396,2,completed,0,1
101329,1099,3,completed,1,1
101329,12,4,completed,0,1
101336,1392,7,completed,1,2
101336,1404,8,completed,1,2
101336,1486,9,completed,0,2
102363,1326,8,completed,1,2
102363,1334,9,completed,1,2
102365,1277,5,completed,1,2
102365,1054,6,completed,0,2
102365,1282,7,completed,1,2
102365,1283,8,completed,1,2
102365,1279,9,completed,1,2
100352,557,5,completed,0,2
100352,1396,6,completed,0,2
100352,267,7,completed,0,2
100352,714,8,completed,0,2
102368,1390,5,completed,1,2
102368,1065,6,completed,0,2
102368,1395,7,completed,1,2
103339,267,5,completed,0,2
103339,64,6,completed,0,2
100352,170,9,completed,0,2
101336,1388,0,completed,1,1
101336,1389,1,completed,1,1
101336,1390,2,completed,1,1
101336,1402,3,completed,1,1
101336,62,4,completed,0,1
102368,1391,8,completed,1,2
102368,1403,9,completed,1,2
102369,1484,5,completed,0,2
102369,262,6,completed,0,2
102369,1277,7,completed,0,2
103339,1680,7,completed,0,2
103339,866,8,completed,0,2
103339,1102,9,completed,0,2
103340,387,5,completed,0,2
103340,1290,6,completed,0,2
102369,26,8,completed,0,2
102369,1439,9,completed,0,2
103340,77,7,completed,0,2
103340,1681,8,completed,0,2
103340,716,9,completed,0,2
102363,1314,0,completed,1,1
102363,1315,1,completed,1,1
102363,222,2,completed,0,1
102363,1329,3,completed,1,1
102363,991,4,completed,0,1
101347,1391,5,completed,1,2
101347,1396,6,completed,1,2
101347,1392,7,completed,1,2
101347,1404,8,completed,1,2
101347,1290,9,completed,0,2
102365,240,0,completed,0,1
102365,6,1,completed,0,1
102365,1275,2,completed,1,1
102365,1065,3,completed,0,1
102365,1281,4,completed,1,1
103339,1090,0,completed,1,1
103339,1691,1,completed,0,1
103339,1091,2,completed,1,1
103339,403,3,completed,0,1
103339,914,4,completed,0,1
100352,1090,0,completed,1,1
100352,1091,1,completed,1,1
100352,1692,2,completed,0,1
100352,204,3,completed,0,1
100352,1066,4,completed,0,1
103340,1090,0,completed,1,1
103340,240,1,completed,0,1
103340,1091,2,completed,1,1
103340,474,3,completed,0,1
103340,986,4,completed,0,1
102368,202,0,completed,0,1
102368,1388,1,completed,1,1
102368,259,2,completed,0,1
102368,1389,3,completed,1,1
102368,1248,4,completed,0,1
102369,1090,0,completed,1,1
102369,1091,1,completed,1,1
102369,62,2,completed,0,1
102369,227,3,completed,0,1
102369,1430,4,completed,0,1
101347,1388,0,completed,1,1
101347,1389,1,completed,1,1
101347,1390,2,completed,1,1
101347,216,3,completed,0,1
101347,1395,4,completed,1,1
101358,1403,5,completed,1,2
101358,1392,6,completed,1,2
101358,1404,7,completed,1,2
101358,182,8,completed,0,2
101358,249,9,completed,0,2
103359,1281,5,completed,1,2
103359,656,6,completed,0,2
100373,768,5,completed,0,2
100373,776,6,completed,0,2
100373,299,7,completed,0,2
100373,557,8,completed,0,2
101358,1388,0,completed,1,1
101358,1389,1,completed,1,1
101358,1402,2,completed,1,1
101358,997,3,completed,0,1
101358,1391,4,completed,1,1
102390,1458,5,completed,0,2
102390,1391,6,completed,1,2
102390,1403,7,completed,1,2
103359,1289,7,completed,1,2
103359,1282,8,completed,1,2
103359,1585,9,completed,0,2
100373,907,9,completed,0,2
102390,1396,8,completed,1,2
102390,1392,9,completed,1,2
102392,1329,5,completed,1,2
102392,387,6,completed,0,2
102392,657,7,completed,0,2
102392,1038,8,completed,0,2
102392,1318,9,completed,1,2
103367,254,5,completed,0,2
103367,1485,6,completed,0,2
100379,1330,5,completed,1,2
100379,1432,6,completed,0,2
100379,1331,7,completed,1,2
100379,1324,8,completed,1,2
103359,1090,0,completed,0,1
103359,1274,1,completed,1,1
103359,1050,2,completed,0,1
103359,1275,3,completed,1,1
103359,1402,4,completed,0,1
103367,557,7,completed,0,2
103367,479,8,completed,0,2
103367,255,9,completed,0,2
100379,1332,9,completed,1,2
102396,1277,5,completed,0,2
102396,1329,6,completed,1,2
102396,1330,7,completed,1,2
100373,1090,0,completed,1,1
100373,1091,1,completed,1,1
100373,1708,2,completed,0,1
100373,1094,3,completed,0,1
100373,1457,4,completed,0,1
102396,1323,8,completed,1,2
102396,909,9,completed,0,2
101376,1201,5,completed,1,2
101376,1247,6,completed,1,2
102390,167,0,completed,0,1
102390,1389,1,completed,1,1
102390,1479,2,completed,0,1
102390,1390,3,completed,1,1
102390,1402,4,completed,1,1
102399,1253,5,completed,1,2
102399,1262,6,completed,1,2
102399,1212,7,completed,1,2
101376,257,7,completed,0,2
101376,86,8,completed,0,2
101376,238,9,completed,0,2
102399,1255,8,completed,1,2
102399,1115,9,completed,1,2
102392,1692,0,completed,0,1
102392,650,1,completed,0,1
102392,985,2,completed,0,1
102392,1328,3,completed,1,1
102392,169,4,completed,0,1
103367,1090,0,completed,1,1
103367,1091,1,completed,1,1
103367,551,2,completed,0,1
103367,75,3,completed,0,1
103367,713,4,completed,0,1
100379,1316,0,completed,1,1
100379,1686,1,completed,0,1
100379,1329,2,completed,1,1
100379,76,3,completed,0,1
100379,1322,4,completed,1,1
101376,1692,0,completed,0,1
101376,1578,1,completed,0,1
101376,1245,2,completed,1,1
101376,206,3,completed,0,1
101376,1196,4,completed,1,1
101381,999,5,completed,0,2
101381,480,6,completed,0,2
103381,286,5,completed,0,2
103381,551,6,completed,0,2
101381,65,7,completed,0,2
101381,15,8,completed,0,2
101381,40,9,completed,0,2
101382,24,5,completed,0,2
101382,1491,6,completed,0,2
102396,68,0,completed,0,1
102396,1314,1,completed,1,1
102396,403,2,completed,0,1
102396,1328,3,completed,1,1
102396,1321,4,completed,1,1
103381,173,7,completed,0,2
103381,57,8,completed,0,2
103381,269,9,completed,0,2
100392,663,5,completed,0,2
100392,764,6,completed,0,2
100392,702,7,completed,0,2
100392,1329,8,completed,0,2
101382,273,7,completed,0,2
101382,1256,8,completed,0,2
101382,663,9,completed,0,2
100392,486,9,completed,0,2
102399,1705,0,completed,0,1
102399,1716,1,completed,0,1
102399,489,2,completed,0,1
102399,1702,3,completed,0,1
102399,994,4,completed,0,1
103385,714,5,completed,0,2
103385,1427,6,completed,0,2
101385,286,5,completed,0,2
101385,50,6,completed,0,2
103385,765,7,completed,0,2
103385,1331,8,completed,1,2
103385,1320,9,completed,1,2
101381,1,0,completed,0,1
101381,1090,1,completed,1,1
101381,1588,2,completed,0,1
101381,1091,3,completed,1,1
101381,1322,4,completed,0,1
101385,173,7,completed,0,2
101385,1391,8,completed,0,2
101385,393,9,completed,0,2
101387,266,5,completed,0,2
101387,1329,6,completed,1,2
101382,1090,0,completed,1,1
101382,1091,1,completed,1,1
101382,472,2,completed,0,1
101382,1457,3,completed,0,1
101382,204,4,completed,0,1
101387,998,7,completed,0,2
101387,263,8,completed,0,2
101387,1330,9,completed,1,2
103381,1090,0,completed,1,1
103381,1242,1,completed,0,1
103381,1577,2,completed,0,1
103381,649,3,completed,0,1
103381,1091,4,completed,1,1
102415,478,5,completed,0,2
102415,1199,6,completed,0,2
102415,1391,7,completed,1,2
100399,1390,5,completed,1,2
100399,286,6,completed,0,2
100399,1402,7,completed,1,2
100399,173,8,completed,0,2
102415,1403,8,completed,1,2
102415,1049,9,completed,0,2
100392,1090,0,completed,1,1
100392,1091,1,completed,1,1
100392,69,2,completed,0,1
100392,1053,3,completed,0,1
100392,247,4,completed,0,1
100399,1391,9,completed,1,2
101385,1090,0,completed,1,1
101385,1275,1,completed,0,1
101385,1091,2,completed,1,1
101385,1692,3,completed,0,1
101385,705,4,completed,0,1
101392,1390,5,completed,0,2
101392,1690,6,completed,0,2
103385,1314,0,completed,1,1
103385,1315,1,completed,1,1
103385,1673,2,completed,0,1
103385,62,3,completed,0,1
103385,1328,4,completed,1,1
101387,284,0,completed,0,1
101387,1242,1,completed,0,1
101387,1315,2,completed,1,1
101387,24,3,completed,0,1
101387,1316,4,completed,1,1
101392,1042,7,completed,0,2
101392,76,8,completed,0,2
101392,907,9,completed,0,2
100402,1281,5,completed,1,2
100402,1277,6,completed,1,2
100402,1282,7,completed,1,2
100402,1283,8,completed,1,2
100402,1323,9,completed,0,2
101398,234,5,completed,0,2
101398,1426,6,completed,0,2
103400,1721,5,completed,0,2
103400,1249,6,completed,1,2
101392,1090,0,completed,1,1
101392,1091,1,completed,1,1
101392,550,2,completed,0,1
101392,705,3,completed,0,1
101392,3,4,completed,0,1
101398,267,7,completed,0,2
101398,1699,8,completed,0,2
101398,664,9,completed,0,2
101399,1200,5,completed,1,2
101399,1096,6,completed,1,2
103400,1207,7,completed,1,2
103400,1250,8,completed,1,2
103400,38,9,completed,0,2
100399,1423,0,completed,0,1
100399,1388,1,completed,1,1
100399,1389,2,completed,1,1
100399,1052,3,completed,0,1
100399,167,4,completed,0,1
101399,1196,7,completed,1,2
101399,57,8,completed,0,2
101399,1251,9,completed,1,2
102415,1388,0,completed,1,1
102415,1389,1,completed,1,1
102415,253,2,completed,0,1
102415,1390,3,completed,1,1
102415,1402,4,completed,1,1
103403,1201,5,completed,1,2
103403,1247,6,completed,1,2
103403,1197,7,completed,1,2
103403,1102,8,completed,1,2
103403,1057,9,completed,0,2
100402,1274,0,completed,1,1
100402,1589,1,completed,0,1
100402,1053,2,completed,0,1
100402,50,3,completed,0,1
100402,180,4,completed,0,1
101398,1090,0,completed,1,1
101398,1477,1,completed,0,1
101398,1091,2,completed,1,1
101398,1588,3,completed,0,1
101398,241,4,completed,0,1
101399,1691,0,completed,0,1
101399,285,1,completed,0,1
101399,1243,2,completed,1,1
101399,1095,3,completed,1,1
101399,1107,4,completed,1,1
103400,1193,0,completed,1,1
103400,655,1,completed,0,1
103400,1685,2,completed,0,1
103400,1094,3,completed,1,1
103400,1328,4,completed,0,1
103403,1478,0,completed,0,1
103403,1194,1,completed,1,1
103403,1206,2,completed,1,1
103403,1101,3,completed,1,1
103403,1251,4,completed,1,1
102443,1281,5,completed,1,2
102443,1289,6,completed,1,2
102443,37,7,completed,0,2
102443,1282,8,completed,1,2
102443,1290,9,completed,1,2
100434,1391,5,completed,1,2
100434,1403,6,completed,1,2
100434,1392,7,completed,1,2
100434,1404,8,completed,1,2
100434,480,9,completed,0,2
100436,1329,5,completed,1,2
100436,1059,6,completed,0,2
100436,1318,7,completed,1,2
100436,777,8,completed,0,2
100436,999,9,completed,0,2
102449,1322,5,completed,1,2
102449,1330,6,completed,1,2
102449,1331,7,completed,1,2
102449,301,8,completed,0,2
102449,1325,9,completed,1,2
102443,1274,0,completed,1,1
102443,1275,1,completed,1,1
102443,1709,2,completed,0,1
102443,1601,3,completed,0,1
102443,1690,4,completed,0,1
102452,1391,5,completed,1,2
102452,4,6,completed,0,2
102452,1403,7,completed,1,2
100434,1388,0,completed,1,1
100434,1389,1,completed,1,1
100434,1402,2,completed,1,1
100434,1395,3,completed,1,1
100434,1430,4,completed,0,1
101431,478,5,completed,0,2
101431,1249,6,completed,0,2
102452,1438,8,completed,0,2
102452,1396,9,completed,1,2
100436,1708,0,completed,0,1
100436,1589,1,completed,0,1
100436,1328,2,completed,1,1
100436,1491,3,completed,0,1
100436,1321,4,completed,1,1
101431,83,7,completed,0,2
101431,657,8,completed,0,2
101431,52,9,completed,0,2
102454,1594,5,completed,0,2
102454,1395,6,completed,1,2
102454,663,7,completed,0,2
102454,1391,8,completed,1,2
102454,1403,9,completed,1,2
100449,706,5,completed,0,2
100449,1686,6,completed,0,2
100449,1277,7,completed,0,2
100449,1403,8,completed,1,2
100449,1396,9,completed,1,2
102449,23,0,completed,0,1
102449,1579,1,completed,0,1
102449,396,2,completed,0,1
102449,20,3,completed,0,1
102449,1470,4,completed,0,1
101431,1090,0,completed,1,1
101431,1091,1,completed,1,1
101431,1275,2,completed,0,1
101431,551,3,completed,0,1
101431,1194,4,completed,0,1
101438,1282,5,completed,1,2
101438,393,6,completed,0,2
101438,1290,7,completed,1,2
101438,1283,8,completed,1,2
101438,1279,9,completed,1,2
102461,1065,5,completed,0,2
102461,1206,6,completed,1,2
102461,223,7,completed,0,2
102452,1389,0,completed,1,1
102452,1390,1,completed,1,1
102452,1402,2,completed,1,1
102452,1484,3,completed,0,1
102452,1395,4,completed,1,1
102461,76,8,completed,0,2
102461,1250,9,completed,1,2
102454,1388,0,completed,1,1
102454,1389,1,completed,1,1
102454,705,2,completed,0,1
102454,1390,3,completed,1,1
102454,391,4,completed,0,1
102464,1391,5,completed,1,2
102464,1403,6,completed,1,2
102464,1396,7,completed,1,2
103448,12,5,completed,0,2
103448,986,6,completed,0,2
100449,1388,0,completed,1,1
100449,1389,1,completed,1,1
100449,1390,2,completed,1,1
100449,1402,3,completed,1,1
100449,1395,4,completed,1,1
101438,1274,0,completed,1,1
101438,1036,1,completed,0,1
101438,1281,2,completed,1,1
101438,656,3,completed,0,1
101438,1049,4,completed,0,1
102464,1715,8,completed,0,2
102464,1392,9,completed,1,2
102465,656,5,completed,0,2
102465,1329,6,completed,1,2
102465,288,7,completed,0,2
103448,300,7,completed,0,2
103448,1471,8,completed,0,2
103448,715,9,completed,0,2
102465,182,8,completed,0,2
102465,1330,9,completed,1,2
103450,998,5,completed,0,2
103450,1318,6,completed,1,2
103450,26,7,completed,0,2
103450,1067,8,completed,0,2
103450,1486,9,completed,0,2
102461,1242,0,completed,1,1
102461,700,1,completed,0,1
102461,1243,2,completed,1,1
102461,1094,3,completed,1,1
102461,551,4,completed,0,1
103448,1090,0,completed,1,1
103448,384,1,completed,0,1
103448,472,2,completed,0,1
103448,1091,3,completed,1,1
103448,1601,4,completed,0,1
102464,1388,0,completed,1,1
102464,1390,1,completed,1,1
102464,1402,2,completed,1,1
102464,1321,3,completed,0,1
102464,1395,4,completed,1,1
103450,1315,0,completed,1,1
103450,204,1,completed,0,1
103450,1053,2,completed,0,1
103450,1328,3,completed,1,1
103450,1321,4,completed,1,1
102465,166,0,completed,0,1
102465,1314,1,completed,1,1
102465,700,2,completed,0,1
102465,1316,3,completed,1,1
102465,1321,4,completed,1,1
102475,1427,5,completed,0,2
102475,275,6,completed,0,2
102475,1290,7,completed,1,2
100478,1277,5,completed,1,2
100478,235,6,completed,0,2
100478,1289,7,completed,1,2
100478,907,8,completed,0,2
102475,1283,8,completed,1,2
102475,1279,9,completed,1,2
100478,1282,9,completed,1,2
102480,1330,5,completed,1,2
102480,1331,6,completed,1,2
102480,1324,7,completed,1,2
102480,1320,8,completed,1,2
102480,489,9,completed,0,2
103468,1043,5,completed,0,2
103468,1291,6,completed,1,2
103468,1102,7,completed,0,2
103468,1284,8,completed,1,2
103468,1280,9,completed,1,2
103469,1319,5,completed,1,2
103469,1331,6,completed,1,2
103469,237,7,completed,0,2
103469,771,8,completed,0,2
103469,1333,9,completed,1,2
100488,1402,5,completed,1,2
100488,1395,6,completed,1,2
100488,1391,7,completed,1,2
100488,1403,8,completed,1,2
100478,1274,0,completed,1,1
100478,1577,1,completed,0,1
100478,1709,2,completed,0,1
100478,1690,3,completed,0,1
100478,1281,4,completed,1,1
100488,1396,9,completed,1,2
102475,1274,0,completed,1,1
102475,1281,1,completed,1,1
102475,1602,2,completed,0,1
102475,1289,3,completed,1,1
102475,1282,4,completed,1,1
100490,1581,5,completed,0,2
100490,57,6,completed,0,2
100490,866,7,completed,0,2
100490,1259,8,completed,1,2
100490,1292,9,completed,0,2
103468,68,0,completed,0,1
103468,227,1,completed,0,1
103468,1277,2,completed,1,1
103468,914,3,completed,0,1
103468,1290,4,completed,1,1
103476,1426,5,completed,0,2
103476,1107,6,completed,0,2
102480,1,0,completed,0,1
102480,1316,1,completed,1,1
102480,1479,2,completed,0,1
102480,986,3,completed,0,1
102480,1602,4,completed,0,1
103469,1316,0,completed,1,1
103469,1328,1,completed,1,1
103469,1686,2,completed,0,1
103469,1322,3,completed,1,1
103469,1318,4,completed,1,1
103476,1432,7,completed,0,2
103476,268,8,completed,0,2
103476,1247,9,completed,0,2
101483,1686,5,completed,0,2
101483,652,6,completed,0,2
101483,1715,7,completed,0,2
101483,57,8,completed,0,2
101483,708,9,completed,0,2
100488,1388,0,completed,1,1
100488,1389,1,completed,1,1
100488,1589,2,completed,0,1
100488,1390,3,completed,1,1
100488,1437,4,completed,0,1
100490,1242,0,completed,1,1
100490,1099,1,completed,1,1
100490,1245,2,completed,1,1
100490,1250,3,completed,1,1
100490,1096,4,completed,1,1
100502,1403,5,completed,1,2
100502,564,6,completed,0,2
100502,1471,7,completed,0,2
100502,1404,8,completed,1,2
102505,1439,5,completed,0,2
102505,1097,6,completed,1,2
102505,1202,7,completed,1,2
103476,1090,0,completed,1,1
103476,1091,1,completed,1,1
103476,252,2,completed,0,1
103476,1721,3,completed,0,1
103476,75,4,completed,0,1
100502,992,9,completed,0,2
101483,1090,0,completed,1,1
101483,1091,1,completed,1,1
101483,705,2,completed,0,1
101483,386,3,completed,0,1
101483,663,4,completed,0,1
102505,1407,8,completed,0,2
102505,1254,9,completed,1,2
102510,656,5,completed,0,2
102510,1289,6,completed,0,2
102510,1107,7,completed,0,2
101491,1438,5,completed,0,2
101491,1282,6,completed,1,2
102510,1392,8,completed,0,2
102510,480,9,completed,0,2
101491,236,7,completed,0,2
101491,1290,8,completed,1,2
101491,1283,9,completed,1,2
102515,1403,5,completed,1,2
102515,1438,6,completed,0,2
102515,769,7,completed,0,2
100502,1389,0,completed,1,1
100502,985,1,completed,0,1
100502,1390,2,completed,1,1
100502,173,3,completed,0,1
100502,1391,4,completed,1,1
102515,1396,8,completed,1,2
102515,1392,9,completed,1,2
102505,284,0,completed,0,1
102505,868,1,completed,0,1
102505,1199,2,completed,1,1
102505,1095,3,completed,1,1
102505,1686,4,completed,0,1
101491,1275,0,completed,1,1
101491,36,1,completed,0,1
101491,913,2,completed,0,1
101491,1277,3,completed,1,1
101491,1289,4,completed,1,1
103496,1714,5,completed,0,2
103496,1099,6,completed,1,2
102510,1090,0,completed,1,1
102510,1577,1,completed,0,1
102510,1091,2,completed,1,1
102510,1479,3,completed,0,1
102510,227,4,completed,0,1
102521,1281,5,completed,1,2
102521,1277,6,completed,1,2
102521,1282,7,completed,1,2
103496,1199,7,completed,1,2
103496,1245,8,completed,1,2
103496,1107,9,completed,1,2
101505,1289,5,completed,1,2
101505,1279,6,completed,1,2
102521,1715,8,completed,0,2
102521,1318,9,completed,0,2
102522,1245,5,completed,1,2
102522,1432,6,completed,0,2
102522,1258,7,completed,1,2
101505,1291,7,completed,1,2
101505,250,8,completed,0,2
101505,1284,9,completed,1,2
102522,53,8,completed,0,2
102522,1496,9,completed,0,2
100522,1060,5,completed,0,2
100522,1068,6,completed,0,2
100522,1320,7,completed,1,2
100522,1719,8,completed,0,2
102515,1389,0,completed,1,1
102515,1402,1,completed,1,1
102515,1395,2,completed,1,1
102515,1710,3,completed,0,1
102515,1391,4,completed,1,1
103503,13,5,completed,0,2
103503,1246,6,completed,0,2
100522,1334,9,completed,1,2
103503,1283,7,completed,1,2
103503,1258,8,completed,0,2
103503,256,9,completed,0,2
103496,983,0,completed,0,1
103496,1051,1,completed,0,1
103496,1242,2,completed,1,1
103496,1094,3,completed,1,1
103496,701,4,completed,0,1
101505,1275,0,completed,1,1
101505,1094,1,completed,0,1
101505,563,2,completed,0,1
101505,1281,3,completed,1,1
101505,1277,4,completed,1,1
103507,705,5,completed,0,2
103507,1685,6,completed,0,2
103507,1430,7,completed,0,2
103507,478,8,completed,0,2
103507,768,9,completed,0,2
102521,1274,0,completed,1,1
102521,1477,1,completed,0,1
102521,1051,2,completed,0,1
102521,1275,3,completed,1,1
102521,985,4,completed,0,1
102522,1092,0,completed,1,1
102522,1192,1,completed,1,1
102522,1193,2,completed,1,1
102522,1248,3,completed,1,1
102522,986,4,completed,0,1
103503,1275,0,completed,1,1
103503,1277,1,completed,1,1
103503,1289,2,completed,1,1
103503,991,3,completed,0,1
103503,1282,4,completed,1,1
100522,1577,0,completed,0,1
100522,1315,1,completed,1,1
100522,763,2,completed,0,1
100522,1426,3,completed,0,1
100522,1323,4,completed,1,1
101519,399,5,completed,0,2
101519,1332,6,completed,1,2
102536,1330,5,completed,1,2
102536,1471,6,completed,0,2
102536,1097,7,completed,0,2
103512,1282,5,completed,1,2
103512,1290,6,completed,1,2
101519,1702,7,completed,0,2
101519,1210,8,completed,0,2
101519,1333,9,completed,1,2
102536,1319,8,completed,1,2
102536,1331,9,completed,1,2
103512,1279,7,completed,1,2
103512,1291,8,completed,1,2
103512,406,9,completed,0,2
103507,1092,0,completed,0,1
103507,1090,1,completed,1,1
103507,549,2,completed,0,1
103507,1091,3,completed,1,1
103507,2,4,completed,0,1
100540,286,5,completed,0,2
100540,1685,6,completed,0,2
100540,266,7,completed,0,2
100540,1256,8,completed,0,2
101519,1090,0,completed,0,1
101519,1321,1,completed,1,1
101519,1392,2,completed,0,1
101519,1323,3,completed,1,1
101519,1676,4,completed,0,1
103520,1395,5,completed,1,2
103520,247,6,completed,0,2
100540,1054,9,completed,0,2
103512,1274,0,completed,1,1
103512,1705,1,completed,0,1
103512,1281,2,completed,1,1
103512,1277,3,completed,1,1
103512,1289,4,completed,1,1
103520,1391,7,completed,1,2
103520,1403,8,completed,1,2
103520,1282,9,completed,0,2
102536,1314,0,completed,1,1
102536,1390,1,completed,0,1
102536,1328,2,completed,1,1
102536,1256,3,completed,0,1
102536,1392,4,completed,0,1
103520,1455,0,completed,0,1
103520,1389,1,completed,1,1
103520,1390,2,completed,1,1
103520,551,3,completed,0,1
103520,1402,4,completed,1,1
103527,1049,5,completed,0,2
103527,1431,6,completed,0,2
100540,1707,0,completed,0,1
100540,1090,1,completed,1,1
100540,1455,2,completed,0,1
100540,166,3,completed,0,1
100540,1091,4,completed,1,1
103527,1200,7,completed,1,2
103527,1486,8,completed,0,2
103527,1440,9,completed,0,2
101536,175,5,completed,0,2
101536,1279,6,completed,0,2
101536,488,7,completed,0,2
101536,400,8,completed,0,2
101536,1334,9,completed,0,2
100552,663,5,completed,0,2
100552,63,6,completed,0,2
100552,1250,7,completed,1,2
100552,1472,8,completed,0,2
100552,1604,9,completed,0,2
103527,1051,0,completed,0,1
103527,1093,1,completed,1,1
103527,1248,2,completed,1,1
103527,1256,3,completed,1,1
103527,1095,4,completed,1,1
100555,1091,5,completed,1,2
100555,1328,6,completed,0,2
100555,768,7,completed,0,2
100555,219,8,completed,0,2
101536,1090,0,completed,1,1
101536,1091,1,completed,1,1
101536,913,2,completed,0,1
101536,1715,3,completed,0,1
101536,1700,4,completed,0,1
103535,72,5,completed,0,2
103535,1290,6,completed,1,2
100555,1202,9,completed,0,2
103535,1283,7,completed,1,2
103535,1279,8,completed,1,2
103535,1284,9,completed,1,2
100552,48,0,completed,0,1
100552,761,1,completed,0,1
100552,1242,2,completed,1,1
100552,1093,3,completed,1,1
100552,1243,4,completed,1,1
103535,983,0,completed,0,1
103535,7,1,completed,0,1
103535,1281,2,completed,1,1
103535,1289,3,completed,1,1
103535,1282,4,completed,1,1
100555,166,0,completed,0,1
100555,1090,1,completed,1,1
100555,389,2,completed,0,1
100555,202,3,completed,0,1
100555,6,4,completed,0,1
103544,1432,5,completed,0,2
103544,1258,6,completed,1,2
103544,39,7,completed,0,2
103544,40,8,completed,0,2
103544,1702,9,completed,0,2
100576,1206,5,completed,1,2
100576,1249,6,completed,1,2
100576,181,7,completed,0,2
100576,1200,8,completed,1,2
100576,1096,9,completed,1,2
101563,1709,5,completed,0,2
101563,1437,6,completed,0,2
103544,706,0,completed,0,1
103544,1699,1,completed,0,1
103544,1200,2,completed,1,1
103544,1096,3,completed,1,1
103544,21,4,completed,0,1
103554,551,5,completed,0,2
103554,1199,6,completed,0,2
101563,1480,7,completed,0,2
101563,1427,8,completed,0,2
101563,275,9,completed,0,2
103554,205,7,completed,0,2
103554,235,8,completed,0,2
103554,1059,9,completed,0,2
103555,656,5,completed,0,2
103555,986,6,completed,0,2
103555,1330,7,completed,0,2
103555,777,8,completed,0,2
103555,1196,9,completed,1,2
101563,1090,0,completed,1,1
101563,68,1,completed,0,1
101563,761,2,completed,0,1
101563,1091,3,completed,1,1
101563,862,4,completed,0,1
100576,1587,0,completed,0,1
100576,1192,1,completed,1,1
100576,69,2,completed,0,1
100576,1425,3,completed,0,1
100576,1256,4,completed,1,1
102588,235,5,completed,0,2
102588,274,6,completed,0,2
102588,1200,7,completed,1,2
103554,389,0,completed,0,1
103554,1090,1,completed,1,1
103554,1091,2,completed,1,1
103554,1193,3,completed,0,1
103554,1248,4,completed,0,1
102588,1096,8,completed,1,2
102588,1246,9,completed,1,2
103555,1090,0,completed,0,1
103555,1192,1,completed,1,1
103555,1193,2,completed,1,1
103555,1094,3,completed,1,1
103555,1206,4,completed,1,1
103562,1318,5,completed,1,2
103562,1330,6,completed,1,2
103562,1472,7,completed,0,2
103562,1331,8,completed,1,2
103562,58,9,completed,0,2
102595,247,5,completed,0,2
102595,1318,6,completed,1,2
102595,1330,7,completed,1,2
102595,1323,8,completed,1,2
102595,1039,9,completed,0,2
103562,1314,0,completed,1,1
103562,1328,1,completed,1,1
103562,875,2,completed,0,1
103562,20,3,completed,0,1
103562,1679,4,completed,0,1
101582,1391,5,completed,1,2
101582,1403,6,completed,1,2
102588,285,0,completed,0,1
102588,1193,1,completed,1,1
102588,551,2,completed,0,1
102588,1194,3,completed,1,1
102588,1321,4,completed,0,1
100596,217,5,completed,0,2
100596,228,6,completed,0,2
100596,1042,7,completed,0,2
100596,393,8,completed,0,2
101582,1059,7,completed,0,2
101582,1404,8,completed,1,2
101582,1405,9,completed,1,2
101583,1323,5,completed,1,2
101583,1586,6,completed,0,2
100596,1675,9,completed,0,2
101583,207,7,completed,0,2
101583,1331,8,completed,1,2
101583,1332,9,completed,1,2
102603,1396,5,completed,1,2
102603,1392,6,completed,1,2
102603,1404,7,completed,1,2
100599,1289,5,completed,1,2
100599,1282,6,completed,1,2
100599,1290,7,completed,1,2
100599,1283,8,completed,1,2
102603,1251,8,completed,0,2
102603,1405,9,completed,1,2
102604,1289,5,completed,1,2
102604,1282,6,completed,1,2
102604,1290,7,completed,1,2
100599,1279,9,completed,1,2
102604,1283,8,completed,1,2
102604,1291,9,completed,1,2
102605,1059,5,completed,0,2
102605,288,6,completed,0,2
102605,1318,7,completed,0,2
101582,1388,0,completed,1,1
101582,1389,1,completed,1,1
101582,655,2,completed,0,1
101582,1390,3,completed,1,1
101582,1395,4,completed,1,1
102595,471,0,completed,0,1
102595,1274,1,completed,0,1
102595,1673,2,completed,0,1
102595,1316,3,completed,1,1
102595,1721,4,completed,0,1
102605,1330,8,completed,0,2
102605,268,9,completed,0,2
102607,1206,5,completed,1,2
102607,1245,6,completed,1,2
102607,1107,7,completed,1,2
101583,1274,0,completed,0,1
101583,202,1,completed,0,1
101583,220,2,completed,0,1
101583,1322,3,completed,1,1
101583,1716,4,completed,0,1
102607,1699,8,completed,0,2
102607,1246,9,completed,1,2
100596,1090,0,completed,1,1
100596,1192,1,completed,0,1
100596,1091,2,completed,1,1
100596,700,3,completed,0,1
100596,1281,4,completed,0,1
102610,1279,5,completed,1,2
102610,1291,6,completed,1,2
102610,65,7,completed,0,2
102610,1280,8,completed,1,2
102610,172,9,completed,0,2
100599,384,0,completed,0,1
100599,1275,1,completed,1,1
100599,62,2,completed,0,1
100599,998,3,completed,0,1
100599,274,4,completed,0,1
102603,1388,0,completed,1,1
102603,1390,1,completed,1,1
102603,1709,2,completed,0,1
102603,1402,3,completed,1,1
102603,1329,4,completed,0,1
101596,1579,5,completed,0,2
101596,1438,6,completed,0,2
102604,1274,0,completed,1,1
102604,1281,1,completed,1,1
102604,1690,2,completed,0,1
102604,1199,3,completed,0,1
102604,1277,4,completed,1,1
101596,83,7,completed,0,2
101596,1431,8,completed,0,2
101596,1675,9,completed,0,2
102605,1274,0,completed,0,1
102605,1090,1,completed,1,1
102605,1091,2,completed,1,1
102605,385,3,completed,0,1
102605,254,4,completed,0,1
102607,1423,0,completed,0,1
102607,1242,1,completed,1,1
102607,222,2,completed,0,1
102607,1721,3,completed,0,1
102607,1194,4,completed,1,1
101596,1090,0,completed,1,1
101596,1707,1,completed,0,1
101596,1455,2,completed,0,1
101596,1050,3,completed,0,1
101596,1091,4,completed,1,1
102610,1274,0,completed,1,1
102610,1275,1,completed,1,1
102610,1281,2,completed,1,1
102610,1282,3,completed,1,1
102610,1283,4,completed,1,1
102621,1277,5,completed,1,2
102621,1282,6,completed,1,2
102621,1439,7,completed,0,2
101603,1249,5,completed,1,2
101603,1277,6,completed,0,2
102621,1290,8,completed,1,2
102621,1279,9,completed,1,2
100619,476,5,completed,0,2
100619,1676,6,completed,0,2
100619,1487,7,completed,0,2
100619,909,8,completed,0,2
101603,1245,7,completed,1,2
101603,1096,8,completed,1,2
101603,1196,9,completed,1,2
102623,1107,5,completed,1,2
102623,1200,6,completed,1,2
102623,987,7,completed,0,2
103596,1282,5,completed,1,2
103596,703,6,completed,0,2
100619,270,9,completed,0,2
102623,1096,8,completed,1,2
102623,1252,9,completed,1,2
102624,56,5,completed,0,2
102624,1196,6,completed,1,2
102624,1102,7,completed,1,2
103596,1283,7,completed,1,2
103596,1291,8,completed,1,2
103596,1284,9,completed,1,2
103597,914,5,completed,0,2
103597,1403,6,completed,1,2
101606,1430,5,completed,0,2
101606,396,6,completed,0,2
102624,1259,8,completed,1,2
102624,659,9,completed,0,2
103597,1396,7,completed,1,2
103597,244,8,completed,0,2
103597,1392,9,completed,1,2
101606,1484,7,completed,0,2
101606,478,8,completed,0,2
101606,1059,9,completed,0,2
101603,1242,0,completed,1,1
101603,1193,1,completed,1,1
101603,985,2,completed,0,1
101603,1390,3,completed,0,1
101603,1430,4,completed,0,1
103601,1250,5,completed,0,2
103601,1603,6,completed,0,2
103601,1439,7,completed,0,2
103601,1290,8,completed,1,2
103601,84,9,completed,0,2
102621,1274,0,completed,1,1
102621,1275,1,completed,1,1
102621,167,2,completed,0,1
102621,403,3,completed,0,1
102621,1281,4,completed,1,1
103596,1275,0,completed,1,1
103596,1065,1,completed,0,1
103596,1395,2,completed,0,1
103596,1277,3,completed,1,1
103596,998,4,completed,0,1
100619,1090,0,completed,1,1
100619,203,1,completed,0,1
100619,1091,2,completed,1,1
100619,906,3,completed,0,1
100619,1208,4,completed,0,1
100627,1395,5,completed,1,2
100627,768,6,completed,0,2
100627,1403,7,completed,1,2
100627,1392,8,completed,1,2
101606,389,0,completed,0,1
101606,1090,1,completed,1,1
101606,1091,2,completed,1,1
101606,1709,3,completed,0,1
101606,386,4,completed,0,1
103597,1388,0,completed,1,1
103597,1389,1,completed,1,1
103597,1390,2,completed,1,1
103597,1395,3,completed,1,1
103597,1391,4,completed,1,1
100627,1393,9,completed,1,2
102623,1389,0,completed,0,1
102623,1194,1,completed,1,1
102623,1099,2,completed,1,1
102623,1206,3,completed,1,1
102623,1199,4,completed,1,1
102624,1477,0,completed,0,1
102624,1192,1,completed,1,1
102624,1478,2,completed,0,1
102624,69,3,completed,0,1
102624,2,4,completed,0,1
101616,1200,5,completed,1,2
101616,565,6,completed,0,2
102636,387,5,completed,0,2
102636,907,6,completed,0,2
102636,1322,7,completed,1,2
103601,1274,0,completed,1,1
103601,1671,1,completed,0,1
103601,1275,2,completed,1,1
103601,1281,3,completed,1,1
103601,1289,4,completed,1,1
101616,1196,7,completed,1,2
101616,1247,8,completed,1,2
101616,1197,9,completed,1,2
101617,262,5,completed,0,2
101617,1250,6,completed,1,2
102636,393,8,completed,0,2
102636,1330,9,completed,1,2
101617,218,7,completed,0,2
101617,1097,8,completed,1,2
101617,1197,9,completed,1,2
101618,1283,5,completed,1,2
101618,1291,6,completed,1,2
101618,1197,7,completed,0,2
101618,1284,8,completed,1,2
101618,1681,9,completed,0,2
100627,1388,0,completed,1,1
100627,1389,1,completed,1,1
100627,1390,2,completed,1,1
100627,1589,3,completed,0,1
100627,1402,4,completed,1,1
101621,1425,5,completed,0,2
101621,62,6,completed,0,2
101616,1455,0,completed,0,1
101616,1192,1,completed,1,1
101616,1199,2,completed,1,1
101616,1580,3,completed,0,1
101616,1207,4,completed,1,1
101621,1058,7,completed,0,2
101621,205,8,completed,0,2
101621,1066,9,completed,0,2
103621,1391,5,completed,1,2
103621,1403,6,completed,1,2
100642,706,5,completed,0,2
100642,1674,6,completed,0,2
100642,169,7,completed,0,2
100642,776,8,completed,0,2
101617,1090,0,completed,0,1
101617,266,1,completed,0,1
101617,1099,2,completed,1,1
101617,1256,3,completed,1,1
101617,1249,4,completed,1,1
103621,776,7,completed,0,2
103621,1396,8,completed,1,2
103621,1392,9,completed,1,2
100642,1042,9,completed,0,2
101618,862,0,completed,0,1
101618,1281,1,completed,1,1
101618,1289,2,completed,1,1
101618,1282,3,completed,1,1
101618,1290,4,completed,1,1
100646,1099,5,completed,1,2
100646,1249,6,completed,1,2
100646,769,7,completed,0,2
100646,1258,8,completed,1,2
102636,1388,0,completed,0,1
102636,862,1,completed,0,1
102636,1316,2,completed,1,1
102636,1036,3,completed,0,1
102636,1584,4,completed,0,1
102648,1396,5,completed,0,2
102648,664,6,completed,0,2
102648,288,7,completed,0,2
100646,53,9,completed,0,2
101621,1090,0,completed,1,1
101621,1671,1,completed,0,1
101621,549,2,completed,0,1
101621,1091,3,completed,1,1
101621,1583,4,completed,0,1
102648,1101,8,completed,1,2
102648,658,9,completed,0,2
102650,1402,5,completed,1,2
102650,713,6,completed,0,2
102650,1391,7,completed,1,2
102650,1396,8,completed,1,2
102650,1059,9,completed,0,2
103621,1388,0,completed,1,1
103621,1389,1,completed,1,1
103621,23,2,completed,0,1
103621,55,3,completed,0,1
103621,1395,4,completed,1,1
100642,1090,0,completed,1,1
100642,1091,1,completed,1,1
100642,385,2,completed,0,1
100642,1457,3,completed,0,1
100642,713,4,completed,0,1
101635,991,5,completed,0,2
101635,1322,6,completed,1,2
102657,1395,5,completed,1,2
102657,478,6,completed,0,2
102657,1690,7,completed,0,2
100646,1092,0,completed,1,1
100646,549,1,completed,0,1
100646,1242,2,completed,1,1
100646,1192,3,completed,1,1
100646,1093,4,completed,1,1
101635,1679,7,completed,0,2
101635,1331,8,completed,1,2
101635,1320,9,completed,1,2
102657,1256,8,completed,0,2
102657,1249,9,completed,0,2
103635,1289,5,completed,1,2
103635,1282,6,completed,1,2
102648,551,0,completed,0,1
102648,1437,1,completed,0,1
102648,1194,2,completed,1,1
102648,1099,3,completed,1,1
102648,1245,4,completed,1,1
103635,1318,7,completed,0,2
103635,1290,8,completed,1,2
103635,1283,9,completed,1,2
103636,1246,5,completed,0,2
103636,1432,6,completed,0,2
103636,1332,7,completed,1,2
103636,1325,8,completed,1,2
103636,1327,9,completed,1,2
102650,983,0,completed,0,1
102650,1389,1,completed,1,1
102650,1243,2,completed,0,1
102650,1390,3,completed,1,1
102650,222,4,completed,0,1
101635,1051,0,completed,0,1
101635,1315,1,completed,1,1
101635,1316,2,completed,1,1
101635,1328,3,completed,1,1
101635,1321,4,completed,1,1
102663,1277,5,completed,1,2
102663,1289,6,completed,1,2
102663,1471,7,completed,0,2
102663,1290,8,completed,1,2
102663,1283,9,completed,1,2
102665,1395,5,completed,1,2
102665,1690,6,completed,0,2
102665,1391,7,completed,1,2
103635,1684,0,completed,0,1
103635,1275,1,completed,1,1
103635,1484,2,completed,0,1
103635,1281,3,completed,1,1
103635,4,4,completed,0,1
100662,1395,5,completed,1,2
100662,8,6,completed,0,2
100662,1391,7,completed,1,2
100662,1396,8,completed,1,2
102657,1388,0,completed,1,1
102657,1589,1,completed,0,1
102657,50,2,completed,0,1
102657,1390,3,completed,1,1
102657,1402,4,completed,1,1
102665,1403,8,completed,1,2
102665,1396,9,completed,1,2
103636,1314,0,completed,1,1
103636,1316,1,completed,1,1
103636,62,2,completed,0,1
103636,1321,3,completed,1,1
103636,55,4,completed,0,1
100662,1392,9,completed,1,2
103646,1099,5,completed,1,2
103646,1249,6,completed,1,2
103646,1199,7,completed,1,2
103646,1245,8,completed,1,2
103646,217,9,completed,0,2
103649,1395,5,completed,1,2
103649,1391,6,completed,1,2
103649,4,7,completed,0,2
103649,1403,8,completed,1,2
103649,1580,9,completed,0,2
101650,1097,5,completed,1,2
101650,1717,6,completed,0,2
102663,1274,0,completed,1,1
102663,1692,1,completed,0,1
102663,1275,2,completed,1,1
102663,1193,3,completed,0,1
102663,1281,4,completed,1,1
103651,1430,5,completed,0,2
103651,1403,6,completed,1,2
100662,1388,0,completed,1,1
100662,1389,1,completed,1,1
100662,390,2,completed,0,1
100662,1390,3,completed,1,1
100662,168,4,completed,0,1
101650,1320,7,completed,0,2
101650,1103,8,completed,1,2
101650,1203,9,completed,1,2
102665,1389,0,completed,1,1
102665,700,1,completed,0,1
102665,1390,2,completed,1,1
102665,1479,3,completed,0,1
102665,863,4,completed,0,1
103646,1192,0,completed,1,1
103646,1093,1,completed,1,1
103646,701,2,completed,0,1
103646,1194,3,completed,1,1
103646,1594,4,completed,0,1
103651,1392,7,completed,1,2
103651,1404,8,completed,1,2
103651,1290,9,completed,0,2
103649,1388,0,completed,1,1
103649,1389,1,completed,1,1
103649,1390,2,completed,1,1
103649,1402,3,completed,1,1
103649,234,4,completed,0,1
103657,12,5,completed,0,2
103657,1690,6,completed,0,2
101650,1093,0,completed,1,1
101650,69,1,completed,0,1
101650,1248,2,completed,1,1
101650,1058,3,completed,0,1
101650,1107,4,completed,1,1
103657,25,7,completed,0,2
103657,1403,8,completed,1,2
103657,486,9,completed,0,2
103651,1388,0,completed,1,1
103651,1389,1,completed,1,1
103651,1390,2,completed,1,1
103651,1402,3,completed,1,1
103651,1099,4,completed,0,1
103657,1388,0,completed,1,1
103657,1588,1,completed,0,1
103657,1390,2,completed,1,1
103657,1402,3,completed,1,1
103657,1395,4,completed,1,1
101667,1709,5,completed,0,2
101667,1395,6,completed,0,2
103665,37,5,completed,0,2
103665,206,6,completed,0,2
100684,1403,5,completed,1,2
100684,387,6,completed,0,2
100684,1396,7,completed,1,2
100684,1404,8,completed,1,2
101667,173,7,completed,0,2
101667,1714,8,completed,0,2
101667,1054,9,completed,0,2
103665,1201,7,completed,0,2
103665,1056,8,completed,0,2
103665,1676,9,completed,0,2
100684,1393,9,completed,1,2
103667,223,5,completed,0,2
103667,30,6,completed,0,2
103667,1282,7,completed,0,2
103667,987,8,completed,0,2
103667,553,9,completed,0,2
103672,1094,5,completed,1,2
103672,261,6,completed,0,2
101667,761,0,completed,0,1
101667,1090,1,completed,1,1
101667,1091,2,completed,1,1
101667,204,3,completed,0,1
101667,7,4,completed,0,1
103672,713,7,completed,0,2
103672,769,8,completed,0,2
103672,76,9,completed,0,2
100689,1403,5,completed,1,2
100689,1396,6,completed,1,2
100689,907,7,completed,0,2
100689,1392,8,completed,1,2
103665,1090,0,completed,1,1
103665,1388,1,completed,0,1
103665,1091,2,completed,1,1
103665,12,3,completed,0,1
103665,478,4,completed,0,1
100689,1393,9,completed,1,2
100684,1388,0,completed,1,1
100684,649,1,completed,0,1
100684,1389,2,completed,1,1
100684,1390,3,completed,1,1
100684,1391,4,completed,1,1
103667,1090,0,completed,1,1
103667,699,1,completed,0,1
103667,1091,2,completed,1,1
103667,24,3,completed,0,1
103667,1277,4,completed,0,1
101680,1207,5,completed,1,2
101680,1101,6,completed,1,2
101680,1251,7,completed,1,2
101680,1201,8,completed,1,2
101680,1398,9,completed,0,2
101681,52,5,completed,0,2
101681,553,6,completed,0,2
103672,1242,0,completed,1,1
103672,1093,1,completed,1,1
103672,550,2,completed,0,1
103672,167,3,completed,0,1
103672,1578,4,completed,0,1
103681,1402,5,completed,1,2
103681,1395,6,completed,1,2
101681,1581,7,completed,0,2
101681,264,8,completed,0,2
101681,1056,9,completed,0,2
103681,1391,7,completed,1,2
103681,1403,8,completed,1,2
103681,1585,9,completed,0,2
100689,1388,0,completed,1,1
100689,1389,1,completed,1,1
100689,1402,2,completed,1,1
100689,1395,3,completed,1,1
100689,209,4,completed,0,1
100698,1331,5,completed,1,2
100698,1604,6,completed,0,2
100698,1332,7,completed,1,2
100698,1333,8,completed,1,2
103685,1402,5,completed,1,2
103685,1721,6,completed,0,2
100698,1326,9,completed,1,2
101680,389,0,completed,0,1
101680,1248,1,completed,1,1
101680,1194,2,completed,1,1
101680,1199,3,completed,1,1
101680,181,4,completed,0,1
103685,1395,7,completed,1,2
103685,1391,8,completed,1,2
103685,287,9,completed,0,2
100700,1403,5,completed,1,2
100700,907,6,completed,0,2
100700,1396,7,completed,1,2
100700,1392,8,completed,1,2
101681,983,0,completed,0,1
101681,1090,1,completed,1,1
101681,1091,2,completed,1,1
101681,764,3,completed,0,1
101681,991,4,completed,0,1
100700,1404,9,completed,1,2
100701,227,5,completed,0,2
100701,1391,6,completed,1,2
100701,1403,7,completed,1,2
100701,1396,8,completed,1,2
103681,259,0,completed,0,1
103681,1388,1,completed,1,1
103681,1242,2,completed,0,1
103681,1389,3,completed,1,1
103681,1390,4,completed,1,1
100701,84,9,completed,0,2
101688,181,5,completed,0,2
101688,83,6,completed,0,2
101688,1289,7,completed,1,2
101688,1282,8,completed,1,2
101688,236,9,completed,0,2
100706,3,5,completed,0,2
100706,701,6,completed,0,2
100706,875,7,completed,0,2
100706,392,8,completed,0,2
101690,12,5,completed,0,2
101690,1329,6,completed,1,2
102716,1403,5,completed,1,2
102716,1396,6,completed,1,2
102716,1392,7,completed,1,2
103685,1388,0,completed,1,1
103685,384,1,completed,0,1
103685,1091,2,completed,0,1
103685,1389,3,completed,1,1
103685,701,4,completed,0,1
100698,22,0,completed,0,1
100698,1275,1,completed,0,1
100698,168,2,completed,0,1
100698,1329,3,completed,1,1
100698,52,4,completed,0,1
100706,223,9,completed,0,2
101690,1330,7,completed,1,2
101690,1319,8,completed,1,2
101690,1472,9,completed,0,2
102716,1330,8,completed,0,2
102716,1404,9,completed,1,2
100708,396,5,completed,0,2
100708,227,6,completed,0,2
100708,1395,7,completed,1,2
100708,1391,8,completed,1,2
103695,1321,5,completed,1,2
103695,1245,6,completed,0,2
100700,1388,0,completed,1,1
100700,1390,1,completed,1,1
100700,1402,2,completed,1,1
100700,1395,3,completed,1,1
100700,1391,4,completed,1,1
100708,1396,9,completed,1,2
101688,861,0,completed,0,1
101688,1242,1,completed,0,1
101688,6,2,completed,0,1
101688,1281,3,completed,1,1
101688,1277,4,completed,1,1
102719,1458,5,completed,0,2
102719,274,6,completed,0,2
102719,1289,7,completed,1,2
103695,1492,7,completed,0,2
103695,228,8,completed,0,2
103695,1320,9,completed,1,2
100701,1388,0,completed,1,1
100701,1316,1,completed,0,1
100701,1390,2,completed,1,1
100701,1402,3,completed,1,1
100701,1194,4,completed,0,1
101694,1245,5,completed,0,2
101694,393,6,completed,0,2
102719,998,8,completed,0,2
102719,1282,9,completed,1,2
101690,1314,0,completed,1,1
101690,1315,1,completed,1,1
101690,1709,2,completed,0,1
101690,1316,3,completed,1,1
101690,1430,4,completed,0,1
101694,703,7,completed,0,2
101694,777,8,completed,0,2
101694,658,9,completed,0,2
100706,259,0,completed,0,1
100706,1090,1,completed,1,1
100706,862,2,completed,0,1
100706,1091,3,completed,1,1
100706,1243,4,completed,0,1
100713,655,5,completed,0,2
100713,7,6,completed,0,2
100713,663,7,completed,0,2
100713,1282,8,completed,1,2
101699,1289,5,completed,1,2
101699,1279,6,completed,1,2
100713,170,9,completed,0,2
100716,1093,5,completed,0,2
100716,1685,6,completed,0,2
100716,20,7,completed,0,2
100716,1290,8,completed,0,2
101699,1428,7,completed,0,2
101699,1284,8,completed,1,2
101699,1280,9,completed,1,2
102716,1423,0,completed,0,1
102716,1388,1,completed,1,1
102716,1389,2,completed,1,1
102716,1402,3,completed,1,1
102716,1395,4,completed,1,1
102725,869,5,completed,0,2
102725,228,6,completed,0,2
102725,1318,7,completed,1,2
103695,22,0,completed,0,1
103695,1587,1,completed,0,1
103695,1274,2,completed,0,1
103695,1589,3,completed,0,1
103695,1390,4,completed,0,1
100708,1388,0,completed,1,1
100708,1389,1,completed,1,1
100708,1457,2,completed,0,1
100708,1390,3,completed,1,1
100708,1402,4,completed,1,1
100716,64,9,completed,0,2
101694,1090,0,completed,1,1
101694,241,1,completed,0,1
101694,1091,2,completed,1,1
101694,1243,3,completed,0,1
101694,1099,4,completed,0,1
102725,1330,8,completed,1,2
102725,1493,9,completed,0,2
102726,1289,5,completed,1,2
102726,56,6,completed,0,2
102726,999,7,completed,0,2
103706,1328,5,completed,0,2
103706,55,6,completed,0,2
102726,1290,8,completed,1,2
102726,1283,9,completed,1,2
103706,1430,7,completed,0,2
103706,1458,8,completed,0,2
103706,1329,9,completed,0,2
102719,1274,0,completed,1,1
102719,1053,1,completed,0,1
102719,1673,2,completed,0,1
102719,1281,3,completed,1,1
102719,1277,4,completed,1,1
101699,1274,0,completed,1,1
101699,1671,1,completed,0,1
101699,1275,2,completed,1,1
101699,392,3,completed,0,1
101699,1277,4,completed,1,1
100713,1274,0,completed,1,1
100713,5,1,completed,0,1
100713,472,2,completed,0,1
100713,49,3,completed,0,1
100713,1275,4,completed,1,1
103713,1202,5,completed,1,2
103713,567,6,completed,0,2
100716,1090,0,completed,1,1
100716,1315,1,completed,0,1
100716,6,2,completed,0,1
100716,1091,3,completed,1,1
100716,1275,4,completed,0,1
103706,1090,0,completed,1,1
103706,1091,1,completed,1,1
103706,1315,2,completed,0,1
103706,7,3,completed,0,1
103706,391,4,completed,0,1
103713,1703,7,completed,0,2
103713,1263,8,completed,1,2
103713,1115,9,completed,1,2
102725,1577,0,completed,0,1
102725,1684,1,completed,0,1
102725,1315,2,completed,1,1
102725,1328,3,completed,1,1
102725,1321,4,completed,1,1
100729,1200,5,completed,1,2
100729,1096,6,completed,1,2
100729,565,7,completed,0,2
100729,1101,8,completed,1,2
102726,1274,0,completed,1,1
102726,1275,1,completed,1,1
102726,997,2,completed,0,1
102726,1281,3,completed,1,1
102726,1277,4,completed,1,1
100729,1208,9,completed,1,2
103720,1676,5,completed,0,2
103720,1202,6,completed,1,2
100734,7,5,completed,0,2
100734,1390,6,completed,1,2
100734,1402,7,completed,1,2
100734,1395,8,completed,1,2
101721,1710,5,completed,0,2
101721,1245,6,completed,1,2
103713,763,0,completed,0,1
103713,713,1,completed,0,1
103713,1066,2,completed,0,1
103713,276,3,completed,0,1
103713,1681,4,completed,0,1
103720,1260,7,completed,1,2
103720,1333,8,completed,0,2
103720,1112,9,completed,1,2
100734,1391,9,completed,1,2
101721,1096,7,completed,1,2
101721,487,8,completed,0,2
101721,1101,9,completed,1,2
101723,1256,5,completed,1,2
101723,76,6,completed,0,2
102739,228,5,completed,0,2
102739,664,6,completed,0,2
102739,1319,7,completed,0,2
101723,1250,7,completed,1,2
101723,1603,8,completed,0,2
101723,1097,9,completed,1,2
102739,1717,8,completed,0,2
102739,1202,9,completed,0,2
100729,762,0,completed,0,1
100729,1094,1,completed,1,1
100729,1099,2,completed,1,1
100729,1256,3,completed,1,1
100729,1095,4,completed,1,1
103729,1403,5,completed,1,2
103729,1580,6,completed,0,2
101721,762,0,completed,0,1
101721,1093,1,completed,1,1
101721,1708,2,completed,0,1
101721,1094,3,completed,1,1
101721,1256,4,completed,1,1
103720,1455,0,completed,0,1
103720,1193,1,completed,1,1
103720,70,2,completed,0,1
103720,1194,3,completed,1,1
103720,1580,4,completed,0,1
103729,1396,7,completed,1,2
103729,206,8,completed,0,2
103729,1392,9,completed,1,2
102745,474,5,completed,0,2
102745,228,6,completed,0,2
102745,769,7,completed,0,2
100734,1388,0,completed,1,1
100734,166,1,completed,0,1
100734,1455,2,completed,0,1
100734,1389,3,completed,1,1
100734,1578,4,completed,0,1
101723,284,0,completed,0,1
101723,1193,1,completed,1,1
101723,1248,2,completed,1,1
101723,775,3,completed,0,1
101723,1099,4,completed,1,1
102745,1196,8,completed,1,2
102745,1208,9,completed,1,2
102748,991,5,completed,0,2
102748,1258,6,completed,1,2
102748,1201,7,completed,1,2
102739,1090,0,completed,1,1
102739,1455,1,completed,0,1
102739,1242,2,completed,0,1
102739,1091,3,completed,1,1
102739,173,4,completed,0,1
102748,1197,8,completed,1,2
102748,709,9,completed,0,2
103729,1388,0,completed,1,1
103729,1390,1,completed,1,1
103729,1402,2,completed,1,1
103729,768,3,completed,0,1
103729,564,4,completed,0,1
102753,1403,5,completed,1,2
102753,1396,6,completed,1,2
102753,1392,7,completed,1,2
103740,1289,5,completed,1,2
103740,1282,6,completed,1,2
102753,1404,8,completed,1,2
102753,1716,9,completed,0,2
102755,1282,5,completed,1,2
102755,1290,6,completed,1,2
102755,999,7,completed,0,2
103740,1290,7,completed,1,2
103740,236,8,completed,0,2
103740,1464,9,completed,0,2
102755,1464,8,completed,0,2
102755,211,9,completed,0,2
102745,241,0,completed,0,1
102745,167,1,completed,0,1
102745,1093,2,completed,1,1
102745,1243,3,completed,1,1
102745,1094,4,completed,1,1
103743,1290,5,completed,1,2
103743,1279,6,completed,1,2
103743,1291,7,completed,1,2
103743,1604,8,completed,0,2
103743,1717,9,completed,0,2
103747,1395,5,completed,1,2
103747,1391,6,completed,1,2
103747,235,7,completed,0,2
103747,1396,8,completed,1,2
103747,1393,9,completed,1,2
101739,1277,5,completed,1,2
101739,1289,6,completed,1,2
102748,220,0,completed,0,1
102748,1455,1,completed,0,1
102748,1256,2,completed,1,1
102748,1686,3,completed,0,1
102748,1107,4,completed,1,1
103740,1274,0,completed,1,1
103740,1275,1,completed,1,1
103740,1281,2,completed,1,1
103740,169,3,completed,0,1
103740,1277,4,completed,1,1
101739,1290,7,completed,1,2
101739,31,8,completed,0,2
101739,1283,9,completed,1,2
102753,1390,0,completed,1,1
102753,1402,1,completed,1,1
102753,1395,2,completed,1,1
102753,764,3,completed,0,1
102753,1391,4,completed,1,1
102755,1274,0,completed,1,1
102755,1091,1,completed,0,1
102755,1281,2,completed,1,1
102755,1277,3,completed,1,1
102755,1289,4,completed,1,1
103743,1281,0,completed,1,1
103743,1277,1,completed,1,1
103743,1289,2,completed,1,1
103743,1282,3,completed,1,1
103743,1067,4,completed,0,1
103747,48,0,completed,0,1
103747,1388,1,completed,1,1
103747,1389,2,completed,1,1
103747,1402,3,completed,1,1
103747,1491,4,completed,0,1
101739,1274,0,completed,1,1
101739,1275,1,completed,1,1
101739,985,2,completed,0,1
101739,1281,3,completed,1,1
101739,4,4,completed,0,1
101747,1200,5,completed,1,2
101747,1246,6,completed,1,2
101747,1196,7,completed,1,2
101747,1260,8,completed,1,2
101747,562,9,completed,0,2
102769,1403,5,completed,1,2
102769,1396,6,completed,1,2
102769,397,7,completed,0,2
102769,1404,8,completed,1,2
102769,1323,9,completed,0,2
100779,1066,5,completed,0,2
100779,1431,6,completed,0,2
100779,1427,7,completed,0,2
100779,38,8,completed,0,2
103761,1070,5,completed,0,2
103761,1286,6,completed,0,2
100779,14,9,completed,0,2
101752,1322,5,completed,1,2
101752,1695,6,completed,0,2
103761,1261,7,completed,1,2
103761,1720,8,completed,0,2
103761,1262,9,completed,1,2
100782,1194,5,completed,0,2
100782,714,6,completed,0,2
100782,1481,7,completed,0,2
100782,398,8,completed,0,2
101747,1094,0,completed,1,1
101747,1256,1,completed,1,1
101747,1602,2,completed,0,1
101747,274,3,completed,0,1
101747,1059,4,completed,0,1
101752,300,7,completed,0,2
101752,1486,8,completed,0,2
101752,477,9,completed,0,2
100782,77,9,completed,0,2
100785,1581,5,completed,0,2
100785,1283,6,completed,1,2
100785,1700,7,completed,0,2
100785,256,8,completed,0,2
100785,476,9,completed,0,2
101752,385,0,completed,0,1
101752,1673,1,completed,0,1
101752,1328,2,completed,1,1
101752,1484,3,completed,0,1
101752,991,4,completed,0,1
102769,1388,0,completed,1,1
102769,1389,1,completed,1,1
102769,1402,2,completed,1,1
102769,266,3,completed,0,1
102769,1395,4,completed,1,1
102781,1329,5,completed,1,2
102781,1318,6,completed,1,2
102781,866,7,completed,0,2
103761,550,0,completed,0,1
103761,1193,1,completed,1,1
103761,82,2,completed,0,1
103761,1256,3,completed,1,1
103761,1252,4,completed,1,1
100779,1090,0,completed,1,1
100779,1588,1,completed,0,1
100779,1091,2,completed,1,1
100779,985,3,completed,0,1
100779,1095,4,completed,0,1
101759,169,5,completed,0,2
101759,1054,6,completed,0,2
102781,1331,8,completed,1,2
102781,1324,9,completed,1,2
100788,1395,5,completed,1,2
100788,1391,6,completed,1,2
100788,72,7,completed,0,2
100788,1392,8,completed,1,2
101759,8,7,completed,0,2
101759,1492,8,completed,0,2
101759,1329,9,completed,1,2
102783,258,5,completed,0,2
102783,1395,6,completed,0,2
102783,1095,7,completed,1,2
100782,1090,0,completed,1,1
100782,1091,1,completed,1,1
100782,1672,2,completed,0,1
100782,204,3,completed,0,1
100782,1328,4,completed,0,1
100788,1404,9,completed,1,2
102783,902,8,completed,0,2
102783,1200,9,completed,1,2
101762,1403,5,completed,0,2
101762,1207,6,completed,1,2
101762,38,7,completed,0,2
101762,1208,8,completed,1,2
101762,1201,9,completed,1,2
100785,1274,0,completed,1,1
100785,1275,1,completed,1,1
100785,1277,2,completed,1,1
100785,1289,3,completed,1,1
100785,1290,4,completed,1,1
101759,1314,0,completed,1,1
101759,471,1,completed,0,1
101759,1316,2,completed,1,1
101759,298,3,completed,0,1
101759,1579,4,completed,0,1
102781,1314,0,completed,1,1
102781,22,1,completed,0,1
102781,1316,2,completed,1,1
102781,1321,3,completed,1,1
102781,1686,4,completed,0,1
103784,1207,5,completed,1,2
103784,171,6,completed,0,2
100788,1423,0,completed,0,1
100788,1389,1,completed,1,1
100788,1390,2,completed,1,1
100788,1402,3,completed,1,1
100788,258,4,completed,0,1
101762,1477,0,completed,0,1
101762,385,1,completed,0,1
101762,1094,2,completed,1,1
101762,1721,3,completed,0,1
101762,1245,4,completed,1,1
103784,1676,7,completed,0,2
103784,1247,8,completed,1,2
103784,1717,9,completed,0,2
100800,1316,5,completed,1,2
100800,1321,6,completed,1,2
100800,1038,7,completed,0,2
100800,1481,8,completed,0,2
102783,1192,0,completed,1,1
102783,1093,1,completed,1,1
102783,1672,2,completed,0,1
102783,167,3,completed,0,1
102783,1094,4,completed,1,1
100800,175,9,completed,0,2
101772,12,5,completed,0,2
101772,713,6,completed,0,2
101772,1584,7,completed,0,2
101772,564,8,completed,0,2
101772,235,9,completed,0,2
103784,204,0,completed,0,1
103784,29,1,completed,0,1
103784,1249,2,completed,1,1
103784,1199,3,completed,1,1
103784,1107,4,completed,1,1
100806,1391,5,completed,1,2
100806,274,6,completed,0,2
100806,1403,7,completed,1,2
100806,1706,8,completed,0,2
100806,1396,9,completed,1,2
100807,1289,5,completed,1,2
100807,1282,6,completed,1,2
100807,9,7,completed,0,2
100807,475,8,completed,0,2
101772,1090,0,completed,1,1
101772,1091,1,completed,1,1
101772,285,2,completed,0,1
101772,563,3,completed,0,1
101772,396,4,completed,0,1
102802,902,5,completed,0,2
102802,1095,6,completed,0,2
102802,1289,7,completed,0,2
100800,1388,0,completed,0,1
100800,1314,1,completed,1,1
100800,5,2,completed,0,1
100800,1315,3,completed,1,1
100800,2,4,completed,0,1
100807,1290,9,completed,1,2
102802,1403,8,completed,0,2
102802,1715,9,completed,0,2
101783,1458,5,completed,0,2
101783,64,6,completed,0,2
100810,1282,5,completed,0,2
100810,1675,6,completed,0,2
100810,26,7,completed,0,2
100810,565,8,completed,0,2
101783,1472,7,completed,0,2
101783,1487,8,completed,0,2
101783,66,9,completed,0,2
102805,287,5,completed,0,2
102805,1068,6,completed,0,2
102805,184,7,completed,0,2
100810,1291,9,completed,0,2
102805,1292,8,completed,0,2
102805,1001,9,completed,0,2
103798,1107,5,completed,1,2
103798,1096,6,completed,1,2
103798,1097,7,completed,1,2
103798,909,8,completed,0,2
103798,1103,9,completed,1,2
103799,252,5,completed,0,2
103799,1402,6,completed,0,2
100806,1389,0,completed,1,1
100806,1478,1,completed,0,1
100806,50,2,completed,0,1
100806,1390,3,completed,1,1
100806,1395,4,completed,1,1
101788,29,5,completed,0,2
101788,169,6,completed,0,2
102809,651,5,completed,0,2
102809,1099,6,completed,0,2
102809,1580,7,completed,0,2
103799,36,7,completed,0,2
103799,864,8,completed,0,2
103799,83,9,completed,0,2
100807,22,0,completed,0,1
100807,1274,1,completed,1,1
100807,1275,2,completed,1,1
100807,392,3,completed,0,1
100807,1277,4,completed,1,1
101783,1090,0,completed,1,1
101783,68,1,completed,0,1
101783,1091,2,completed,1,1
101783,82,3,completed,0,1
101783,913,4,completed,0,1
101788,223,7,completed,0,2
101788,1470,8,completed,0,2
101788,13,9,completed,0,2
102809,991,8,completed,0,2
102809,707,9,completed,0,2
102802,1090,0,completed,1,1
102802,1091,1,completed,1,1
102802,70,2,completed,0,1
102802,180,3,completed,0,1
102802,1426,4,completed,0,1
100810,1090,0,completed,1,1
100810,1093,1,completed,0,1
100810,1091,2,completed,1,1
100810,390,3,completed,0,1
100810,1065,4,completed,0,1
103798,1192,0,completed,1,1
103798,1094,1,completed,1,1
103798,253,2,completed,0,1
103798,1256,3,completed,1,1
103798,1245,4,completed,1,1
101788,1090,0,completed,1,1
101788,1091,1,completed,1,1
101788,2,2,completed,0,1
101788,1094,3,completed,0,1
101788,1316,4,completed,0,1
102805,761,0,completed,0,1
102805,1090,1,completed,1,1
102805,1091,2,completed,1,1
102805,1328,3,completed,0,1
102805,713,4,completed,0,1
103799,861,0,completed,0,1
103799,1477,1,completed,0,1
103799,983,2,completed,0,1
103799,1090,3,completed,1,1
103799,1091,4,completed,1,1
102818,62,5,completed,0,2
102818,1281,6,completed,1,2
102818,1277,7,completed,1,2
103812,1207,5,completed,1,2
103812,1604,6,completed,0,2
100825,243,5,completed,0,2
100825,1463,6,completed,0,2
100825,1323,7,completed,1,2
100825,1432,8,completed,0,2
102809,1090,0,completed,1,1
102809,49,1,completed,0,1
102809,1093,2,completed,0,1
102809,1091,3,completed,1,1
102809,204,4,completed,0,1
102818,1289,8,completed,1,2
102818,1695,9,completed,0,2
103812,1197,7,completed,1,2
103812,277,8,completed,0,2
103812,1203,9,completed,1,2
100825,1331,9,completed,1,2
100827,775,5,completed,0,2
100827,209,6,completed,0,2
100827,1256,7,completed,0,2
100827,664,8,completed,0,2
101808,765,5,completed,0,2
101808,77,6,completed,0,2
100827,1200,9,completed,0,2
101808,909,7,completed,0,2
101808,1202,8,completed,1,2
101808,1483,9,completed,0,2
100829,1391,5,completed,1,2
100829,1396,6,completed,1,2
100829,1463,7,completed,0,2
100829,664,8,completed,0,2
100829,1392,9,completed,1,2
103812,1051,0,completed,0,1
103812,1092,1,completed,1,1
103812,1192,2,completed,1,1
103812,1243,3,completed,1,1
103812,714,4,completed,0,1
103818,914,5,completed,0,2
103818,181,6,completed,0,2
103818,1322,7,completed,1,2
103818,1282,8,completed,0,2
103818,1323,9,completed,1,2
100825,1315,0,completed,1,1
100825,222,1,completed,0,1
100825,651,2,completed,0,1
100825,1678,3,completed,0,1
100825,986,4,completed,0,1
101808,1099,0,completed,1,1
101808,1256,1,completed,1,1
101808,1207,2,completed,1,1
101808,1695,3,completed,0,1
101808,1096,4,completed,1,1
101814,1321,5,completed,1,2
101814,478,6,completed,0,2
102818,983,0,completed,0,1
102818,1274,1,completed,1,1
102818,1275,2,completed,1,1
102818,1709,3,completed,0,1
102818,70,4,completed,0,1
101814,1054,7,completed,0,2
101814,1318,8,completed,1,2
101814,53,9,completed,0,2
100827,1090,0,completed,1,1
100827,252,1,completed,0,1
100827,1091,2,completed,1,1
100827,650,3,completed,0,1
100827,1065,4,completed,0,1
100829,1389,0,completed,1,1
100829,1390,1,completed,1,1
100829,1402,2,completed,1,1
100829,1395,3,completed,1,1
100829,1206,4,completed,0,1
103818,1314,0,completed,1,1
103818,1328,1,completed,1,1
103818,386,2,completed,0,1
103818,25,3,completed,0,1
103818,1049,4,completed,0,1
101814,5,0,completed,0,1
101814,1315,1,completed,1,1
101814,1052,2,completed,0,1
101814,1389,3,completed,0,1
101814,29,4,completed,0,1
101820,1710,5,completed,0,2
101820,914,6,completed,0,2
103828,1066,5,completed,0,2
103828,1323,6,completed,1,2
101820,769,7,completed,0,2
101820,21,8,completed,0,2
101820,1680,9,completed,0,2
102840,1329,5,completed,1,2
102840,714,6,completed,0,2
102840,1318,7,completed,1,2
103828,1319,7,completed,1,2
103828,1061,8,completed,0,2
103828,1320,9,completed,1,2
102840,1330,8,completed,1,2
102840,1319,9,completed,1,2
100845,1438,5,completed,0,2
100845,1283,6,completed,1,2
100845,480,7,completed,0,2
100845,1291,8,completed,1,2
100845,1280,9,completed,1,2
100847,1290,5,completed,1,2
100847,1283,6,completed,1,2
100847,1279,7,completed,1,2
100847,1291,8,completed,1,2
101820,1090,0,completed,1,1
101820,1707,1,completed,0,1
101820,1091,2,completed,1,1
101820,563,3,completed,0,1
101820,1584,4,completed,0,1
103836,236,5,completed,0,2
103836,1331,6,completed,1,2
100847,1681,9,completed,0,2
101826,652,5,completed,0,2
101826,1715,6,completed,0,2
103828,1314,0,completed,1,1
103828,203,1,completed,0,1
103828,1328,2,completed,1,1
103828,243,3,completed,0,1
103828,1710,4,completed,0,1
103836,276,7,completed,0,2
103836,1259,8,completed,0,2
103836,1333,9,completed,1,2
101826,1258,7,completed,1,2
101826,1102,8,completed,1,2
101826,1677,9,completed,0,2
100851,1469,5,completed,0,2
100851,1277,6,completed,1,2
100851,274,7,completed,0,2
100851,998,8,completed,0,2
100851,1290,9,completed,1,2
102840,389,0,completed,0,1
102840,1601,1,completed,0,1
102840,19,2,completed,0,1
102840,1328,3,completed,1,1
102840,1321,4,completed,1,1
100845,1274,0,completed,1,1
100845,1275,1,completed,1,1
100845,1316,2,completed,0,1
100845,478,3,completed,0,1
100845,1281,4,completed,1,1
102854,656,5,completed,0,2
102854,1396,6,completed,0,2
102854,1282,7,completed,1,2
101826,1243,0,completed,1,1
101826,1094,1,completed,1,1
101826,990,2,completed,0,1
101826,1249,3,completed,1,1
101826,1492,4,completed,0,1
102854,1290,8,completed,1,2
102854,1283,9,completed,1,2
103836,1315,0,completed,1,1
103836,1328,1,completed,1,1
103836,914,2,completed,0,1
103836,1715,3,completed,0,1
103836,52,4,completed,0,1
100847,1274,0,completed,1,1
100847,1275,1,completed,1,1
100847,1395,2,completed,0,1
100847,1289,3,completed,1,1
100847,1282,4,completed,1,1
100866,1277,5,completed,1,2
100866,1282,6,completed,1,2
100866,657,7,completed,0,2
100866,1290,8,completed,1,2
103847,1196,5,completed,1,2
103847,171,6,completed,0,2
100851,1477,0,completed,0,1
100851,1274,1,completed,1,1
100851,5,2,completed,0,1
100851,1275,3,completed,1,1
100851,286,4,completed,0,1
100866,1323,9,completed,0,2
103847,1102,7,completed,1,2
103847,1394,8,completed,0,2
103847,1098,9,completed,1,2
101838,552,5,completed,0,2
101838,914,6,completed,0,2
101838,1258,7,completed,1,2
101838,1247,8,completed,1,2
101838,1202,9,completed,1,2
101840,1319,5,completed,1,2
101840,1701,6,completed,0,2
101840,86,7,completed,0,2
101840,1325,8,completed,1,2
101840,1334,9,completed,1,2
102854,259,0,completed,0,1
102854,1274,1,completed,1,1
102854,1275,2,completed,1,1
102854,1248,3,completed,0,1
102854,1281,4,completed,1,1
102864,1282,5,completed,1,2
102864,1042,6,completed,0,2
102864,1290,7,completed,1,2
103852,1328,5,completed,1,2
103852,75,6,completed,0,2
102864,1283,8,completed,1,2
102864,1279,9,completed,1,2
102865,658,5,completed,0,2
102865,1279,6,completed,1,2
102865,1284,7,completed,1,2
103852,1329,7,completed,1,2
103852,1330,8,completed,1,2
103852,1067,9,completed,0,2
102865,659,8,completed,0,2
102865,1280,9,completed,1,2
103847,1455,0,completed,0,1
103847,1094,1,completed,1,1
103847,764,2,completed,0,1
103847,914,3,completed,0,1
103847,1096,4,completed,1,1
100866,1274,0,completed,1,1
100866,699,1,completed,0,1
100866,384,2,completed,0,1
100866,285,3,completed,0,1
100866,1275,4,completed,1,1
101838,1090,0,completed,0,1
101838,861,1,completed,0,1
101838,252,2,completed,0,1
101838,1594,3,completed,0,1
101838,55,4,completed,0,1
103856,169,5,completed,0,2
103856,1322,6,completed,1,2
101840,1315,0,completed,1,1
101840,1316,1,completed,1,1
101840,1721,2,completed,0,1
101840,1328,3,completed,1,1
101840,564,4,completed,0,1
103856,13,7,completed,0,2
103856,1482,8,completed,0,2
103856,1319,9,completed,1,2
103857,1710,5,completed,0,2
103857,1391,6,completed,1,2
101852,475,5,completed,0,2
101852,1471,6,completed,0,2
102871,1245,5,completed,1,2
102871,20,6,completed,0,2
102871,652,7,completed,0,2
103857,1403,7,completed,1,2
103857,1066,8,completed,0,2
103857,1396,9,completed,1,2
101852,908,7,completed,0,2
101852,1680,8,completed,0,2
101852,171,9,completed,0,2
102871,76,8,completed,0,2
102871,1201,9,completed,1,2
103852,1314,0,completed,1,1
103852,22,1,completed,0,1
103852,1588,2,completed,0,1
103852,261,3,completed,0,1
103852,1316,4,completed,1,1
102864,1274,0,completed,1,1
102864,1275,1,completed,1,1
102864,864,2,completed,0,1
102864,1277,3,completed,1,1
102864,1289,4,completed,1,1
103863,1396,5,completed,1,2
103863,479,6,completed,0,2
102865,6,0,completed,0,1
102865,1281,1,completed,1,1
102865,1289,2,completed,1,1
102865,1282,3,completed,1,1
102865,1290,4,completed,1,1
103856,1314,0,completed,1,1
103856,259,1,completed,0,1
103856,1316,2,completed,1,1
103856,1065,3,completed,0,1
103856,1705,4,completed,0,1
103863,1392,7,completed,1,2
103863,1404,8,completed,1,2
103863,1283,9,completed,0,2
101852,1090,0,completed,1,1
101852,1091,1,completed,1,1
101852,254,2,completed,0,1
101852,181,3,completed,0,1
101852,83,4,completed,0,1
103857,259,0,completed,0,1
103857,68,1,completed,0,1
103857,1389,2,completed,1,1
103857,1390,3,completed,1,1
103857,1402,4,completed,1,1
102871,1092,0,completed,1,1
102871,472,1,completed,0,1
102871,763,2,completed,0,1
102871,1194,3,completed,1,1
102871,864,4,completed,0,1
102884,1065,5,completed,0,2
102884,1329,6,completed,0,2
102884,1207,7,completed,1,2
101862,913,5,completed,0,2
101862,287,6,completed,0,2
102884,1250,8,completed,1,2
102884,1200,9,completed,1,2
103863,1390,0,completed,1,1
103863,1579,1,completed,0,1
103863,386,2,completed,0,1
103863,1395,3,completed,1,1
103863,1403,4,completed,1,1
100893,1430,5,completed,0,2
100893,169,6,completed,0,2
100893,25,7,completed,0,2
100893,1289,8,completed,0,2
101862,557,7,completed,0,2
101862,1439,8,completed,0,2
101862,27,9,completed,0,2
102888,1207,5,completed,1,2
102888,565,6,completed,0,2
102888,1196,7,completed,1,2
100893,1706,9,completed,0,2
102888,77,8,completed,0,2
102888,1098,9,completed,1,2
101868,1199,5,completed,1,2
101868,1200,6,completed,1,2
101868,236,7,completed,0,2
101868,1681,8,completed,0,2
101868,1252,9,completed,1,2
101862,1090,0,completed,1,1
101862,471,1,completed,0,1
101862,1091,2,completed,1,1
101862,241,3,completed,0,1
101862,775,4,completed,0,1
101873,1329,5,completed,1,2
101873,1322,6,completed,1,2
102897,1277,5,completed,1,2
102897,1282,6,completed,1,2
102897,263,7,completed,0,2
101873,170,7,completed,0,2
101873,999,8,completed,0,2
101873,1323,9,completed,1,2
102884,1389,0,completed,0,1
102884,1243,1,completed,1,1
102884,1193,2,completed,1,1
102884,1578,3,completed,0,1
102884,1425,4,completed,0,1
102897,21,8,completed,0,2
102897,1290,9,completed,1,2
100893,1090,0,completed,1,1
100893,1275,1,completed,0,1
100893,1091,2,completed,1,1
100893,1052,3,completed,0,1
100893,173,4,completed,0,1
101868,861,0,completed,0,1
101868,1455,1,completed,0,1
101868,1491,2,completed,0,1
101868,1206,3,completed,1,1
101868,1249,4,completed,1,1
102888,761,0,completed,0,1
102888,1093,1,completed,1,1
102888,1094,2,completed,1,1
102888,1199,3,completed,1,1
102888,1107,4,completed,1,1
102901,1289,5,completed,1,2
102901,1282,6,completed,1,2
102901,480,7,completed,0,2
102901,1279,8,completed,1,2
102901,1604,9,completed,0,2
102902,1282,5,completed,1,2
102902,1290,6,completed,1,2
102902,1283,7,completed,1,2
101873,1314,0,completed,1,1
101873,1588,1,completed,0,1
101873,1193,2,completed,0,1
101873,403,3,completed,0,1
101873,1328,4,completed,1,1
102902,1291,8,completed,1,2
102902,1284,9,completed,1,2
102905,206,5,completed,0,2
102905,916,6,completed,0,2
102905,659,7,completed,0,2
102897,1274,0,completed,1,1
102897,68,1,completed,0,1
102897,649,2,completed,0,1
102897,1275,3,completed,1,1
102897,1058,4,completed,0,1
102905,1441,8,completed,0,2
102905,18,9,completed,0,2
103891,1107,5,completed,0,2
103891,217,6,completed,0,2
102907,1438,5,completed,0,2
102907,1289,6,completed,1,2
102907,869,7,completed,0,2
103891,714,7,completed,0,2
103891,72,8,completed,0,2
103891,21,9,completed,0,2
100913,1289,5,completed,1,2
100913,1282,6,completed,1,2
100913,1290,7,completed,1,2
100913,1323,8,completed,0,2
101891,1322,5,completed,1,2
101891,1699,6,completed,0,2
102907,1290,8,completed,1,2
102907,1279,9,completed,1,2
100913,658,9,completed,0,2
101891,1067,7,completed,0,2
101891,1472,8,completed,0,2
101891,1324,9,completed,1,2
102901,1274,0,completed,1,1
102901,1242,1,completed,0,1
102901,1281,2,completed,1,1
102901,1277,3,completed,1,1
102901,1107,4,completed,0,1
102902,1275,0,completed,1,1
102902,700,1,completed,0,1
102902,986,2,completed,0,1
102902,1066,3,completed,0,1
102902,1289,4,completed,1,1
103891,1,0,completed,0,1
103891,1090,1,completed,1,1
103891,1091,2,completed,1,1
103891,1094,3,completed,0,1
103891,299,4,completed,0,1
101891,1315,0,completed,1,1
101891,700,1,completed,0,1
101891,1243,2,completed,0,1
101891,1321,3,completed,1,1
101891,1329,4,completed,1,1
101898,1289,5,completed,1,2
101898,1282,6,completed,1,2
102905,1090,0,completed,1,1
102905,1091,1,completed,1,1
102905,1329,2,completed,0,1
102905,288,3,completed,0,1
102905,553,4,completed,0,1
102917,175,5,completed,0,2
102917,301,6,completed,0,2
102917,1260,7,completed,1,2
101898,1290,7,completed,1,2
101898,57,8,completed,0,2
101898,1283,9,completed,1,2
102917,1293,8,completed,0,2
102917,662,9,completed,0,2
100913,1092,0,completed,0,1
100913,1594,1,completed,0,1
100913,1281,2,completed,1,1
100913,1249,3,completed,0,1
100913,1277,4,completed,1,1
102907,1274,0,completed,1,1
102907,1093,1,completed,0,1
102907,1275,2,completed,1,1
102907,1601,3,completed,0,1
102907,1281,4,completed,1,1
103904,267,5,completed,0,2
103904,1711,6,completed,0,2
103904,1688,7,completed,0,2
103904,32,8,completed,0,2
103904,184,9,completed,0,2
101898,240,0,completed,0,1
101898,1275,1,completed,1,1
101898,1281,2,completed,1,1
101898,55,3,completed,0,1
101898,1277,4,completed,1,1
102930,1330,5,completed,1,2
102930,1319,6,completed,1,2
102930,10,7,completed,0,2
102917,216,0,completed,0,1
102917,1099,1,completed,1,1
102917,1480,2,completed,0,1
102917,25,3,completed,0,1
102917,235,4,completed,0,1
102930,1592,8,completed,0,2
102930,1324,9,completed,1,2
101916,227,5,completed,0,2
101916,1391,6,completed,1,2
103904,1090,0,completed,1,1
103904,1091,1,completed,1,1
103904,1094,2,completed,0,1
103904,1673,3,completed,0,1
103904,70,4,completed,0,1
101916,1059,7,completed,0,2
101916,1396,8,completed,1,2
101916,1207,9,completed,0,2
102936,1402,5,completed,0,2
102936,1491,6,completed,0,2
102936,217,7,completed,0,2
101919,1095,5,completed,1,2
101919,1245,6,completed,1,2
102936,1492,8,completed,0,2
102936,30,9,completed,0,2
101919,1246,7,completed,1,2
101919,1097,8,completed,1,2
101919,1247,9,completed,1,2
101916,1388,0,completed,1,1
101916,551,1,completed,0,1
101916,1390,2,completed,1,1
101916,1402,3,completed,1,1
101916,1395,4,completed,1,1
103924,1318,5,completed,0,2
103924,211,6,completed,0,2
102930,1243,0,completed,0,1
102930,1053,1,completed,0,1
102930,1066,2,completed,0,1
102930,1322,3,completed,1,1
102930,1318,4,completed,1,1
103924,1283,7,completed,1,2
103924,1291,8,completed,1,2
103924,1284,9,completed,1,2
101919,1243,0,completed,1,1
101919,990,1,completed,0,1
101919,1099,2,completed,1,1
101919,1249,3,completed,1,1
101919,262,4,completed,0,1
100945,168,5,completed,0,2
100945,1402,6,completed,0,2
100945,1099,7,completed,1,2
100945,1256,8,completed,1,2
102936,1090,0,completed,1,1
102936,471,1,completed,0,1
102936,1091,2,completed,1,1
102936,862,3,completed,0,1
102936,222,4,completed,0,1
103928,1329,5,completed,1,2
103928,486,6,completed,0,2
100945,1199,9,completed,1,2
102946,266,5,completed,0,2
102946,1249,6,completed,0,2
102946,1391,7,completed,1,2
103928,1322,7,completed,1,2
103928,1323,8,completed,1,2
103928,1279,9,completed,0,2
103929,1095,5,completed,1,2
103929,552,6,completed,0,2
102946,1403,8,completed,1,2
102946,1396,9,completed,1,2
103924,1274,0,completed,1,1
103924,1275,1,completed,1,1
103924,75,2,completed,0,1
103924,1289,3,completed,1,1
103924,1282,4,completed,1,1
103929,63,7,completed,0,2
103929,479,8,completed,0,2
103929,999,9,completed,0,2
101931,1319,5,completed,1,2
101931,1331,6,completed,1,2
100951,1391,5,completed,1,2
100951,1403,6,completed,1,2
100951,228,7,completed,0,2
100951,255,8,completed,0,2
101931,1324,7,completed,1,2
101931,1320,8,completed,1,2
101931,1332,9,completed,1,2
100951,1393,9,completed,1,2
100952,1206,5,completed,1,2
100952,262,6,completed,0,2
100952,268,7,completed,0,2
100952,1251,8,completed,1,2
100952,476,9,completed,0,2
103928,284,0,completed,0,1
103928,1578,1,completed,0,1
103928,403,2,completed,0,1
103928,1321,3,completed,1,1
103928,1206,4,completed,0,1
103939,1095,5,completed,1,2
103939,1054,6,completed,0,2
100945,1671,0,completed,0,1
100945,471,1,completed,0,1
100945,202,2,completed,0,1
100945,1242,3,completed,1,1
100945,1243,4,completed,1,1
103929,1577,0,completed,0,1
103929,1094,1,completed,1,1
103929,234,2,completed,0,1
103929,1099,3,completed,1,1
103929,1678,4,completed,0,1
103939,1289,7,completed,0,2
103939,1096,8,completed,1,2
103939,1101,9,completed,1,2
101931,1093,0,completed,0,1
101931,1243,1,completed,0,1
101931,1058,2,completed,0,1
101931,1698,3,completed,0,1
101931,1322,4,completed,1,1
100956,913,5,completed,0,2
100956,21,6,completed,0,2
100956,1319,7,completed,1,2
100956,1324,8,completed,1,2
101941,875,5,completed,0,2
101941,768,6,completed,0,2
102946,68,0,completed,0,1
102946,1389,1,completed,1,1
102946,1193,2,completed,0,1
102946,1390,3,completed,1,1
102946,1402,4,completed,1,1
103942,1700,5,completed,0,2
103942,715,6,completed,0,2
100956,1320,9,completed,1,2
101941,1710,7,completed,0,2
101941,20,8,completed,0,2
101941,565,9,completed,0,2
103942,1097,7,completed,1,2
103942,1098,8,completed,1,2
103942,1210,9,completed,1,2
103943,1194,5,completed,1,2
103943,656,6,completed,0,2
100951,1389,0,completed,1,1
100951,1390,1,completed,1,1
100951,1402,2,completed,1,1
100951,1395,3,completed,1,1
100951,990,4,completed,0,1
100958,1699,5,completed,0,2
100958,30,6,completed,0,2
100958,1318,7,completed,1,2
100958,1323,8,completed,1,2
101943,1058,5,completed,0,2
101943,169,6,completed,0,2
103943,1245,7,completed,1,2
103943,236,8,completed,0,2
103943,1258,9,completed,1,2
100952,1193,0,completed,1,1
100952,701,1,completed,0,1
100952,216,2,completed,0,1
100952,19,3,completed,0,1
100952,1256,4,completed,1,1
100958,1324,9,completed,1,2
101943,1391,7,completed,1,2
101943,1396,8,completed,1,2
101943,1404,9,completed,1,2
103939,1242,0,completed,1,1
103939,1193,1,completed,1,1
103939,1589,2,completed,0,1
103939,82,3,completed,0,1
103939,1206,4,completed,1,1
101941,1090,0,completed,1,1
101941,1091,1,completed,1,1
101941,1583,2,completed,0,1
101941,985,3,completed,0,1
101941,775,4,completed,0,1
103948,1318,5,completed,1,2
103948,1581,6,completed,0,2
100963,394,5,completed,0,2
100963,1331,6,completed,1,2
100963,488,7,completed,0,2
100963,1324,8,completed,1,2
103942,1092,0,completed,1,1
103942,1274,1,completed,0,1
103942,1242,2,completed,1,1
103942,1431,3,completed,0,1
103942,1200,4,completed,1,1
103948,1331,7,completed,1,2
103948,183,8,completed,0,2
103948,1320,9,completed,1,2
100956,385,0,completed,0,1
100956,222,1,completed,0,1
100956,1316,2,completed,1,1
100956,997,3,completed,0,1
100956,1328,4,completed,1,1
100963,1320,9,completed,1,2
100964,1277,5,completed,1,2
100964,1282,6,completed,1,2
100964,1096,7,completed,0,2
100964,1290,8,completed,1,2
101943,1388,0,completed,1,1
101943,1389,1,completed,1,1
101943,7,2,completed,0,1
101943,1390,3,completed,1,1
101943,1395,4,completed,1,1
102963,764,5,completed,0,2
102963,564,6,completed,0,2
102963,1438,7,completed,0,2
103943,983,0,completed,0,1
103943,1092,1,completed,1,1
103943,1578,2,completed,0,1
103943,50,3,completed,0,1
103943,70,4,completed,0,1
103952,1395,5,completed,1,2
103952,396,6,completed,0,2
100964,1258,9,completed,0,2
102963,52,8,completed,0,2
102963,300,9,completed,0,2
103952,1391,7,completed,1,2
103952,1403,8,completed,1,2
103952,1396,9,completed,1,2
100958,1314,0,completed,1,1
100958,1315,1,completed,1,1
100958,1589,2,completed,0,1
100958,1316,3,completed,1,1
100958,63,4,completed,0,1
100967,24,5,completed,0,2
100967,3,6,completed,0,2
100967,1199,7,completed,0,2
100967,864,8,completed,0,2
100967,1391,9,completed,0,2
103955,223,5,completed,0,2
103955,1289,6,completed,1,2
100971,1590,5,completed,0,2
100971,1245,6,completed,0,2
100971,564,7,completed,0,2
100971,557,8,completed,0,2
103948,1316,0,completed,1,1
103948,551,1,completed,0,1
103948,287,2,completed,0,1
103948,1470,3,completed,0,1
103948,20,4,completed,0,1
103955,1282,7,completed,1,2
103955,1290,8,completed,1,2
103955,300,9,completed,0,2
100971,664,9,completed,0,2
102969,1321,5,completed,1,2
102969,287,6,completed,0,2
102969,1322,7,completed,1,2
100963,1328,0,completed,1,1
100963,557,1,completed,0,1
100963,263,2,completed,0,1
100963,57,3,completed,0,1
100963,1323,4,completed,1,1
102969,1330,8,completed,1,2
102969,182,9,completed,0,2
103952,1388,0,completed,1,1
103952,284,1,completed,0,1
103952,1389,2,completed,1,1
103952,1390,3,completed,1,1
103952,1328,4,completed,0,1
100964,1274,0,completed,1,1
100964,1275,1,completed,1,1
100964,705,2,completed,0,1
100964,1281,3,completed,1,1
100964,1698,4,completed,0,1
101963,1323,5,completed,1,2
101963,716,6,completed,0,2
102963,1090,0,completed,1,1
102963,1455,1,completed,0,1
102963,1091,2,completed,1,1
102963,1709,3,completed,0,1
102963,254,4,completed,0,1
100967,1707,0,completed,0,1
100967,1090,1,completed,1,1
100967,49,2,completed,0,1
100967,1091,3,completed,1,1
100967,763,4,completed,0,1
101963,1495,7,completed,0,2
101963,1332,8,completed,1,2
101963,1325,9,completed,1,2
103955,1274,0,completed,1,1
103955,1092,1,completed,0,1
103955,1275,2,completed,1,1
103955,1708,3,completed,0,1
103955,1281,4,completed,1,1
100971,1090,0,completed,1,1
100971,1091,1,completed,1,1
100971,1425,2,completed,0,1
100971,298,3,completed,0,1
100971,768,4,completed,0,1
103975,1391,5,completed,1,2
103975,20,6,completed,0,2
100981,1391,5,completed,1,2
100981,1403,6,completed,1,2
100981,1392,7,completed,1,2
100981,72,8,completed,0,2
101963,1316,0,completed,1,1
101963,273,1,completed,0,1
101963,663,2,completed,0,1
101963,1329,3,completed,1,1
101963,1580,4,completed,0,1
102969,1274,0,completed,0,1
102969,1315,1,completed,1,1
102969,50,2,completed,0,1
102969,1316,3,completed,1,1
102969,1328,4,completed,1,1
103975,1403,7,completed,1,2
103975,1396,8,completed,1,2
103975,1392,9,completed,1,2
100981,1404,9,completed,1,2
101974,1207,5,completed,1,2
101974,1250,6,completed,1,2
103980,249,5,completed,0,2
103980,1323,6,completed,0,2
101974,1246,7,completed,1,2
101974,1676,8,completed,0,2
101974,994,9,completed,0,2
103980,1247,7,completed,1,2
103980,1197,8,completed,1,2
103980,1259,9,completed,1,2
102985,1395,5,completed,1,2
102985,1594,6,completed,0,2
102985,1391,7,completed,1,2
102985,1396,8,completed,1,2
102985,1392,9,completed,1,2
103975,284,0,completed,0,1
103975,1389,1,completed,1,1
103975,1390,2,completed,1,1
103975,1402,3,completed,1,1
103975,1395,4,completed,1,1
100981,1389,0,completed,1,1
100981,1390,1,completed,1,1
100981,1053,2,completed,0,1
100981,1402,3,completed,1,1
100981,29,4,completed,0,1
101974,167,0,completed,0,1
101974,1672,1,completed,0,1
101974,1094,2,completed,1,1
101974,1245,3,completed,1,1
101974,664,4,completed,0,1
103980,1691,0,completed,0,1
103980,1242,1,completed,1,1
103980,1256,2,completed,1,1
103980,706,3,completed,0,1
103980,1700,4,completed,0,1
103989,1427,5,completed,0,2
103989,1196,6,completed,0,2
100995,1277,5,completed,1,2
100995,557,6,completed,0,2
100995,1282,7,completed,1,2
100995,1290,8,completed,1,2
103989,658,7,completed,0,2
103989,10,8,completed,0,2
103989,1324,9,completed,1,2
103990,1395,5,completed,1,2
103990,1391,6,completed,1,2
100995,1283,9,completed,1,2
103000,1289,7,completed,1,2
103000,76,8,completed,0,2
103990,169,7,completed,0,2
103990,1403,8,completed,1,2
103990,1396,9,completed,1,2
102003,1321,5,completed,1,2
102003,1329,6,completed,1,2
102003,1319,7,completed,1,2
102994,299,5,completed,0,2
102994,1715,6,completed,0,2
102994,72,7,completed,0,2
102994,1208,8,completed,1,2
102994,27,9,completed,0,2
102985,389,0,completed,0,1
102985,1388,1,completed,1,1
102985,1389,2,completed,1,1
102985,1248,3,completed,0,1
102985,1390,4,completed,1,1
102000,1245,5,completed,1,2
103000,1281,5,completed,1,2
102000,1200,6,completed,1,2
102000,1096,7,completed,1,2
102000,219,8,completed,0,2
102000,1102,9,completed,1,2
102003,1320,8,completed,1,2
103989,1315,0,completed,1,1
103989,1390,1,completed,0,1
103989,1328,2,completed,1,1
103989,1329,3,completed,1,1
103000,1277,6,completed,1,2
101994,1249,5,completed,1,2
101994,1095,6,completed,1,2
102003,270,9,completed,0,2
103989,1322,4,completed,1,1
103990,1389,0,completed,1,1
103990,985,1,completed,0,1
103990,1390,2,completed,1,1
103990,1328,3,completed,0,1
101994,38,7,completed,0,2
101994,84,8,completed,0,2
101994,1592,9,completed,0,2
101999,1406,5,completed,0,2
101999,1104,6,completed,1,2
103990,1402,4,completed,1,1
103000,26,10,completed,0,3
103000,1290,11,completed,1,3
103000,1283,12,completed,1,3
101999,1261,7,completed,1,2
101999,1112,8,completed,1,2
101999,1262,9,completed,1,2
103000,1282,9,completed,1,2
106001,1251,10,pending,0,3
106001,1592,11,pending,0,3
103000,1062,16,completed,0,4
103000,1293,17,completed,1,4
102994,1242,0,completed,1,1
102994,1192,1,completed,1,1
102994,1206,2,completed,1,1
102994,1245,3,completed,1,1
102994,1107,4,completed,1,1
100981,1413,25,completed,1,6
100981,924,26,completed,0,6
100981,1414,27,completed,1,6
100971,1548,35,completed,0,8
100971,542,36,completed,0,8
100971,461,37,completed,0,8
100971,146,38,completed,0,8
100971,1174,39,completed,0,8
100981,1415,28,completed,1,6
100981,1417,29,completed,1,6
101994,1192,0,completed,1,1
101994,862,1,completed,0,1
101994,1243,2,completed,1,1
101994,1094,3,completed,1,1
102000,59,10,completed,0,3
102000,1613,15,completed,0,4
102000,1270,16,completed,1,4
101994,1194,4,completed,1,1
106006,564,6,completed,0,2
100995,302,15,completed,0,4
100995,1293,16,completed,1,4
100995,568,17,completed,0,4
101003,1600,15,completed,0,4
101003,1327,16,completed,1,4
101003,1335,17,completed,1,4
102000,1103,11,completed,1,3
102000,1204,12,completed,1,3
102000,1262,13,completed,1,3
102000,44,14,completed,0,3
102000,1122,17,completed,1,4
102000,1272,18,completed,1,4
102000,1228,19,completed,1,4
101999,1193,0,completed,1,1
101999,551,1,completed,0,1
101999,173,2,completed,0,1
101999,1197,3,completed,1,1
100995,1070,18,completed,0,4
100995,1286,19,completed,1,4
101003,1336,18,completed,1,4
101003,671,19,completed,0,4
102003,408,10,completed,0,3
102003,1345,15,completed,1,4
102003,1346,16,completed,1,4
101999,1102,4,completed,1,1
102003,1336,11,completed,1,3
102003,1339,12,completed,1,3
102003,1414,13,completed,0,3
102003,498,14,completed,0,3
102003,101,17,completed,0,4
102003,1349,18,completed,1,4
102003,797,19,completed,0,4
106001,1393,12,pending,1,3
106001,1398,13,pending,1,3
106001,1394,14,pending,1,3
106001,1406,15,pending,1,4
101003,1323,10,completed,1,3
101003,1324,11,completed,1,3
106001,1399,16,pending,1,4
106001,1400,17,pending,1,4
106001,1112,18,pending,0,4
106001,1408,19,pending,1,4
101003,1320,12,completed,1,3
101003,780,13,completed,0,3
101003,1326,14,completed,1,3
106001,1401,20,pending,1,5
106006,1282,7,completed,1,2
106008,1329,7,completed,0,2
102012,1482,10,completed,0,3
102012,1285,15,completed,1,4
102012,1296,16,completed,1,4
102012,1592,11,completed,0,3
102012,1284,12,completed,1,3
102012,1292,13,completed,1,3
102012,16,14,completed,0,3
102013,1205,10,completed,1,3
102012,1297,17,completed,1,4
102012,1299,18,completed,1,4
102012,575,19,completed,0,4
102013,1118,15,completed,1,4
102013,316,16,completed,0,4
101019,1474,15,completed,0,4
101019,185,16,completed,0,4
101019,1333,17,completed,1,4
102013,1263,11,completed,1,3
102013,1213,12,completed,1,3
102013,783,13,completed,0,3
102013,1267,14,completed,1,3
102013,1125,17,completed,1,4
102013,1126,18,completed,1,4
102013,685,19,completed,0,4
106001,1409,21,pending,1,5
106001,1410,22,pending,1,5
106001,1411,23,pending,1,5
106001,1412,24,pending,1,5
101019,1407,18,completed,0,4
101019,1327,19,completed,1,4
106001,94,25,pending,0,6
100016,560,10,completed,0,3
100016,17,11,completed,0,3
100016,1334,12,completed,0,3
100016,569,13,completed,0,3
102018,1393,10,completed,1,3
102018,1407,15,completed,1,4
102018,1400,16,completed,1,4
100016,1475,14,completed,0,3
101019,10,10,completed,0,3
101019,207,11,completed,0,3
101024,1336,15,completed,1,4
101024,1339,16,completed,1,4
101024,1341,17,completed,1,4
102018,1398,11,completed,1,3
102018,1394,12,completed,1,3
102018,1406,13,completed,1,3
102018,1399,14,completed,1,3
102018,911,17,completed,0,4
102018,1408,18,completed,1,4
102018,1409,19,completed,1,4
104449,776,5,completed,0,2
104449,1289,6,completed,1,2
104449,1282,7,completed,1,2
104449,30,8,completed,0,2
104449,1290,9,completed,1,2
104498,1322,5,completed,1,2
101019,1320,12,completed,1,3
101019,1332,13,completed,1,3
101019,1325,14,completed,1,3
101024,1343,18,completed,1,4
101024,1344,19,completed,1,4
100016,996,15,completed,0,4
100016,1064,16,completed,0,4
100016,1205,17,completed,0,4
101026,1393,15,completed,1,4
101026,1405,16,completed,1,4
101026,1465,17,completed,0,4
100016,1213,18,completed,0,4
100016,282,19,completed,0,4
101024,1324,10,completed,1,3
101024,659,11,completed,0,3
101026,1398,18,completed,1,4
101026,1406,19,completed,1,4
104498,1320,8,completed,1,2
104498,1334,9,completed,1,2
101024,11,12,completed,0,3
101024,911,13,completed,0,3
101024,491,14,completed,0,3
101026,1403,10,completed,1,3
101026,1396,11,completed,1,3
106001,1414,26,pending,1,6
106001,1416,27,pending,1,6
106001,1418,28,pending,1,6
106001,1420,29,pending,1,6
101026,1392,12,completed,1,3
101026,765,13,completed,0,3
101026,1404,14,completed,1,3
106001,1422,30,pending,1,7
104671,1470,6,completed,0,2
104671,1329,7,completed,1,2
102031,1246,10,completed,0,3
102031,1061,15,completed,0,4
102031,1069,16,completed,0,4
106001,735,31,pending,0,7
102031,84,11,completed,0,3
102031,77,12,completed,0,3
102031,10,13,completed,0,3
102031,1331,14,completed,0,3
102031,1104,17,completed,0,4
102031,1204,18,completed,0,4
102031,1498,19,completed,0,4
101035,208,15,completed,0,4
101035,1210,16,completed,0,4
101035,278,17,completed,0,4
100033,18,10,completed,0,3
100033,1263,11,completed,1,3
100033,1115,12,completed,1,3
100033,1337,13,completed,0,3
101035,1401,18,completed,0,4
101035,81,19,completed,0,4
101036,1002,15,completed,0,4
101036,1435,16,completed,0,4
101036,1334,17,completed,0,4
104671,1323,9,completed,1,2
104740,1277,6,completed,1,2
104740,1289,7,completed,1,2
104740,387,8,completed,0,2
104740,1282,9,completed,1,2
106025,1201,5,completed,1,2
100033,1076,14,completed,0,3
101036,874,18,completed,0,4
101036,784,19,completed,0,4
101035,1067,10,completed,0,3
101035,1712,11,completed,0,3
100033,1118,15,completed,1,4
100033,1268,16,completed,1,4
100033,1119,17,completed,1,4
101035,53,12,completed,0,3
101035,866,13,completed,0,3
101035,1284,14,completed,0,3
101036,1464,10,completed,0,3
101036,1056,11,completed,0,3
106001,105,32,pending,0,7
106001,1355,33,pending,0,7
106001,1239,34,pending,0,7
106001,122,35,pending,0,8
100033,1269,18,completed,1,4
100033,1220,19,completed,1,4
101036,1483,12,completed,0,3
101036,185,13,completed,0,3
101036,780,14,completed,0,3
106001,455,36,pending,0,8
106001,1545,37,pending,0,8
106001,1665,38,pending,0,8
106001,382,39,pending,0,8
100043,1593,10,completed,0,3
100043,994,11,completed,0,3
100043,1467,12,completed,0,3
100043,1608,13,completed,0,3
106025,1097,6,completed,1,2
100043,1337,14,completed,0,3
104915,1329,6,completed,1,2
104915,1492,7,completed,0,2
104915,1322,8,completed,1,2
104915,553,9,completed,0,2
106025,32,7,completed,0,2
106025,1102,8,completed,1,2
106025,659,9,completed,0,2
100043,1411,15,completed,0,4
100043,1077,16,completed,0,4
100043,498,17,completed,0,4
100043,1270,18,completed,0,4
100043,313,19,completed,0,4
100048,1291,10,completed,1,3
100048,1284,11,completed,1,3
100048,1292,12,completed,1,3
100048,1285,13,completed,1,3
100048,1682,14,completed,0,3
101055,87,15,completed,0,4
101055,1293,16,completed,1,4
101055,1294,17,completed,1,4
100048,1286,15,completed,1,4
100048,1294,16,completed,1,4
100048,1287,17,completed,1,4
101055,1003,18,completed,0,4
101055,1287,19,completed,1,4
101056,1443,15,completed,0,4
101056,1335,16,completed,1,4
101056,783,17,completed,0,4
100048,669,18,completed,0,4
100048,1295,19,completed,1,4
101056,1337,18,completed,1,4
101056,1502,19,completed,0,4
101055,39,10,completed,0,3
101055,1291,11,completed,1,3
101058,1399,15,completed,1,4
101058,1407,16,completed,1,4
101058,1400,17,completed,1,4
101055,1280,12,completed,1,3
101055,302,13,completed,0,3
101055,1285,14,completed,1,3
101056,1324,10,completed,1,3
101056,1320,11,completed,1,3
101058,1211,18,completed,0,4
101058,1408,19,completed,1,4
101056,1332,12,completed,1,3
101056,1333,13,completed,1,3
101056,1326,14,completed,1,3
101058,1398,10,completed,1,3
101058,1394,11,completed,1,3
101058,1713,12,completed,0,3
101058,1483,13,completed,0,3
101058,1406,14,completed,1,3
100062,1443,10,completed,0,3
100062,1401,11,completed,0,3
100062,61,12,completed,0,3
100062,1212,13,completed,0,3
100062,662,14,completed,0,3
100063,1284,10,completed,1,3
100063,1280,11,completed,1,3
100063,1292,12,completed,1,3
100063,1285,13,completed,1,3
100063,1286,14,completed,1,3
103503,1294,15,completed,1,4
103503,1287,16,completed,1,4
103503,1401,17,completed,0,4
103503,1436,18,completed,0,4
103503,1295,19,completed,1,4
106038,1404,9,completed,1,2
100062,412,15,completed,0,4
100062,1075,16,completed,0,4
100062,496,17,completed,0,4
100062,1301,18,completed,0,4
100062,729,19,completed,0,4
100063,1294,15,completed,1,4
100063,1287,16,completed,1,4
100063,1401,17,completed,0,4
100063,1295,18,completed,1,4
100063,1296,19,completed,1,4
102068,1291,10,completed,1,3
102068,1286,15,completed,1,4
102068,1599,16,completed,0,4
102068,1280,11,completed,1,3
102068,1292,12,completed,1,3
102068,1285,13,completed,1,3
102068,1293,14,completed,1,3
102070,1326,10,completed,1,3
102068,1294,17,completed,1,4
102068,1287,18,completed,1,4
102068,1295,19,completed,1,4
102070,1221,15,completed,0,4
102070,1305,16,completed,0,4
102070,1334,11,completed,1,3
102070,1720,12,completed,0,3
102070,1327,13,completed,1,3
102070,1341,14,completed,1,3
102070,103,17,completed,0,4
102070,1351,18,completed,1,4
102070,1352,19,completed,1,4
105011,1194,5,completed,0,2
101077,1254,15,completed,1,4
101077,1112,16,completed,1,4
101077,1255,17,completed,1,4
106047,1290,8,completed,1,2
106047,1279,9,completed,1,2
105011,1216,20,pending,0,5
105011,93,21,pending,0,5
105011,1077,22,pending,0,5
105011,1346,23,pending,0,5
101077,1113,18,completed,1,4
101077,1120,19,completed,1,4
105011,1513,24,pending,0,5
105011,1231,25,pending,0,6
105011,690,26,pending,0,6
105011,1631,27,pending,0,6
105011,515,28,pending,0,6
105011,516,29,pending,0,6
105011,1632,30,pending,0,7
105011,749,31,pending,0,7
105011,340,32,pending,0,7
105011,1537,33,pending,0,7
101077,1246,10,completed,1,3
101077,1251,11,completed,1,3
101083,1453,15,completed,0,4
101083,791,16,completed,0,4
101083,1509,17,completed,0,4
105011,964,34,pending,0,7
105011,1383,35,pending,0,8
105011,833,36,pending,0,8
105011,1168,37,pending,0,8
105011,1555,38,pending,0,8
105011,631,39,pending,0,8
101077,1097,12,completed,1,3
101077,1717,13,completed,0,3
101077,560,14,completed,0,3
101083,1225,18,completed,0,4
101083,1309,19,completed,0,4
101083,912,10,completed,0,3
101083,1410,11,completed,0,3
101083,1447,12,completed,0,3
101083,676,13,completed,0,3
101083,1417,14,completed,0,3
103812,1222,15,completed,1,4
103812,421,16,completed,0,4
103812,1224,17,completed,1,4
103812,1421,18,completed,0,4
103812,1130,19,completed,1,4
103856,1341,15,completed,1,4
103856,419,16,completed,0,4
103856,1344,17,completed,1,4
101089,1324,15,completed,1,4
101089,11,16,completed,0,4
101089,667,17,completed,0,4
101089,1333,18,completed,1,4
101089,1326,19,completed,1,4
103856,1349,18,completed,1,4
103856,1023,19,completed,0,4
103929,569,15,completed,0,4
103929,1267,16,completed,1,4
100093,1331,10,completed,1,3
100093,1324,11,completed,1,3
100093,1320,12,completed,1,3
100093,1332,13,completed,1,3
101089,1318,10,completed,1,3
101089,1330,11,completed,1,3
100093,1001,14,completed,0,3
101089,1060,12,completed,0,3
101089,1331,13,completed,1,3
101089,1681,14,completed,0,3
103929,1220,19,completed,1,4
100096,256,10,completed,0,3
100096,1279,11,completed,1,3
100096,1285,12,completed,1,3
100096,33,13,completed,0,3
100093,1334,15,completed,1,4
100093,1335,16,completed,1,4
100093,1410,17,completed,0,4
102098,1405,10,completed,1,3
102098,1407,15,completed,1,4
102098,271,16,completed,0,4
100096,80,14,completed,0,3
100093,1005,18,completed,0,4
100093,1337,19,completed,1,4
102098,1398,11,completed,1,3
102098,1394,12,completed,1,3
102098,1406,13,completed,1,3
102098,1399,14,completed,1,3
102098,1408,17,completed,1,4
102098,35,18,completed,0,4
102098,1401,19,completed,1,4
100101,1404,10,completed,1,3
100101,1393,11,completed,1,3
100101,1405,12,completed,1,3
100101,399,13,completed,0,3
106063,1289,9,completed,1,2
106065,553,7,completed,0,2
106065,182,8,completed,0,2
100101,1280,14,completed,0,3
100096,1286,15,completed,1,4
100096,1294,16,completed,1,4
100096,1287,17,completed,1,4
100096,1295,18,completed,1,4
100096,1296,19,completed,1,4
100105,406,10,completed,0,3
100105,1202,11,completed,1,3
100105,1286,12,completed,0,3
100105,1262,13,completed,1,3
100101,1488,15,completed,0,4
100101,402,16,completed,0,4
100101,1401,17,completed,1,4
102273,350,28,completed,0,6
102273,351,29,completed,0,6
100105,410,14,completed,0,3
100101,1409,18,completed,1,4
100101,1410,19,completed,1,4
102109,1043,10,completed,0,3
102109,1285,15,completed,1,4
102109,1294,16,completed,1,4
102109,1279,11,completed,1,3
102109,1284,12,completed,1,3
102109,1593,13,completed,0,3
102109,1718,14,completed,0,3
102109,1287,17,completed,1,4
102109,1295,18,completed,1,4
102109,1296,19,completed,1,4
100105,1263,15,completed,1,4
100105,1214,16,completed,1,4
100105,1120,17,completed,1,4
105014,1277,5,completed,1,2
100105,1123,18,completed,1,4
100105,1225,19,completed,1,4
102369,317,28,completed,0,6
102369,1510,29,completed,0,6
102390,1417,28,completed,1,6
102390,1418,29,completed,1,6
102505,1241,28,completed,1,6
102505,1364,29,completed,0,6
105014,1263,20,pending,0,5
105014,1296,21,pending,1,5
105014,1297,22,pending,1,5
105014,1299,23,pending,1,5
105014,1301,24,pending,1,5
105014,1302,25,pending,1,6
105014,1304,26,pending,1,6
105014,1306,27,pending,1,6
105014,1310,28,pending,1,6
105014,1311,29,pending,1,6
105014,1515,30,pending,0,7
105014,1312,31,pending,1,7
105014,598,32,pending,0,7
105014,1530,33,pending,0,7
105014,525,34,pending,0,7
105014,818,35,pending,0,8
105014,342,36,pending,0,8
105014,1383,37,pending,0,8
105014,1558,38,pending,0,8
105014,1183,39,pending,0,8
100117,1326,10,completed,1,3
100117,1334,11,completed,1,3
100117,1327,12,completed,1,3
100117,1287,13,completed,0,3
100117,662,14,completed,0,3
100118,1398,10,completed,1,3
100118,1394,11,completed,1,3
100118,1406,12,completed,1,3
100118,1399,13,completed,1,3
102120,1258,10,completed,1,3
102120,1269,15,completed,1,4
102120,1120,16,completed,1,4
100118,1400,14,completed,1,3
102755,1304,28,completed,1,6
102755,1305,29,completed,1,6
102901,1304,28,completed,1,6
102901,1305,29,completed,1,6
100995,1274,0,completed,1,1
100995,1275,1,completed,1,1
100995,273,2,completed,0,1
100995,1281,3,completed,1,1
100995,663,4,completed,0,1
102120,1247,11,completed,1,3
102120,32,12,completed,0,3
102120,1103,13,completed,1,3
102120,1215,14,completed,1,3
102120,1221,17,completed,1,4
102120,1223,18,completed,1,4
102120,1510,19,completed,0,4
100117,1335,15,completed,1,4
100117,1339,16,completed,1,4
100117,676,17,completed,0,4
100117,1345,18,completed,1,4
100117,1346,19,completed,1,4
100118,718,15,completed,0,4
100118,1408,16,completed,1,4
100118,1401,17,completed,1,4
102126,1280,10,completed,1,3
102969,421,28,completed,0,6
102969,1307,29,completed,0,6
102126,718,15,completed,0,4
102126,570,16,completed,0,4
100118,1476,18,completed,0,4
100118,1410,19,completed,1,4
102126,40,11,completed,0,3
102126,1292,12,completed,1,3
102126,1285,13,completed,1,3
102126,1286,14,completed,1,3
102126,1295,17,completed,1,4
102126,282,18,completed,0,4
102126,1297,19,completed,1,4
102130,482,10,completed,0,3
102130,1400,15,completed,1,4
102130,1408,16,completed,1,4
106006,1277,5,completed,1,2
101003,1382,35,completed,1,8
101003,370,36,completed,0,8
101003,1565,37,completed,0,8
101003,641,38,completed,0,8
101003,1185,39,completed,0,8
102130,1399,11,completed,1,3
102130,213,12,completed,0,3
102130,1407,13,completed,1,3
102130,1474,14,completed,0,3
102130,1401,17,completed,1,4
102130,1410,18,completed,1,4
102130,1411,19,completed,1,4
106006,1283,10,pending,1,3
106006,770,11,pending,0,3
106006,1279,12,pending,1,3
106006,206,8,completed,0,2
106006,1290,9,completed,1,2
102137,1398,10,completed,1,3
102137,1400,15,completed,1,4
102137,1408,16,completed,1,4
102137,1394,11,completed,1,3
102137,302,12,completed,0,3
102137,1399,13,completed,1,3
102137,1407,14,completed,1,3
102138,1254,10,completed,1,3
102137,1490,17,completed,0,4
102137,1401,18,completed,1,4
102137,1409,19,completed,1,4
102138,1216,15,completed,1,4
102138,1413,16,completed,0,4
102138,1262,11,completed,1,3
102138,1205,12,completed,1,3
102138,1213,13,completed,1,3
102138,1214,14,completed,1,3
102139,1204,10,completed,0,3
102138,577,17,completed,0,4
102138,1122,18,completed,1,4
102138,1222,19,completed,1,4
102139,671,15,completed,0,4
102139,572,16,completed,0,4
102139,186,11,completed,0,3
102139,562,12,completed,0,3
102139,492,13,completed,0,3
102139,883,14,completed,0,3
102141,1398,10,completed,1,3
102139,1215,17,completed,0,4
102139,725,18,completed,0,4
102139,95,19,completed,0,4
102141,1400,15,completed,1,4
102141,1408,16,completed,1,4
106006,1284,13,pending,1,3
106006,1280,14,pending,1,3
106006,277,15,pending,0,4
102141,265,11,completed,0,3
102141,1406,12,completed,1,3
102141,1399,13,completed,1,3
102141,1407,14,completed,1,3
102141,1720,17,completed,0,4
102141,1401,18,completed,1,4
102141,1409,19,completed,1,4
106006,660,16,pending,0,4
106006,1286,17,pending,1,4
101019,1373,35,completed,1,8
101019,1374,36,completed,1,8
101019,1376,37,completed,1,8
101019,1377,38,completed,1,8
101019,453,39,completed,0,8
106099,1403,6,completed,1,2
101024,1383,35,completed,1,8
101024,1386,36,completed,1,8
101024,1561,37,completed,0,8
101024,1569,38,completed,0,8
101024,164,39,completed,0,8
106006,1294,18,pending,1,4
101147,1327,15,completed,1,4
101147,922,16,completed,0,4
101147,1346,17,completed,1,4
106006,1287,19,pending,1,4
106006,1295,20,pending,1,5
106006,1608,21,pending,0,5
106006,670,22,pending,0,5
100151,718,10,completed,0,3
100151,1211,11,completed,1,3
100151,1254,12,completed,1,3
100151,1212,13,completed,1,3
101147,1083,18,completed,0,4
101147,1347,19,completed,1,4
101148,1341,15,completed,1,4
101148,1344,16,completed,1,4
101148,1304,17,completed,0,4
100151,1205,14,completed,1,3
101026,441,35,completed,0,8
101026,129,36,completed,0,8
101026,617,37,completed,0,8
101026,376,38,completed,0,8
101026,1574,39,completed,0,8
101148,1347,18,completed,1,4
101148,1422,19,completed,0,4
101150,1407,15,completed,1,4
101150,1400,16,completed,1,4
101150,1408,17,completed,1,4
101147,1325,10,completed,1,3
101147,1333,11,completed,1,3
101150,1401,18,completed,1,4
101150,305,19,completed,0,4
100151,1113,15,completed,1,4
100151,1263,16,completed,1,4
100151,786,17,completed,0,4
101147,1400,12,completed,0,3
101147,1475,13,completed,0,3
101147,1334,14,completed,1,3
101148,1287,10,completed,0,3
101148,1335,11,completed,1,3
100151,1118,18,completed,1,4
100151,1270,19,completed,1,4
101148,1336,12,completed,1,3
101148,1337,13,completed,1,3
101148,1339,14,completed,1,3
101150,1405,10,completed,1,3
101150,1394,11,completed,1,3
101150,1483,12,completed,0,3
101150,1406,13,completed,1,3
101150,1103,14,completed,0,3
102164,1213,10,completed,1,3
102164,1225,15,completed,1,4
102164,1226,16,completed,1,4
101158,307,15,completed,0,4
101158,676,16,completed,0,4
101158,1453,17,completed,0,4
102164,1337,11,completed,0,3
102164,1219,12,completed,1,3
102164,1123,13,completed,1,3
102164,1224,14,completed,1,3
102164,1129,17,completed,1,4
102164,1135,18,completed,1,4
102164,1236,19,completed,1,4
106006,1296,23,pending,1,5
106006,1074,24,pending,0,5
101158,200,18,completed,0,4
101158,1126,19,completed,0,4
106006,1297,25,pending,1,6
106006,1299,26,pending,1,6
106006,1302,27,pending,1,6
101035,154,35,completed,0,8
101035,637,36,completed,0,8
101035,372,37,completed,0,8
101035,638,38,completed,0,8
101035,1572,39,completed,0,8
101036,962,35,completed,0,8
101036,967,36,completed,0,8
101036,1658,37,completed,0,8
101036,982,38,completed,0,8
101036,1189,39,completed,0,8
106006,1304,28,pending,1,6
106006,793,29,pending,0,6
106006,1307,30,pending,1,7
106006,1309,31,pending,1,7
106006,734,32,pending,0,7
100166,1283,10,completed,1,3
100166,1043,11,completed,0,3
100166,1279,12,completed,1,3
100166,1291,13,completed,1,3
100166,1284,14,completed,1,3
100167,1332,10,completed,0,3
100167,1285,11,completed,1,3
100167,1293,12,completed,1,3
100167,67,13,completed,0,3
101158,28,10,completed,0,3
101158,208,11,completed,0,3
101164,1261,15,completed,1,4
101164,1211,16,completed,1,4
101164,88,17,completed,0,4
100167,1294,14,completed,1,3
101158,718,12,completed,0,3
101158,996,13,completed,0,3
101158,1262,14,completed,0,3
101164,1112,18,completed,1,4
101164,996,19,completed,0,4
101165,1399,15,completed,1,4
101165,1407,16,completed,1,4
101165,1400,17,completed,1,4
100166,1280,15,completed,1,4
100166,1292,16,completed,1,4
100166,1285,17,completed,1,4
101165,272,18,completed,0,4
101165,1401,19,completed,1,4
100166,710,18,completed,0,4
100166,1286,19,completed,1,4
100167,1287,15,completed,1,4
100167,562,16,completed,0,4
100167,1335,17,completed,0,4
101164,1098,10,completed,1,3
101164,1325,11,completed,0,3
100167,784,18,completed,0,4
100167,1297,19,completed,1,4
101164,1210,12,completed,1,3
101164,1606,13,completed,0,3
101164,67,14,completed,0,3
101165,1039,10,completed,0,3
101165,1405,11,completed,1,3
101165,1398,12,completed,1,3
101165,1394,13,completed,1,3
101165,1406,14,completed,1,3
106006,1310,33,pending,1,7
106006,1311,34,pending,1,7
106006,799,35,pending,0,8
106006,1313,36,pending,1,8
106006,327,37,pending,0,8
101055,441,35,completed,0,8
101055,1641,36,completed,0,8
101055,1150,37,completed,0,8
101055,611,38,completed,0,8
101055,851,39,completed,0,8
101056,816,35,completed,0,8
101056,1153,36,completed,0,8
101056,1376,37,completed,1,8
101056,1379,38,completed,1,8
101056,1381,39,completed,1,8
102185,1404,10,completed,1,3
102185,1292,15,completed,0,4
102185,1406,16,completed,1,4
102185,565,11,completed,0,3
102185,1393,12,completed,1,3
102185,1398,13,completed,1,3
102185,1394,14,completed,1,3
102185,1399,17,completed,1,4
102185,717,18,completed,0,4
102185,1407,19,completed,1,4
101058,462,37,completed,0,8
101058,976,38,completed,0,8
101058,1560,39,completed,0,8
101187,395,15,completed,0,4
101187,1320,16,completed,0,4
101187,1702,17,completed,0,4
106006,947,38,pending,0,8
106006,1180,39,pending,0,8
101187,1703,18,completed,0,4
101187,1255,19,completed,0,4
101188,662,15,completed,0,4
101188,312,16,completed,0,4
101188,1221,17,completed,0,4
101188,1346,18,completed,0,4
101188,1420,19,completed,0,4
101187,1585,10,completed,0,3
101187,288,11,completed,0,3
100192,1279,10,completed,0,3
100192,1331,11,completed,1,3
100192,1717,12,completed,0,3
100192,1320,13,completed,1,3
101187,708,12,completed,0,3
101187,10,13,completed,0,3
101187,1394,14,completed,0,3
101188,766,10,completed,0,3
101188,276,11,completed,0,3
100192,1333,14,completed,1,3
101188,270,12,completed,0,3
101188,33,13,completed,0,3
101188,774,14,completed,0,3
100196,1393,10,completed,1,3
100196,916,11,completed,0,3
100196,1405,12,completed,1,3
100196,1398,13,completed,1,3
100196,269,14,completed,0,3
100197,1291,10,completed,1,3
100197,1280,11,completed,1,3
100197,1332,12,completed,0,3
100197,1285,13,completed,1,3
100192,1335,15,completed,1,4
100192,1336,16,completed,1,4
100192,1339,17,completed,1,4
100197,660,14,completed,0,3
100192,1343,18,completed,1,4
100192,1617,19,completed,0,4
106008,1594,5,completed,0,2
100196,1394,15,completed,1,4
100196,1406,16,completed,1,4
100196,1400,17,completed,1,4
101200,28,15,completed,0,4
101200,17,16,completed,0,4
101200,1261,17,completed,0,4
106008,1590,6,completed,0,2
106008,84,10,pending,0,3
106008,39,11,pending,0,3
106008,301,12,pending,0,3
100196,1261,18,completed,0,4
100196,1408,19,completed,1,4
100197,1293,15,completed,1,4
100197,1287,16,completed,1,4
100197,1295,17,completed,1,4
101200,1409,18,completed,0,4
101200,305,19,completed,0,4
102213,1324,10,completed,1,3
102213,1335,15,completed,1,4
102213,1499,16,completed,0,4
100197,1263,18,completed,0,4
100197,1296,19,completed,1,4
102213,11,11,completed,0,3
102213,1325,12,completed,1,3
102213,304,13,completed,0,3
102213,1334,14,completed,1,3
102213,884,17,completed,0,4
102213,722,18,completed,0,4
102213,1339,19,completed,1,4
101200,1493,10,completed,0,3
101200,1581,11,completed,0,3
101077,1180,35,completed,1,8
101077,1182,36,completed,1,8
101077,1183,37,completed,1,8
101077,1569,38,completed,0,8
101077,1187,39,completed,1,8
106008,228,8,completed,0,2
106008,1679,9,completed,0,2
106148,63,6,completed,0,2
101200,73,12,completed,0,3
101200,1097,13,completed,0,3
101200,1592,14,completed,0,3
100210,669,10,completed,0,3
100210,1205,11,completed,1,3
100210,1113,12,completed,1,3
100210,1263,13,completed,1,3
100210,1612,14,completed,0,3
101083,1164,35,completed,0,8
101083,1177,36,completed,0,8
101083,1569,37,completed,0,8
101083,1573,38,completed,0,8
101083,858,39,completed,0,8
106008,1717,13,pending,0,3
106008,58,14,pending,0,3
106008,1098,15,pending,0,4
106008,407,16,pending,0,4
106008,560,17,pending,0,4
100210,1117,15,completed,1,4
100210,1119,16,completed,1,4
100210,1269,17,completed,1,4
100210,1417,18,completed,0,4
100210,1272,19,completed,1,4
102225,778,10,completed,0,3
102225,1112,15,completed,1,4
102225,1262,16,completed,1,4
106148,1602,7,completed,0,2
101211,312,15,completed,0,4
101211,791,16,completed,0,4
101211,1272,17,completed,0,4
102225,1465,11,completed,0,3
102225,1260,12,completed,1,3
102225,1253,13,completed,1,3
102225,1211,14,completed,1,3
102225,920,17,completed,0,4
102225,1122,18,completed,1,4
102225,99,19,completed,0,4
106148,1282,8,completed,1,2
106148,1290,9,completed,1,2
101211,1016,18,completed,0,4
101211,1230,19,completed,0,4
102230,1279,10,completed,1,3
102230,1399,15,completed,0,4
102230,667,16,completed,0,4
102230,1284,11,completed,1,3
102230,909,12,completed,0,3
102230,1280,13,completed,1,3
102230,1292,14,completed,1,3
102230,408,17,completed,0,4
102230,1293,18,completed,1,4
102230,1286,19,completed,1,4
101211,1063,10,completed,0,3
101211,307,11,completed,0,3
101089,1375,36,completed,1,8
101089,1376,37,completed,1,8
101089,1379,38,completed,1,8
101089,1383,39,completed,1,8
101211,309,12,completed,0,3
101211,1414,13,completed,0,3
101211,1302,14,completed,0,3
101215,91,15,completed,0,4
101215,925,16,completed,0,4
101215,1119,17,completed,1,4
102233,1676,10,completed,0,3
102233,1285,15,completed,1,4
102233,1293,16,completed,1,4
106008,186,18,pending,0,4
106008,1212,19,pending,0,4
100224,1716,10,completed,0,3
100224,1432,11,completed,0,3
100224,230,12,completed,0,3
100224,1717,13,completed,0,3
101215,1271,18,completed,1,4
101215,1273,19,completed,1,4
102233,1284,11,completed,1,3
102233,269,12,completed,0,3
102233,1717,13,completed,0,3
102233,905,14,completed,0,3
102233,1286,17,completed,1,4
102233,1294,18,completed,1,4
102233,920,19,completed,0,4
106008,1005,20,pending,0,5
106008,418,21,pending,0,5
106008,1304,22,pending,0,5
100224,709,14,completed,0,3
100225,1252,10,completed,0,3
100225,1483,11,completed,0,3
100225,477,12,completed,0,3
100225,1332,13,completed,1,3
100225,1210,14,completed,0,3
101215,264,10,completed,0,3
101215,1259,11,completed,1,3
100224,905,15,completed,0,4
100224,172,16,completed,0,4
100224,567,17,completed,0,4
101215,1205,12,completed,1,3
101215,1213,13,completed,1,3
101215,1410,14,completed,0,3
100224,86,18,completed,0,4
100224,1335,19,completed,0,4
100225,1326,15,completed,1,4
100225,1607,16,completed,0,4
100225,1334,17,completed,1,4
100225,1327,18,completed,1,4
100225,1335,19,completed,1,4
100232,79,10,completed,0,3
100232,1326,11,completed,0,3
100232,1211,12,completed,0,3
100232,1204,13,completed,0,3
100232,1497,14,completed,0,3
106008,99,23,pending,0,5
106008,200,24,pending,0,5
106008,1126,25,pending,0,6
106008,1625,26,pending,0,6
106008,808,27,pending,0,6
100232,304,15,completed,0,4
100232,1600,16,completed,0,4
100232,662,17,completed,0,4
102247,482,10,completed,0,3
102247,304,15,completed,0,4
102247,1112,16,completed,0,4
106008,117,28,pending,0,6
106008,335,29,pending,0,6
106008,1642,30,pending,0,7
100232,1072,18,completed,0,4
100232,1445,19,completed,0,4
102247,667,11,completed,0,3
102247,41,12,completed,0,3
102247,1489,13,completed,0,3
102247,561,14,completed,0,3
102247,89,17,completed,0,4
102247,1006,18,completed,0,4
102247,192,19,completed,0,4
100241,1284,10,completed,1,3
100241,1280,11,completed,1,3
100241,1292,12,completed,1,3
100241,1285,13,completed,1,3
100241,1286,14,completed,1,3
106008,1372,31,pending,0,7
106008,821,32,pending,0,7
106008,130,33,pending,0,7
106008,1154,34,pending,0,7
100245,667,10,completed,0,3
100245,1205,11,completed,0,3
100245,782,12,completed,0,3
100245,283,13,completed,0,3
100241,1294,15,completed,1,4
100241,1287,16,completed,1,4
100241,1213,17,completed,0,4
106008,347,35,pending,0,8
106008,547,36,pending,0,8
106008,975,37,pending,0,8
106008,375,38,pending,0,8
100245,1299,14,completed,0,3
100241,412,18,completed,0,4
100241,1297,19,completed,1,4
101238,1292,15,completed,1,4
101238,1285,16,completed,1,4
101238,1293,17,completed,1,4
102256,1396,10,completed,1,3
102256,1057,15,completed,0,4
102256,1406,16,completed,1,4
106008,160,39,pending,0,8
101238,401,18,completed,0,4
101238,1286,19,completed,1,4
102256,1392,11,completed,1,3
102256,1393,12,completed,1,3
102256,1398,13,completed,1,3
102256,1394,14,completed,1,3
102256,1399,17,completed,1,4
102256,1400,18,completed,1,4
102256,1408,19,completed,1,4
100245,1117,15,completed,0,4
100245,94,16,completed,0,4
100245,1503,17,completed,0,4
106166,1202,8,completed,1,2
100245,419,18,completed,0,4
100245,316,19,completed,0,4
101238,476,10,completed,0,3
101238,1279,11,completed,1,3
101238,1284,12,completed,1,3
101238,1280,13,completed,1,3
101238,40,14,completed,0,3
100253,1280,10,completed,1,3
100253,1292,11,completed,1,3
100253,1399,12,completed,0,3
100253,1294,13,completed,1,3
100253,1287,14,completed,1,3
100254,567,10,completed,0,3
100254,1489,11,completed,0,3
100254,1262,12,completed,1,3
100254,1205,13,completed,1,3
101245,84,15,completed,0,4
101245,1283,16,completed,0,4
101245,394,17,completed,0,4
100254,1263,14,completed,1,3
101245,709,18,completed,0,4
101245,767,19,completed,0,4
100253,402,15,completed,0,4
100253,1295,16,completed,1,4
100253,1297,17,completed,1,4
100253,1611,18,completed,0,4
100253,309,19,completed,0,4
100254,670,15,completed,0,4
100254,1213,16,completed,1,4
100254,1116,17,completed,1,4
101245,868,10,completed,0,3
101245,1590,11,completed,0,3
100262,1604,10,completed,0,3
100262,265,11,completed,0,3
100262,1280,12,completed,1,3
100262,1292,13,completed,1,3
100254,1216,18,completed,1,4
100254,891,19,completed,0,4
101245,552,12,completed,0,3
101245,557,13,completed,0,3
101245,991,14,completed,0,3
100262,1285,14,completed,1,3
100263,1393,10,completed,1,3
100263,1056,11,completed,0,3
100263,264,12,completed,0,3
100263,1405,13,completed,1,3
100263,1398,14,completed,1,3
100262,408,15,completed,0,4
100262,1293,16,completed,1,4
100262,1286,17,completed,1,4
100262,711,18,completed,0,4
100262,1294,19,completed,1,4
100263,1394,15,completed,1,4
100263,1406,16,completed,1,4
100263,1399,17,completed,1,4
102273,1487,10,completed,0,3
102273,886,15,completed,0,4
102273,926,16,completed,0,4
100267,1393,10,completed,1,3
100267,1405,11,completed,1,3
100267,1398,12,completed,1,3
100267,1202,13,completed,0,3
100263,1407,18,completed,1,4
100263,1400,19,completed,1,4
102273,568,11,completed,0,3
102273,1254,12,completed,0,3
102273,1204,13,completed,0,3
102273,186,14,completed,0,3
102273,1417,17,completed,0,4
102273,1343,18,completed,0,4
102273,314,19,completed,0,4
100267,1394,14,completed,1,3
100267,1406,15,completed,1,4
100267,1399,16,completed,1,4
100267,1407,17,completed,1,4
100267,1400,18,completed,1,4
100267,1408,19,completed,1,4
102278,395,10,completed,0,3
102278,573,15,completed,0,4
102278,1268,16,completed,1,4
101266,191,15,completed,0,4
101266,1341,16,completed,1,4
101266,790,17,completed,0,4
102278,1203,11,completed,1,3
102278,1600,12,completed,0,3
102278,1297,13,completed,0,3
102278,1265,14,completed,1,3
102278,1011,17,completed,0,4
102278,1505,18,completed,0,4
102278,1121,19,completed,1,4
101266,1344,18,completed,1,4
101266,1349,19,completed,1,4
101268,237,15,completed,0,4
101268,993,16,completed,0,4
101268,246,17,completed,0,4
101147,960,35,completed,0,8
101147,1380,36,completed,1,8
101147,1382,37,completed,1,8
101147,150,38,completed,0,8
101147,644,39,completed,0,8
101148,1382,35,completed,1,8
101148,1656,36,completed,0,8
101148,1383,37,completed,1,8
101148,838,38,completed,0,8
101148,1185,39,completed,0,8
101150,1361,35,completed,0,8
101150,606,36,completed,0,8
101150,353,37,completed,0,8
101150,363,38,completed,0,8
101266,66,10,completed,0,3
101266,1325,11,completed,1,3
101268,297,18,completed,0,4
101268,1449,19,completed,0,4
101266,1326,12,completed,1,3
101266,721,13,completed,0,3
101266,1076,14,completed,0,3
101268,1396,10,completed,0,3
101268,1318,11,completed,0,3
101268,1043,12,completed,0,3
101268,1393,13,completed,0,3
101268,1291,14,completed,0,3
102285,1291,10,completed,1,3
102285,1285,15,completed,1,4
102285,1293,16,completed,1,4
101273,765,15,completed,0,4
101273,1060,16,completed,0,4
101273,1101,17,completed,0,4
102285,1405,11,completed,0,3
102285,993,12,completed,0,3
102285,1284,13,completed,1,3
102285,1292,14,completed,1,3
102285,1467,17,completed,0,4
102285,1064,18,completed,0,4
102285,774,19,completed,0,4
101273,567,18,completed,0,4
101273,1045,19,completed,0,4
101275,1407,15,completed,1,4
101275,1400,16,completed,1,4
101275,1467,17,completed,0,4
101275,1719,18,completed,0,4
101275,1071,19,completed,0,4
101158,1171,35,completed,0,8
101158,1172,36,completed,0,8
101158,851,37,completed,0,8
101158,1572,38,completed,0,8
101158,164,39,completed,0,8
101273,1249,10,completed,0,3
101273,1054,11,completed,0,3
101273,223,12,completed,0,3
101273,267,13,completed,0,3
101273,1687,14,completed,0,3
101275,1393,10,completed,1,3
101275,1405,11,completed,1,3
101278,15,15,completed,0,4
101278,1320,16,completed,1,4
101278,1442,17,completed,0,4
101275,1394,12,completed,1,3
101275,1406,13,completed,1,3
101275,1399,14,completed,1,3
101278,668,18,completed,0,4
101278,1112,19,completed,0,4
100290,1398,10,completed,1,3
100290,1406,11,completed,1,3
100290,16,12,completed,0,3
100290,1399,13,completed,1,3
101164,1151,35,completed,1,8
101164,1155,36,completed,1,8
101164,1162,37,completed,1,8
101164,367,38,completed,0,8
101164,1189,39,completed,1,8
101165,1031,35,completed,0,8
101165,1380,36,completed,0,8
101165,827,37,completed,0,8
101165,1554,38,completed,0,8
101165,1182,39,completed,0,8
100290,1407,14,completed,1,3
101278,1060,10,completed,0,3
101278,1319,11,completed,1,3
101278,1472,12,completed,0,3
101278,1331,13,completed,1,3
101278,1324,14,completed,1,3
101282,575,15,completed,0,4
101282,1302,16,completed,0,4
101282,677,17,completed,0,4
100290,1400,15,completed,1,4
100290,1408,16,completed,1,4
100290,1409,17,completed,1,4
101282,1618,18,completed,0,4
101282,1345,19,completed,0,4
100290,670,18,completed,0,4
100290,1410,19,completed,1,4
101282,39,10,completed,0,3
101282,208,11,completed,0,3
101282,660,12,completed,0,3
101282,569,13,completed,0,3
101282,47,14,completed,0,3
100299,208,10,completed,0,3
100299,1332,11,completed,1,3
100299,1325,12,completed,1,3
100299,1326,13,completed,1,3
100299,1327,14,completed,1,3
101290,1339,15,completed,1,4
101290,1220,16,completed,0,4
101290,1344,17,completed,1,4
101290,1345,18,completed,1,4
101290,1346,19,completed,1,4
100303,881,10,completed,0,3
100303,410,11,completed,0,3
100303,782,12,completed,0,3
100303,670,13,completed,0,3
100299,1336,15,completed,1,4
100299,1609,16,completed,0,4
100299,309,17,completed,0,4
100303,1074,14,completed,0,3
100299,1341,18,completed,1,4
100299,1347,19,completed,1,4
101290,1333,10,completed,1,3
101290,1497,11,completed,0,3
101293,1330,15,completed,0,4
101293,1472,16,completed,0,4
101293,39,17,completed,0,4
101290,1608,12,completed,0,3
101290,1336,13,completed,1,3
101290,783,14,completed,0,3
101293,654,18,completed,0,4
101293,32,19,completed,0,4
101187,1174,36,completed,0,8
101187,1176,37,completed,0,8
101187,1569,38,completed,0,8
101187,855,39,completed,0,8
101188,357,35,completed,0,8
101188,837,36,completed,0,8
101188,148,37,completed,0,8
101188,634,38,completed,0,8
101188,636,39,completed,0,8
100303,1117,15,completed,0,4
100303,676,16,completed,0,4
100303,577,17,completed,0,4
102316,1284,10,completed,1,3
102316,1286,15,completed,1,4
102316,1719,16,completed,0,4
100303,677,18,completed,0,4
100303,1224,19,completed,0,4
101293,1037,10,completed,0,3
101293,205,11,completed,0,3
102316,1280,11,completed,1,3
102316,1292,12,completed,1,3
102316,1285,13,completed,1,3
102316,1293,14,completed,1,3
102318,1201,10,completed,0,3
102316,1294,17,completed,1,4
102316,1287,18,completed,1,4
102316,1295,19,completed,1,4
102318,1292,15,completed,1,4
102318,1260,16,completed,0,4
101293,254,12,completed,0,3
101293,1438,13,completed,0,3
101293,707,14,completed,0,3
102318,1279,11,completed,1,3
102318,10,12,completed,0,3
102318,246,13,completed,0,3
102318,1280,14,completed,1,3
102318,1489,17,completed,0,4
102318,1286,18,completed,1,4
102318,1294,19,completed,1,4
106713,1289,7,completed,1,2
106713,1706,8,completed,0,2
106713,1290,9,completed,1,2
102320,909,10,completed,0,3
102320,1293,15,completed,1,4
102320,185,16,completed,0,4
102320,1394,11,completed,0,3
102320,395,12,completed,0,3
102320,1280,13,completed,1,3
102320,1292,14,completed,1,3
102320,780,17,completed,0,4
102320,1286,18,completed,1,4
102320,1294,19,completed,1,4
101200,354,35,completed,0,8
101200,1164,36,completed,0,8
101200,976,37,completed,0,8
101200,1177,38,completed,0,8
101200,153,39,completed,0,8
101306,402,15,completed,0,4
101306,1296,16,completed,0,4
101306,189,17,completed,0,4
101306,724,18,completed,0,4
101306,1504,19,completed,0,4
106754,1442,7,completed,0,2
106754,1204,8,completed,1,2
101306,1200,10,completed,0,3
101306,565,11,completed,0,3
100323,1283,10,completed,1,3
100323,1712,11,completed,0,3
100323,1291,12,completed,1,3
100323,1284,13,completed,1,3
101306,558,12,completed,0,3
101306,1003,13,completed,0,3
101306,1490,14,completed,0,3
102331,288,10,completed,0,3
102331,1205,15,completed,0,4
102331,280,16,completed,0,4
100323,1285,14,completed,1,3
102331,1713,11,completed,0,3
102331,88,12,completed,0,3
102331,996,13,completed,0,3
102331,874,14,completed,0,3
102331,1113,17,completed,0,4
102331,884,18,completed,0,4
102331,283,19,completed,0,4
100325,1404,10,completed,1,3
100325,1393,11,completed,1,3
100325,1405,12,completed,1,3
100325,1061,13,completed,0,3
100325,1394,14,completed,1,3
100323,1286,15,completed,1,4
100323,1294,16,completed,1,4
100323,1295,17,completed,1,4
100323,883,18,completed,0,4
100323,1296,19,completed,1,4
100325,1406,15,completed,1,4
100325,59,16,completed,0,4
100325,1399,17,completed,1,4
101211,632,35,completed,0,8
101211,1562,36,completed,0,8
101211,160,37,completed,0,8
101211,856,38,completed,0,8
101211,860,39,completed,0,8
100325,1407,18,completed,1,4
100325,1400,19,completed,1,4
101215,1166,35,completed,1,8
101215,1169,36,completed,1,8
101215,634,37,completed,0,8
101215,1180,38,completed,1,8
101215,1187,39,completed,1,8
101329,1212,15,completed,1,4
101329,1255,16,completed,1,4
101329,1608,17,completed,0,4
101329,573,18,completed,0,4
101329,1117,19,completed,1,4
101329,1253,10,completed,1,3
101329,1211,11,completed,1,3
101329,42,12,completed,0,3
101329,1287,13,completed,0,3
101329,774,14,completed,0,3
101336,11,15,completed,0,4
101336,1399,16,completed,1,4
101336,1407,17,completed,1,4
101336,1400,18,completed,1,4
101336,1334,19,completed,0,4
101336,1393,10,completed,1,3
101336,1405,11,completed,1,3
101336,1582,12,completed,0,3
101336,1398,13,completed,1,3
101336,1394,14,completed,1,3
102363,1327,10,completed,1,3
102363,1447,15,completed,0,4
102363,676,16,completed,0,4
102363,1296,11,completed,0,3
102363,1005,12,completed,0,3
102363,1214,13,completed,0,3
102363,190,14,completed,0,3
102363,1080,17,completed,0,4
102363,1343,18,completed,1,4
102363,1347,19,completed,1,4
102365,1291,10,completed,1,3
102365,489,15,completed,0,4
102365,1285,16,completed,1,4
101347,488,15,completed,0,4
101347,1582,16,completed,0,4
101347,1398,17,completed,1,4
102365,1284,11,completed,1,3
102365,1280,12,completed,1,3
102365,395,13,completed,0,3
102365,1292,14,completed,1,3
102365,1293,17,completed,1,4
102365,1286,18,completed,1,4
102365,1295,19,completed,1,4
100352,1427,10,completed,0,3
100352,1675,11,completed,0,3
100352,1404,12,completed,0,3
100352,1290,13,completed,0,3
101347,1394,18,completed,1,4
101347,1407,19,completed,1,4
102368,1396,10,completed,1,3
102368,66,15,completed,0,4
102368,1407,16,completed,1,4
100352,1283,14,completed,0,3
102368,1393,11,completed,1,3
102368,269,12,completed,0,3
102368,1394,13,completed,1,3
102368,1406,14,completed,1,3
102369,1056,10,completed,0,3
102368,1400,17,completed,1,4
102368,1408,18,completed,1,4
102368,1401,19,completed,1,4
102369,1718,15,completed,0,4
102369,1211,16,completed,0,4
101347,1596,10,completed,0,3
101347,1060,11,completed,0,3
102369,207,11,completed,0,3
102369,1061,12,completed,0,3
102369,905,13,completed,0,3
102369,1399,14,completed,0,3
102369,711,17,completed,0,4
102369,279,18,completed,0,4
102369,881,19,completed,0,4
100352,1247,15,completed,0,4
100352,237,16,completed,0,4
100352,716,17,completed,0,4
101238,329,35,completed,0,8
101347,1586,12,completed,0,3
101347,1319,13,completed,0,3
101347,1405,14,completed,1,3
100352,1593,18,completed,0,4
100352,89,19,completed,0,4
101238,948,36,completed,0,8
101238,759,37,completed,0,8
101238,154,38,completed,0,8
101238,1182,39,completed,0,8
101358,1399,15,completed,1,4
101358,1407,16,completed,1,4
101358,568,17,completed,0,4
101358,1408,18,completed,1,4
101358,1401,19,completed,1,4
101245,354,35,completed,0,8
101245,1168,36,completed,0,8
101245,1171,37,completed,0,8
101245,1573,38,completed,0,8
101358,268,10,completed,0,3
101358,1405,11,completed,1,3
101358,1398,12,completed,1,3
101358,1394,13,completed,1,3
101358,1406,14,completed,1,3
105050,180,5,completed,0,2
105050,1256,6,completed,0,2
105050,1207,7,completed,0,2
105050,503,20,pending,0,5
105050,517,21,pending,0,5
105050,697,22,pending,0,5
105050,1368,23,pending,0,5
105050,526,24,pending,0,5
105050,1534,25,pending,0,6
105050,1650,26,pending,0,6
105050,1652,27,pending,0,6
105050,1582,10,completed,0,3
105050,1380,28,pending,0,6
105050,134,29,pending,0,6
105050,135,30,pending,0,7
105050,1664,31,pending,0,7
105050,147,32,pending,0,7
105050,1668,33,pending,0,7
105050,151,34,pending,0,7
105050,1177,35,pending,0,8
105050,1180,36,pending,0,8
105050,638,37,pending,0,8
100373,76,10,completed,0,3
100373,1711,11,completed,0,3
100373,1596,12,completed,0,3
100373,1592,13,completed,0,3
102390,1404,10,completed,1,3
102390,1398,15,completed,1,4
102390,1394,16,completed,1,4
105050,157,38,pending,0,8
105050,164,39,pending,0,8
100373,1472,14,completed,0,3
102390,1592,11,completed,0,3
102390,1393,12,completed,1,3
102390,916,13,completed,0,3
102390,1597,14,completed,0,3
102390,1399,17,completed,1,4
102390,1400,18,completed,1,4
102390,1408,19,completed,1,4
105051,1392,5,completed,1,2
101376,1270,15,completed,1,4
101376,1013,16,completed,0,4
101376,1123,17,completed,1,4
102392,1331,10,completed,1,3
102392,1255,15,completed,0,4
102392,1476,16,completed,0,4
100373,1496,15,completed,0,4
100373,561,16,completed,0,4
100373,1401,17,completed,0,4
101376,322,18,completed,0,4
101376,1232,19,completed,1,4
102392,482,11,completed,0,3
102392,1325,12,completed,1,3
102392,1333,13,completed,1,3
102392,1334,14,completed,1,3
102392,1337,17,completed,1,4
102392,1215,18,completed,0,4
102392,1339,19,completed,1,4
100373,712,18,completed,0,4
100373,1498,19,completed,0,4
105051,186,20,pending,0,5
100379,1327,10,completed,1,3
100379,1720,11,completed,0,3
100379,1336,12,completed,1,3
100379,412,13,completed,0,3
101376,561,10,completed,0,3
101376,1112,11,completed,1,3
105051,1408,21,pending,1,5
105051,1401,22,pending,1,5
105051,1409,23,pending,1,5
105051,1410,24,pending,1,5
105051,1412,25,pending,1,6
100379,1339,14,completed,1,3
101376,1115,12,completed,1,3
101376,1116,13,completed,1,3
101376,94,14,completed,0,3
102396,1332,10,completed,1,3
102396,1335,15,completed,1,4
102396,1444,16,completed,0,4
105051,496,26,pending,0,6
105051,1414,27,pending,1,6
105051,1415,28,pending,1,6
105051,1270,29,pending,0,6
105051,1417,30,pending,1,7
101381,1115,15,completed,0,4
101381,1413,16,completed,0,4
101381,725,17,completed,0,4
102396,238,11,completed,0,3
102396,1333,12,completed,1,3
102396,1334,13,completed,1,3
102396,1205,14,completed,0,3
102396,44,17,completed,0,4
102396,576,18,completed,0,4
102396,1343,19,completed,1,4
105051,1418,31,pending,1,7
105051,1420,32,pending,1,7
105051,1421,33,pending,1,7
105051,101,34,pending,0,7
105051,1422,35,pending,1,8
100379,1341,15,completed,1,4
100379,1343,16,completed,1,4
100379,579,17,completed,0,4
101381,194,18,completed,0,4
101381,789,19,completed,0,4
101382,881,15,completed,0,4
101382,874,16,completed,0,4
101382,1263,17,completed,0,4
102399,1215,10,completed,1,3
102399,1220,15,completed,1,4
102399,1271,16,completed,1,4
105051,532,36,pending,0,8
105051,1386,37,pending,0,8
105051,463,38,pending,0,8
105051,150,39,pending,0,8
101266,1381,36,completed,1,8
101266,1383,37,completed,1,8
101266,1386,38,completed,1,8
101266,1571,39,completed,0,8
101268,1668,35,completed,0,8
101268,1175,36,completed,0,8
101268,633,37,completed,0,8
101268,1190,38,completed,0,8
101268,1576,39,completed,0,8
100379,1344,18,completed,1,4
100379,1509,19,completed,0,4
101382,670,18,completed,0,4
101382,1265,19,completed,0,4
102399,1116,11,completed,1,3
102399,724,12,completed,0,3
102399,1120,13,completed,1,3
102399,1270,14,completed,1,3
102399,1222,17,completed,1,4
102399,1123,18,completed,1,4
102399,197,19,completed,0,4
101381,79,10,completed,0,3
101381,560,11,completed,0,3
101381,1703,12,completed,0,3
101381,402,13,completed,0,3
101381,1213,14,completed,0,3
101382,657,10,completed,0,3
101382,1055,11,completed,0,3
101385,1263,15,completed,0,4
101385,1297,16,completed,0,4
101385,1447,17,completed,0,4
101382,1465,12,completed,0,3
101382,238,13,completed,0,3
101382,568,14,completed,0,3
101385,1448,18,completed,0,4
101385,1270,19,completed,0,4
101387,195,15,completed,0,4
101387,1349,16,completed,1,4
101387,1351,17,completed,1,4
101387,322,18,completed,0,4
101387,1355,19,completed,1,4
101385,1290,10,completed,0,3
101385,1712,11,completed,0,3
100392,1675,10,completed,0,3
100392,53,11,completed,0,3
100392,73,12,completed,0,3
100392,85,13,completed,0,3
101385,1324,12,completed,0,3
101385,917,13,completed,0,3
101385,1408,14,completed,0,3
101387,866,10,completed,0,3
101387,1332,11,completed,1,3
101273,832,36,completed,0,8
101273,147,37,completed,0,8
101273,637,38,completed,0,8
101273,1187,39,completed,0,8
101275,1150,35,completed,0,8
101275,1541,36,completed,0,8
101275,540,37,completed,0,8
101275,359,38,completed,0,8
101275,1667,39,completed,0,8
100392,654,14,completed,0,3
101387,1327,12,completed,1,3
101387,1341,13,completed,1,3
101387,1504,14,completed,0,3
101392,42,15,completed,0,4
101392,233,16,completed,0,4
101392,1609,17,completed,0,4
101392,1007,18,completed,0,4
101392,195,19,completed,0,4
100392,1689,15,completed,0,4
100392,80,16,completed,0,4
100392,279,17,completed,0,4
100392,1497,18,completed,0,4
100392,1490,19,completed,0,4
101278,970,35,completed,0,8
101278,1386,36,completed,1,8
101278,373,37,completed,0,8
101278,638,38,completed,0,8
101278,158,39,completed,0,8
101392,707,10,completed,0,3
101392,170,11,completed,0,3
101392,1394,12,completed,0,3
101392,1677,13,completed,0,3
101392,560,14,completed,0,3
101398,916,15,completed,0,4
101398,1701,16,completed,0,4
101398,1441,17,completed,0,4
102415,1396,10,completed,1,3
102415,1398,15,completed,1,4
102415,666,16,completed,0,4
100399,1396,10,completed,1,3
100399,1404,11,completed,1,3
100399,1398,12,completed,1,3
100399,1441,13,completed,0,3
101398,1260,18,completed,0,4
101398,1211,19,completed,0,4
101399,1212,15,completed,1,4
101399,1255,16,completed,1,4
101399,1005,17,completed,0,4
102415,1392,11,completed,1,3
102415,1493,12,completed,0,3
102415,1471,13,completed,0,3
102415,1393,14,completed,1,3
102415,1394,17,completed,1,4
102415,1399,18,completed,1,4
102415,1407,19,completed,1,4
100399,1406,14,completed,1,3
101399,786,18,completed,0,4
101399,887,19,completed,0,4
101282,1163,35,completed,0,8
101282,462,36,completed,0,8
101282,464,37,completed,0,8
101282,1174,38,completed,0,8
101282,1572,39,completed,0,8
101398,1481,10,completed,0,3
101398,77,11,completed,0,3
100402,1592,10,completed,0,3
100402,73,11,completed,0,3
100402,1279,12,completed,1,3
100402,1291,13,completed,1,3
100399,1399,15,completed,1,4
100399,1407,16,completed,1,4
100399,34,17,completed,0,4
101398,658,12,completed,0,3
101398,1247,13,completed,0,3
101398,1405,14,completed,0,3
101399,658,10,completed,0,3
101399,1197,11,completed,1,3
100402,58,14,completed,0,3
100399,1400,18,completed,1,4
100399,1408,19,completed,1,4
101399,208,12,completed,0,3
101399,1474,13,completed,0,3
101399,1719,14,completed,0,3
105054,1091,5,completed,1,2
105054,25,6,completed,0,2
105054,1715,7,completed,0,2
100402,1284,15,completed,1,4
100402,1280,16,completed,1,4
100402,1292,17,completed,1,4
100402,1293,18,completed,1,4
100402,271,19,completed,0,4
105054,576,20,pending,0,5
105054,726,21,pending,0,5
105054,729,22,pending,0,5
101290,1380,35,completed,1,8
101290,1383,36,completed,1,8
101290,461,37,completed,0,8
101290,1563,38,completed,0,8
101290,857,39,completed,0,8
105054,1475,15,completed,0,4
105054,1294,16,completed,0,4
105054,721,17,completed,0,4
105054,100,23,pending,0,5
105054,505,24,pending,0,5
105054,795,25,pending,0,6
105054,1020,26,pending,0,6
105054,898,27,pending,0,6
105054,813,28,pending,0,6
105054,758,29,pending,0,6
105054,959,30,pending,0,7
105054,1541,31,pending,0,7
105054,1660,32,pending,0,7
105054,359,33,pending,0,7
105054,360,34,pending,0,7
105054,468,35,pending,0,8
105054,1562,36,pending,0,8
105054,636,37,pending,0,8
105054,372,38,pending,0,8
105054,856,39,pending,0,8
101293,821,35,completed,0,8
101293,1376,36,completed,0,8
101293,347,37,completed,0,8
101293,154,38,completed,0,8
101293,1576,39,completed,0,8
102443,236,10,completed,0,3
102443,1285,15,completed,1,4
102443,1253,16,completed,0,4
102443,1291,11,completed,1,3
102443,1284,12,completed,1,3
102443,1292,13,completed,1,3
102443,302,14,completed,0,3
102443,1293,17,completed,1,4
102443,1294,18,completed,1,4
102443,662,19,completed,0,4
100434,1393,10,completed,1,3
100434,1405,11,completed,1,3
100434,1398,12,completed,1,3
100434,1701,13,completed,0,3
100434,1399,14,completed,1,3
100436,1323,10,completed,1,3
101306,630,36,completed,0,8
101306,843,37,completed,0,8
101306,151,38,completed,0,8
101306,383,39,completed,0,8
100436,1319,11,completed,1,3
100436,993,12,completed,0,3
100436,1324,13,completed,1,3
101431,916,15,completed,0,4
101431,399,16,completed,0,4
101431,993,17,completed,0,4
100436,59,14,completed,0,3
101431,1325,18,completed,0,4
101431,711,19,completed,0,4
100434,710,15,completed,0,4
100434,1407,16,completed,1,4
100434,1400,17,completed,1,4
102449,1333,10,completed,1,3
102449,726,15,completed,0,4
102449,1345,16,completed,1,4
100434,1408,18,completed,1,4
100434,1607,19,completed,0,4
100436,1325,15,completed,1,4
100436,1333,16,completed,1,4
100436,1326,17,completed,1,4
101431,26,10,completed,0,3
101431,1246,11,completed,0,3
102449,1326,11,completed,1,3
102449,1064,12,completed,0,3
102449,1613,13,completed,0,3
102449,1341,14,completed,1,3
102449,1346,17,completed,1,4
102449,581,18,completed,0,4
102449,1351,19,completed,1,4
100436,1327,18,completed,1,4
100436,1113,19,completed,0,4
101431,999,12,completed,0,3
101431,665,13,completed,0,3
101431,658,14,completed,0,3
101438,1294,15,completed,1,4
101438,1287,16,completed,1,4
101438,1296,17,completed,1,4
102452,1392,10,completed,1,3
102452,1394,15,completed,1,4
102452,1682,16,completed,0,4
101438,1297,18,completed,1,4
101438,189,19,completed,0,4
102452,1393,11,completed,1,3
102452,301,12,completed,0,3
102452,1405,13,completed,1,3
102452,1398,14,completed,1,3
102452,1400,17,completed,1,4
102452,1401,18,completed,1,4
102452,1409,19,completed,1,4
102454,1396,10,completed,1,3
102454,1393,15,completed,1,4
102454,1399,16,completed,1,4
101438,171,10,completed,0,3
101438,1284,11,completed,1,3
102454,1392,11,completed,1,3
102454,1404,12,completed,1,3
102454,57,13,completed,0,3
102454,249,14,completed,0,3
102454,667,17,completed,0,4
102454,1407,18,completed,1,4
102454,1400,19,completed,1,4
100449,1392,10,completed,1,3
100449,1404,11,completed,1,3
100449,53,12,completed,0,3
100449,1393,13,completed,1,3
101438,1292,12,completed,1,3
101438,1285,13,completed,1,3
101438,1286,14,completed,1,3
100449,1405,14,completed,1,3
101329,453,35,completed,0,8
101329,1547,36,completed,0,8
101329,833,37,completed,0,8
101329,1553,38,completed,0,8
101329,1187,39,completed,1,8
100449,1398,15,completed,1,4
100449,1394,16,completed,1,4
100449,407,17,completed,0,4
102461,1201,10,completed,1,3
102461,1341,15,completed,0,4
102461,1219,16,completed,1,4
100449,1406,18,completed,1,4
100449,1496,19,completed,0,4
102461,207,11,completed,0,3
102461,1261,12,completed,1,3
102461,1212,13,completed,1,3
102461,1077,14,completed,0,3
102461,1120,17,completed,1,4
102461,1416,18,completed,0,4
102461,1271,19,completed,1,4
102464,1404,10,completed,1,3
102464,1399,15,completed,1,4
102464,660,16,completed,0,4
102464,1393,11,completed,1,3
102464,1405,12,completed,1,3
102464,1394,13,completed,1,3
102464,1001,14,completed,0,3
102465,1323,10,completed,1,3
102464,1407,17,completed,1,4
102464,1400,18,completed,1,4
102464,1408,19,completed,1,4
102465,1320,15,completed,1,4
102465,1098,16,completed,0,4
101336,1663,36,completed,0,8
101336,1556,37,completed,0,8
101336,162,38,completed,0,8
101336,860,39,completed,0,8
102465,57,11,completed,0,3
102465,1101,12,completed,0,3
102465,1331,13,completed,1,3
102465,1324,14,completed,1,3
102465,1332,17,completed,1,4
102465,1326,18,completed,1,4
102465,1341,19,completed,1,4
101347,800,35,completed,0,8
101347,816,36,completed,0,8
101347,135,37,completed,0,8
101347,365,38,completed,0,8
101347,1571,39,completed,0,8
102475,1291,10,completed,1,3
102475,1474,15,completed,0,4
102475,1400,16,completed,0,4
100478,1290,10,completed,1,3
100478,1283,11,completed,1,3
100478,715,12,completed,0,3
100478,1291,13,completed,1,3
102475,1284,11,completed,1,3
102475,230,12,completed,0,3
102475,1292,13,completed,1,3
102475,1285,14,completed,1,3
102475,1475,17,completed,0,4
102475,1287,18,completed,1,4
102475,1409,19,completed,0,4
100478,269,14,completed,0,3
102480,1325,10,completed,1,3
102480,1337,15,completed,1,4
102480,1339,16,completed,1,4
100478,1284,15,completed,1,4
100478,1292,16,completed,1,4
100478,177,17,completed,0,4
102480,880,11,completed,0,3
102480,1326,12,completed,1,3
102480,1334,13,completed,1,3
102480,1327,14,completed,1,3
102480,575,17,completed,0,4
102480,1344,18,completed,1,4
102480,1345,19,completed,1,4
100478,1285,18,completed,1,4
100478,1293,19,completed,1,4
101483,302,15,completed,0,4
101483,482,16,completed,0,4
101483,880,17,completed,0,4
100488,1246,10,completed,0,3
100488,1404,11,completed,1,3
100488,1393,12,completed,1,3
100488,1394,13,completed,1,3
101483,1442,18,completed,0,4
101483,1326,19,completed,0,4
100488,1406,14,completed,1,3
101358,119,36,completed,0,8
101358,1157,37,completed,0,8
101358,1656,38,completed,0,8
101358,147,39,completed,0,8
100490,80,10,completed,0,3
100490,1211,11,completed,1,3
100490,280,12,completed,0,3
100490,1263,13,completed,1,3
101483,766,10,completed,0,3
101483,704,11,completed,0,3
100490,1449,14,completed,0,3
100488,1407,15,completed,1,4
100488,1400,16,completed,1,4
100488,1408,17,completed,1,4
101483,1604,12,completed,0,3
101483,250,13,completed,0,3
101483,1098,14,completed,0,3
100488,1401,18,completed,1,4
100488,719,19,completed,0,4
100490,1271,15,completed,1,4
100490,1223,16,completed,1,4
100490,1224,17,completed,1,4
100490,1125,18,completed,1,4
100490,1225,19,completed,1,4
101491,1333,15,completed,0,4
101491,1293,16,completed,1,4
101491,1294,17,completed,1,4
105064,1269,20,pending,1,5
105064,1222,21,pending,1,5
105064,1273,22,pending,1,5
105064,1196,5,completed,1,2
105064,101,23,pending,0,5
105064,105,24,pending,0,5
105064,1129,25,pending,1,6
105064,1131,26,pending,1,6
105064,588,27,pending,0,6
101491,1287,18,completed,1,4
101491,1296,19,completed,1,4
105064,1135,28,pending,1,6
105064,1236,29,pending,1,6
105064,1138,30,pending,1,7
105064,1635,31,pending,0,7
105064,1638,32,pending,0,7
100502,1393,10,completed,1,3
100502,1405,11,completed,1,3
100502,1398,12,completed,1,3
100502,230,13,completed,0,3
102505,304,10,completed,0,3
102505,1115,15,completed,1,4
102505,91,16,completed,0,4
105064,608,33,pending,0,7
105064,1378,34,pending,0,7
105064,1159,35,pending,1,8
105064,1166,36,pending,1,8
105064,1169,37,pending,1,8
100502,1394,14,completed,1,3
101491,480,10,completed,0,3
101491,1280,11,completed,1,3
102505,1262,11,completed,1,3
102505,90,12,completed,0,3
102505,1410,13,completed,0,3
102505,1214,14,completed,1,3
102505,1117,17,completed,1,4
102505,1120,18,completed,1,4
102505,1273,19,completed,1,4
105064,1176,38,pending,1,8
105064,1190,39,pending,1,8
101376,1168,35,completed,1,8
101376,1177,36,completed,1,8
101376,1569,37,completed,0,8
101376,1185,38,completed,1,8
101376,1191,39,completed,1,8
101491,1292,12,completed,1,3
101491,1441,13,completed,0,3
101491,1285,14,completed,1,3
100502,1406,15,completed,1,4
100502,1399,16,completed,1,4
100502,1407,17,completed,1,4
102510,1596,10,completed,0,3
102510,1006,15,completed,0,4
102510,1267,16,completed,0,4
100502,1400,18,completed,1,4
100502,80,19,completed,0,4
102510,665,11,completed,0,3
102510,1495,12,completed,0,3
102510,271,13,completed,0,3
102510,305,14,completed,0,3
102510,726,17,completed,0,4
102510,1417,18,completed,0,4
102510,728,19,completed,0,4
105065,1458,5,completed,0,2
105065,1602,6,completed,0,2
105065,1049,7,completed,0,2
105065,1322,8,completed,1,2
105065,1355,20,pending,1,5
101505,1286,15,completed,1,4
101505,1287,16,completed,1,4
101505,35,17,completed,0,4
102515,565,10,completed,0,3
102515,1398,15,completed,1,4
102515,1406,16,completed,1,4
105065,1357,21,pending,1,5
105065,1358,22,pending,1,5
105065,332,23,pending,0,5
105065,1363,24,pending,1,5
105065,1033,25,pending,0,6
101505,1499,18,completed,0,4
101505,1296,19,completed,1,4
102515,1404,11,completed,1,3
102515,249,12,completed,0,3
102515,1393,13,completed,1,3
102515,1405,14,completed,1,3
102515,1400,17,completed,1,4
102515,1408,18,completed,1,4
102515,1113,19,completed,0,4
105065,1365,26,pending,1,6
105065,1367,27,pending,1,6
105065,1369,28,pending,1,6
105065,1148,29,pending,0,6
105065,1370,30,pending,1,7
105065,1373,31,pending,1,7
105065,1374,32,pending,1,7
105065,1378,33,pending,1,7
105065,1380,34,pending,1,7
105065,827,35,pending,0,8
101381,370,35,completed,0,8
101381,157,36,completed,0,8
101381,851,37,completed,0,8
101381,1570,38,completed,0,8
101381,859,39,completed,0,8
101382,1377,35,completed,0,8
101382,350,36,completed,0,8
101382,134,37,completed,0,8
101382,1568,38,completed,0,8
101382,641,39,completed,0,8
101505,1280,10,completed,1,3
101505,1285,11,completed,1,3
105065,1383,36,pending,1,8
105065,1168,37,pending,0,8
105065,152,38,pending,0,8
105065,154,39,pending,0,8
101505,1293,12,completed,1,3
101505,880,13,completed,0,3
101505,1400,14,completed,0,3
102521,1290,10,completed,1,3
102521,1284,15,completed,1,4
102521,1292,16,completed,1,4
101385,455,35,completed,0,8
101385,136,36,completed,0,8
101385,1666,37,completed,0,8
101385,1669,38,completed,0,8
101385,379,39,completed,0,8
101387,1380,35,completed,1,8
101387,1383,36,completed,1,8
101387,1663,37,completed,0,8
101387,158,38,completed,0,8
101387,376,39,completed,0,8
102521,1101,11,completed,0,3
102521,1283,12,completed,1,3
102521,77,13,completed,0,3
102521,1291,14,completed,1,3
102522,1204,10,completed,1,3
102521,1293,17,completed,1,4
102521,1286,18,completed,1,4
102521,1295,19,completed,1,4
102522,1213,15,completed,1,4
102522,45,16,completed,0,4
102522,1294,11,completed,0,3
102522,1212,12,completed,1,3
102522,1255,13,completed,1,3
102522,1113,14,completed,1,3
102522,1265,17,completed,1,4
102522,1215,18,completed,1,4
102522,416,19,completed,0,4
100522,874,10,completed,0,3
100522,1336,11,completed,1,3
100522,1341,12,completed,1,3
100522,416,13,completed,0,3
100522,1343,14,completed,1,3
101519,1412,15,completed,0,4
101519,1611,16,completed,0,4
101519,1344,17,completed,1,4
105011,1445,19,completed,0,4
101519,99,18,completed,0,4
101519,1015,19,completed,0,4
100522,790,15,completed,0,4
100522,1349,16,completed,1,4
100522,1352,17,completed,1,4
100522,1230,18,completed,0,4
100522,1353,19,completed,1,4
101519,1334,10,completed,1,3
101519,1327,11,completed,1,3
101398,757,35,completed,0,8
101519,1335,12,completed,1,3
101519,189,13,completed,0,3
101519,1337,14,completed,1,3
102536,1701,10,completed,0,3
102536,1214,15,completed,0,4
102536,1337,16,completed,1,4
102536,1332,11,completed,1,3
102536,1325,12,completed,1,3
102536,1326,13,completed,1,3
102536,1327,14,completed,1,3
102536,1341,17,completed,1,4
101398,449,36,completed,0,8
101398,1168,37,completed,0,8
101398,634,38,completed,0,8
101398,160,39,completed,0,8
101399,1169,35,completed,1,8
101399,981,36,completed,0,8
101399,1176,37,completed,1,8
101399,1187,38,completed,1,8
101399,164,39,completed,0,8
102536,1343,18,completed,1,4
102536,1345,19,completed,1,4
100540,1049,10,completed,0,3
100540,1438,11,completed,0,3
100540,56,12,completed,0,3
100540,999,13,completed,0,3
100540,1251,14,completed,0,3
101536,789,15,completed,0,4
101536,1507,16,completed,0,4
101536,581,17,completed,0,4
100540,1203,15,completed,0,4
100540,919,16,completed,0,4
100540,279,17,completed,0,4
101536,316,18,completed,0,4
101536,1511,19,completed,0,4
105014,1286,16,completed,1,4
100540,722,18,completed,0,4
100540,1300,19,completed,0,4
101536,280,10,completed,0,3
101536,308,11,completed,0,3
101536,1447,12,completed,0,3
101536,1010,13,completed,0,3
101536,1011,14,completed,0,3
100552,1259,10,completed,1,3
100552,1098,11,completed,1,3
100552,1211,12,completed,1,3
100552,1003,13,completed,0,3
100552,1205,14,completed,1,3
100555,917,10,completed,0,3
100555,407,11,completed,0,3
100555,1467,12,completed,0,3
100555,1211,13,completed,0,3
100552,1476,15,completed,0,4
100552,573,16,completed,0,4
100552,1269,17,completed,1,4
100555,1112,14,completed,0,3
100552,1451,18,completed,0,4
100552,1270,19,completed,1,4
100555,410,15,completed,0,4
100555,1263,16,completed,0,4
100555,1120,17,completed,0,4
101431,359,35,completed,0,8
101431,547,36,completed,0,8
101431,147,37,completed,0,8
101431,849,38,completed,0,8
100555,1422,18,completed,0,4
100555,1513,19,completed,0,4
101563,1609,15,completed,0,4
101563,1116,16,completed,0,4
101563,1503,17,completed,0,4
101563,1011,18,completed,0,4
101563,1080,19,completed,0,4
101438,1313,35,completed,1,8
101438,121,36,completed,0,8
101438,1374,37,completed,0,8
101438,532,38,completed,0,8
101438,963,39,completed,0,8
101563,1323,10,completed,0,3
101563,1605,11,completed,0,3
101563,16,12,completed,0,3
101563,59,13,completed,0,3
101563,1408,14,completed,0,3
100576,553,10,completed,0,3
100576,1246,11,completed,1,3
100576,565,12,completed,0,3
100576,1208,13,completed,1,3
100576,1592,14,completed,0,3
100576,1056,15,completed,0,4
100576,301,16,completed,0,4
100576,16,17,completed,0,4
100576,79,18,completed,0,4
100576,710,19,completed,0,4
102588,877,10,completed,0,3
102588,1682,15,completed,0,4
102588,1204,16,completed,1,4
102588,1201,11,completed,1,3
102588,993,12,completed,0,3
102588,250,13,completed,0,3
102588,1103,14,completed,1,3
102588,1255,17,completed,1,4
102588,1117,18,completed,1,4
102588,1076,19,completed,0,4
101582,1407,15,completed,1,4
101582,1400,16,completed,1,4
101582,1408,17,completed,1,4
101582,569,18,completed,0,4
101582,1401,19,completed,1,4
101583,1337,15,completed,1,4
101583,1344,16,completed,1,4
101583,315,17,completed,0,4
101583,1345,18,completed,1,4
101583,793,19,completed,0,4
101582,230,10,completed,0,3
101582,1398,11,completed,1,3
102595,1331,10,completed,1,3
102595,1401,15,completed,0,4
102595,1327,16,completed,1,4
101582,257,12,completed,0,3
101582,1406,13,completed,1,3
101582,1325,14,completed,0,3
101583,1325,10,completed,1,3
101583,401,11,completed,0,3
102595,1320,11,completed,1,3
102595,1325,12,completed,1,3
102595,1326,13,completed,1,3
102595,1334,14,completed,1,3
102595,1295,17,completed,0,4
102595,1335,18,completed,1,4
102595,307,19,completed,0,4
101583,1326,12,completed,1,3
101583,1327,13,completed,1,3
101583,662,14,completed,0,3
100596,987,10,completed,0,3
100596,171,11,completed,0,3
100596,1582,12,completed,0,3
100596,1324,13,completed,0,3
100596,230,14,completed,0,3
102603,1398,10,completed,1,3
102603,1408,15,completed,1,4
102603,1401,16,completed,1,4
100599,1291,10,completed,1,3
100599,1284,11,completed,1,3
100599,1280,12,completed,1,3
100599,1292,13,completed,1,3
102603,1394,11,completed,1,3
102603,1406,12,completed,1,3
102603,1407,13,completed,1,3
102603,1400,14,completed,1,3
102604,1284,10,completed,1,3
102603,61,17,completed,0,4
102603,1409,18,completed,1,4
102603,1410,19,completed,1,4
102604,1294,15,completed,1,4
102604,1287,16,completed,1,4
100599,1488,14,completed,0,3
100596,1332,15,completed,0,4
100596,1203,16,completed,0,4
100596,408,17,completed,0,4
102604,1292,11,completed,1,3
102604,1285,12,completed,1,3
102604,1293,13,completed,1,3
102604,1286,14,completed,1,3
102605,14,10,completed,0,3
102604,912,17,completed,0,4
102604,1296,18,completed,1,4
102604,307,19,completed,0,4
102605,1702,15,completed,0,4
102605,17,16,completed,0,4
100596,1287,18,completed,0,4
100596,1501,19,completed,0,4
101596,67,15,completed,0,4
101596,271,16,completed,0,4
101596,35,17,completed,0,4
102605,39,11,completed,0,3
102605,1681,12,completed,0,3
102605,659,13,completed,0,3
102605,395,14,completed,0,3
102607,1196,10,completed,1,3
102605,304,17,completed,0,4
102605,1609,18,completed,0,4
102605,722,19,completed,0,4
102607,1261,15,completed,1,4
102607,1287,16,completed,0,4
100599,1103,15,completed,0,4
100599,1285,16,completed,1,4
100599,1286,17,completed,1,4
101596,1113,18,completed,0,4
101596,1215,19,completed,0,4
102607,57,11,completed,0,3
102607,1712,12,completed,0,3
102607,1247,13,completed,1,3
102607,1210,14,completed,1,3
102607,1212,17,completed,1,4
102607,1409,18,completed,0,4
102607,91,19,completed,0,4
100599,1294,18,completed,1,4
100599,61,19,completed,0,4
101596,268,10,completed,0,3
101596,477,11,completed,0,3
102610,1292,10,completed,1,3
102610,1287,15,completed,1,4
102610,1295,16,completed,1,4
101596,1332,12,completed,0,3
101596,1406,13,completed,0,3
101596,1045,14,completed,0,3
102610,1293,11,completed,1,3
102610,1286,12,completed,1,3
102610,1294,13,completed,1,3
102610,18,14,completed,0,3
102610,1296,17,completed,1,4
102610,1297,18,completed,1,4
102610,1299,19,completed,1,4
101483,824,35,completed,0,8
101483,536,36,completed,0,8
101483,462,37,completed,0,8
101483,1663,38,completed,0,8
101483,381,39,completed,0,8
101603,1253,15,completed,1,4
101603,1104,16,completed,1,4
101603,1255,17,completed,1,4
101603,1205,18,completed,1,4
101603,1336,19,completed,0,4
101603,1323,10,completed,0,3
101603,1680,11,completed,0,3
101606,277,15,completed,0,4
101606,61,16,completed,0,4
101606,44,17,completed,0,4
101603,1258,12,completed,1,3
101603,276,13,completed,0,3
101603,1252,14,completed,1,3
101606,786,18,completed,0,4
101606,419,19,completed,0,4
101491,964,35,completed,0,8
101491,969,36,completed,0,8
101491,1555,37,completed,0,8
101491,153,38,completed,0,8
101491,372,39,completed,0,8
102621,1284,10,completed,1,3
102621,1253,15,completed,0,4
102621,1070,16,completed,0,4
101606,1318,10,completed,0,3
101606,1695,11,completed,0,3
102621,1280,11,completed,1,3
102621,1441,12,completed,0,3
102621,86,13,completed,0,3
102621,1292,14,completed,1,3
102621,1293,17,completed,1,4
102621,1286,18,completed,1,4
102621,1294,19,completed,1,4
100619,482,10,completed,0,3
100619,667,11,completed,0,3
100619,1474,12,completed,0,3
100619,1326,13,completed,0,3
101606,218,12,completed,0,3
101606,558,13,completed,0,3
101606,778,14,completed,0,3
102623,66,10,completed,0,3
102623,1079,15,completed,0,4
102623,195,16,completed,0,4
100619,661,14,completed,0,3
102623,177,11,completed,0,3
102623,1260,12,completed,1,3
102623,1213,13,completed,1,3
102623,1216,14,completed,1,3
102624,1441,10,completed,0,3
102623,790,17,completed,0,4
102623,1226,18,completed,1,4
102623,1233,19,completed,1,4
102624,782,15,completed,0,4
102624,1216,16,completed,1,4
102624,1103,11,completed,1,3
102624,1211,12,completed,1,3
102624,1205,13,completed,1,3
102624,1113,14,completed,1,3
102624,724,17,completed,0,4
102624,1119,18,completed,1,4
102624,1269,19,completed,1,4
100619,1287,15,completed,0,4
100619,1255,16,completed,0,4
100619,882,17,completed,0,4
105078,1318,5,completed,1,2
100619,783,18,completed,0,4
100619,722,19,completed,0,4
101616,1104,15,completed,1,4
101616,1211,16,completed,1,4
101616,186,17,completed,0,4
105078,85,6,completed,0,2
105078,1331,7,completed,1,2
105078,1259,8,completed,0,2
101616,571,18,completed,0,4
101616,1266,19,completed,1,4
101617,1265,15,completed,1,4
101617,1267,16,completed,1,4
101617,674,17,completed,0,4
105078,1346,20,pending,1,5
101617,1220,18,completed,1,4
101617,1121,19,completed,1,4
101618,1296,15,completed,1,4
101618,494,16,completed,0,4
101618,1297,17,completed,1,4
105078,1347,21,pending,1,5
105078,897,22,pending,0,5
105078,1351,23,pending,1,5
105078,1355,24,pending,1,5
105078,1356,25,pending,1,6
100627,666,10,completed,0,3
100627,1394,11,completed,1,3
100627,1441,12,completed,0,3
100627,1406,13,completed,1,3
101616,1252,10,completed,1,3
101616,184,11,completed,0,3
101618,1299,18,completed,1,4
101618,1267,19,completed,0,4
105078,1358,26,pending,1,6
105078,1236,27,pending,0,6
105078,516,28,pending,0,6
105078,1361,29,pending,1,6
105078,1364,30,pending,1,7
100627,1399,14,completed,1,3
101505,610,36,completed,0,8
101505,346,37,completed,0,8
101505,1156,38,completed,0,8
101505,354,39,completed,0,8
101616,59,12,completed,0,3
101616,1407,13,completed,0,3
101616,880,14,completed,0,3
101617,1261,10,completed,1,3
101617,1262,11,completed,1,3
101621,1259,15,completed,0,4
101621,40,16,completed,0,4
101621,18,17,completed,0,4
105078,1530,31,pending,0,7
105078,1372,32,pending,1,7
105078,448,33,pending,0,7
105078,1373,34,pending,1,7
105078,1376,35,pending,1,8
101617,1212,12,completed,1,3
101617,1205,13,completed,1,3
101617,571,14,completed,0,3
101618,1677,10,completed,0,3
101618,1292,11,completed,1,3
101621,874,18,completed,0,4
101621,89,19,completed,0,4
105078,1377,36,pending,1,8
105078,1380,37,pending,1,8
105078,544,38,pending,0,8
105078,372,39,pending,0,8
100627,17,15,completed,0,4
100627,1400,16,completed,1,4
100627,1261,17,completed,0,4
101618,1285,12,completed,1,3
101618,1294,13,completed,1,3
101618,1295,14,completed,1,3
102636,777,10,completed,0,3
102636,58,15,completed,0,4
102636,1320,16,completed,1,4
100627,1408,18,completed,1,4
100627,1497,19,completed,0,4
101621,991,10,completed,0,3
101621,1427,11,completed,0,3
102636,1680,11,completed,0,3
102636,1258,12,completed,0,3
102636,1319,13,completed,1,3
102636,1331,14,completed,1,3
102636,257,17,completed,0,4
102636,660,18,completed,0,4
102636,1333,19,completed,1,4
101621,263,12,completed,0,3
101621,1258,13,completed,0,3
101621,993,14,completed,0,3
101519,1379,35,completed,1,8
101519,1383,36,completed,1,8
101519,969,37,completed,0,8
101519,1386,38,completed,1,8
101519,1562,39,completed,0,8
100642,1246,10,completed,0,3
100642,766,11,completed,0,3
100642,1487,12,completed,0,3
100642,1252,13,completed,0,3
100642,1320,14,completed,0,3
100646,27,10,completed,0,3
100646,566,11,completed,0,3
100646,1252,12,completed,1,3
100646,1254,13,completed,1,3
101635,46,15,completed,0,4
101635,1613,16,completed,0,4
101635,1341,17,completed,1,4
102648,1102,10,completed,1,3
102648,1098,15,completed,1,4
102648,1260,16,completed,1,4
100646,1205,14,completed,1,3
100642,872,15,completed,0,4
100642,41,16,completed,0,4
100642,1104,17,completed,0,4
101635,1343,18,completed,1,4
101635,1344,19,completed,1,4
102648,1259,11,completed,1,3
102648,1252,12,completed,1,3
102648,1202,13,completed,1,3
102648,54,14,completed,0,3
102648,1064,17,completed,0,4
102648,1205,18,completed,1,4
102648,1213,19,completed,1,4
100642,1326,18,completed,0,4
100642,1607,19,completed,0,4
102650,1404,10,completed,1,3
102650,1406,15,completed,1,4
102650,1399,16,completed,1,4
100646,1412,15,completed,0,4
100646,1117,16,completed,1,4
100646,924,17,completed,0,4
101635,1332,10,completed,1,3
101635,1325,11,completed,1,3
102650,1393,11,completed,1,3
102650,1405,12,completed,1,3
102650,1398,13,completed,1,3
102650,1394,14,completed,1,3
102650,1474,17,completed,0,4
102650,1407,18,completed,1,4
102650,1400,19,completed,1,4
100646,728,18,completed,0,4
100646,1122,19,completed,1,4
101635,1443,12,completed,0,3
101635,1336,13,completed,1,3
101635,1337,14,completed,1,3
102657,25,10,completed,0,3
102657,1405,15,completed,1,4
102657,1398,16,completed,1,4
102657,1403,11,completed,1,3
102657,1396,12,completed,1,3
102657,987,13,completed,0,3
102657,1393,14,completed,1,3
102657,1394,17,completed,1,4
102657,1399,18,completed,1,4
102657,1407,19,completed,1,4
101536,1382,35,completed,0,8
101536,138,36,completed,0,8
101536,148,37,completed,0,8
101536,1566,38,completed,0,8
101536,645,39,completed,0,8
102663,1279,10,completed,1,3
102663,238,15,completed,0,4
102663,1285,16,completed,1,4
102663,1284,11,completed,1,3
102663,1102,12,completed,0,3
102663,1280,13,completed,1,3
102663,1292,14,completed,1,3
102665,1404,10,completed,1,3
102663,1286,17,completed,1,4
102663,1294,18,completed,1,4
102663,1287,19,completed,1,4
102665,1399,15,completed,1,4
102665,1400,16,completed,1,4
100662,1404,10,completed,1,3
100662,1393,11,completed,1,3
100662,1440,12,completed,0,3
100662,1398,13,completed,1,3
101650,1214,15,completed,1,4
101650,307,16,completed,0,4
101650,1216,17,completed,1,4
102665,1393,11,completed,1,3
102665,1405,12,completed,1,3
102665,1398,13,completed,1,3
102665,477,14,completed,0,3
102665,1408,17,completed,1,4
102665,1401,18,completed,1,4
102665,1113,19,completed,0,4
100662,1399,14,completed,1,3
101650,1267,18,completed,1,4
101650,1268,19,completed,1,4
100662,1407,15,completed,1,4
100662,1400,16,completed,1,4
100662,1408,17,completed,1,4
101650,1204,10,completed,1,3
101650,88,11,completed,0,3
100662,1401,18,completed,1,4
100662,1409,19,completed,1,4
101650,1112,12,completed,1,3
101650,18,13,completed,0,3
101650,1113,14,completed,1,3
106020,1289,5,completed,1,2
106020,1282,6,completed,1,2
106020,394,10,pending,0,3
106020,1279,11,pending,1,3
101667,780,15,completed,0,4
101667,1293,16,completed,0,4
101667,1489,17,completed,0,4
101667,1287,18,completed,0,4
101667,1005,19,completed,0,4
106020,236,7,completed,0,2
106020,1716,8,completed,0,2
106020,1283,9,completed,1,2
101667,1674,10,completed,0,3
101667,998,11,completed,0,3
101667,1439,12,completed,0,3
101667,1495,13,completed,0,3
101667,1253,14,completed,0,3
101563,160,36,completed,0,8
101563,1185,37,completed,0,8
101563,382,38,completed,0,8
101563,1190,39,completed,0,8
106020,1482,12,pending,0,3
106020,1284,13,pending,1,3
106020,1280,14,pending,1,3
106020,1292,15,pending,1,4
106020,1285,16,pending,1,4
100684,1405,10,completed,1,3
100684,1069,11,completed,0,3
100684,16,12,completed,0,3
100684,710,13,completed,0,3
100684,1407,14,completed,1,3
101680,1266,15,completed,1,4
101680,47,16,completed,0,4
101680,1269,17,completed,1,4
100684,1400,15,completed,1,4
100684,1408,16,completed,1,4
100684,1401,17,completed,1,4
101680,676,18,completed,0,4
101680,194,19,completed,0,4
101681,87,15,completed,0,4
101681,304,16,completed,0,4
101681,35,17,completed,0,4
100684,1409,18,completed,1,4
100684,883,19,completed,0,4
101681,1215,18,completed,0,4
101681,190,19,completed,0,4
100689,1495,10,completed,0,3
100689,1406,11,completed,1,3
100689,1399,12,completed,1,3
100689,1407,13,completed,1,3
101680,1001,10,completed,0,3
101680,1210,11,completed,1,3
106020,1293,17,pending,1,4
106020,1294,18,pending,1,4
100689,1400,14,completed,1,3
101680,1002,12,completed,0,3
101680,1212,13,completed,1,3
101680,1205,14,completed,1,3
101681,1472,10,completed,0,3
101681,566,11,completed,0,3
106020,1295,19,pending,1,4
106020,1296,20,pending,1,5
106020,1115,21,pending,0,5
101681,909,12,completed,0,3
101681,1260,13,completed,0,3
101681,1496,14,completed,0,3
100689,1408,15,completed,1,4
100689,1401,16,completed,1,4
100689,1410,17,completed,1,4
100689,1411,18,completed,1,4
100689,1412,19,completed,1,4
101688,1285,15,completed,1,4
101688,1293,16,completed,1,4
101688,1294,17,completed,1,4
101688,1287,18,completed,1,4
101688,920,19,completed,0,4
101582,697,36,completed,0,8
101582,1241,37,completed,0,8
101582,756,38,completed,0,8
101582,1183,39,completed,0,8
101583,1382,35,completed,1,8
101583,1383,36,completed,1,8
101583,464,37,completed,0,8
101583,837,38,completed,0,8
101583,146,39,completed,0,8
100698,1490,10,completed,0,3
100698,670,11,completed,0,3
100698,1336,12,completed,1,3
100698,1339,13,completed,1,3
101690,1608,15,completed,0,4
101690,922,16,completed,0,4
101690,722,17,completed,0,4
100698,726,14,completed,0,3
101688,1290,10,completed,1,3
101688,1283,11,completed,1,3
101690,1011,18,completed,0,4
101690,1346,19,completed,1,4
106020,1297,22,pending,1,5
106020,496,23,pending,0,5
106020,1299,24,pending,1,5
100700,1432,10,completed,0,3
100700,1393,11,completed,1,3
100700,767,12,completed,0,3
100700,1394,13,completed,1,3
101688,1291,12,completed,1,3
101688,1284,13,completed,1,3
101688,1292,14,completed,1,3
106020,1300,25,pending,1,6
106020,1301,26,pending,1,6
106020,418,27,pending,0,6
106020,1014,28,pending,0,6
106020,420,29,pending,0,6
106020,1305,30,pending,1,7
100700,1406,14,completed,1,3
100701,1404,10,completed,1,3
100701,1323,11,completed,0,3
100701,770,12,completed,0,3
100701,1586,13,completed,0,3
100698,1270,15,completed,0,4
100698,1349,16,completed,1,4
100698,1309,17,completed,0,4
101690,1331,10,completed,1,3
101690,1320,11,completed,1,3
100701,1393,14,completed,1,3
100698,507,18,completed,0,4
100698,1354,19,completed,1,4
101690,1104,12,completed,0,3
101690,1326,13,completed,1,3
101690,272,14,completed,0,3
101694,489,15,completed,0,4
101694,1203,16,completed,0,4
101694,1407,17,completed,0,4
100700,1407,15,completed,1,4
100700,1400,16,completed,1,4
100700,1408,17,completed,1,4
101694,781,18,completed,0,4
101694,1497,19,completed,0,4
100706,274,10,completed,0,3
100706,998,11,completed,0,3
100706,714,12,completed,0,3
100706,1427,13,completed,0,3
100700,1401,18,completed,1,4
100700,1409,19,completed,1,4
100701,1405,15,completed,1,4
100701,1398,16,completed,1,4
100701,1407,17,completed,1,4
102716,992,10,completed,0,3
102716,1399,15,completed,1,4
102716,1210,16,completed,0,4
100706,1251,14,completed,0,3
100701,1408,18,completed,1,4
100701,233,19,completed,0,4
101694,704,10,completed,0,3
101694,1440,11,completed,0,3
101699,1287,15,completed,1,4
101699,920,16,completed,0,4
101699,1295,17,completed,1,4
102716,1393,11,completed,1,3
102716,1405,12,completed,1,3
102716,1689,13,completed,0,3
102716,1406,14,completed,1,3
102716,1400,17,completed,1,4
102716,1401,18,completed,1,4
102716,1600,19,completed,0,4
100708,658,10,completed,0,3
100708,1393,11,completed,1,3
100708,225,12,completed,0,3
100708,1405,13,completed,1,3
101694,566,12,completed,0,3
101694,1465,13,completed,0,3
101694,1677,14,completed,0,3
101699,1263,18,completed,0,4
101699,1296,19,completed,1,4
100708,1398,14,completed,1,3
100706,1068,15,completed,0,4
100706,1597,16,completed,0,4
100706,231,17,completed,0,4
102719,1290,10,completed,1,3
101596,962,35,completed,0,8
101596,1383,36,completed,0,8
101596,1172,37,completed,0,8
101596,162,38,completed,0,8
101596,1576,39,completed,0,8
102719,1286,15,completed,1,4
102719,1294,16,completed,1,4
106020,1306,31,pending,1,7
106020,1309,32,pending,1,7
106020,1311,33,pending,1,7
106020,1312,34,pending,1,7
100706,213,18,completed,0,4
100706,1719,19,completed,0,4
101699,1292,10,completed,1,3
101699,1069,11,completed,0,3
102719,1279,11,completed,1,3
102719,1291,12,completed,1,3
102719,1284,13,completed,1,3
102719,1285,14,completed,1,3
102719,1327,17,completed,0,4
102719,1287,18,completed,1,4
102719,1297,19,completed,1,4
106020,528,35,pending,0,8
100708,1394,15,completed,1,4
100708,1406,16,completed,1,4
100708,1399,17,completed,1,4
101699,1285,12,completed,1,3
101699,1260,13,completed,0,3
101699,1293,14,completed,1,3
100708,1326,18,completed,0,4
100708,186,19,completed,0,4
100713,1290,10,completed,1,3
100713,1283,11,completed,1,3
100713,1291,12,completed,1,3
100713,1284,13,completed,1,3
100713,1280,14,completed,1,3
100716,1283,10,completed,0,3
100716,1464,11,completed,0,3
100716,1604,12,completed,0,3
100716,1398,13,completed,0,3
102725,175,10,completed,0,3
102725,1287,15,completed,0,4
102725,923,16,completed,0,4
100716,1062,14,completed,0,3
102725,230,11,completed,0,3
102725,87,12,completed,0,3
102725,1333,13,completed,1,3
102725,1334,14,completed,1,3
102726,1201,10,completed,0,3
102725,1343,17,completed,1,4
102725,1453,18,completed,0,4
102725,1344,19,completed,1,4
102726,489,15,completed,0,4
102726,1292,16,completed,1,4
100713,1292,15,completed,1,4
100713,1285,16,completed,1,4
100713,1293,17,completed,1,4
101603,1161,35,completed,1,8
101603,1166,36,completed,1,8
101603,143,37,completed,0,8
101603,1169,38,completed,1,8
101603,1187,39,completed,1,8
102726,289,11,completed,0,3
102726,1279,12,completed,1,3
102726,1291,13,completed,1,3
102726,1284,14,completed,1,3
102726,177,17,completed,0,4
102726,1285,18,completed,1,4
102726,1286,19,completed,1,4
100713,1703,18,completed,0,4
100713,409,19,completed,0,4
100716,190,15,completed,0,4
100716,1339,16,completed,0,4
100716,1508,17,completed,0,4
106020,608,36,pending,0,8
106020,348,37,pending,0,8
106020,361,38,pending,0,8
106020,851,39,pending,0,8
100716,1510,18,completed,0,4
100716,1422,19,completed,0,4
101606,363,35,completed,0,8
101606,843,36,completed,0,8
101606,850,37,completed,0,8
101606,157,38,completed,0,8
101606,383,39,completed,0,8
101721,1262,15,completed,1,4
101721,1212,16,completed,1,4
101721,1255,17,completed,1,4
101721,1006,18,completed,0,4
101721,1115,19,completed,1,4
101723,501,15,completed,0,4
101723,892,16,completed,0,4
101723,1126,17,completed,1,4
100729,1251,10,completed,1,3
100729,659,11,completed,0,3
100729,1057,12,completed,0,3
100729,1441,13,completed,0,3
101721,1258,10,completed,1,3
101721,85,11,completed,0,3
101723,1227,18,completed,1,4
101723,1128,19,completed,1,4
100729,1489,14,completed,0,3
101721,1467,12,completed,0,3
101721,1400,13,completed,0,3
101721,1204,14,completed,1,3
101723,400,10,completed,0,3
101723,1210,11,completed,1,3
100734,205,10,completed,0,3
100734,1396,11,completed,1,3
100734,1392,12,completed,1,3
100734,1404,13,completed,1,3
100729,1211,15,completed,1,4
100729,1255,16,completed,1,4
100729,1335,17,completed,0,4
101723,1204,12,completed,1,3
101723,725,13,completed,0,3
101723,1219,14,completed,1,3
101616,1176,35,completed,1,8
101616,1565,36,completed,0,8
101616,1182,37,completed,1,8
101616,165,38,completed,0,8
101616,1189,39,completed,1,8
100734,1251,14,completed,0,3
100729,1611,18,completed,0,4
100729,1216,19,completed,1,4
102739,1286,10,completed,0,3
102739,725,15,completed,0,4
102739,1416,16,completed,0,4
100734,1393,15,completed,1,4
100734,1405,16,completed,1,4
100734,1398,17,completed,1,4
102739,718,11,completed,0,3
102739,88,12,completed,0,3
102739,1327,13,completed,0,3
102739,1074,14,completed,0,3
102739,499,17,completed,0,4
102739,1121,18,completed,0,4
102739,1509,19,completed,0,4
101617,1180,36,completed,1,8
101617,374,37,completed,0,8
101617,641,38,completed,0,8
101617,1189,39,completed,1,8
101618,345,35,completed,0,8
101618,141,36,completed,0,8
101618,1560,37,completed,0,8
101618,1562,38,completed,0,8
101618,375,39,completed,0,8
101621,1655,35,completed,0,8
101621,354,36,completed,0,8
101621,359,37,completed,0,8
101621,982,38,completed,0,8
100734,1394,18,completed,1,4
100734,1406,19,completed,1,4
102745,27,10,completed,0,3
102745,1112,15,completed,1,4
102745,1220,16,completed,1,4
102745,1259,11,completed,1,3
102745,1098,12,completed,1,3
102745,66,13,completed,0,3
102745,1210,14,completed,1,3
102745,1417,17,completed,0,4
102745,729,18,completed,0,4
102745,1015,19,completed,0,4
102748,1332,10,completed,0,3
102748,1215,15,completed,1,4
102748,1116,16,completed,1,4
102748,1103,11,completed,1,3
102748,1210,12,completed,1,3
102748,409,13,completed,0,3
102748,670,14,completed,0,3
102748,1219,17,completed,1,4
102748,1270,18,completed,1,4
102748,315,19,completed,0,4
101739,1292,15,completed,1,4
101739,1203,16,completed,0,4
101739,1293,17,completed,1,4
102753,1393,10,completed,1,3
102753,1408,15,completed,1,4
102753,919,16,completed,0,4
101739,178,18,completed,0,4
101739,1286,19,completed,1,4
102753,1406,11,completed,1,3
102753,1399,12,completed,1,3
102753,1407,13,completed,1,3
102753,1400,14,completed,1,3
102755,1597,10,completed,0,3
102753,491,17,completed,0,4
102753,1409,18,completed,1,4
102753,280,19,completed,0,4
102755,1286,15,completed,1,4
102755,1294,16,completed,1,4
102755,1292,11,completed,1,3
102755,79,12,completed,0,3
102755,1285,13,completed,1,3
102755,1293,14,completed,1,3
102755,1287,17,completed,1,4
102755,669,18,completed,0,4
102755,1295,19,completed,1,4
101635,1376,35,completed,1,8
101635,1381,36,completed,1,8
101635,972,37,completed,0,8
101635,357,38,completed,0,8
101635,1564,39,completed,0,8
101739,1279,10,completed,1,3
101739,1291,11,completed,1,3
101739,1280,12,completed,1,3
101739,1098,13,completed,0,3
101739,1483,14,completed,0,3
101747,315,15,completed,0,4
101747,1273,16,completed,1,4
101747,1125,17,completed,1,4
101747,1126,18,completed,1,4
101747,1227,19,completed,1,4
101747,1503,10,completed,0,3
101747,1302,11,completed,0,3
101747,1120,12,completed,1,3
101747,1505,13,completed,0,3
101747,1506,14,completed,0,3
101752,668,15,completed,0,4
101752,1297,16,completed,0,4
101752,1337,17,completed,1,4
101752,1341,18,completed,1,4
101752,1343,19,completed,1,4
101752,1332,10,completed,1,3
101752,177,11,completed,0,3
102769,1405,10,completed,1,3
102769,1400,15,completed,1,4
102769,569,16,completed,0,4
105097,1391,5,completed,1,2
101752,1070,12,completed,0,3
101752,1333,13,completed,1,3
101752,1326,14,completed,1,3
105097,1715,6,completed,0,2
105097,707,7,completed,0,2
102769,1398,11,completed,1,3
102769,716,12,completed,0,3
102769,1394,13,completed,1,3
102769,1407,14,completed,1,3
102769,1408,17,completed,1,4
102769,1401,18,completed,1,4
102769,492,19,completed,0,4
100779,1258,10,completed,0,3
100779,1712,11,completed,0,3
100779,207,12,completed,0,3
100779,1482,13,completed,0,3
100779,1280,14,completed,0,3
101759,1326,15,completed,1,4
101759,1261,16,completed,0,4
101759,1336,17,completed,1,4
105097,1400,20,pending,1,5
105097,1408,21,pending,1,5
105097,1401,22,pending,1,5
105097,1411,23,pending,1,5
100782,57,10,completed,0,3
100782,1056,11,completed,0,3
100782,1604,12,completed,0,3
100782,219,13,completed,0,3
101759,1337,18,completed,1,4
101759,1339,19,completed,1,4
105097,1412,24,pending,1,5
105097,1413,25,pending,1,6
105097,1415,26,pending,1,6
105097,1416,27,pending,1,6
105097,790,28,pending,0,6
105097,1418,29,pending,1,6
105097,893,30,pending,0,7
105097,1421,31,pending,1,7
100782,909,14,completed,0,3
100779,1098,15,completed,0,4
100779,1702,16,completed,0,4
100779,1442,17,completed,0,4
105097,1422,32,pending,1,7
105097,683,33,pending,0,7
105097,1354,34,pending,0,7
105097,112,35,pending,0,8
105097,1653,36,pending,0,8
100779,569,18,completed,0,4
100779,233,19,completed,0,4
101759,1319,10,completed,1,3
101759,1331,11,completed,1,3
101762,1214,15,completed,1,4
101762,1266,16,completed,1,4
101762,47,17,completed,0,4
105097,146,37,pending,0,8
105097,1174,38,pending,0,8
105097,847,39,pending,0,8
100785,1279,10,completed,1,3
100785,1291,11,completed,1,3
100785,1284,12,completed,1,3
100785,1483,13,completed,0,3
100782,1259,15,completed,0,4
100782,1333,16,completed,0,4
100782,911,17,completed,0,4
101759,1320,12,completed,1,3
101759,1333,13,completed,1,3
101759,1599,14,completed,0,3
101762,1270,18,completed,1,4
101762,928,19,completed,0,4
100785,1285,14,completed,1,3
100782,783,18,completed,0,4
100782,573,19,completed,0,4
102781,1320,10,completed,1,3
102781,1204,15,completed,0,4
102781,1334,16,completed,1,4
101762,1252,10,completed,1,3
101762,1210,11,completed,1,3
102781,477,11,completed,0,3
102781,1325,12,completed,1,3
102781,1045,13,completed,0,3
102781,185,14,completed,0,3
102781,1287,17,completed,0,4
102781,662,18,completed,0,4
102781,920,19,completed,0,4
100788,1700,10,completed,0,3
100788,1393,11,completed,1,3
100788,1394,12,completed,1,3
100788,1406,13,completed,1,3
100785,1293,15,completed,1,4
100785,1599,16,completed,0,4
100785,1286,17,completed,1,4
101762,1253,12,completed,1,3
101762,1211,13,completed,1,3
101762,1609,14,completed,0,3
102783,1493,10,completed,0,3
102783,1210,15,completed,1,4
102783,1253,16,completed,1,4
100788,1605,14,completed,0,3
100785,1294,18,completed,1,4
100785,1476,19,completed,0,4
102783,1101,11,completed,1,3
102783,73,12,completed,0,3
102783,1097,13,completed,1,3
102783,1202,14,completed,1,3
102783,303,17,completed,0,4
102783,1211,18,completed,1,4
102783,1255,19,completed,1,4
100788,1399,15,completed,1,4
100788,1408,16,completed,1,4
100788,1401,17,completed,1,4
101772,704,15,completed,0,4
101772,257,16,completed,0,4
101772,87,17,completed,0,4
100788,1410,18,completed,1,4
100788,1411,19,completed,1,4
101772,185,18,completed,0,4
101772,67,19,completed,0,4
101772,776,10,completed,0,3
101772,1396,11,completed,0,3
101772,52,12,completed,0,3
101772,394,13,completed,0,3
101772,1393,14,completed,0,3
100800,1323,10,completed,1,3
100800,73,11,completed,0,3
100800,1331,12,completed,1,3
100800,1320,13,completed,1,3
101667,127,35,completed,0,8
101667,130,36,completed,0,8
101667,1381,37,completed,0,8
101667,364,38,completed,0,8
101667,636,39,completed,0,8
100800,1325,14,completed,1,3
101783,195,15,completed,0,4
101783,97,16,completed,0,4
101783,1418,17,completed,0,4
100800,1293,15,completed,0,4
100800,1334,16,completed,1,4
100800,1335,17,completed,1,4
101783,793,18,completed,0,4
101783,317,19,completed,0,4
100800,1336,18,completed,1,4
100800,1337,19,completed,1,4
100806,1392,10,completed,1,3
100806,558,11,completed,0,3
100806,1398,12,completed,1,3
100806,1394,13,completed,1,3
101783,1104,10,completed,0,3
101783,1501,11,completed,0,3
100806,1406,14,completed,1,3
100807,1279,10,completed,1,3
100807,1291,11,completed,1,3
100807,1292,12,completed,1,3
100807,1285,13,completed,1,3
101783,886,12,completed,0,3
101783,925,13,completed,0,3
101783,499,14,completed,0,3
101788,1409,15,completed,0,4
101788,1300,16,completed,0,4
101788,1078,17,completed,0,4
102802,1060,10,completed,0,3
102802,911,15,completed,0,4
102802,1334,16,completed,0,4
100807,1203,14,completed,0,3
101680,1164,35,completed,1,8
101788,891,18,completed,0,4
101788,1131,19,completed,0,4
102802,708,11,completed,0,3
102802,207,12,completed,0,3
102802,477,13,completed,0,3
102802,1466,14,completed,0,3
102802,719,17,completed,0,4
102802,1212,18,completed,0,4
102802,782,19,completed,0,4
100806,1399,15,completed,1,4
100806,1407,16,completed,1,4
100806,1401,17,completed,1,4
100810,1061,10,completed,0,3
100810,1433,11,completed,0,3
100810,716,12,completed,0,3
100810,1326,13,completed,0,3
100806,280,18,completed,0,4
100806,1409,19,completed,1,4
100807,1293,15,completed,1,4
100807,1326,16,completed,0,4
100807,1286,17,completed,1,4
101788,1464,10,completed,0,3
101788,1701,11,completed,0,3
102805,567,10,completed,0,3
102805,1449,15,completed,0,4
102805,1078,16,completed,0,4
105051,1399,15,completed,1,4
100810,661,14,completed,0,3
100807,1294,18,completed,1,4
100807,35,19,completed,0,4
101788,710,12,completed,0,3
101788,780,13,completed,0,3
101788,1286,14,completed,0,3
102805,33,11,completed,0,3
102805,1326,12,completed,0,3
102805,1064,13,completed,0,3
102805,1337,14,completed,0,3
102805,1080,17,completed,0,4
101680,1168,36,completed,1,8
101680,632,37,completed,0,8
101680,1179,38,completed,1,8
101680,1183,39,completed,1,8
101681,460,35,completed,0,8
101681,544,36,completed,0,8
101681,548,37,completed,0,8
101681,977,38,completed,0,8
101681,378,39,completed,0,8
105051,1407,16,completed,1,4
105051,1070,17,completed,0,4
102805,898,18,completed,0,4
102805,509,19,completed,0,4
100810,1444,15,completed,0,4
100810,1445,16,completed,0,4
100810,45,17,completed,0,4
102809,1392,10,completed,0,3
102809,59,15,completed,0,4
102809,1606,16,completed,0,4
100810,923,18,completed,0,4
100810,1612,19,completed,0,4
102809,236,11,completed,0,3
102809,1432,12,completed,0,3
102809,264,13,completed,0,3
102809,1495,14,completed,0,3
102809,570,17,completed,0,4
102809,1263,18,completed,0,4
102809,191,19,completed,0,4
106025,40,10,pending,0,3
106025,660,11,pending,0,3
106025,1266,12,pending,1,3
101808,413,15,completed,0,4
101808,1269,16,completed,1,4
101808,1121,17,completed,1,4
105051,271,18,completed,0,4
101808,1618,18,completed,0,4
101808,1124,19,completed,1,4
101688,742,35,completed,0,8
101688,340,36,completed,0,8
101688,529,37,completed,0,8
101688,821,38,completed,0,8
101688,1654,39,completed,0,8
105051,1400,19,completed,1,4
101808,1070,10,completed,0,3
101808,1104,11,completed,1,3
102818,1290,10,completed,1,3
102818,277,15,completed,0,4
102818,270,16,completed,0,4
100825,219,10,completed,0,3
100825,1197,11,completed,0,3
100825,1717,12,completed,0,3
100825,1324,13,completed,1,3
101808,1261,12,completed,1,3
101808,1263,13,completed,1,3
101808,1115,14,completed,1,3
102818,480,11,completed,0,3
102818,1283,12,completed,1,3
102818,1291,13,completed,1,3
102818,1292,14,completed,1,3
102818,1285,17,completed,1,4
102818,1293,18,completed,1,4
102818,34,19,completed,0,4
101690,1375,36,completed,1,8
101690,1379,37,completed,1,8
101690,838,38,completed,0,8
101690,858,39,completed,0,8
106025,575,13,pending,0,3
106025,1118,14,pending,1,3
106025,1616,15,pending,0,4
106025,1344,16,pending,0,4
100825,1398,14,completed,0,3
101814,272,15,completed,0,4
101814,1327,16,completed,1,4
101814,1335,17,completed,1,4
106025,1224,17,pending,1,4
100827,288,10,completed,0,3
100827,1404,11,completed,0,3
100827,1586,12,completed,0,3
100827,85,13,completed,0,3
101814,416,18,completed,0,4
101814,792,19,completed,0,4
100827,399,14,completed,0,3
100825,1320,15,completed,1,4
100825,1045,16,completed,0,4
100825,1333,17,completed,1,4
105104,1289,5,completed,1,2
105104,1282,6,completed,1,2
100829,1404,10,completed,1,3
100829,480,11,completed,0,3
100829,264,12,completed,0,3
100829,1393,13,completed,1,3
100825,1326,18,completed,1,4
100825,1334,19,completed,1,4
101694,612,35,completed,0,8
101694,1156,36,completed,0,8
101694,1163,37,completed,0,8
101694,1386,38,completed,0,8
101694,843,39,completed,0,8
101699,1310,35,completed,1,8
105104,1200,7,completed,0,2
105104,866,8,completed,0,2
101814,1319,10,completed,1,3
101814,1324,11,completed,1,3
105104,1077,20,pending,0,5
105104,1301,21,pending,1,5
105104,1302,22,pending,1,5
105104,1417,23,pending,0,5
100829,1398,14,completed,1,3
100827,1280,15,completed,0,4
100827,34,16,completed,0,4
100827,561,17,completed,0,4
101814,909,12,completed,0,3
101814,1320,13,completed,1,3
101814,1325,14,completed,1,3
105104,928,24,pending,0,5
105104,1306,25,pending,1,6
105104,1421,26,pending,0,6
105104,733,27,pending,0,6
105104,1309,28,pending,1,6
100827,1112,18,completed,0,4
100827,781,19,completed,0,4
101820,1203,15,completed,0,4
101820,1214,16,completed,0,4
101820,722,17,completed,0,4
105104,1310,29,pending,1,6
105104,1311,30,pending,1,7
105104,1312,31,pending,1,7
105104,1313,32,pending,1,7
105104,428,33,pending,0,7
100829,1394,15,completed,1,4
100829,1399,16,completed,1,4
100829,1407,17,completed,1,4
101820,1268,18,completed,0,4
101820,1121,19,completed,0,4
101699,1311,36,completed,1,8
101699,1312,37,completed,1,8
101699,804,38,completed,0,8
101699,1190,39,completed,0,8
105104,939,34,pending,0,7
105104,811,35,pending,0,8
105104,825,36,pending,0,8
105104,964,37,pending,0,8
105104,1554,38,pending,0,8
100829,1400,18,completed,1,4
100829,1408,19,completed,1,4
105104,1571,39,pending,0,8
106025,1086,18,pending,0,4
106025,1129,19,pending,1,4
106025,1231,20,pending,1,5
106025,1133,21,pending,1,5
101820,27,10,completed,0,3
101820,39,11,completed,0,3
106025,1233,22,pending,1,5
101820,250,12,completed,0,3
101820,1098,13,completed,0,3
101820,567,14,completed,0,3
101826,925,15,completed,0,4
101826,1268,16,completed,1,4
101826,1120,17,completed,1,4
101826,1221,18,completed,1,4
101826,1273,19,completed,1,4
102840,1331,10,completed,1,3
102840,1326,15,completed,1,4
102840,783,16,completed,0,4
102840,1324,11,completed,1,3
102840,1320,12,completed,1,3
102840,231,13,completed,0,3
102840,1002,14,completed,0,3
102840,90,17,completed,0,4
102840,1078,18,completed,0,4
102840,1343,19,completed,1,4
100845,1292,10,completed,1,3
100845,231,11,completed,0,3
100845,1285,12,completed,1,3
100845,1286,13,completed,1,3
101826,1260,10,completed,1,3
101826,1210,11,completed,1,3
100845,1294,14,completed,1,3
101826,1334,12,completed,0,3
101826,669,13,completed,0,3
101826,1117,14,completed,1,3
106025,327,23,pending,0,5
106025,1235,24,pending,1,5
106025,1137,25,pending,1,6
106025,1360,26,pending,0,6
100847,1284,10,completed,1,3
100847,1098,11,completed,0,3
100847,1280,12,completed,1,3
100847,1292,13,completed,1,3
106025,436,27,pending,0,6
106025,1239,28,pending,1,6
100847,59,14,completed,0,3
100845,662,15,completed,0,4
100845,1295,16,completed,1,4
100845,1296,17,completed,1,4
100845,1297,18,completed,1,4
100845,1299,19,completed,1,4
100851,1283,10,completed,1,3
100851,1279,11,completed,1,3
100851,394,12,completed,0,3
100851,1291,13,completed,1,3
100847,1286,15,completed,1,4
100847,1294,16,completed,1,4
100847,662,17,completed,0,4
100851,1280,14,completed,1,3
100847,1295,18,completed,1,4
100847,1297,19,completed,1,4
101723,1180,35,completed,1,8
101723,1182,36,completed,1,8
101723,1185,37,completed,1,8
101723,1187,38,completed,1,8
101723,1190,39,completed,1,8
101838,1120,15,completed,1,4
101838,1272,16,completed,1,4
101838,1273,17,completed,1,4
102854,1712,10,completed,0,3
102854,1285,15,completed,1,4
102854,1286,16,completed,1,4
100851,1292,15,completed,1,4
100851,1285,16,completed,1,4
100851,1293,17,completed,1,4
101838,1124,18,completed,1,4
101838,1226,19,completed,1,4
101840,1345,15,completed,1,4
101840,1346,16,completed,1,4
101840,199,17,completed,0,4
102854,1279,11,completed,1,3
102854,1291,12,completed,1,3
102854,1280,13,completed,1,3
102854,1292,14,completed,1,3
102854,1294,17,completed,1,4
102854,1287,18,completed,1,4
102854,492,19,completed,0,4
100851,1286,18,completed,1,4
100851,1443,19,completed,0,4
101840,505,18,completed,0,4
101840,1351,19,completed,1,4
106025,1142,29,pending,1,6
106025,1143,30,pending,1,7
106025,1148,31,pending,1,7
106025,1156,32,pending,1,7
101838,1112,10,completed,1,3
101838,1255,11,completed,1,3
106025,1166,33,pending,1,7
100866,1283,10,completed,1,3
100866,1280,11,completed,1,3
100866,1285,12,completed,1,3
100866,1286,13,completed,1,3
101838,1214,12,completed,1,3
101838,1266,13,completed,1,3
101838,1117,14,completed,1,3
101840,1335,10,completed,1,3
101840,1337,11,completed,1,3
100866,1295,14,completed,1,3
101840,309,12,completed,0,3
101840,195,13,completed,0,3
101840,1344,14,completed,1,3
100866,1296,15,completed,1,4
100866,1297,16,completed,1,4
100866,1075,17,completed,0,4
101852,1600,15,completed,0,4
101852,1262,16,completed,0,4
101852,43,17,completed,0,4
100866,1008,18,completed,0,4
100866,1299,19,completed,1,4
101852,722,18,completed,0,4
101852,584,19,completed,0,4
102864,1247,10,completed,0,3
102864,1286,15,completed,1,4
102864,1599,16,completed,0,4
102864,1291,11,completed,1,3
102864,39,12,completed,0,3
102864,1701,13,completed,0,3
102864,1284,14,completed,1,3
102865,1285,10,completed,1,3
102864,1294,17,completed,1,4
102864,1295,18,completed,1,4
102864,1296,19,completed,1,4
102865,1327,15,completed,0,4
102865,1287,16,completed,1,4
106025,1170,34,pending,1,7
101852,289,10,completed,0,3
101852,1465,11,completed,0,3
102865,1293,11,completed,1,3
102865,1435,12,completed,0,3
102865,1286,13,completed,1,3
102865,1294,14,completed,1,3
102865,1295,17,completed,1,4
102865,1296,18,completed,1,4
102865,571,19,completed,0,4
106025,1171,35,pending,1,8
106025,843,36,pending,0,8
106025,1176,37,pending,1,8
106025,1180,38,pending,1,8
101852,560,12,completed,0,3
101852,1325,13,completed,0,3
101852,1719,14,completed,0,3
102871,766,10,completed,0,3
102871,1213,15,completed,1,4
102871,1265,16,completed,1,4
102871,1688,11,completed,0,3
102871,1247,12,completed,1,3
102871,880,13,completed,0,3
102871,1212,14,completed,1,3
102871,1219,17,completed,1,4
102871,1270,18,completed,1,4
102871,1220,19,completed,1,4
101862,401,15,completed,0,4
101862,1003,16,completed,0,4
101862,491,17,completed,0,4
101862,570,18,completed,0,4
101862,1335,19,completed,0,4
106025,648,39,pending,0,8
105109,1318,5,completed,1,2
101862,778,10,completed,0,3
101862,1102,11,completed,0,3
101868,1267,15,completed,1,4
101868,1119,16,completed,1,4
101868,1219,17,completed,1,4
101747,1667,35,completed,0,8
101747,1172,36,completed,1,8
101747,1174,37,completed,1,8
101747,647,38,completed,0,8
101747,1191,39,completed,1,8
105109,999,6,completed,0,2
105109,1060,7,completed,0,2
101862,79,12,completed,0,3
101862,710,13,completed,0,3
101862,1407,14,completed,0,3
101868,1272,18,completed,1,4
101868,1225,19,completed,1,4
102884,1404,10,completed,0,3
102884,1210,15,completed,1,4
102884,41,16,completed,0,4
105109,1351,20,pending,1,5
105109,323,21,pending,0,5
105109,1354,22,pending,1,5
101868,1253,10,completed,1,3
101868,1333,11,completed,0,3
101873,46,15,completed,0,4
101873,1341,16,completed,1,4
101873,196,17,completed,0,4
102884,1101,11,completed,1,3
102884,53,12,completed,0,3
102884,1097,13,completed,1,3
102884,1260,14,completed,1,3
102884,1255,17,completed,1,4
102884,1205,18,completed,1,4
102884,1113,19,completed,1,4
105109,1521,23,pending,0,5
105109,1358,24,pending,1,5
105109,1360,25,pending,1,6
105109,1363,26,pending,1,6
105109,1364,27,pending,1,6
100893,703,10,completed,0,3
101752,1378,35,completed,1,8
101752,1379,36,completed,1,8
101752,1380,37,completed,1,8
101752,1383,38,completed,1,8
101752,158,39,completed,0,8
105109,230,10,completed,0,3
105109,1320,11,completed,1,3
100893,1330,11,completed,0,3
100893,265,12,completed,0,3
100893,1292,13,completed,0,3
101868,1261,12,completed,1,3
101868,919,13,completed,0,3
101868,308,14,completed,0,3
101873,1345,18,completed,1,4
101873,1347,19,completed,1,4
102888,1103,10,completed,1,3
102888,1453,15,completed,0,4
102888,791,16,completed,0,4
105109,1370,28,pending,1,6
105109,1371,29,pending,1,6
105109,1372,30,pending,1,7
105109,1373,31,pending,1,7
105109,1376,32,pending,1,7
100893,568,14,completed,0,3
102888,1260,11,completed,1,3
102888,87,12,completed,0,3
102888,1608,13,completed,0,3
102888,1117,14,completed,1,3
102888,99,17,completed,0,4
102888,1123,18,completed,1,4
102888,1225,19,completed,1,4
105109,1377,33,pending,1,7
105109,618,34,pending,0,7
105109,540,35,pending,0,8
105109,547,36,pending,0,8
105109,978,37,pending,0,8
101873,1324,10,completed,1,3
101873,1320,11,completed,1,3
105109,1669,38,pending,0,8
105109,373,39,pending,0,8
100893,1703,15,completed,0,4
100893,562,16,completed,0,4
100893,191,17,completed,0,4
101873,1408,12,completed,0,3
101873,1334,13,completed,1,3
101873,1336,14,completed,1,3
100893,1077,18,completed,0,4
100893,1122,19,completed,0,4
102897,1283,10,completed,1,3
102897,1280,15,completed,1,4
102897,1285,16,completed,1,4
102897,1596,11,completed,0,3
102897,1279,12,completed,1,3
102897,1291,13,completed,1,3
102897,212,14,completed,0,3
102897,1062,17,completed,0,4
102897,1599,18,completed,0,4
102897,1286,19,completed,1,4
105111,1476,20,pending,0,5
105111,782,21,pending,0,5
105111,1403,5,completed,1,2
101759,1372,35,completed,1,8
101759,1374,36,completed,1,8
101759,1376,37,completed,1,8
101759,1377,38,completed,1,8
101759,1542,39,completed,0,8
105111,1392,6,completed,1,2
105111,1409,22,pending,1,5
105111,1411,23,pending,1,5
105111,1413,24,pending,1,5
105111,1414,25,pending,1,6
105111,1415,26,pending,1,6
105111,726,27,pending,0,6
105111,1416,28,pending,1,6
105111,1418,29,pending,1,6
105111,1420,30,pending,1,7
105111,1422,31,pending,1,7
102901,1291,10,completed,1,3
102901,1285,15,completed,1,4
102901,1293,16,completed,1,4
105111,684,32,pending,0,7
105111,1625,33,pending,0,7
105111,428,34,pending,0,7
105111,125,35,pending,0,8
105111,448,36,pending,0,8
101891,1327,15,completed,1,4
101891,1336,16,completed,1,4
101891,1337,17,completed,1,4
102901,1284,11,completed,1,3
102901,1280,12,completed,1,3
102901,1292,13,completed,1,3
102901,1495,14,completed,0,3
102902,1202,10,completed,0,3
102901,1286,17,completed,1,4
102901,1294,18,completed,1,4
102901,1600,19,completed,0,4
102902,1286,15,completed,1,4
102902,1294,16,completed,1,4
105111,449,37,pending,0,8
105111,824,38,pending,0,8
105111,637,39,pending,0,8
101762,1155,35,completed,1,8
101762,1163,36,completed,1,8
101762,142,37,completed,0,8
101762,1166,38,completed,1,8
101762,1169,39,completed,1,8
101891,925,18,completed,0,4
101891,1450,19,completed,0,4
102902,1280,11,completed,1,3
102902,1292,12,completed,1,3
102902,1325,13,completed,0,3
102902,1285,14,completed,1,3
102902,1295,17,completed,1,4
102902,1296,18,completed,1,4
102902,1297,19,completed,1,4
101891,1332,10,completed,1,3
101891,1260,11,completed,0,3
102905,81,10,completed,0,3
102905,1074,15,completed,0,4
102905,1215,16,completed,0,4
101891,1333,12,completed,1,3
101891,569,13,completed,0,3
101891,1443,14,completed,0,3
102905,1436,11,completed,0,3
102905,1468,12,completed,0,3
102905,570,13,completed,0,3
102905,1335,14,completed,0,3
102905,308,17,completed,0,4
102905,1116,18,completed,0,4
102905,1120,19,completed,0,4
101898,1292,15,completed,1,4
101898,238,16,completed,0,4
101898,1285,17,completed,1,4
102907,1291,10,completed,1,3
102907,1285,15,completed,1,4
102907,177,16,completed,0,4
100913,1279,10,completed,1,3
100913,916,11,completed,0,3
100913,1284,12,completed,1,3
100913,1280,13,completed,1,3
101898,1293,18,completed,1,4
101898,1286,19,completed,1,4
102907,1284,11,completed,1,3
102907,250,12,completed,0,3
102907,1280,13,completed,1,3
102907,1292,14,completed,1,3
102907,16,17,completed,0,4
102907,79,18,completed,0,4
102907,1293,19,completed,1,4
100913,1292,14,completed,1,3
101772,353,35,completed,0,8
101772,356,36,completed,0,8
101772,1164,37,completed,0,8
101772,152,38,completed,0,8
101772,162,39,completed,0,8
101898,480,10,completed,0,3
101898,1279,11,completed,1,3
100913,1260,15,completed,0,4
100913,1293,16,completed,1,4
100913,1606,17,completed,0,4
101898,1291,12,completed,1,3
101898,1284,13,completed,1,3
101898,1280,14,completed,1,3
100913,1286,18,completed,1,4
100913,1295,19,completed,1,4
102917,413,10,completed,0,3
102917,1272,15,completed,1,4
102917,1126,16,completed,1,4
102917,1216,11,completed,1,3
102917,1118,12,completed,1,3
102917,1343,13,completed,0,3
102917,1122,14,completed,1,3
102917,1228,17,completed,1,4
102917,1626,18,completed,0,4
102917,1231,19,completed,1,4
101916,1394,15,completed,1,4
101916,1399,16,completed,1,4
101916,1407,17,completed,1,4
105064,1117,18,completed,1,4
101783,345,35,completed,0,8
101783,453,36,completed,0,8
101783,969,37,completed,0,8
101783,468,38,completed,0,8
101783,470,39,completed,0,8
105064,95,19,completed,0,4
105065,1345,15,completed,1,4
105065,1346,16,completed,1,4
101916,1400,18,completed,1,4
101916,178,19,completed,0,4
101919,928,15,completed,0,4
101919,581,16,completed,0,4
101919,1083,17,completed,0,4
101916,1392,10,completed,1,3
101916,1404,11,completed,1,3
101919,1228,18,completed,1,4
101919,1129,19,completed,1,4
101788,982,35,completed,0,8
101788,633,36,completed,0,8
101788,1565,37,completed,0,8
101788,1567,38,completed,0,8
101788,1185,39,completed,0,8
101916,658,12,completed,0,3
101916,1393,13,completed,1,3
101916,1405,14,completed,1,3
102930,277,10,completed,0,3
102930,1326,15,completed,1,4
102930,1071,16,completed,0,4
101919,1472,10,completed,0,3
101919,1102,11,completed,1,3
102930,1332,11,completed,1,3
102930,1488,12,completed,0,3
102930,1325,13,completed,1,3
102930,1333,14,completed,1,3
102930,1327,17,completed,1,4
102930,1205,18,completed,0,4
102930,1336,19,completed,1,4
101919,1253,12,completed,1,3
101919,922,13,completed,0,3
101919,1339,14,completed,0,3
105065,1354,18,completed,1,4
102936,267,10,completed,0,3
105065,1232,19,completed,0,4
102936,911,15,completed,0,4
102936,1719,16,completed,0,4
102936,269,11,completed,0,3
102936,1593,12,completed,0,3
102936,213,13,completed,0,3
102936,33,14,completed,0,3
102936,1435,17,completed,0,4
102936,1607,18,completed,0,4
102936,304,19,completed,0,4
101931,1336,15,completed,1,4
101931,1216,16,completed,0,4
101931,1339,17,completed,1,4
101931,1267,18,completed,0,4
101931,1343,19,completed,1,4
101808,1165,35,completed,1,8
101808,1174,36,completed,1,8
101808,845,37,completed,0,8
101808,1177,38,completed,1,8
101808,1191,39,completed,1,8
100945,1602,10,completed,0,3
100945,869,11,completed,0,3
100945,1200,12,completed,1,3
100945,1197,13,completed,1,3
101931,1702,10,completed,0,3
101931,1333,11,completed,1,3
100945,1102,14,completed,1,3
101931,1496,12,completed,0,3
101931,1334,13,completed,1,3
101931,18,14,completed,0,3
102946,1392,10,completed,1,3
102946,1393,15,completed,1,4
102946,1405,16,completed,1,4
102946,765,11,completed,0,3
102946,1404,12,completed,1,3
102946,708,13,completed,0,3
102946,658,14,completed,0,3
102946,1398,17,completed,1,4
102946,1394,18,completed,1,4
102946,1399,19,completed,1,4
100945,1718,15,completed,0,4
100945,59,16,completed,0,4
100945,1253,17,completed,1,4
101941,191,15,completed,0,4
101941,574,16,completed,0,4
101941,1267,17,completed,0,4
100951,1472,10,completed,0,3
100951,1398,11,completed,1,3
100951,1394,12,completed,1,3
100951,1406,13,completed,1,3
100945,881,18,completed,0,4
100945,42,19,completed,0,4
101941,1417,18,completed,0,4
101941,791,19,completed,0,4
100951,1399,14,completed,1,3
100952,1197,10,completed,1,3
100952,1332,11,completed,0,3
100952,911,12,completed,0,3
100952,282,13,completed,0,3
101943,1408,15,completed,1,4
101943,1443,16,completed,0,4
101943,1401,17,completed,1,4
100952,1115,14,completed,1,3
101941,57,10,completed,0,3
101941,1700,11,completed,0,3
101943,1409,18,completed,1,4
101943,1410,19,completed,1,4
100951,1407,15,completed,1,4
100951,1400,16,completed,1,4
100951,1607,17,completed,0,4
101941,488,12,completed,0,3
101941,40,13,completed,0,3
101941,1475,14,completed,0,3
100951,1408,18,completed,1,4
100951,1112,19,completed,0,4
100952,1501,15,completed,0,4
100952,1116,16,completed,1,4
100952,1268,17,completed,1,4
101943,1405,10,completed,1,3
101943,1398,11,completed,1,3
100956,1332,10,completed,1,3
100956,1002,11,completed,0,3
100956,278,12,completed,0,3
100956,1442,13,completed,0,3
100952,1121,18,completed,1,4
100952,1222,19,completed,1,4
101943,1399,12,completed,1,3
101943,1407,13,completed,1,3
101943,661,14,completed,0,3
101820,1172,35,completed,0,8
101820,635,36,completed,0,8
101820,850,37,completed,0,8
101820,376,38,completed,0,8
101820,1189,39,completed,0,8
100956,661,14,completed,0,3
100958,1061,10,completed,0,3
100958,1320,11,completed,1,3
100958,1332,12,completed,1,3
100958,1260,13,completed,0,3
100958,1333,14,completed,1,3
100956,1336,15,completed,1,4
100956,1343,16,completed,1,4
100956,1304,17,completed,0,4
100956,1347,18,completed,1,4
100956,1513,19,completed,0,4
100958,1719,15,completed,0,4
100958,1334,16,completed,1,4
100958,81,17,completed,0,4
100963,1495,10,completed,0,3
100963,1333,11,completed,1,3
100963,1336,12,completed,1,3
100963,1337,13,completed,1,3
100958,1327,18,completed,1,4
100958,280,19,completed,0,4
100963,1339,14,completed,1,3
100964,1279,10,completed,1,3
100964,219,11,completed,0,3
100964,1291,12,completed,1,3
100964,771,13,completed,0,3
101826,981,36,completed,0,8
101826,1180,37,completed,1,8
101826,157,38,completed,0,8
101826,1189,39,completed,1,8
102963,1061,10,completed,0,3
102963,1262,15,completed,0,4
102963,570,16,completed,0,4
100964,1717,14,completed,0,3
102963,1069,11,completed,0,3
102963,1210,12,completed,0,3
102963,911,13,completed,0,3
102963,781,14,completed,0,3
102963,782,17,completed,0,4
102963,1263,18,completed,0,4
102963,783,19,completed,0,4
100967,254,10,completed,0,3
100967,397,11,completed,0,3
100967,1246,12,completed,0,3
100967,1290,13,completed,0,3
100963,726,15,completed,0,4
100963,1343,16,completed,1,4
100963,1121,17,completed,0,4
101963,726,15,completed,0,4
101963,1343,16,completed,1,4
101963,1345,17,completed,1,4
100967,715,14,completed,0,3
100963,1346,18,completed,1,4
100963,1347,19,completed,1,4
100964,395,15,completed,0,4
100964,1292,16,completed,1,4
100964,1285,17,completed,1,4
101963,1347,18,completed,1,4
101963,317,19,completed,0,4
100964,1286,18,completed,1,4
100964,1294,19,completed,1,4
100967,1097,15,completed,0,4
100967,1398,16,completed,0,4
100967,238,17,completed,0,4
101963,1334,10,completed,1,3
101963,1335,11,completed,1,3
102969,1323,10,completed,1,3
102969,1320,15,completed,1,4
102969,1605,16,completed,0,4
100967,1489,18,completed,0,4
100967,1261,19,completed,0,4
101963,1336,12,completed,1,3
101963,1337,13,completed,1,3
101963,1341,14,completed,1,3
102969,1319,11,completed,1,3
102969,1331,12,completed,1,3
102969,1487,13,completed,0,3
102969,1324,14,completed,1,3
102969,1326,17,completed,1,4
102969,911,18,completed,0,4
102969,1334,19,completed,1,4
105127,1287,20,pending,1,5
105127,262,5,completed,0,2
105127,1277,6,completed,1,2
100971,1488,15,completed,0,4
100971,278,16,completed,0,4
100971,279,17,completed,0,4
101838,360,35,completed,0,8
105127,1295,21,pending,1,5
105127,1297,22,pending,1,5
105127,1299,23,pending,1,5
105127,1300,24,pending,1,5
105127,1301,25,pending,1,6
100981,1393,10,completed,1,3
100981,1405,11,completed,1,3
100971,1609,18,completed,0,4
100971,887,19,completed,0,4
105127,676,26,pending,0,6
105127,1302,27,pending,1,6
105127,1305,28,pending,1,6
105127,1273,29,pending,0,6
105127,893,30,pending,0,7
100981,1398,12,completed,1,3
100981,1406,13,completed,1,3
100981,1495,14,completed,0,3
101974,1215,15,completed,1,4
101974,574,16,completed,0,4
101974,1267,17,completed,1,4
105127,1307,31,pending,1,7
105127,200,32,pending,0,7
105127,1309,33,pending,1,7
105127,1311,34,pending,1,7
105127,1312,35,pending,1,8
101974,310,18,completed,0,4
101974,926,19,completed,0,4
101838,1558,36,completed,0,8
101838,1177,37,completed,1,8
101838,1183,38,completed,1,8
101838,1190,39,completed,1,8
101840,1378,35,completed,1,8
101840,1382,36,completed,1,8
101840,978,37,completed,0,8
101840,1560,38,completed,0,8
101840,1179,39,completed,0,8
105127,1230,36,pending,0,8
105127,969,37,pending,0,8
105127,1551,38,pending,0,8
105127,641,39,pending,0,8
101974,1203,10,completed,1,3
101974,1254,11,completed,1,3
101974,1204,12,completed,1,3
101974,186,13,completed,0,3
101974,1113,14,completed,1,3
100995,1279,10,completed,1,3
100995,183,11,completed,0,3
100981,79,15,completed,0,4
100981,1399,16,completed,1,4
100981,1407,17,completed,1,4
100995,1284,12,completed,1,3
100995,909,13,completed,0,3
100995,1280,14,completed,1,3
100981,1400,18,completed,1,4
100981,1408,19,completed,1,4
101852,470,36,completed,0,8
101852,641,37,completed,0,8
101852,858,38,completed,0,8
101852,860,39,completed,0,8
101994,1112,15,completed,1,4
101994,883,16,completed,0,4
101994,1115,17,completed,1,4
101994,1265,18,completed,1,4
101994,1215,19,completed,1,4
102985,1404,10,completed,1,3
102985,558,11,completed,0,3
102985,658,12,completed,0,3
102985,1393,13,completed,1,3
102985,1405,14,completed,1,3
102985,1398,15,completed,1,4
102985,278,16,completed,0,4
102985,1407,17,completed,1,4
102985,1294,18,completed,0,4
102985,1408,19,completed,1,4
101003,486,5,completed,0,2
101003,1329,6,completed,1,2
101003,1318,7,completed,1,2
101003,236,8,completed,0,2
101003,1196,9,completed,0,2
102000,1147,25,completed,1,6
102000,756,26,completed,0,6
102000,1150,27,completed,1,6
102000,1645,28,completed,0,6
102000,1647,29,completed,0,6
101999,1212,10,completed,1,3
101999,1255,11,completed,1,3
101999,782,12,completed,0,3
101999,1214,13,completed,1,3
101999,1223,20,completed,1,5
101999,1084,21,completed,0,5
101999,794,22,completed,0,5
101999,1130,23,completed,1,5
101999,1230,24,completed,1,5
103005,1602,5,completed,0,2
103005,1067,6,completed,0,2
103005,21,7,completed,0,2
103005,1252,8,completed,1,2
103005,1260,9,completed,1,2
101999,190,14,completed,0,3
102994,866,10,completed,0,3
102994,1252,11,completed,1,3
101999,1134,25,completed,1,6
101999,805,26,completed,0,6
101999,1137,27,completed,1,6
101999,1239,28,completed,1,6
101999,1143,29,completed,1,6
101999,1219,15,completed,1,4
101999,1270,16,completed,1,4
101999,1220,17,completed,1,4
101999,677,18,completed,0,4
101999,1121,19,completed,1,4
102994,1253,12,completed,1,3
102994,1204,13,completed,1,3
102994,1436,14,completed,0,3
101999,602,30,completed,0,7
101999,1147,31,completed,1,7
101999,339,32,completed,0,7
101999,1373,33,completed,0,7
101999,135,34,completed,0,7
103000,1286,18,completed,1,4
103000,1295,19,completed,1,4
102003,1364,25,completed,1,6
102003,602,26,completed,0,6
102003,1368,27,completed,1,6
102003,1372,28,completed,1,6
103000,571,20,completed,0,5
103000,1296,21,completed,1,5
103000,1297,22,completed,1,5
103000,1299,23,completed,1,5
103000,1300,24,completed,1,5
105587,1706,6,completed,0,2
105587,1403,7,completed,1,2
105587,479,8,completed,0,2
105587,1396,9,completed,1,2
102994,1213,15,completed,1,4
102994,1297,16,completed,0,4
100995,1299,25,completed,1,6
102994,1115,17,completed,1,4
102994,1219,18,completed,1,4
102994,1079,19,completed,0,4
101994,1247,10,completed,1,3
101994,704,11,completed,0,3
101994,1717,12,completed,0,3
101994,1260,13,completed,1,3
101994,1253,14,completed,1,3
100995,1301,26,completed,1,6
100995,1302,27,completed,1,6
100995,1305,28,completed,1,6
100995,1306,29,completed,1,6
101003,1343,20,completed,1,5
101003,1509,21,completed,0,5
101003,1352,22,completed,1,5
101003,1354,23,completed,1,5
101003,1355,24,completed,1,5
102012,1305,25,completed,1,6
102012,1306,26,completed,1,6
102012,1307,27,completed,1,6
102012,1309,28,completed,1,6
105131,1351,20,pending,0,5
105131,1311,21,pending,0,5
105131,1229,22,pending,0,5
102013,1150,25,completed,1,6
102013,1535,26,completed,0,6
102013,452,27,completed,0,6
102013,1655,28,completed,0,6
102013,545,29,completed,0,6
102018,1415,25,completed,1,6
102018,416,26,completed,0,6
102018,1416,27,completed,1,6
102013,1168,30,completed,1,7
102013,1170,31,completed,1,7
105131,1710,5,completed,0,2
105131,486,6,completed,0,2
105131,664,7,completed,0,2
105131,26,8,completed,0,2
105131,1060,9,completed,0,2
105078,783,16,completed,0,4
105131,107,23,pending,0,5
105131,691,24,pending,0,5
105131,329,25,pending,0,6
105131,516,26,pending,0,6
105131,1139,27,pending,0,6
100981,134,35,completed,0,8
100981,367,36,completed,0,8
100981,1180,37,completed,0,8
100981,641,38,completed,0,8
100981,854,39,completed,0,8
105131,521,28,pending,0,6
105131,523,29,pending,0,6
105131,1368,30,pending,0,7
105131,338,31,pending,0,7
105131,1152,32,pending,0,7
105131,345,33,pending,0,7
105131,464,34,pending,0,7
105131,365,35,pending,0,8
105131,372,36,pending,0,8
105131,1568,37,pending,0,8
106034,1281,5,completed,1,2
106034,1277,6,completed,1,2
106034,1706,7,completed,0,2
106034,1289,8,completed,1,2
105131,853,38,pending,0,8
105131,859,39,pending,0,8
106034,1290,10,pending,1,3
106034,1283,11,pending,1,3
106034,1284,12,pending,1,3
106034,1292,13,pending,1,3
106034,1285,14,pending,1,3
106034,1286,15,pending,1,4
106034,1294,16,pending,1,4
100016,884,20,completed,0,5
100016,1611,21,completed,0,5
100016,1447,22,completed,0,5
100016,1302,23,completed,0,5
100016,889,24,completed,0,5
101019,1341,20,completed,1,5
106034,881,17,pending,0,4
106034,1287,18,pending,1,4
106034,1436,19,pending,0,4
106034,1295,20,pending,1,5
106034,44,21,pending,0,5
106034,1297,22,pending,1,5
106034,1300,23,pending,1,5
101019,1344,21,completed,1,5
101019,1345,22,completed,1,5
101019,1223,23,completed,0,5
101019,685,24,completed,0,5
106034,1301,24,pending,1,5
106034,1302,25,pending,1,6
106034,1014,26,pending,0,6
106034,1306,27,pending,1,6
106034,1307,28,pending,1,6
106034,733,29,pending,0,6
100016,1306,25,completed,0,6
100016,1022,26,completed,0,6
100016,431,27,completed,0,6
105078,415,17,completed,0,4
105078,1304,18,completed,0,4
105993,1471,6,completed,0,2
105993,1247,7,completed,1,2
105993,1261,8,completed,1,2
105993,1204,9,completed,1,2
106034,1309,30,pending,1,7
106034,1349,31,pending,0,7
106034,507,32,pending,0,7
106034,1310,33,pending,1,7
106034,1311,34,pending,1,7
100016,327,28,completed,0,6
100016,517,29,completed,0,6
101024,1345,20,completed,1,5
106034,1312,35,pending,1,8
106034,1137,36,pending,0,8
106034,963,37,pending,0,8
106034,1381,38,pending,0,8
106034,1172,39,pending,0,8
101024,1346,21,completed,1,5
101024,731,22,completed,0,5
101024,423,23,completed,0,5
101024,508,24,completed,0,5
101026,1407,20,completed,1,5
100995,1313,35,completed,1,8
100995,741,36,completed,0,8
100995,1374,37,completed,0,8
100995,1380,38,completed,0,8
102031,898,25,completed,0,6
102031,1518,26,completed,0,6
102031,1521,27,completed,0,6
102031,433,28,completed,0,6
102031,808,29,completed,0,6
104094,571,19,completed,0,4
104197,1222,17,completed,1,4
101026,1400,21,completed,1,5
101026,304,22,completed,0,5
101026,43,23,completed,0,5
101026,1409,24,completed,1,5
100995,621,39,completed,0,8
101003,1360,25,completed,1,6
101003,332,26,completed,0,6
101003,1365,27,completed,1,6
101003,1366,28,completed,1,6
101003,1370,29,completed,1,6
100033,1223,20,completed,1,5
100033,421,21,completed,0,5
100033,1224,22,completed,1,5
100033,1132,23,completed,1,5
100033,741,24,completed,0,5
101035,1436,20,completed,0,5
104409,1003,19,completed,0,4
100033,1235,25,completed,1,6
100033,1137,26,completed,1,6
100033,945,27,completed,0,6
101035,1005,21,completed,0,5
101035,308,22,completed,0,5
101035,573,23,completed,0,5
101035,192,24,completed,0,5
101036,413,20,completed,0,5
100033,1240,28,completed,1,6
100033,523,29,completed,0,6
101036,1501,21,completed,0,5
101036,1266,22,completed,0,5
101036,1267,23,completed,0,5
101036,94,24,completed,0,5
100043,1417,20,completed,0,5
100043,1353,21,completed,0,5
100043,1360,22,completed,0,5
100043,1523,23,completed,0,5
100043,1031,24,completed,0,5
100043,810,25,completed,0,6
100043,121,26,completed,0,6
100043,815,27,completed,0,6
101019,1352,25,completed,1,6
104641,1286,18,completed,1,4
104641,1204,19,completed,0,4
100043,1537,28,completed,0,6
100043,1156,29,completed,0,6
101019,1355,26,completed,1,6
101019,1356,27,completed,1,6
101019,1358,28,completed,1,6
101019,1360,29,completed,1,6
100048,1296,20,completed,1,5
100048,1299,21,completed,1,5
100048,1302,22,completed,1,5
100048,1080,23,completed,0,5
100048,1304,24,completed,1,5
101024,323,25,completed,0,6
104708,1409,18,completed,1,4
104708,1410,19,completed,1,4
101024,1353,26,completed,1,6
101024,1356,27,completed,1,6
101024,1360,28,completed,1,6
101024,1363,29,completed,1,6
100048,1305,25,completed,1,6
100048,893,26,completed,0,6
100048,1306,27,completed,1,6
101026,1410,25,completed,1,6
100048,1307,28,completed,1,6
100048,1309,29,completed,1,6
101026,1411,26,completed,1,6
101026,1412,27,completed,1,6
101026,1413,28,completed,1,6
101026,1414,29,completed,1,6
106038,1391,5,completed,1,2
106038,1095,6,completed,0,2
106038,1403,7,completed,1,2
101055,1295,20,completed,1,5
106038,1392,8,completed,1,2
104905,1216,18,completed,1,4
104905,1076,19,completed,0,4
101055,1476,21,completed,0,5
101055,1297,22,completed,1,5
101055,1299,23,completed,1,5
101055,1300,24,completed,1,5
101056,1341,20,completed,1,5
106038,1101,10,pending,0,3
106038,1393,11,pending,1,3
106038,1252,12,pending,0,3
106038,1394,13,pending,1,3
106038,1406,14,pending,1,3
101056,1269,21,completed,0,5
101056,1344,22,completed,1,5
101056,1345,23,completed,1,5
101056,1346,24,completed,1,5
106038,1399,15,pending,1,4
106038,1408,16,pending,1,4
106038,1401,17,pending,1,4
106038,1409,18,pending,1,4
106038,1410,19,pending,1,4
106038,494,20,pending,0,5
106038,1411,21,pending,1,5
106038,1412,22,pending,1,5
106038,1414,23,pending,1,5
106038,499,24,pending,0,5
101058,1112,20,completed,0,5
106038,1416,25,pending,1,6
106038,1417,26,pending,1,6
106038,1418,27,pending,1,6
106038,1420,28,pending,1,6
104957,1117,19,completed,1,4
106038,316,29,pending,0,6
101058,1401,21,completed,1,5
101058,1436,22,completed,0,5
101058,492,23,completed,0,5
101058,1411,24,completed,1,5
106038,101,30,pending,0,7
106038,1421,31,pending,1,7
106038,734,32,pending,0,7
106038,1143,33,pending,0,7
106038,1529,34,pending,0,7
106038,1534,35,pending,0,8
101035,576,25,completed,0,6
106038,529,36,pending,0,8
106038,611,37,pending,0,8
106038,147,38,pending,0,8
106038,154,39,pending,0,8
101035,1010,26,completed,0,6
101035,1221,27,completed,0,6
101035,330,28,completed,0,6
101035,1239,29,completed,0,6
101036,926,25,completed,0,6
100062,893,20,completed,0,5
100062,1125,21,completed,0,5
100062,1226,22,completed,0,5
100062,1518,23,completed,0,5
100062,328,24,completed,0,5
103066,1239,28,completed,0,6
103066,1642,29,completed,0,6
101036,683,26,completed,0,6
101036,1229,27,completed,0,6
101036,1627,28,completed,0,6
101036,1235,29,completed,0,6
100063,1297,20,completed,1,5
100063,1300,21,completed,1,5
100063,675,22,completed,0,5
100063,1301,23,completed,1,5
100063,1306,24,completed,1,5
100062,747,25,completed,0,6
100062,117,26,completed,0,6
100062,1369,27,completed,0,6
100062,754,28,completed,0,6
100062,455,29,completed,0,6
100063,1307,25,completed,1,6
100063,583,26,completed,0,6
100063,1309,27,completed,1,6
102068,928,25,completed,0,6
102068,500,26,completed,0,6
102068,1305,27,completed,1,6
102068,1306,28,completed,1,6
102068,1309,29,completed,1,6
102070,1360,25,completed,1,6
102070,1633,26,completed,0,6
102070,745,27,completed,0,6
102070,1363,28,completed,1,6
102070,1367,29,completed,1,6
103213,813,29,completed,0,6
100063,1310,28,completed,1,6
100063,105,29,completed,0,6
103257,1417,26,completed,1,6
103257,1418,27,completed,1,6
103257,730,28,completed,0,6
103257,1420,29,completed,1,6
101077,1270,20,completed,1,5
101077,1222,21,completed,1,5
101077,1227,22,completed,1,5
101077,321,23,completed,0,5
101077,1517,24,completed,0,5
101055,1301,25,completed,1,6
101055,312,26,completed,0,6
101055,1305,27,completed,1,6
101055,1306,28,completed,1,6
101055,1309,29,completed,1,6
101056,1347,25,completed,1,6
103448,1364,27,completed,0,6
103448,336,28,completed,0,6
103448,1152,29,completed,0,6
101083,736,20,completed,0,5
101056,505,26,completed,0,6
101056,743,27,completed,0,6
101056,1360,28,completed,1,6
101056,1363,29,completed,1,6
101083,1625,21,completed,0,5
101083,799,22,completed,0,5
101083,590,23,completed,0,5
101083,515,24,completed,0,5
101058,283,25,completed,0,6
101058,1413,26,completed,1,6
101058,1414,27,completed,1,6
101058,1415,28,completed,1,6
101058,1416,29,completed,1,6
105144,1200,10,completed,0,3
105144,1404,11,completed,0,3
105144,863,5,completed,0,2
105144,391,6,completed,0,2
105144,702,7,completed,0,2
105144,998,8,completed,0,2
105144,769,9,completed,0,2
105144,43,20,pending,0,5
105144,1215,21,pending,0,5
105144,1501,22,pending,0,5
105144,729,23,pending,0,5
105144,1509,24,pending,0,5
105144,103,25,pending,0,6
105144,1514,26,pending,0,6
105144,1130,27,pending,0,6
105144,1236,28,pending,0,6
105144,594,29,pending,0,6
105144,948,30,pending,0,7
101089,1334,20,completed,1,5
105144,337,31,pending,0,7
105144,442,32,pending,0,7
105144,609,33,pending,0,7
105144,1656,34,pending,0,7
102098,1412,25,completed,1,6
102098,1413,26,completed,1,6
102098,1414,27,completed,1,6
102098,1415,28,completed,1,6
102098,1416,29,completed,1,6
103646,1140,29,completed,1,6
100093,1339,20,completed,1,5
100093,1345,21,completed,1,5
100093,1352,22,completed,1,5
100093,1354,23,completed,1,5
100093,1628,24,completed,0,5
101089,1337,21,completed,1,5
101089,1339,22,completed,1,5
101089,1078,23,completed,0,5
101089,1343,24,completed,1,5
105144,353,35,pending,0,8
105144,547,36,pending,0,8
105144,465,37,pending,0,8
105144,843,38,pending,0,8
105144,156,39,pending,0,8
106043,73,10,pending,0,3
106043,1062,11,pending,0,3
106043,1210,12,pending,1,3
106043,1606,13,pending,0,3
106043,1104,14,pending,1,3
106043,42,15,pending,0,4
106043,272,16,pending,0,4
106043,1255,17,pending,1,4
100093,1358,25,completed,1,6
100093,1360,26,completed,1,6
100093,1370,27,completed,1,6
106043,1008,18,pending,0,4
106043,1270,19,pending,1,4
106043,1221,20,pending,1,5
106043,1122,21,pending,1,5
106043,1272,22,pending,1,5
106043,1250,5,completed,1,2
106043,1038,6,completed,0,2
100096,1297,20,completed,1,5
100096,1117,21,completed,0,5
100096,1299,22,completed,1,5
106043,1055,7,completed,0,2
106043,908,8,completed,0,2
106043,1097,9,completed,1,2
100096,1301,23,completed,1,5
100096,726,24,completed,0,5
100093,755,28,completed,0,6
100093,1371,29,completed,1,6
106043,1223,23,pending,1,5
106043,1224,24,pending,1,5
106043,1226,25,pending,1,6
106043,1229,26,pending,1,6
106043,428,27,pending,0,6
106043,1023,28,pending,0,6
106043,1232,29,pending,1,6
106043,1133,30,pending,1,7
106043,1148,31,pending,1,7
106043,135,32,pending,0,7
100101,1411,20,completed,1,5
100101,1412,21,completed,1,5
100101,1413,22,completed,1,5
100101,309,23,completed,0,5
100101,1268,24,completed,0,5
100096,1302,25,completed,1,6
100096,1304,26,completed,1,6
100096,1305,27,completed,1,6
106043,1164,33,pending,1,7
106043,1167,34,pending,1,7
106043,1169,35,pending,1,8
106043,1170,36,pending,1,8
106043,371,37,pending,0,8
100096,681,28,completed,0,6
100096,1307,29,completed,1,6
102109,1302,25,completed,1,6
102109,1304,26,completed,1,6
102109,1305,27,completed,1,6
102109,1223,28,completed,0,6
102109,1306,29,completed,1,6
103784,118,29,completed,0,6
103847,1132,27,completed,1,6
103847,515,28,completed,0,6
103847,1138,29,completed,1,6
106043,1180,38,pending,1,8
106043,1191,39,pending,1,8
100101,1416,25,completed,1,6
100101,1417,26,completed,1,6
100101,1418,27,completed,1,6
100105,1126,20,completed,1,5
100105,735,21,completed,0,5
100105,508,22,completed,0,5
100105,1130,23,completed,1,5
100105,1132,24,completed,1,5
100101,1083,28,completed,0,6
100101,1420,29,completed,1,6
101077,1140,25,completed,1,6
100105,1232,25,completed,1,6
100105,1025,26,completed,0,6
100105,1138,27,completed,1,6
101077,1635,26,completed,0,6
101077,1636,27,completed,0,6
101077,333,28,completed,0,6
101077,134,29,completed,0,6
100105,1239,28,completed,1,6
100105,750,29,completed,0,6
101083,120,25,completed,0,6
101083,339,26,completed,0,6
101083,444,27,completed,0,6
101083,1370,28,completed,0,6
101083,1533,29,completed,0,6
102000,1179,36,completed,1,8
102120,455,30,completed,0,7
102120,813,25,completed,0,6
102120,1641,26,completed,0,6
102120,1535,27,completed,0,6
102120,529,28,completed,0,6
102120,454,29,completed,0,6
102126,1302,25,completed,1,6
102000,1180,37,completed,1,8
102000,1181,38,completed,1,8
102000,1191,39,completed,1,8
102003,964,35,completed,0,8
102003,1550,36,completed,0,8
102003,628,37,completed,0,8
102003,149,38,completed,0,8
102003,856,39,completed,0,8
100117,1353,20,completed,1,5
100117,1354,21,completed,1,5
100117,515,22,completed,0,5
100117,1028,23,completed,0,5
100117,1526,24,completed,0,5
100118,1411,20,completed,1,5
100118,1412,21,completed,1,5
100118,1413,22,completed,1,5
100118,1339,23,completed,0,5
100118,1414,24,completed,1,5
101089,1347,25,completed,1,6
100117,1365,25,completed,1,6
100117,1368,26,completed,1,6
100117,444,27,completed,0,6
101089,505,26,completed,0,6
101089,321,27,completed,0,6
101089,1631,28,completed,0,6
101089,1361,29,completed,1,6
102126,419,27,completed,0,6
102126,1305,28,completed,1,6
102126,1306,29,completed,1,6
102126,199,30,completed,0,7
102126,1309,31,completed,1,7
102126,1310,32,completed,1,7
100117,755,28,completed,0,6
100117,1371,29,completed,1,6
100118,575,25,completed,0,6
100118,1415,26,completed,1,6
100118,1416,27,completed,1,6
100118,1418,28,completed,1,6
100118,316,29,completed,0,6
102130,1300,25,completed,0,6
102130,1416,26,completed,1,6
102130,1417,27,completed,1,6
102130,1418,28,completed,1,6
102130,1420,29,completed,1,6
102012,1382,35,completed,0,8
102012,144,36,completed,0,8
102137,726,25,completed,0,6
102137,1416,26,completed,1,6
102137,1417,27,completed,1,6
102137,313,28,completed,0,6
102137,1420,29,completed,1,6
102138,1132,25,completed,1,6
102138,1134,26,completed,1,6
102138,1135,27,completed,1,6
102138,1138,28,completed,1,6
102138,1141,29,completed,1,6
102139,1088,25,completed,0,6
102139,738,26,completed,0,6
102139,1356,27,completed,0,6
102139,1522,28,completed,0,6
102137,1421,30,completed,1,7
102137,1422,31,completed,1,7
102137,746,32,completed,0,7
102137,1240,33,completed,0,7
102018,432,35,completed,0,8
102018,808,36,completed,0,8
102018,118,37,completed,0,8
106047,1289,5,completed,1,2
102141,1417,25,completed,1,6
102141,1418,26,completed,1,6
102141,503,27,completed,0,6
102141,1420,28,completed,1,6
102141,1125,29,completed,0,6
102018,1650,38,completed,0,8
102018,1156,39,completed,0,8
106047,1282,6,completed,1,2
106047,1284,10,pending,1,3
106047,1280,11,pending,1,3
106047,1292,12,pending,1,3
106047,1285,13,pending,1,3
106047,1293,14,pending,1,3
106047,1294,15,pending,1,4
106047,1287,16,pending,1,4
106047,874,17,pending,0,4
106047,1295,18,pending,1,4
106047,1296,19,pending,1,4
106047,1297,20,pending,1,5
106047,923,21,pending,0,5
106047,1300,22,pending,1,5
106047,1301,23,pending,1,5
106047,1302,24,pending,1,5
106047,1220,25,pending,0,6
106047,1304,26,pending,1,6
102031,1166,35,completed,0,8
102031,1171,36,completed,0,8
106047,501,27,pending,0,6
106047,1306,28,pending,1,6
106047,1015,29,pending,0,6
106047,1310,30,pending,1,7
106047,1313,31,pending,1,7
106047,430,32,pending,0,7
106047,803,33,pending,0,7
106047,608,34,pending,0,7
106047,352,35,pending,0,8
106047,1546,36,pending,0,8
106047,1555,37,pending,0,8
106047,630,38,pending,0,8
106047,1176,39,pending,0,8
102031,853,38,completed,0,8
102031,644,39,completed,0,8
100151,1121,20,completed,1,5
100151,1221,21,completed,1,5
100151,1014,22,completed,0,5
100151,1123,23,completed,1,5
100151,1126,24,completed,1,5
101147,1126,20,completed,0,5
100151,1133,25,completed,1,6
100151,1235,26,completed,1,6
100151,1136,27,completed,1,6
101147,1349,21,completed,1,5
101147,1228,22,completed,0,5
101147,1352,23,completed,1,5
102164,1374,25,completed,0,6
102164,1157,26,completed,1,6
102164,134,27,completed,0,6
102164,827,28,completed,0,6
102164,972,29,completed,0,6
101147,940,24,completed,0,5
101148,112,20,completed,0,5
100151,1358,28,completed,0,6
100151,1241,29,completed,1,6
101148,1358,21,completed,1,5
101148,1360,22,completed,1,5
101148,1523,23,completed,0,5
101148,599,24,completed,0,5
101150,1411,20,completed,1,5
101150,1265,21,completed,0,5
101150,1412,22,completed,1,5
101150,1413,23,completed,1,5
101150,1414,24,completed,1,5
100166,668,20,completed,0,5
100166,1287,21,completed,1,5
100166,1297,22,completed,1,5
100166,1299,23,completed,1,5
100166,1449,24,completed,0,5
101158,507,20,completed,0,5
100167,93,20,completed,0,5
100167,1299,21,completed,1,5
100167,1300,22,completed,1,5
100167,1009,23,completed,0,5
100167,1270,24,completed,0,5
101158,898,21,completed,0,5
101158,687,22,completed,0,5
101158,1230,23,completed,0,5
101158,1313,24,completed,0,5
100166,1300,25,completed,1,6
100166,1119,26,completed,0,6
100166,1302,27,completed,1,6
100166,1616,28,completed,0,6
100166,98,29,completed,0,6
100167,1304,25,completed,1,6
100167,1306,26,completed,1,6
100167,503,27,completed,0,6
101164,1476,20,completed,0,5
100167,1307,28,completed,1,6
100167,1309,29,completed,1,6
101164,1265,21,completed,1,5
101164,1266,22,completed,1,5
101164,1216,23,completed,1,5
101164,888,24,completed,0,5
101165,1409,20,completed,1,5
101165,1410,21,completed,1,5
101165,1411,22,completed,1,5
101165,1413,23,completed,1,5
101165,1414,24,completed,1,5
102185,1411,25,completed,1,6
102185,1412,26,completed,1,6
102185,308,27,completed,0,6
102185,1414,28,completed,1,6
102185,1417,29,completed,1,6
101147,1356,25,completed,1,6
101147,1361,26,completed,1,6
101147,1363,27,completed,1,6
101147,1365,28,completed,1,6
101147,1638,29,completed,0,6
101148,600,25,completed,0,6
101148,1365,26,completed,1,6
101148,1367,27,completed,1,6
101148,603,28,completed,0,6
101148,1371,29,completed,1,6
101150,1415,25,completed,1,6
102068,1638,35,completed,0,8
102068,750,36,completed,0,8
102068,529,37,completed,0,8
102068,1376,38,completed,0,8
102068,844,39,completed,0,8
102070,1376,35,completed,1,8
102070,827,36,completed,0,8
102070,540,37,completed,0,8
102070,1386,38,completed,1,8
102070,1172,39,completed,0,8
101150,1416,26,completed,1,6
101150,1417,27,completed,1,6
101150,1418,28,completed,1,6
101150,1222,29,completed,0,6
101187,1337,20,completed,0,5
101187,889,21,completed,0,5
101187,580,22,completed,0,5
101187,197,23,completed,0,5
101187,421,24,completed,0,5
101188,1083,20,completed,0,5
100192,1345,20,completed,1,5
100192,503,21,completed,0,5
100192,1022,22,completed,0,5
100192,430,23,completed,0,5
100192,1355,24,completed,1,5
101188,100,21,completed,0,5
101188,423,22,completed,0,5
101188,1311,23,completed,0,5
101188,939,24,completed,0,5
101158,595,25,completed,0,6
100196,1401,20,completed,1,5
100196,305,21,completed,0,5
100196,1409,22,completed,1,5
100196,671,23,completed,0,5
100196,1411,24,completed,1,5
100192,1357,25,completed,1,6
100192,1358,26,completed,1,6
100192,117,27,completed,0,6
101158,697,26,completed,0,6
101158,1642,27,completed,0,6
101158,962,28,completed,0,6
101158,825,29,completed,0,6
100197,883,20,completed,0,5
100197,722,21,completed,0,5
100197,1301,22,completed,1,5
100197,1302,23,completed,1,5
100197,1304,24,completed,1,5
100192,1368,28,completed,1,6
100192,1370,29,completed,1,6
102213,1353,25,completed,1,6
102213,1354,26,completed,1,6
102213,1355,27,completed,1,6
102213,1356,28,completed,1,6
102213,1635,29,completed,0,6
100196,1412,25,completed,1,6
100196,1339,26,completed,0,6
100196,1415,27,completed,1,6
101164,1269,25,completed,1,6
100196,1416,28,completed,1,6
100196,1220,29,completed,0,6
100197,1305,25,completed,1,6
100197,730,26,completed,0,6
100197,1306,27,completed,1,6
101164,1618,26,completed,0,6
101164,1125,27,completed,1,6
101164,1227,28,completed,1,6
101164,1130,29,completed,1,6
101165,1268,25,completed,0,6
106059,1404,10,pending,1,3
100197,1309,28,completed,1,6
100197,1310,29,completed,1,6
101165,1415,26,completed,1,6
101165,1416,27,completed,1,6
101165,1083,28,completed,0,6
101165,1420,29,completed,1,6
106059,1393,11,pending,1,3
106059,1405,12,pending,1,3
106059,1398,13,pending,1,3
106059,1406,14,pending,1,3
106059,1399,15,pending,1,4
106059,13,5,completed,0,2
106059,1396,6,completed,1,2
106059,1675,7,completed,0,2
106059,244,8,completed,0,2
106059,703,9,completed,0,2
106059,1407,16,pending,1,4
106059,880,17,pending,0,4
101200,1075,20,completed,0,5
106059,1400,18,pending,1,4
106059,1211,19,pending,0,4
106059,1408,20,pending,1,5
106059,1409,21,pending,1,5
106059,1410,22,pending,1,5
106059,1411,23,pending,1,5
106059,1415,24,pending,1,5
101200,1448,21,completed,0,5
101200,1299,22,completed,0,5
101200,786,23,completed,0,5
101200,925,24,completed,0,5
106059,1078,25,pending,0,6
106059,1416,26,pending,1,6
106059,1302,27,pending,0,6
106059,1417,28,pending,1,6
106059,1418,29,pending,1,6
106059,1420,30,pending,1,7
106059,1421,31,pending,1,7
106059,1422,32,pending,1,7
100210,1123,20,completed,1,5
100210,1223,21,completed,1,5
100210,1226,22,completed,1,5
100210,1229,23,completed,1,5
100210,509,24,completed,0,5
102225,1232,25,completed,1,6
102225,1025,26,completed,0,6
102225,592,27,completed,0,6
102225,1137,28,completed,1,6
106059,1086,33,pending,0,7
106059,805,34,pending,0,7
106059,599,35,pending,0,8
106059,611,36,pending,0,8
106059,1163,37,pending,0,8
106059,152,38,pending,0,8
106059,855,39,pending,0,8
100210,1233,25,completed,1,6
100210,516,26,completed,0,6
100210,1138,27,completed,1,6
100210,1141,28,completed,1,6
100210,1145,29,completed,1,6
102230,1302,25,completed,1,6
102230,677,26,completed,0,6
102230,1304,27,completed,1,6
102230,1306,28,completed,1,6
102230,1307,29,completed,1,6
102098,336,35,completed,0,8
102233,1300,25,completed,1,6
102233,1301,26,completed,1,6
102233,1302,27,completed,1,6
102233,1304,28,completed,1,6
102233,1305,29,completed,1,6
102098,446,37,completed,0,8
102098,133,38,completed,0,8
102098,845,39,completed,0,8
101211,1358,20,completed,0,5
101187,1085,25,completed,0,6
101211,516,21,completed,0,5
101211,599,22,completed,0,5
101211,122,23,completed,0,5
101211,1374,24,completed,0,5
101187,1518,26,completed,0,6
101187,1236,27,completed,0,6
101187,124,28,completed,0,6
101187,1644,29,completed,0,6
101188,517,25,completed,0,6
101188,947,26,completed,0,6
101188,1147,27,completed,0,6
101188,1532,28,completed,0,6
101188,606,29,completed,0,6
100224,1007,20,completed,0,5
100224,1076,21,completed,0,5
100224,1299,22,completed,0,5
100224,1270,23,completed,0,5
100224,1453,24,completed,0,5
102109,690,35,completed,0,8
102109,432,36,completed,0,8
102109,1241,37,completed,0,8
102109,960,38,completed,0,8
102109,980,39,completed,0,8
100225,1336,20,completed,1,5
100225,1337,21,completed,1,5
100225,1351,22,completed,1,5
100225,1352,23,completed,1,5
100225,1353,24,completed,1,5
101215,1223,20,completed,1,5
100224,1227,25,completed,0,6
100224,1128,26,completed,0,6
100224,735,27,completed,0,6
101215,503,21,completed,0,5
101215,1310,22,completed,0,5
101215,1228,23,completed,1,5
101215,1313,24,completed,0,5
100224,1138,28,completed,0,6
100224,438,29,completed,0,6
100225,1355,25,completed,1,6
100225,1363,26,completed,1,6
100225,523,27,completed,0,6
105157,1480,5,completed,0,2
105157,83,6,completed,0,2
105157,1207,7,completed,1,2
105157,1250,8,completed,1,2
105157,553,9,completed,0,2
100225,814,28,completed,0,6
100225,1369,29,completed,1,6
105157,1120,20,pending,1,5
105157,1220,21,pending,1,5
105157,580,22,pending,0,5
100232,1121,20,completed,0,5
100232,1510,21,completed,0,5
100232,318,22,completed,0,5
100232,505,23,completed,0,5
100232,109,24,completed,0,5
101200,1223,25,completed,0,6
105157,1273,23,pending,1,5
105157,1229,24,pending,1,5
105157,799,25,pending,0,6
105157,1230,26,pending,1,6
105157,1131,27,pending,1,6
102247,1086,25,completed,0,6
102247,319,26,completed,0,6
102247,684,27,completed,0,6
102247,737,28,completed,0,6
102247,1131,29,completed,0,6
102120,1169,35,completed,1,8
102120,372,36,completed,0,8
102120,1181,37,completed,1,8
102120,641,38,completed,0,8
102120,1185,39,completed,1,8
105157,1260,13,completed,1,3
105157,1254,14,completed,1,3
105157,1071,15,completed,0,4
101200,1420,26,completed,0,6
101200,317,27,completed,0,6
101200,684,28,completed,0,6
101200,340,29,completed,0,6
105157,1135,28,pending,1,6
105157,1238,29,pending,1,6
105157,1241,30,pending,1,7
105157,1145,31,pending,1,7
105157,756,32,pending,0,7
100232,1134,25,completed,0,6
100232,944,26,completed,0,6
100232,1238,27,completed,0,6
105157,1549,33,pending,0,7
105157,1164,34,pending,1,7
105157,1172,35,pending,1,8
105157,1175,36,pending,1,8
105157,1179,37,pending,1,8
100232,120,28,completed,0,6
100232,121,29,completed,0,6
105157,1185,38,pending,1,8
105157,1190,39,pending,1,8
100241,1267,20,completed,0,5
100241,1300,21,completed,1,5
100241,1301,22,completed,1,5
100241,1302,23,completed,1,5
100241,1121,24,completed,0,5
102256,722,25,completed,0,6
102256,1412,26,completed,1,6
102256,1413,27,completed,1,6
102256,1414,28,completed,1,6
102256,1613,29,completed,0,6
102130,434,35,completed,0,8
102130,537,36,completed,0,8
102130,966,37,completed,0,8
102130,548,38,completed,0,8
102130,647,39,completed,0,8
106063,906,5,completed,0,2
106063,1281,6,completed,1,2
106063,392,7,completed,0,2
106063,1277,8,completed,1,2
105097,477,15,completed,0,4
106063,1282,10,pending,1,3
106063,1283,11,pending,1,3
106063,1279,12,pending,1,3
106063,1291,13,pending,1,3
100241,1304,25,completed,1,6
100241,1305,26,completed,1,6
100241,730,27,completed,0,6
106063,1284,14,pending,1,3
106063,1280,15,pending,1,4
106063,1292,16,pending,1,4
106063,489,17,pending,0,4
106063,1293,18,pending,1,4
100245,427,20,completed,0,5
100245,737,21,completed,0,5
100245,1023,22,completed,0,5
100245,429,23,completed,0,5
100245,1235,24,completed,0,5
100241,1306,28,completed,1,6
100241,1307,29,completed,1,6
101211,759,25,completed,0,6
106063,1286,19,pending,1,4
106063,1294,20,pending,1,5
106063,1287,21,pending,1,5
106063,1295,22,pending,1,5
106063,1296,23,pending,1,5
101211,1376,26,completed,0,6
101211,1155,27,completed,0,6
101211,131,28,completed,0,6
101211,535,29,completed,0,6
102137,1143,35,completed,0,8
102137,337,36,completed,0,8
102137,127,37,completed,0,8
102137,1376,38,completed,0,8
102137,357,39,completed,0,8
102138,1382,35,completed,0,8
102138,355,36,completed,0,8
102138,1169,37,completed,1,8
106063,1297,24,pending,1,5
106063,1500,25,pending,0,6
106063,309,26,pending,0,6
106063,1301,27,pending,1,6
106063,1304,28,pending,1,6
106063,1306,29,pending,1,6
106063,1307,30,pending,1,7
100245,118,25,completed,0,6
100245,441,26,completed,0,6
100245,338,27,completed,0,6
106063,1128,31,pending,0,7
106063,1311,32,pending,1,7
106063,1089,33,pending,0,7
106063,942,34,pending,0,7
106063,602,35,pending,0,8
106063,958,36,pending,0,8
106063,465,37,pending,0,8
100245,445,28,completed,0,6
100245,1372,29,completed,0,6
101238,1294,20,completed,1,5
100971,553,10,completed,0,3
100971,1472,11,completed,0,3
100971,32,12,completed,0,3
100971,250,13,completed,0,3
100971,917,14,completed,0,3
106063,147,38,pending,0,8
106063,980,39,pending,0,8
101238,881,21,completed,0,5
101238,1072,22,completed,0,5
102138,849,39,completed,0,8
102139,455,35,completed,0,8
102139,538,36,completed,0,8
102139,139,37,completed,0,8
102139,378,38,completed,0,8
102139,1576,39,completed,0,8
102141,838,37,completed,0,8
102141,857,38,completed,0,8
102141,1575,39,completed,0,8
101238,1296,23,completed,1,5
101238,1297,24,completed,1,5
101215,1231,25,completed,1,6
101215,1132,26,completed,1,6
101215,940,27,completed,0,6
101215,941,28,completed,0,6
101215,1135,29,completed,1,6
106065,1586,10,pending,0,3
106065,1279,11,pending,0,3
100253,1299,20,completed,1,5
100253,1300,21,completed,1,5
100253,1302,22,completed,1,5
100253,1304,23,completed,1,5
100253,1305,24,completed,1,5
106065,1197,12,pending,0,3
106065,58,13,pending,0,3
106065,265,14,pending,0,3
106065,172,15,pending,0,4
106065,278,16,pending,0,4
100254,1122,20,completed,1,5
100254,1225,21,completed,1,5
100254,1622,22,completed,0,5
100254,1227,23,completed,1,5
100254,737,24,completed,0,5
106065,1438,5,completed,0,2
106065,72,6,completed,0,2
106065,561,17,pending,0,4
106065,1413,18,pending,0,4
106065,1008,19,pending,0,4
106065,1304,20,pending,0,5
106065,502,21,pending,0,5
106065,1347,22,pending,0,5
100253,580,25,completed,0,6
100253,1306,26,completed,1,6
100253,1307,27,completed,1,6
106065,1515,23,pending,0,5
106065,1230,24,pending,0,5
106065,523,25,pending,0,6
106065,1641,26,pending,0,6
106065,1531,27,pending,0,6
106065,444,28,pending,0,6
106065,1371,29,pending,0,6
106065,449,30,pending,0,7
100253,1309,28,completed,1,6
100253,1310,29,completed,1,6
100254,1230,25,completed,1,6
100254,1025,26,completed,0,6
100254,1135,27,completed,1,6
101245,28,20,completed,0,5
106065,759,31,pending,0,7
106065,610,32,pending,0,7
106065,616,33,pending,0,7
106065,1159,34,pending,0,7
106065,544,35,pending,0,8
100254,1235,28,completed,1,6
100254,1138,29,completed,1,6
101245,303,21,completed,0,5
101245,912,22,completed,0,5
101245,1336,23,completed,0,5
101245,496,24,completed,0,5
106065,546,36,pending,0,8
106065,1176,37,pending,0,8
106065,369,38,pending,0,8
106065,856,39,pending,0,8
100262,1327,20,completed,0,5
100262,1287,21,completed,1,5
100262,1295,22,completed,1,5
100262,1296,23,completed,1,5
102273,610,25,completed,0,6
102273,131,26,completed,0,6
102273,1542,27,completed,0,6
100262,307,24,completed,0,5
100263,1408,20,completed,1,5
100263,1401,21,completed,1,5
100263,1409,22,completed,1,5
100263,1410,23,completed,1,5
100263,1412,24,completed,1,5
100262,1297,25,completed,1,6
100262,1075,26,completed,0,6
100262,1299,27,completed,1,6
100262,1300,28,completed,1,6
100262,675,29,completed,0,6
100263,1413,25,completed,1,6
100263,1414,26,completed,1,6
100263,725,27,completed,0,6
100263,1415,28,completed,1,6
100263,1418,29,completed,1,6
100267,1401,20,completed,1,5
100267,1409,21,completed,1,5
100267,412,22,completed,0,5
100267,1411,23,completed,1,5
100267,1612,24,completed,0,5
102278,1236,25,completed,1,6
102278,331,26,completed,0,6
102278,1147,27,completed,1,6
102278,1148,28,completed,1,6
102278,527,29,completed,0,6
100267,1413,25,completed,1,6
100267,1414,26,completed,1,6
100267,1415,27,completed,1,6
100267,577,28,completed,0,6
100267,1079,29,completed,0,6
106067,1392,10,pending,1,3
106067,1096,11,pending,0,3
106067,1404,12,pending,1,3
106067,1405,13,pending,1,3
106067,58,14,pending,0,3
106067,1406,15,pending,1,4
106067,1601,5,completed,0,2
106067,1426,6,completed,0,2
106067,1391,7,completed,1,2
106067,1403,8,completed,1,2
106067,1396,9,completed,1,2
106067,1399,16,pending,1,4
106067,1260,17,pending,0,4
106067,1407,18,pending,1,4
106067,1400,19,pending,1,4
106067,1401,20,pending,1,5
101238,1300,25,completed,1,6
106067,1498,21,pending,0,5
106067,920,22,pending,0,5
106067,572,23,pending,0,5
106067,1412,24,pending,1,5
106067,1413,25,pending,1,6
101266,1625,20,completed,0,5
101238,1301,26,completed,1,6
101238,1306,27,completed,1,6
101238,1307,28,completed,1,6
101238,796,29,completed,0,6
106067,1414,26,pending,1,6
106067,1415,27,pending,1,6
106067,1417,28,pending,1,6
106067,1617,29,pending,0,6
106067,1418,30,pending,1,7
101266,1354,21,completed,1,5
101266,1355,22,completed,1,5
101266,1520,23,completed,0,5
101266,1236,24,completed,0,5
102285,1300,25,completed,1,6
102285,310,26,completed,0,6
102285,1302,27,completed,1,6
102285,1304,28,completed,1,6
102285,1305,29,completed,1,6
106067,1344,31,pending,0,7
106067,503,32,pending,0,7
106067,1420,33,pending,1,7
106067,1421,34,pending,1,7
106067,1422,35,pending,1,8
106067,946,36,pending,0,8
101268,1503,20,completed,0,5
106067,811,37,pending,0,8
106067,1543,38,pending,0,8
106067,1183,39,pending,0,8
101268,891,21,completed,0,5
101268,1272,22,completed,0,5
101268,1225,23,completed,0,5
101268,1131,24,completed,0,5
101245,1617,25,completed,0,6
101245,1082,26,completed,0,6
101245,1356,27,completed,0,6
101245,1632,28,completed,0,6
101245,747,29,completed,0,6
101273,710,20,completed,0,5
101273,67,21,completed,0,5
101273,1211,22,completed,0,5
101273,888,23,completed,0,5
101273,1451,24,completed,0,5
101275,874,20,completed,0,5
101275,1412,21,completed,1,5
101275,1413,22,completed,1,5
101275,1414,23,completed,1,5
101275,1415,24,completed,1,5
100290,1500,20,completed,0,5
100290,1411,21,completed,1,5
100290,1412,22,completed,1,5
100290,1413,23,completed,1,5
100290,1414,24,completed,1,5
101278,1327,20,completed,1,5
102185,347,35,completed,0,8
102185,827,36,completed,0,8
102185,540,37,completed,0,8
102185,541,38,completed,0,8
102185,835,39,completed,0,8
101278,1336,21,completed,1,5
101278,1337,22,completed,1,5
101278,1412,23,completed,0,5
101278,1341,24,completed,1,5
100290,1415,25,completed,1,6
100290,1504,26,completed,0,6
100290,1417,27,completed,1,6
100290,581,28,completed,0,6
100290,1420,29,completed,1,6
101282,793,20,completed,0,5
101282,504,21,completed,0,5
101282,201,22,completed,0,5
101282,1232,23,completed,0,5
101282,741,24,completed,0,5
100299,505,20,completed,0,5
100299,1351,21,completed,1,5
100299,1352,22,completed,1,5
100299,1354,23,completed,1,5
100299,1133,24,completed,0,5
101266,1360,25,completed,1,6
101266,1364,26,completed,1,6
101266,1033,27,completed,0,6
101266,1370,28,completed,1,6
101266,1371,29,completed,1,6
100299,1357,25,completed,1,6
100299,1360,26,completed,1,6
100299,1363,27,completed,1,6
101268,696,25,completed,0,6
100303,318,20,completed,0,5
100303,1309,21,completed,0,5
100303,1229,22,completed,0,5
100303,325,23,completed,0,5
102316,1302,25,completed,1,6
102316,501,26,completed,0,6
102316,1304,27,completed,1,6
102316,1306,28,completed,1,6
102316,1307,29,completed,1,6
102318,1300,25,completed,1,6
102318,1301,26,completed,1,6
102318,1302,27,completed,1,6
100303,1025,24,completed,0,5
100299,1365,28,completed,1,6
100299,1366,29,completed,1,6
101290,1349,20,completed,1,5
101268,1635,26,completed,0,6
101268,748,27,completed,0,6
101268,523,28,completed,0,6
101268,342,29,completed,0,6
101290,1351,21,completed,1,5
101290,1352,22,completed,1,5
101290,1353,23,completed,1,5
101290,1356,24,completed,1,5
100303,329,25,completed,0,6
100303,332,26,completed,0,6
100303,600,27,completed,0,6
102213,1380,35,completed,1,8
100303,441,28,completed,0,6
100303,122,29,completed,0,6
101293,208,20,completed,0,5
102320,1300,25,completed,1,6
102320,725,26,completed,0,6
102320,1301,27,completed,1,6
102320,1302,28,completed,1,6
102320,789,29,completed,0,6
102213,1382,36,completed,1,8
102213,1659,37,completed,0,8
102213,143,38,completed,0,8
102213,382,39,completed,0,8
101293,1407,21,completed,0,5
101293,780,22,completed,0,5
101293,303,23,completed,0,5
101293,1333,24,completed,0,5
101273,499,25,completed,0,6
101273,1271,26,completed,0,6
101273,1618,27,completed,0,6
101273,588,28,completed,0,6
101273,110,29,completed,0,6
101275,577,25,completed,0,6
101275,1417,26,completed,1,6
101275,1418,27,completed,1,6
101275,1014,28,completed,0,6
101275,1420,29,completed,1,6
101278,1083,25,completed,0,6
101278,1347,26,completed,1,6
101278,318,27,completed,0,6
101278,1351,28,completed,1,6
101278,1353,29,completed,1,6
102331,1511,25,completed,0,6
102331,318,26,completed,0,6
102331,1089,27,completed,0,6
102331,1518,28,completed,0,6
102225,1153,35,completed,1,8
102225,1162,36,completed,1,8
102225,1166,37,completed,1,8
102225,1174,38,completed,1,8
102225,1182,39,completed,1,8
101306,1119,20,completed,0,5
101282,1632,25,completed,0,6
101306,1219,21,completed,0,5
101306,581,22,completed,0,5
101306,503,23,completed,0,5
101306,322,24,completed,0,5
101282,1634,26,completed,0,6
101282,749,27,completed,0,6
101282,523,28,completed,0,6
101282,121,29,completed,0,6
102230,807,35,completed,0,8
102230,1367,36,completed,0,8
102230,342,37,completed,0,8
102230,454,38,completed,0,8
102230,370,39,completed,0,8
100323,1297,20,completed,1,5
100323,1299,21,completed,1,5
100323,1300,22,completed,1,5
100323,1301,23,completed,1,5
100323,1302,24,completed,1,5
100325,1408,20,completed,1,5
100325,1410,21,completed,1,5
100325,1411,22,completed,1,5
100325,1412,23,completed,1,5
100325,1413,24,completed,1,5
100323,1306,25,completed,1,6
100323,1307,26,completed,1,6
100323,1309,27,completed,1,6
102233,813,35,completed,0,8
102233,121,36,completed,0,8
102233,445,37,completed,0,8
102233,833,38,completed,0,8
102233,1164,39,completed,0,8
100323,1311,28,completed,1,6
100323,1351,29,completed,0,6
100325,1010,25,completed,0,6
100325,1415,26,completed,1,6
100325,1416,27,completed,1,6
100325,194,28,completed,0,6
100325,1346,29,completed,0,6
101290,1025,25,completed,0,6
101290,1357,26,completed,1,6
101290,1358,27,completed,1,6
101290,433,28,completed,0,6
101290,1363,29,completed,1,6
101293,1262,25,completed,0,6
101293,1295,26,completed,0,6
101293,1341,27,completed,0,6
101293,312,28,completed,0,6
101293,578,29,completed,0,6
106075,208,10,pending,0,3
106075,1059,5,completed,0,2
106075,1096,6,completed,1,2
106075,1196,7,completed,1,2
106075,1101,8,completed,1,2
106075,1689,11,pending,0,3
106075,1467,12,pending,0,3
106075,1254,13,pending,1,3
106075,1212,14,pending,1,3
106075,47,15,pending,0,4
106075,1450,16,pending,0,4
106075,1119,17,pending,1,4
106075,1219,18,pending,1,4
106075,1121,19,pending,1,4
101329,1267,20,completed,1,5
106075,1124,20,pending,1,5
106075,1128,21,pending,1,5
106075,1135,22,pending,1,5
106075,1029,23,pending,0,5
106075,1241,24,pending,1,5
101329,1269,21,completed,1,5
101329,1227,22,completed,1,5
101329,107,23,completed,0,5
101329,1134,24,completed,1,5
102247,1567,39,completed,0,8
106075,599,25,pending,0,6
106075,1145,26,pending,1,6
106075,1148,27,pending,1,6
106075,126,28,pending,0,6
106075,1150,29,pending,1,6
106075,759,30,pending,0,7
106075,1153,31,pending,1,7
106075,1154,32,pending,1,7
106075,1155,33,pending,1,7
106075,353,34,pending,0,7
106075,1163,35,pending,1,8
106075,1171,36,pending,1,8
106075,1668,37,pending,0,8
106075,1175,38,pending,1,8
106075,1179,39,pending,1,8
101336,42,20,completed,0,5
101336,1401,21,completed,1,5
101336,1255,22,completed,0,5
101336,1410,23,completed,1,5
101336,1411,24,completed,1,5
102363,1361,25,completed,1,6
102363,1363,26,completed,1,6
102363,1364,27,completed,1,6
102363,118,28,completed,0,6
102363,1365,29,completed,1,6
102365,1302,25,completed,1,6
101306,1233,25,completed,0,6
101306,1358,26,completed,0,6
101306,812,27,completed,0,6
101306,1528,28,completed,0,6
101306,339,29,completed,0,6
102365,1223,28,completed,0,6
102365,1306,29,completed,1,6
102368,311,25,completed,0,6
102368,1416,26,completed,1,6
102368,1417,27,completed,1,6
102368,1418,28,completed,1,6
102368,1420,29,completed,1,6
102369,499,25,completed,0,6
102369,1271,26,completed,0,6
102369,501,27,completed,0,6
102256,1510,35,completed,0,8
102256,1422,36,completed,1,8
102256,329,37,completed,0,8
102256,752,38,completed,0,8
102256,635,39,completed,0,8
100352,1116,20,completed,0,5
100352,926,21,completed,0,5
100352,1451,22,completed,0,5
100352,499,23,completed,0,5
100352,502,24,completed,0,5
105179,702,5,completed,0,2
105179,1107,6,completed,1,2
105179,1207,7,completed,1,2
101347,1400,20,completed,1,5
100352,1225,25,completed,0,6
100352,103,26,completed,0,6
100352,800,27,completed,0,6
101347,1408,21,completed,1,5
101347,774,22,completed,0,5
101347,1401,23,completed,1,5
101347,1409,24,completed,1,5
105179,1504,20,pending,0,5
105179,1270,21,pending,1,5
105179,1223,22,pending,1,5
100352,428,28,completed,0,6
100352,1029,29,completed,0,6
105179,1309,23,pending,0,5
105179,1129,24,pending,1,5
105179,736,25,pending,0,6
105179,1229,26,pending,1,6
105179,1233,27,pending,1,6
105179,1250,8,completed,1,2
105179,715,9,completed,0,2
105104,1287,15,completed,1,4
105104,1295,16,completed,1,4
105179,591,28,pending,0,6
105179,1236,29,pending,1,6
105179,1139,30,pending,1,7
105179,1644,31,pending,0,7
105179,1153,32,pending,1,7
105179,1157,33,pending,1,7
105179,1164,34,pending,1,7
105179,844,35,pending,0,8
105179,1181,36,pending,1,8
105179,1185,37,pending,1,8
105179,646,38,pending,0,8
105179,1191,39,pending,1,8
101329,1135,25,completed,1,6
101329,1136,26,completed,1,6
101329,1140,27,completed,1,6
101329,1141,28,completed,1,6
101329,1526,29,completed,0,6
101358,1263,20,completed,0,5
101358,1410,21,completed,1,5
101358,1412,22,completed,1,5
101358,1413,23,completed,1,5
101358,724,24,completed,0,5
105104,1299,19,completed,1,4
102273,148,35,completed,0,8
102273,1564,36,completed,0,8
102273,155,37,completed,0,8
102273,1569,38,completed,0,8
102273,1570,39,completed,0,8
101336,1412,25,completed,1,6
101336,1413,26,completed,1,6
101336,1414,27,completed,1,6
101336,1417,28,completed,1,6
101336,1418,29,completed,1,6
102390,1414,25,completed,1,6
102390,1415,26,completed,1,6
102390,1416,27,completed,1,6
102278,147,35,completed,0,8
102392,1353,25,completed,1,6
102392,1354,26,completed,1,6
102392,1355,27,completed,1,6
102392,1358,28,completed,1,6
102392,1360,29,completed,1,6
102278,1187,38,completed,1,8
102278,1190,39,completed,1,8
100373,282,20,completed,0,5
100373,309,21,completed,0,5
100373,887,22,completed,0,5
100373,416,23,completed,0,5
100373,1305,24,completed,0,5
100373,1346,25,completed,0,6
100373,1510,26,completed,0,6
100373,1225,27,completed,0,6
101347,1410,25,completed,1,6
102396,1628,25,completed,0,6
102396,1355,26,completed,1,6
102396,1358,27,completed,1,6
102396,517,28,completed,0,6
102396,1360,29,completed,1,6
100373,1085,28,completed,0,6
100373,691,29,completed,0,6
101347,1411,26,completed,1,6
101347,1413,27,completed,1,6
101347,1414,28,completed,1,6
101347,1415,29,completed,1,6
101376,1235,20,completed,1,5
100379,1346,20,completed,1,5
100379,1349,21,completed,1,5
100379,1351,22,completed,1,5
100379,1355,23,completed,1,5
100379,1358,24,completed,1,5
101376,1028,21,completed,0,5
101376,1138,22,completed,1,5
101376,1139,23,completed,1,5
101376,439,24,completed,0,5
102399,1233,25,completed,1,6
102399,1236,26,completed,1,6
102399,595,27,completed,0,6
102399,1238,28,completed,1,6
102399,1524,29,completed,0,6
102399,1241,30,completed,1,7
102399,522,31,completed,0,7
102399,602,32,completed,0,7
102399,1530,33,completed,0,7
102285,814,37,completed,0,8
102285,953,38,completed,0,8
102285,156,39,completed,0,8
100379,1631,25,completed,0,6
100379,1365,26,completed,1,6
100379,443,27,completed,0,6
100379,1369,28,completed,1,6
100379,1642,29,completed,0,6
101381,1309,20,completed,0,5
101381,1622,21,completed,0,5
101381,1516,22,completed,0,5
101381,1023,23,completed,0,5
101381,807,24,completed,0,5
101382,1613,20,completed,0,5
101358,1415,25,completed,1,6
101382,1302,21,completed,0,5
101382,1621,22,completed,0,5
101382,733,23,completed,0,5
101382,735,24,completed,0,5
101358,1416,26,completed,1,6
101358,1417,27,completed,1,6
101358,1418,28,completed,1,6
101358,1420,29,completed,1,6
101385,195,20,completed,0,5
101385,1306,21,completed,0,5
101385,1025,22,completed,0,5
101385,110,23,completed,0,5
101385,327,24,completed,0,5
101387,591,20,completed,0,5
100392,920,20,completed,0,5
100392,884,21,completed,0,5
100392,1076,22,completed,0,5
100392,192,23,completed,0,5
100392,316,24,completed,0,5
101387,1356,21,completed,1,5
101387,1357,22,completed,1,5
101387,1360,23,completed,1,5
101387,1361,24,completed,1,5
102415,1412,25,completed,1,6
102415,1414,26,completed,1,6
102415,1415,27,completed,1,6
102415,1416,28,completed,1,6
100392,1349,25,completed,0,6
100392,1021,26,completed,0,6
100392,800,27,completed,0,6
100392,1353,28,completed,0,6
100392,941,29,completed,0,6
101392,1620,20,completed,0,5
101392,323,21,completed,0,5
101392,325,22,completed,0,5
101392,1134,23,completed,0,5
101392,110,24,completed,0,5
100399,1401,20,completed,1,5
100399,1409,21,completed,1,5
100399,1410,22,completed,1,5
100399,1411,23,completed,1,5
100399,1265,24,completed,0,5
101398,1295,20,completed,0,5
100399,1412,25,completed,1,6
100399,1413,26,completed,1,6
100399,1414,27,completed,1,6
101398,283,21,completed,0,5
101398,190,22,completed,0,5
101398,673,23,completed,0,5
101398,675,24,completed,0,5
101399,1120,20,completed,1,5
101376,442,25,completed,0,6
100402,1286,20,completed,1,5
100402,781,21,completed,0,5
100402,562,22,completed,0,5
100402,1287,23,completed,1,5
100402,1295,24,completed,1,5
100399,725,28,completed,0,6
100399,1415,29,completed,1,6
101399,312,21,completed,0,5
101399,1220,22,completed,1,5
101399,1124,23,completed,1,5
101399,735,24,completed,0,5
101376,1145,26,completed,1,6
101376,1147,27,completed,1,6
101376,1148,28,completed,1,6
101376,1152,29,completed,1,6
106087,16,10,pending,0,3
106087,1253,11,pending,1,3
106087,1211,12,pending,1,3
106087,1720,13,pending,0,3
106087,1255,14,pending,1,3
106087,662,15,pending,0,4
100402,1296,25,completed,1,6
100402,1297,26,completed,1,6
100402,1299,27,completed,1,6
102316,1313,35,completed,1,8
102316,698,36,completed,0,8
102316,1532,37,completed,0,8
102316,1646,38,completed,0,8
102316,372,39,completed,0,8
102318,330,35,completed,0,8
102318,436,36,completed,0,8
102318,972,37,completed,0,8
102318,373,38,completed,0,8
102318,1572,39,completed,0,8
106087,19,5,completed,0,2
106087,1249,6,completed,1,2
106087,1492,7,completed,0,2
106087,1097,8,completed,1,2
106087,1265,16,pending,1,4
106087,1117,17,pending,1,4
106087,1077,18,pending,0,4
106087,675,19,pending,0,4
106087,1269,20,pending,1,5
106087,1220,21,pending,1,5
100402,1300,28,completed,1,6
100402,1302,29,completed,1,6
106087,1273,22,pending,1,5
106087,1125,23,pending,1,5
106087,505,24,pending,0,5
106087,1230,25,pending,1,6
106087,1133,26,pending,1,6
106087,1236,27,pending,1,6
106087,1523,28,pending,0,6
106087,1139,29,pending,1,6
106087,437,30,pending,0,7
101381,697,25,completed,0,6
106087,1142,31,pending,1,7
106087,1378,32,pending,0,7
106087,1382,33,pending,0,7
106087,1164,34,pending,1,7
106087,1166,35,pending,1,8
101381,810,26,completed,0,6
101381,121,27,completed,0,6
101381,1536,28,completed,0,6
101381,821,29,completed,0,6
101382,511,25,completed,0,6
106087,1180,36,pending,1,8
106087,1181,37,pending,1,8
106087,1182,38,pending,1,8
106087,374,39,pending,0,8
102320,1313,35,completed,1,8
102320,442,36,completed,0,8
102320,815,37,completed,0,8
102320,1371,38,completed,0,8
102320,833,39,completed,0,8
101382,515,26,completed,0,6
101382,1237,27,completed,0,6
101382,119,28,completed,0,6
101382,751,29,completed,0,6
101385,113,25,completed,0,6
101385,517,26,completed,0,6
101385,436,27,completed,0,6
101385,1240,28,completed,0,6
101385,118,29,completed,0,6
101387,1365,25,completed,1,6
101387,1367,26,completed,1,6
101387,1368,27,completed,1,6
101387,1369,28,completed,1,6
101387,528,29,completed,0,6
102443,1302,25,completed,1,6
102443,1304,26,completed,1,6
102443,1272,27,completed,0,6
102443,1305,28,completed,1,6
102443,1306,29,completed,1,6
102331,1163,35,completed,0,8
102331,139,36,completed,0,8
102331,1563,37,completed,0,8
102331,1565,38,completed,0,8
102331,379,39,completed,0,8
101392,1136,25,completed,0,6
101392,1632,26,completed,0,6
101392,522,27,completed,0,6
101392,812,28,completed,0,6
101392,526,29,completed,0,6
101398,95,25,completed,0,6
100434,1401,20,completed,1,5
100434,1476,21,completed,0,5
100434,1409,22,completed,1,5
100434,1410,23,completed,1,5
100434,1006,24,completed,0,5
101398,792,26,completed,0,6
101398,317,27,completed,0,6
101398,1310,28,completed,0,6
101398,1138,29,completed,0,6
101399,1228,25,completed,1,6
100436,1337,20,completed,1,5
100436,1343,21,completed,1,5
100436,1344,22,completed,1,5
100436,1353,23,completed,1,5
100436,1354,24,completed,1,5
101399,1137,26,completed,1,6
101399,1239,27,completed,1,6
101399,1240,28,completed,1,6
101399,1241,29,completed,1,6
102449,448,30,completed,0,7
102449,1365,25,completed,1,6
102449,1368,26,completed,1,6
102449,1369,27,completed,1,6
102449,1370,28,completed,1,6
102449,1372,29,completed,1,6
102452,1417,25,completed,1,6
100434,1297,25,completed,0,6
100434,1412,26,completed,1,6
100434,1413,27,completed,1,6
100434,1414,28,completed,1,6
100434,1416,29,completed,1,6
100436,1356,25,completed,1,6
100436,742,26,completed,0,6
100436,1360,27,completed,1,6
101431,1401,20,completed,0,5
100436,1366,28,completed,1,6
100436,1367,29,completed,1,6
101431,571,21,completed,0,5
101431,574,22,completed,0,5
101431,311,23,completed,0,5
101431,1343,24,completed,0,5
102452,1421,28,completed,1,6
102452,794,29,completed,0,6
102454,1410,25,completed,1,6
102454,1411,26,completed,1,6
102454,1413,27,completed,1,6
102454,1416,28,completed,1,6
102454,1417,29,completed,1,6
102452,1422,30,completed,1,7
102452,743,31,completed,0,7
102452,333,32,completed,0,7
101438,1074,20,completed,0,5
101438,1301,21,completed,1,5
101438,1302,22,completed,1,5
101438,1506,23,completed,0,5
101438,928,24,completed,0,5
100449,1407,20,completed,1,5
100449,1400,21,completed,1,5
100449,1409,22,completed,1,5
100449,883,23,completed,0,5
100449,1413,24,completed,1,5
102461,1233,25,completed,1,6
102461,1135,26,completed,1,6
102461,1520,27,completed,0,6
102461,1136,28,completed,1,6
102461,515,29,completed,0,6
102464,189,25,completed,0,6
102464,1412,26,completed,1,6
102464,1414,27,completed,1,6
102461,1240,30,completed,1,7
102461,1141,31,completed,1,7
102461,1143,32,completed,1,7
102461,814,33,completed,0,7
102461,1157,34,completed,1,7
100449,1414,25,completed,1,6
100449,725,26,completed,0,6
100449,1415,27,completed,1,6
100449,1416,28,completed,1,6
100449,1121,29,completed,0,6
102363,965,36,completed,0,8
105111,1400,16,completed,1,4
102465,1357,25,completed,1,6
102465,805,26,completed,0,6
102465,1360,27,completed,1,6
102465,696,28,completed,0,6
102465,1365,29,completed,1,6
102363,1382,37,completed,1,8
102363,153,38,completed,0,8
102363,646,39,completed,0,8
102365,457,35,completed,0,8
102365,1163,36,completed,0,8
102365,545,37,completed,0,8
102365,1669,38,completed,0,8
102365,374,39,completed,0,8
105111,1408,17,completed,1,4
105111,1401,18,completed,1,4
102368,533,35,completed,0,8
102368,143,36,completed,0,8
102368,361,37,completed,0,8
102368,642,38,completed,0,8
102368,855,39,completed,0,8
102369,1145,35,completed,0,8
102369,445,36,completed,0,8
102369,343,37,completed,0,8
102369,635,39,completed,0,8
101431,1122,25,completed,0,6
101431,583,26,completed,0,6
101431,428,27,completed,0,6
101431,431,28,completed,0,6
101431,327,29,completed,0,6
102475,1300,25,completed,1,6
102475,1302,26,completed,1,6
102475,1304,27,completed,1,6
102475,1305,28,completed,1,6
102475,1306,29,completed,1,6
101438,1304,25,completed,1,6
100478,1286,20,completed,1,5
100478,1294,21,completed,1,5
100478,1112,22,completed,0,5
100478,1287,23,completed,1,5
100478,1297,24,completed,1,5
101438,1305,26,completed,1,6
101438,1306,27,completed,1,6
101438,1015,28,completed,0,6
101438,1307,29,completed,1,6
102480,1354,25,completed,1,6
102480,1355,26,completed,1,6
102480,327,27,completed,0,6
102480,331,28,completed,0,6
102480,1361,29,completed,1,6
102480,438,30,completed,0,7
102480,1368,31,completed,1,7
102480,1369,32,completed,1,7
102480,1377,33,completed,1,7
102480,1380,34,completed,1,7
100478,496,25,completed,0,6
100478,1300,26,completed,1,6
100478,1301,27,completed,1,6
100478,1302,28,completed,1,6
100478,1304,29,completed,1,6
100488,1411,20,completed,1,5
100488,1412,21,completed,1,5
100488,1448,22,completed,0,5
100488,1413,23,completed,1,5
100488,1414,24,completed,1,5
101483,1064,20,completed,0,5
100490,1126,20,completed,1,5
100490,1129,21,completed,1,5
100490,1231,22,completed,1,5
100490,1136,23,completed,1,5
100490,1237,24,completed,1,5
100488,1415,25,completed,1,6
100488,1417,26,completed,1,6
100488,1418,27,completed,1,6
101483,1409,21,completed,0,5
101483,43,22,completed,0,5
101483,1265,23,completed,0,5
101483,93,24,completed,0,5
100488,1420,28,completed,1,6
100488,200,29,completed,0,6
100490,808,25,completed,0,6
100490,1141,26,completed,1,6
100490,1142,27,completed,1,6
102390,457,36,completed,0,8
102505,1231,25,completed,1,6
102505,330,26,completed,0,6
102505,1139,27,completed,1,6
102390,972,37,completed,0,8
102390,1552,38,completed,0,8
102390,980,39,completed,0,8
102392,1375,35,completed,1,8
102392,1377,36,completed,1,8
102392,1381,37,completed,1,8
102392,1546,38,completed,0,8
102392,151,39,completed,0,8
100490,753,28,completed,0,6
100490,1147,29,completed,1,6
102510,1356,25,completed,0,6
102510,595,26,completed,0,6
102510,953,27,completed,0,6
102510,346,28,completed,0,6
102396,1377,35,completed,1,8
102396,1381,36,completed,1,8
102396,1666,37,completed,0,8
102396,1556,38,completed,0,8
102396,1576,39,completed,0,8
102399,135,35,completed,0,8
102399,1161,36,completed,1,8
102399,1561,37,completed,0,8
102399,1185,38,completed,1,8
102399,1189,39,completed,1,8
100502,186,20,completed,0,5
100502,1408,21,completed,1,5
100502,1401,22,completed,1,5
100502,1213,23,completed,0,5
100502,1410,24,completed,1,5
101491,1008,20,completed,0,5
101491,1299,21,completed,1,5
101491,1300,22,completed,1,5
101491,1301,23,completed,1,5
101491,1302,24,completed,1,5
100502,1411,25,completed,1,6
100502,1412,26,completed,1,6
100502,574,27,completed,0,6
102515,1414,25,completed,1,6
102515,1415,26,completed,1,6
102515,1416,27,completed,1,6
102515,1417,28,completed,1,6
102515,1418,29,completed,1,6
100502,924,28,completed,0,6
100502,1415,29,completed,1,6
101505,1299,20,completed,1,5
101505,1301,21,completed,1,5
101505,1302,22,completed,1,5
101505,194,23,completed,0,5
101505,1304,24,completed,1,5
106099,1391,5,completed,1,2
102521,1300,25,completed,1,6
102521,1301,26,completed,1,6
102521,1302,27,completed,1,6
102521,1305,28,completed,1,6
102521,1306,29,completed,1,6
102522,1131,25,completed,1,6
102522,1238,26,completed,1,6
102522,518,27,completed,0,6
102522,121,28,completed,0,6
102522,816,29,completed,0,6
105198,1255,10,completed,1,3
102521,1307,30,completed,1,7
102521,1310,31,completed,1,7
102521,1311,32,completed,1,7
102521,1312,33,completed,1,7
102521,687,34,completed,0,7
105198,1252,5,completed,1,2
105198,905,6,completed,0,2
105198,994,7,completed,0,2
105198,1210,8,completed,1,2
105198,1490,9,completed,0,2
105198,1115,11,completed,1,3
105198,1117,12,completed,1,3
105198,1269,13,completed,1,3
105198,1506,14,completed,0,3
106099,1404,10,pending,1,3
105198,1225,20,pending,1,5
105198,1126,21,pending,1,5
105198,505,22,pending,0,5
105198,1130,23,pending,1,5
106099,1393,11,pending,1,3
106099,1405,12,pending,1,3
106099,1394,13,pending,1,3
106099,1103,14,pending,0,3
106099,1407,15,pending,1,4
101483,1122,25,completed,0,6
105198,1132,24,pending,1,5
105198,1630,25,pending,0,6
105198,1236,26,pending,1,6
105198,1137,27,pending,1,6
105198,1138,28,pending,1,6
106099,1408,16,pending,1,4
106099,1401,17,pending,1,4
106099,1409,18,pending,1,4
106099,1410,19,pending,1,4
106099,1115,20,pending,0,5
101483,198,26,completed,0,6
101483,1016,27,completed,0,6
101483,1087,28,completed,0,6
101483,507,29,completed,0,6
105198,598,29,pending,0,6
105198,1528,30,pending,0,7
105198,1147,31,pending,1,7
105198,1150,32,pending,1,7
105198,757,33,pending,0,7
105198,1153,34,pending,1,7
106099,1411,21,pending,1,5
106099,1412,22,pending,1,5
106099,1414,23,pending,1,5
106099,1415,24,pending,1,5
106099,1416,25,pending,1,6
105198,1224,19,completed,1,4
102415,1313,35,completed,0,8
102415,738,36,completed,0,8
102415,1634,37,completed,0,8
102415,1155,38,completed,0,8
102415,629,39,completed,0,8
105198,533,35,pending,0,8
105198,1167,36,pending,1,8
105198,1170,37,pending,1,8
105198,1180,38,pending,1,8
105198,373,39,pending,0,8
106099,1417,26,pending,1,6
106099,729,27,pending,0,6
106099,101,28,pending,0,6
106099,1421,29,pending,1,6
106099,1310,30,pending,0,7
106099,1635,31,pending,0,7
100522,430,20,completed,0,5
100522,1356,21,completed,1,5
100522,1358,22,completed,1,5
100522,329,23,completed,0,5
100522,1238,24,completed,0,5
106099,811,32,pending,0,7
106099,812,33,pending,0,7
106099,528,34,pending,0,7
106099,351,35,pending,0,8
106099,1547,36,pending,0,8
106099,1658,37,pending,0,8
106099,359,38,pending,0,8
106099,160,39,pending,0,8
100522,1361,25,completed,1,6
100522,1364,26,completed,1,6
100522,1366,27,completed,1,6
100522,1367,28,completed,1,6
100522,1368,29,completed,1,6
101519,1346,20,completed,1,5
101519,1347,21,completed,1,5
101519,1349,22,completed,1,5
101519,1087,23,completed,0,5
101519,1352,24,completed,1,5
101491,1304,25,completed,1,6
102536,1354,25,completed,1,6
102536,1356,26,completed,1,6
102536,1520,27,completed,0,6
102536,1358,28,completed,1,6
102536,1523,29,completed,0,6
101491,1305,26,completed,1,6
101491,1306,27,completed,1,6
101491,1620,28,completed,0,6
101491,1307,29,completed,1,6
100540,192,20,completed,0,5
100540,925,21,completed,0,5
100540,1269,22,completed,0,5
100540,1219,23,completed,0,5
100540,1080,24,completed,0,5
101505,1305,25,completed,1,6
100540,315,25,completed,0,6
100540,1508,26,completed,0,6
100540,1084,27,completed,0,6
101505,1306,26,completed,1,6
101505,1307,27,completed,1,6
101505,1309,28,completed,1,6
101505,734,29,completed,0,6
100540,1512,28,completed,0,6
100540,1312,29,completed,0,6
101536,584,20,completed,0,5
101536,735,21,completed,0,5
101536,1231,22,completed,0,5
101536,1518,23,completed,0,5
101536,1631,24,completed,0,5
102443,695,35,completed,0,8
102443,1641,36,completed,0,8
102443,604,37,completed,0,8
102443,1568,38,completed,0,8
100552,1121,20,completed,1,5
100552,1230,21,completed,1,5
100552,516,22,completed,0,5
100552,1137,23,completed,1,5
100552,1140,24,completed,1,5
101519,1356,25,completed,1,6
105127,1293,17,completed,1,4
105127,1286,18,completed,1,4
105127,1327,19,completed,0,4
101519,1360,26,completed,1,6
101519,1363,27,completed,1,6
101519,1368,28,completed,1,6
101519,607,29,completed,0,6
100552,1240,25,completed,1,6
100552,812,26,completed,0,6
100552,604,27,completed,0,6
100555,1228,20,completed,0,5
100555,427,21,completed,0,5
100555,687,22,completed,0,5
100555,1630,23,completed,0,5
100555,942,24,completed,0,5
100552,1148,28,completed,1,6
100552,343,29,completed,0,6
102449,1386,38,completed,1,8
102449,360,39,completed,0,8
100555,1632,25,completed,0,6
100555,1524,26,completed,0,6
100555,696,27,completed,0,6
100555,1240,28,completed,0,6
100555,117,29,completed,0,6
102454,426,35,completed,0,8
102454,1233,36,completed,0,8
102454,605,37,completed,0,8
102454,531,38,completed,0,8
102454,369,39,completed,0,8
106106,1104,10,pending,1,3
106106,661,11,pending,0,3
106106,1204,12,pending,1,3
106106,409,13,pending,0,3
106106,1112,14,pending,1,3
106106,1113,15,pending,1,4
106106,782,16,pending,0,4
106106,281,17,pending,0,4
106106,1116,18,pending,1,4
106106,1118,19,pending,1,4
106106,1584,5,completed,0,2
106106,1095,6,completed,1,2
106106,486,7,completed,0,2
106106,1196,8,completed,1,2
106106,658,9,completed,0,2
106106,1503,20,pending,0,5
106106,1122,21,pending,1,5
106106,1273,22,pending,1,5
106106,1224,23,pending,1,5
106106,318,24,pending,0,5
106106,1128,25,pending,1,6
106106,1628,26,pending,0,6
106106,1235,27,pending,1,6
106106,328,28,pending,0,6
106106,1139,29,pending,1,6
106106,1143,30,pending,1,7
106106,1150,31,pending,1,7
106106,127,32,pending,0,7
101563,928,20,completed,0,5
101536,944,25,completed,0,6
106106,1536,33,pending,0,7
106106,1155,34,pending,1,7
106106,1156,35,pending,1,8
106106,1164,36,pending,1,8
101563,1222,21,completed,0,5
101563,1016,22,completed,0,5
101563,199,23,completed,0,5
101563,102,24,completed,0,5
101536,747,26,completed,0,6
101536,1527,27,completed,0,6
101536,1033,28,completed,0,6
101536,336,29,completed,0,6
102464,1371,35,completed,0,8
102464,962,36,completed,0,8
106106,546,37,pending,0,8
106106,1169,38,pending,1,8
106106,1175,39,pending,1,8
100576,1333,20,completed,0,5
100576,1204,21,completed,1,5
100576,920,22,completed,0,5
100576,573,23,completed,0,5
100576,1267,24,completed,1,5
102464,456,38,completed,0,8
102464,646,39,completed,0,8
102465,1651,35,completed,0,8
102465,1542,36,completed,0,8
102465,1379,37,completed,1,8
102465,1386,38,completed,1,8
102465,470,39,completed,0,8
100576,1270,25,completed,1,6
100576,1220,26,completed,1,6
100576,1272,27,completed,1,6
100576,1124,28,completed,1,6
100576,1129,29,completed,1,6
102588,516,25,completed,0,6
102588,944,26,completed,0,6
102588,1138,27,completed,1,6
102588,1238,28,completed,1,6
102588,1141,29,completed,1,6
102588,1148,30,completed,1,7
102588,1154,31,completed,1,7
102588,1540,32,completed,0,7
106111,1592,10,pending,0,3
102595,1353,25,completed,1,6
102595,1518,26,completed,0,6
102595,591,27,completed,0,6
102595,1357,28,completed,1,6
102595,1361,29,completed,1,6
106111,1196,5,completed,1,2
106111,1323,6,completed,0,2
106111,10,7,completed,0,2
106111,27,8,completed,0,2
106111,250,11,pending,0,3
106111,1259,12,pending,1,3
106111,1098,13,pending,1,3
106111,1260,14,pending,1,3
106111,1253,15,pending,1,4
106111,1204,16,pending,1,4
106111,1443,17,pending,0,4
106111,1113,18,pending,1,4
106111,1301,19,pending,0,4
106111,198,20,pending,0,5
106111,684,21,pending,0,5
106111,587,22,pending,0,5
106111,1230,23,pending,1,5
106111,1132,24,pending,1,5
106111,1232,25,pending,1,6
106111,1136,26,pending,1,6
106111,805,27,pending,0,6
106111,1137,28,pending,1,6
106111,1238,29,pending,1,6
106111,520,30,pending,0,7
101582,1409,20,completed,1,5
106111,1151,31,pending,1,7
106111,1152,32,pending,1,7
106111,1154,33,pending,1,7
106111,1162,34,pending,1,7
106111,1166,35,pending,1,8
105212,29,5,completed,0,2
105212,1674,6,completed,0,2
105212,300,7,completed,0,2
105212,1259,8,completed,0,2
105212,177,9,completed,0,2
102475,336,35,completed,0,8
102475,1368,36,completed,0,8
102475,609,37,completed,0,8
102475,349,38,completed,0,8
102475,847,39,completed,0,8
101582,89,21,completed,0,5
101582,1410,22,completed,1,5
101582,784,23,completed,0,5
101582,1411,24,completed,1,5
101583,1510,20,completed,0,5
106111,974,36,pending,0,8
106111,1183,37,pending,1,8
106111,1185,38,pending,1,8
106111,1191,39,pending,1,8
101583,1349,21,completed,1,5
101583,1352,22,completed,1,5
101583,1353,23,completed,1,5
101583,1356,24,completed,1,5
105212,1345,20,pending,0,5
105212,1273,21,pending,0,5
105212,581,22,pending,0,5
105212,1227,23,pending,0,5
105212,1311,24,pending,0,5
105212,1020,25,pending,0,6
105212,107,26,pending,0,6
105212,590,27,pending,0,6
102603,1417,25,completed,1,6
102603,313,26,completed,0,6
102603,1418,27,completed,1,6
102603,1420,28,completed,1,6
102603,1422,29,completed,1,6
102604,1302,25,completed,1,6
102604,1304,26,completed,1,6
102604,1305,27,completed,1,6
102604,1306,28,completed,1,6
102604,199,29,completed,0,6
102605,325,25,completed,0,6
102605,109,26,completed,0,6
102605,517,27,completed,0,6
102605,1239,28,completed,0,6
105212,1476,13,completed,0,3
105212,1213,14,completed,0,3
105212,45,15,completed,0,4
105212,596,28,pending,0,6
105212,1139,29,pending,0,6
105212,598,30,pending,0,7
105212,1366,31,pending,0,7
105212,813,32,pending,0,7
100596,1502,20,completed,0,5
100596,726,21,completed,0,5
100596,1124,22,completed,0,5
100596,1306,23,completed,0,5
100596,198,24,completed,0,5
101563,329,25,completed,0,6
105212,540,33,pending,0,7
105212,139,34,pending,0,7
105212,359,35,pending,0,8
105212,1669,36,pending,0,8
105212,981,37,pending,0,8
101563,595,26,completed,0,6
101563,1140,27,completed,0,6
101563,332,28,completed,0,6
101563,1031,29,completed,0,6
105212,638,38,pending,0,8
105212,378,39,pending,0,8
100599,1412,20,completed,0,5
100599,1008,21,completed,0,5
100599,1503,22,completed,0,5
100599,1300,23,completed,1,5
100599,1301,24,completed,1,5
100596,736,25,completed,0,6
100596,1130,26,completed,0,6
100596,324,27,completed,0,6
102607,1232,25,completed,1,6
102607,942,26,completed,0,6
102607,1136,27,completed,1,6
102607,1139,28,completed,1,6
102607,1143,29,completed,1,6
102610,580,25,completed,0,6
102610,1420,26,completed,0,6
102610,582,27,completed,0,6
102607,1145,30,completed,1,7
102607,607,31,completed,0,7
102607,449,32,completed,0,7
102607,1159,33,completed,1,7
102607,617,34,completed,0,7
100596,1361,28,completed,0,6
100596,351,29,completed,0,6
100599,1302,25,completed,1,6
100599,1304,26,completed,1,6
100599,1305,27,completed,1,6
100599,1306,28,completed,1,6
100599,1307,29,completed,1,6
102610,137,36,completed,0,8
102610,976,37,completed,0,8
101596,1078,20,completed,0,5
101596,1010,21,completed,0,5
101596,1224,22,completed,0,5
101596,682,23,completed,0,5
101596,318,24,completed,0,5
102621,1300,25,completed,1,6
102621,1616,26,completed,0,6
102621,1012,27,completed,0,6
102621,1304,28,completed,1,6
102621,421,29,completed,0,6
105214,301,10,completed,0,3
105214,1289,5,completed,1,2
105214,1282,6,completed,1,2
105214,1290,7,completed,1,2
105214,1283,8,completed,1,2
105214,1279,9,completed,1,2
102505,1181,36,completed,1,8
102505,1183,37,completed,1,8
102505,160,38,completed,0,8
102505,1185,39,completed,1,8
105214,1284,11,completed,1,3
105214,1280,12,completed,1,3
105214,1292,13,completed,1,3
105214,1285,14,completed,1,3
101603,1116,20,completed,1,5
105214,1297,20,pending,1,5
105214,1447,21,pending,0,5
105214,1301,22,pending,1,5
105214,1078,23,pending,0,5
101603,1267,21,completed,1,5
101603,1120,22,completed,1,5
101603,1220,23,completed,1,5
101603,1271,24,completed,1,5
101582,1412,25,completed,1,6
105214,1305,24,pending,1,5
105214,1306,25,pending,1,6
105214,1309,26,pending,1,6
105214,1310,27,pending,1,6
105214,1311,28,pending,1,6
101582,1413,26,completed,1,6
101582,1414,27,completed,1,6
101582,1415,28,completed,1,6
101582,97,29,completed,0,6
101583,1357,25,completed,1,6
105214,105,29,pending,0,6
105214,1312,30,pending,1,7
105214,1313,31,pending,1,7
105214,1355,32,pending,0,7
105214,953,33,pending,0,7
102510,361,35,completed,0,8
101606,1507,20,completed,0,5
101583,1358,26,completed,1,6
101583,807,27,completed,0,6
101583,1361,28,completed,1,6
101583,1367,29,completed,1,6
102623,1141,25,completed,1,6
102623,1142,26,completed,1,6
102623,1148,27,completed,1,6
102623,760,28,completed,0,6
102623,1154,29,completed,1,6
102624,1228,25,completed,1,6
102624,1136,26,completed,1,6
102624,1236,27,completed,1,6
102624,946,28,completed,0,6
102624,1525,29,completed,0,6
102510,362,36,completed,0,8
102510,1555,37,completed,0,8
102510,1560,38,completed,0,8
102510,648,39,completed,0,8
102515,964,35,completed,0,8
102515,828,36,completed,0,8
102515,539,37,completed,0,8
102515,150,38,completed,0,8
105214,1155,34,pending,0,7
105214,964,35,pending,0,8
105214,617,36,pending,0,8
105214,541,37,pending,0,8
105214,356,38,pending,0,8
101606,1422,21,completed,0,5
101606,1621,22,completed,0,5
101606,1227,23,completed,0,5
101606,1627,24,completed,0,5
105214,160,39,pending,0,8
100619,190,20,completed,0,5
100619,579,21,completed,0,5
100619,502,22,completed,0,5
100619,1618,23,completed,0,5
100619,1223,24,completed,0,5
100619,1125,25,completed,0,6
100619,200,26,completed,0,6
100619,1229,27,completed,0,6
100619,738,28,completed,0,6
100619,1521,29,completed,0,6
102522,1163,35,completed,1,8
102522,1170,36,completed,1,8
102522,1171,37,completed,1,8
102522,1180,38,completed,1,8
102522,857,39,completed,0,8
101616,1216,20,completed,1,5
100627,1262,20,completed,0,5
100627,1295,21,completed,0,5
100627,1409,22,completed,1,5
100627,1410,23,completed,1,5
100627,1411,24,completed,1,5
101616,1117,21,completed,1,5
101616,415,22,completed,0,5
101616,1119,23,completed,1,5
101616,1222,24,completed,1,5
101617,1222,20,completed,1,5
101596,1514,25,completed,0,6
101617,1508,21,completed,0,5
101617,1225,22,completed,1,5
101617,1356,23,completed,0,5
101617,330,24,completed,0,5
101618,1300,20,completed,1,5
101596,107,26,completed,0,6
101596,1232,27,completed,0,6
101596,591,28,completed,0,6
101596,1631,29,completed,0,6
102636,1345,25,completed,1,6
102636,1347,26,completed,1,6
102636,1352,27,completed,1,6
102636,1628,28,completed,0,6
102636,1356,29,completed,1,6
102636,1357,30,completed,1,7
102636,1360,31,completed,1,7
102636,1366,32,completed,1,7
102636,1367,33,completed,1,7
102636,1368,34,completed,1,7
100627,1215,25,completed,0,6
100627,1412,26,completed,1,6
100627,573,27,completed,0,6
101618,1301,21,completed,1,5
101618,676,22,completed,0,5
101618,1302,23,completed,1,5
101618,1306,24,completed,1,5
100627,1413,28,completed,1,6
100627,192,29,completed,0,6
101621,782,20,completed,0,5
101621,1413,21,completed,0,5
101621,675,22,completed,0,5
101621,1079,23,completed,0,5
101621,499,24,completed,0,5
101603,1618,25,completed,0,6
102536,1380,35,completed,1,8
101603,1226,26,completed,1,6
101603,1228,27,completed,1,6
101603,738,28,completed,0,6
101603,518,29,completed,0,6
102648,1268,25,completed,1,6
102648,1123,26,completed,1,6
102648,1273,27,completed,1,6
102648,1307,28,completed,0,6
102648,1131,29,completed,1,6
102536,1381,36,completed,1,8
102536,617,37,completed,0,8
102536,1657,38,completed,0,8
102536,1189,39,completed,0,8
100642,996,20,completed,0,5
100642,1295,21,completed,0,5
100642,1337,22,completed,0,5
100642,189,23,completed,0,5
100642,1447,24,completed,0,5
101606,1233,25,completed,0,6
100646,1273,20,completed,1,5
100646,1124,21,completed,1,5
100646,683,22,completed,0,5
100646,506,23,completed,0,5
100646,1137,24,completed,1,5
100642,673,25,completed,0,6
100642,1011,26,completed,0,6
100642,1417,27,completed,0,6
101606,112,26,completed,0,6
101606,1136,27,completed,0,6
101606,694,28,completed,0,6
101606,1524,29,completed,0,6
102650,1411,25,completed,1,6
102650,416,26,completed,0,6
102650,888,27,completed,0,6
102650,95,28,completed,0,6
102650,1415,29,completed,1,6
102650,1418,30,completed,1,7
102650,1617,31,completed,0,7
102650,1420,32,completed,1,7
102650,681,33,completed,0,7
102650,1421,34,completed,1,7
100642,578,28,completed,0,6
100642,1508,29,completed,0,6
100646,1138,25,completed,1,6
100646,517,26,completed,0,6
100646,1239,27,completed,1,6
101635,1345,20,completed,1,5
100646,117,28,completed,0,6
100646,1142,29,completed,1,6
101635,1015,21,completed,0,5
101635,1511,22,completed,0,5
101635,1349,23,completed,1,5
101635,1352,24,completed,1,5
102657,1410,25,completed,1,6
102657,1411,26,completed,1,6
102657,1412,27,completed,1,6
102657,1413,28,completed,1,6
102657,1415,29,completed,1,6
101616,1225,25,completed,1,6
102663,1301,25,completed,1,6
101616,796,26,completed,0,6
101616,1232,27,completed,1,6
101616,115,28,completed,0,6
101616,119,29,completed,0,6
101617,1138,25,completed,1,6
101617,1147,26,completed,1,6
101617,754,27,completed,0,6
101617,606,28,completed,0,6
101617,1153,29,completed,1,6
101618,1307,25,completed,1,6
101618,1309,26,completed,1,6
101618,1310,27,completed,1,6
101618,1311,28,completed,1,6
101618,587,29,completed,0,6
102663,1305,28,completed,1,6
102663,1307,29,completed,1,6
102665,1119,25,completed,0,6
102665,1415,26,completed,1,6
102665,1416,27,completed,1,6
102665,1417,28,completed,1,6
102665,1418,29,completed,1,6
105144,1113,19,completed,0,4
101621,1011,25,completed,0,6
101621,1617,26,completed,0,6
101621,99,27,completed,0,6
101621,735,28,completed,0,6
101621,325,29,completed,0,6
100662,1410,20,completed,1,5
100662,1215,21,completed,0,5
100662,923,22,completed,0,5
100662,924,23,completed,0,5
100662,1413,24,completed,1,5
100662,1009,25,completed,0,6
100662,1414,26,completed,1,6
100662,1415,27,completed,1,6
101650,1219,20,completed,1,5
100662,1416,28,completed,1,6
100662,1417,29,completed,1,6
101650,889,21,completed,0,5
101650,1506,22,completed,0,5
101650,1128,23,completed,1,5
101650,591,24,completed,0,5
101635,740,25,completed,0,6
101635,1358,26,completed,1,6
101635,328,27,completed,0,6
101635,1361,28,completed,1,6
101635,1526,29,completed,0,6
101667,1411,20,completed,0,5
101667,308,21,completed,0,5
101667,1502,22,completed,0,5
101667,574,23,completed,0,5
101667,196,24,completed,0,5
100684,1411,20,completed,1,5
100684,1412,21,completed,1,5
100684,1076,22,completed,0,5
100684,1414,23,completed,1,5
100684,1415,24,completed,1,5
102588,1167,36,completed,1,8
102588,1169,37,completed,1,8
102588,1172,38,completed,1,8
102588,1177,39,completed,1,8
100684,1416,25,completed,1,6
100684,1417,26,completed,1,6
100684,1418,27,completed,1,6
101650,1135,25,completed,1,6
100684,1420,28,completed,1,6
100684,1421,29,completed,1,6
101650,805,26,completed,0,6
101650,1139,27,completed,1,6
101650,1240,28,completed,1,6
101650,1147,29,completed,1,6
101680,312,20,completed,0,5
100689,1413,20,completed,1,5
100689,1414,21,completed,1,5
100689,1415,22,completed,1,5
100689,311,23,completed,0,5
100689,1416,24,completed,1,5
101680,1121,21,completed,1,5
101680,1123,22,completed,1,5
102595,1376,35,completed,1,8
102595,535,36,completed,0,8
102595,1381,37,completed,1,8
101680,1124,23,completed,1,5
101680,422,24,completed,0,5
101681,1120,20,completed,0,5
101681,1270,21,completed,0,5
101681,677,22,completed,0,5
101681,1012,23,completed,0,5
101681,1620,24,completed,0,5
100689,1418,25,completed,1,6
100689,1421,26,completed,1,6
100689,1422,27,completed,1,6
100689,103,28,completed,0,6
100689,1515,29,completed,0,6
102595,461,38,completed,0,8
102595,1663,39,completed,0,8
100698,1356,20,completed,1,5
100698,1357,21,completed,1,5
100698,1361,22,completed,1,5
100698,1363,23,completed,1,5
102603,1153,35,completed,0,8
102603,1541,36,completed,0,8
102603,831,37,completed,0,8
102603,1657,38,completed,0,8
102603,462,39,completed,0,8
102604,1029,35,completed,0,8
102604,437,36,completed,0,8
102604,1152,37,completed,0,8
102604,134,38,completed,0,8
102604,965,39,completed,0,8
102605,974,35,completed,0,8
102605,364,36,completed,0,8
102605,151,37,completed,0,8
102605,1181,38,completed,0,8
100698,1364,24,completed,1,5
101688,1295,20,completed,1,5
101688,1297,21,completed,1,5
101688,1411,22,completed,0,5
101688,1007,23,completed,0,5
101688,1300,24,completed,1,5
106127,58,10,pending,0,3
106127,872,11,pending,0,3
106127,1326,12,pending,1,3
106127,1287,13,pending,0,3
106127,1336,14,pending,1,3
100700,1444,20,completed,0,5
100700,1410,21,completed,1,5
100700,1411,22,completed,1,5
100700,1413,23,completed,1,5
100700,675,24,completed,0,5
100698,600,25,completed,0,6
100698,1366,26,completed,1,6
100698,336,27,completed,0,6
101690,893,20,completed,0,5
101667,419,25,completed,0,6
106127,1337,15,pending,1,4
106127,1343,16,pending,1,4
106127,1349,17,pending,1,4
106127,103,18,pending,0,4
100701,1490,20,completed,0,5
100701,1401,21,completed,1,5
100701,1409,22,completed,1,5
100701,1410,23,completed,1,5
100701,1411,24,completed,1,5
100698,1369,28,completed,1,6
100698,1370,29,completed,1,6
101690,1347,21,completed,1,5
101690,1349,22,completed,1,5
101690,1311,23,completed,0,5
101690,1354,24,completed,1,5
101667,1305,26,completed,0,6
101667,198,27,completed,0,6
101667,105,28,completed,0,6
101667,1141,29,completed,0,6
102716,1414,25,completed,1,6
102716,1415,26,completed,1,6
102716,1416,27,completed,1,6
102716,1417,28,completed,1,6
102716,1418,29,completed,1,6
106127,1330,5,completed,1,2
106127,866,6,completed,0,2
105226,1260,10,completed,0,3
105226,267,5,completed,0,2
105226,1695,6,completed,0,2
105226,1404,7,completed,0,2
105226,658,8,completed,0,2
105226,709,9,completed,0,2
102607,158,38,completed,0,8
102607,1191,39,completed,1,8
105226,1071,11,completed,0,3
105226,304,12,completed,0,3
105226,1468,13,completed,0,3
105226,46,14,completed,0,3
106127,1319,7,completed,1,2
106127,1102,8,completed,0,2
106127,1324,9,completed,1,2
105226,796,20,pending,0,5
105226,684,21,pending,0,5
105226,1228,22,pending,0,5
106127,1351,19,pending,1,4
106127,1355,20,pending,1,5
106127,940,21,pending,0,5
106127,741,22,pending,0,5
106127,1358,23,pending,1,5
100700,1415,25,completed,1,6
100700,1416,26,completed,1,6
100700,1453,27,completed,0,6
105226,807,23,pending,0,5
105226,1633,24,pending,0,5
105226,948,25,pending,0,6
105226,1530,26,pending,0,6
105226,342,27,pending,0,6
106127,1029,24,pending,0,5
106127,1361,25,pending,1,6
106127,1365,26,pending,1,6
106127,338,27,pending,0,6
106127,1532,28,pending,0,6
100700,1418,28,completed,1,6
100700,681,29,completed,0,6
100701,1412,25,completed,1,6
100701,1413,26,completed,1,6
100701,1414,27,completed,1,6
105226,448,28,pending,0,6
105226,1374,29,pending,0,6
105226,959,30,pending,0,7
105226,1379,31,pending,0,7
105226,826,32,pending,0,7
106127,1370,29,pending,1,6
106127,1372,30,pending,1,7
106127,1373,31,pending,1,7
106127,128,32,pending,0,7
106127,1375,33,pending,1,7
100706,1600,20,completed,0,5
100706,1118,21,completed,0,5
100706,313,22,completed,0,5
100706,97,23,completed,0,5
100706,421,24,completed,0,5
100701,1416,28,completed,1,6
100701,1417,29,completed,1,6
101694,272,20,completed,0,5
105226,615,33,pending,0,7
105226,141,34,pending,0,7
105226,1667,35,pending,0,8
105226,367,36,pending,0,8
105226,153,37,pending,0,8
106127,1377,34,pending,1,7
106127,1651,35,pending,0,8
106127,1380,36,pending,1,8
106127,1386,37,pending,1,8
106127,547,38,pending,0,8
102719,1304,25,completed,1,6
102719,315,26,completed,0,6
102719,1305,27,completed,1,6
102719,1082,28,completed,0,6
102719,1306,29,completed,1,6
102610,616,35,completed,0,8
102610,148,38,completed,0,8
102610,1576,39,completed,0,8
106127,1189,39,pending,0,8
101694,402,21,completed,0,5
101694,494,22,completed,0,5
101694,1011,23,completed,0,5
101694,500,24,completed,0,5
105226,1179,38,pending,0,8
105226,1566,39,pending,0,8
100708,1401,20,completed,1,5
100708,18,21,completed,0,5
100708,1409,22,completed,1,5
100708,1410,23,completed,1,5
100708,1075,24,completed,0,5
100706,681,25,completed,0,6
100706,201,26,completed,0,6
100706,1518,27,completed,0,6
100706,594,28,completed,0,6
100706,1531,29,completed,0,6
101699,1297,20,completed,1,5
100708,1412,25,completed,1,6
100708,1447,26,completed,0,6
100708,1413,27,completed,1,6
101699,1299,21,completed,1,5
101699,1300,22,completed,1,5
102725,1356,25,completed,1,6
102725,1357,26,completed,1,6
102725,1358,27,completed,1,6
102725,1361,28,completed,1,6
101699,1301,23,completed,1,5
101699,1302,24,completed,1,5
100708,310,28,completed,0,6
100708,1414,29,completed,1,6
101680,1228,25,completed,1,6
101680,1230,26,completed,1,6
101680,1239,27,completed,1,6
101680,1240,28,completed,1,6
101680,1032,29,completed,0,6
101681,590,25,completed,0,6
100713,1287,20,completed,1,5
100713,1295,21,completed,1,5
100713,1296,22,completed,1,5
100713,1297,23,completed,1,5
100713,1299,24,completed,1,5
101681,1235,26,completed,0,6
101681,1526,27,completed,0,6
101681,523,28,completed,0,6
101681,1538,29,completed,0,6
102726,1339,25,completed,0,6
102726,1301,26,completed,1,6
102726,1302,27,completed,1,6
102726,1304,28,completed,1,6
102726,1305,29,completed,1,6
102621,1312,35,completed,1,8
102621,333,36,completed,0,8
102621,825,37,completed,0,8
102621,832,38,completed,0,8
100716,1126,20,completed,0,5
100716,1229,21,completed,0,5
100716,587,22,completed,0,5
100716,1022,23,completed,0,5
100716,1313,24,completed,0,5
100713,1300,25,completed,1,6
100713,1613,26,completed,0,6
100713,1301,27,completed,1,6
100713,1302,28,completed,1,6
100713,1304,29,completed,1,6
100716,1232,25,completed,0,6
100716,433,26,completed,0,6
100716,1137,27,completed,0,6
102621,1659,39,completed,0,8
102623,974,35,completed,0,8
102623,1169,36,completed,1,8
102623,1664,37,completed,0,8
102623,378,38,completed,0,8
102623,1572,39,completed,0,8
102624,1177,35,completed,1,8
102624,1179,36,completed,1,8
102624,1181,37,completed,1,8
102624,1182,38,completed,1,8
100716,602,28,completed,0,6
100716,817,29,completed,0,6
101688,1301,25,completed,1,6
101688,1010,26,completed,0,6
101688,1302,27,completed,1,6
101688,1304,28,completed,1,6
101688,1305,29,completed,1,6
101690,1355,25,completed,1,6
101721,1216,20,completed,1,5
101690,1357,26,completed,1,6
101690,1358,27,completed,1,6
101690,1360,28,completed,1,6
101690,745,29,completed,0,6
100729,1268,20,completed,1,5
100729,1221,21,completed,1,5
100729,1272,22,completed,1,5
100729,1224,23,completed,1,5
100729,1622,24,completed,0,5
101721,1077,21,completed,0,5
101721,1119,22,completed,1,5
101721,1219,23,completed,1,5
101721,1126,24,completed,1,5
102739,433,25,completed,0,6
102739,1239,26,completed,0,6
102739,1525,27,completed,0,6
101723,1312,20,completed,0,5
100729,1229,25,completed,1,6
100729,741,26,completed,0,6
100729,1630,27,completed,0,6
101723,1132,21,completed,1,5
101723,329,22,completed,0,5
101723,694,23,completed,0,5
101723,1239,24,completed,1,5
101694,1123,25,completed,0,6
100734,59,20,completed,0,5
100734,1720,21,completed,0,5
100734,1401,22,completed,1,5
100734,1410,23,completed,1,5
100734,90,24,completed,0,5
100729,1139,28,completed,1,6
100729,1241,29,completed,1,6
101694,731,26,completed,0,6
101694,582,27,completed,0,6
101694,587,28,completed,0,6
101694,737,29,completed,0,6
102636,1386,39,completed,1,8
102739,1169,36,completed,0,8
102739,982,37,completed,0,8
102739,157,38,completed,0,8
100734,1411,25,completed,1,6
100734,1412,26,completed,1,6
100734,1216,27,completed,0,6
101699,1305,25,completed,1,6
100734,574,28,completed,0,6
100734,1413,29,completed,1,6
101699,580,26,completed,0,6
101699,421,27,completed,0,6
101699,1509,28,completed,0,6
101699,1306,29,completed,1,6
102745,1233,25,completed,1,6
102745,1235,26,completed,1,6
102745,433,27,completed,0,6
102745,1137,28,completed,1,6
102745,1138,29,completed,1,6
102748,332,25,completed,0,6
106133,25,5,completed,0,2
106133,1322,6,completed,1,2
106133,207,10,pending,0,3
106133,1324,11,pending,1,3
106133,1320,12,pending,1,3
106133,184,13,pending,0,3
106133,1045,14,pending,0,3
106133,1334,15,pending,1,4
106133,1490,16,pending,0,4
106133,1327,17,pending,1,4
106133,1336,18,pending,1,4
106133,1337,19,pending,1,4
106133,1343,20,pending,1,5
106133,419,21,pending,0,5
106133,1346,22,pending,1,5
106133,1420,23,pending,0,5
106133,1352,24,pending,1,5
106133,1355,25,pending,1,6
106133,1356,26,pending,1,6
106133,1361,27,pending,1,6
106133,1364,28,pending,1,6
106133,522,29,pending,0,6
106133,1367,30,pending,1,7
106133,1369,31,pending,1,7
106133,344,32,pending,0,7
106133,300,8,completed,0,2
106133,1323,9,completed,1,2
102748,1153,28,completed,1,6
102748,1154,29,completed,1,6
102753,1450,25,completed,0,6
102753,1451,26,completed,0,6
102753,1416,27,completed,1,6
102753,1417,28,completed,1,6
102753,1418,29,completed,1,6
102755,676,25,completed,0,6
102755,1302,26,completed,1,6
102755,314,27,completed,0,6
102748,1155,30,completed,1,7
102748,1651,31,completed,0,7
102748,1161,32,completed,1,7
102748,618,33,completed,0,7
102648,1657,35,completed,0,8
102648,1165,36,completed,1,8
102648,1167,37,completed,1,8
106133,1375,33,pending,1,7
106133,1378,34,pending,1,7
106133,1382,35,pending,1,8
106133,462,36,pending,0,8
106133,1556,37,pending,0,8
106133,1174,38,pending,0,8
106133,1575,39,pending,0,8
102648,1179,39,completed,1,8
101739,711,20,completed,0,5
101739,1294,21,completed,1,5
101739,186,22,completed,0,5
101739,1295,23,completed,1,5
101739,1296,24,completed,1,5
102657,433,35,completed,0,8
102657,1371,36,completed,0,8
102657,960,37,completed,0,8
102657,1378,38,completed,0,8
101721,1131,25,completed,1,6
101721,588,26,completed,0,6
101721,1354,27,completed,0,6
101721,1233,28,completed,1,6
101721,1239,29,completed,1,6
101723,1241,25,completed,1,6
101747,1236,20,completed,1,5
101723,447,26,completed,0,6
101723,127,27,completed,0,6
101723,821,28,completed,0,6
101723,1155,29,completed,1,6
101747,1237,21,completed,1,5
101747,1238,22,completed,1,5
101747,1239,23,completed,1,5
101747,1142,24,completed,1,5
102663,456,35,completed,0,8
102769,1412,25,completed,1,6
102769,1413,26,completed,1,6
102769,1415,27,completed,1,6
102769,1416,28,completed,1,6
102769,677,29,completed,0,6
102663,143,36,completed,0,8
102663,464,37,completed,0,8
102663,157,38,completed,0,8
102769,1617,30,completed,0,7
102769,1418,31,completed,1,7
102769,1420,32,completed,1,7
102769,1422,33,completed,1,7
102769,321,34,completed,0,7
102663,859,39,completed,0,8
102665,436,35,completed,0,8
102665,1638,36,completed,0,8
102665,1642,37,completed,0,8
102665,621,38,completed,0,8
102665,548,39,completed,0,8
101752,1344,20,completed,1,5
101752,580,21,completed,0,5
101752,1347,22,completed,1,5
101752,1349,23,completed,1,5
101752,1354,24,completed,1,5
100779,1327,20,completed,0,5
100779,1287,21,completed,0,5
100779,774,22,completed,0,5
100779,1255,23,completed,0,5
100779,570,24,completed,0,5
100782,1339,20,completed,0,5
100782,1121,21,completed,0,5
100782,97,22,completed,0,5
100782,1013,23,completed,0,5
100782,1418,24,completed,0,5
100779,44,25,completed,0,6
100779,1447,26,completed,0,6
100779,1078,27,completed,0,6
100779,577,28,completed,0,6
100779,1129,29,completed,0,6
101759,674,20,completed,0,5
102781,423,25,completed,0,6
102781,1349,26,completed,1,6
102781,1355,27,completed,1,6
102781,1356,28,completed,1,6
102781,1363,29,completed,1,6
100782,315,25,completed,0,6
100782,1421,26,completed,0,6
100782,794,27,completed,0,6
101759,1118,21,completed,0,5
101759,1345,22,completed,1,5
101759,1346,23,completed,1,5
101759,1353,24,completed,1,5
100785,1295,20,completed,1,5
100785,1297,21,completed,1,5
100785,1448,22,completed,0,5
100785,1299,23,completed,1,5
100785,1301,24,completed,1,5
100782,1134,28,completed,0,6
100782,521,29,completed,0,6
101762,1122,20,completed,1,5
102783,1131,25,completed,1,6
102783,1145,26,completed,1,6
102783,1150,27,completed,1,6
102783,821,28,completed,0,6
102783,1154,29,completed,1,6
105236,1284,10,completed,1,3
102783,131,30,completed,0,7
102783,1653,31,completed,0,7
102783,1162,32,completed,1,7
102783,1165,33,completed,1,7
102783,1168,34,completed,1,7
105236,1282,5,completed,1,2
105236,26,6,completed,0,2
105236,1283,7,completed,1,2
105236,1279,8,completed,1,2
105236,1291,9,completed,1,2
105236,1280,11,completed,1,3
105236,1292,12,completed,1,3
105236,1294,13,completed,1,3
100785,1302,25,completed,1,6
100785,1304,26,completed,1,6
100785,1222,27,completed,0,6
101762,1222,21,completed,1,5
101762,1227,22,completed,1,5
101762,1130,23,completed,1,5
101762,1516,24,completed,0,5
101739,412,25,completed,0,6
105236,1302,20,pending,1,5
100788,1412,20,completed,1,5
100788,1414,21,completed,1,5
100788,1415,22,completed,1,5
100788,726,23,completed,0,5
100788,1120,24,completed,0,5
100785,1306,28,completed,1,6
100785,421,29,completed,0,6
101739,1297,26,completed,1,6
101739,1299,27,completed,1,6
101739,1300,28,completed,1,6
101739,677,29,completed,0,6
105236,1304,21,pending,1,5
105236,1508,22,pending,0,5
105236,1273,23,pending,0,5
105236,1306,24,pending,1,5
105236,1307,25,pending,1,6
105236,1309,26,pending,1,6
105236,1310,27,pending,1,6
105236,1311,28,pending,1,6
105236,1312,29,pending,1,6
105236,322,30,pending,0,7
100788,1416,25,completed,1,6
100788,1417,26,completed,1,6
100788,1343,27,completed,0,6
105236,1132,31,pending,0,7
105236,110,32,pending,0,7
105236,433,33,pending,0,7
105236,815,34,pending,0,7
105236,446,35,pending,0,8
100788,1418,28,completed,1,6
100788,1420,29,completed,1,6
105236,958,36,pending,0,8
105236,609,37,pending,0,8
105236,455,38,pending,0,8
105236,635,39,pending,0,8
101747,1148,25,completed,1,6
101772,178,20,completed,0,5
101747,607,26,completed,0,6
101747,1150,27,completed,1,6
101747,343,28,completed,0,6
101747,1153,29,completed,1,6
101772,670,21,completed,0,5
101772,411,22,completed,0,5
101772,1502,23,completed,0,5
101772,418,24,completed,0,5
100800,726,20,completed,0,5
100800,501,21,completed,0,5
100800,1344,22,completed,1,5
100800,1345,23,completed,1,5
100800,198,24,completed,0,5
101752,1355,25,completed,1,6
101752,1364,26,completed,1,6
101752,1637,27,completed,0,6
101752,1366,28,completed,1,6
101752,1367,29,completed,1,6
100800,318,25,completed,0,6
100800,1355,26,completed,1,6
100800,1356,27,completed,1,6
100800,1358,28,completed,1,6
100800,1632,29,completed,0,6
101783,1307,20,completed,0,5
102802,1625,25,completed,0,6
102802,691,26,completed,0,6
102802,1633,27,completed,0,6
102802,1363,28,completed,0,6
102802,1527,29,completed,0,6
102802,1374,30,completed,0,7
102802,969,31,completed,0,7
100806,1410,20,completed,1,5
100806,1411,21,completed,1,5
100806,191,22,completed,0,5
100806,1413,23,completed,1,5
100806,1415,24,completed,1,5
101783,682,21,completed,0,5
101783,797,22,completed,0,5
101783,321,23,completed,0,5
101783,1088,24,completed,0,5
100807,912,20,completed,0,5
100807,1287,21,completed,1,5
100807,920,22,completed,0,5
100807,1296,23,completed,1,5
100807,1300,24,completed,1,5
101759,1355,25,completed,1,6
100806,889,25,completed,0,6
100806,1416,26,completed,1,6
100806,1417,27,completed,1,6
101759,330,26,completed,0,6
101759,517,27,completed,0,6
101759,1363,28,completed,1,6
101759,1365,29,completed,1,6
102805,1370,25,completed,0,6
102805,347,26,completed,0,6
102805,1655,27,completed,0,6
102805,835,28,completed,0,6
102805,149,29,completed,0,6
102809,1022,25,completed,0,6
102809,1630,26,completed,0,6
102809,432,27,completed,0,6
102805,152,30,completed,0,7
102805,634,31,completed,0,7
102805,1564,32,completed,0,7
100806,1418,28,completed,1,6
100806,729,29,completed,0,6
100807,1302,25,completed,1,6
100807,1304,26,completed,1,6
100807,1305,27,completed,1,6
101788,109,20,completed,0,5
100810,47,20,completed,0,5
100810,924,21,completed,0,5
100810,1270,22,completed,0,5
100810,1221,23,completed,0,5
100810,422,24,completed,0,5
100807,1306,28,completed,1,6
100807,1307,29,completed,1,6
101788,740,21,completed,0,5
101788,690,22,completed,0,5
101788,743,23,completed,0,5
101788,945,24,completed,0,5
101762,1135,25,completed,1,6
101762,515,26,completed,0,6
101762,1138,27,completed,1,6
101762,945,28,completed,0,6
101762,1031,29,completed,0,6
100810,1352,25,completed,0,6
100810,511,26,completed,0,6
100810,1520,27,completed,0,6
100810,329,28,completed,0,6
100810,1527,29,completed,0,6
102818,1297,25,completed,1,6
101772,1507,25,completed,0,6
101772,199,26,completed,0,6
101772,1226,27,completed,0,6
101772,322,28,completed,0,6
101772,1232,29,completed,0,6
102818,1300,28,completed,1,6
102818,1304,29,completed,1,6
102716,125,35,completed,0,8
102716,351,36,completed,0,8
102716,1658,37,completed,0,8
102716,1670,38,completed,0,8
102716,857,39,completed,0,8
105179,1113,18,completed,1,4
105179,1117,19,completed,1,4
101808,1349,20,completed,0,5
101808,1128,21,completed,1,5
101808,1131,22,completed,1,5
101808,1135,23,completed,1,5
101808,1520,24,completed,0,5
100825,1720,20,completed,0,5
100825,1327,21,completed,1,5
100825,576,22,completed,0,5
100825,1349,23,completed,1,5
100825,1352,24,completed,1,5
102719,1313,35,completed,1,8
102719,696,36,completed,0,8
102719,130,37,completed,0,8
102719,1664,38,completed,0,8
100827,881,20,completed,0,5
100827,1327,21,completed,0,5
100827,45,22,completed,0,5
100827,1219,23,completed,0,5
100827,1451,24,completed,0,5
100825,1353,25,completed,1,6
100825,1358,26,completed,1,6
100825,1360,27,completed,1,6
100825,1364,28,completed,1,6
100825,1365,29,completed,1,6
101814,1345,20,completed,1,5
101783,427,25,completed,0,6
100829,1401,20,completed,1,5
100829,1409,21,completed,1,5
100829,1412,22,completed,1,5
100829,413,23,completed,0,5
100829,1413,24,completed,1,5
100827,499,25,completed,0,6
100827,1343,26,completed,0,6
100827,324,27,completed,0,6
101814,730,21,completed,0,5
101814,1346,22,completed,1,5
101814,1225,23,completed,0,5
101814,1351,24,completed,1,5
101783,1132,26,completed,0,6
101783,942,27,completed,0,6
101783,433,28,completed,0,6
101783,747,29,completed,0,6
106148,1277,5,completed,1,2
100827,590,28,completed,0,6
100827,1134,29,completed,0,6
106148,558,10,pending,0,3
106148,715,11,pending,0,3
106148,1291,12,pending,1,3
106148,65,13,pending,0,3
106148,1197,14,pending,0,3
100829,1415,25,completed,1,6
100829,1416,26,completed,1,6
100829,1417,27,completed,1,6
106148,1280,15,pending,1,4
106148,1292,16,pending,1,4
106148,1286,17,pending,1,4
106148,1294,18,pending,1,4
106148,1287,19,pending,1,4
100829,728,28,completed,0,6
100829,1273,29,completed,0,6
101788,522,25,completed,0,6
102725,362,38,completed,0,8
102725,374,39,completed,0,8
106148,1296,20,pending,1,5
106148,1297,21,pending,1,5
106148,1299,22,pending,1,5
106148,1301,23,pending,1,5
106148,1302,24,pending,1,5
102726,1312,35,completed,1,8
102726,1313,36,completed,1,8
102726,125,37,completed,0,8
102726,1542,38,completed,0,8
102726,1189,39,completed,0,8
101820,1454,20,completed,0,5
101788,751,26,completed,0,6
101788,953,27,completed,0,6
101788,527,28,completed,0,6
101788,757,29,completed,0,6
106148,1304,25,pending,1,6
106148,1305,26,pending,1,6
106148,1306,27,pending,1,6
106148,1307,28,pending,1,6
106148,1126,29,pending,0,6
106148,1310,30,pending,1,7
106148,1312,31,pending,1,7
106148,1313,32,pending,1,7
106148,965,33,pending,0,7
106148,1654,34,pending,0,7
101820,422,21,completed,0,5
101820,794,22,completed,0,5
101820,322,23,completed,0,5
101820,107,24,completed,0,5
106148,1657,35,pending,0,8
106148,1547,36,pending,0,8
106148,835,37,pending,0,8
106148,149,38,pending,0,8
106148,859,39,pending,0,8
102840,1361,25,completed,1,6
102840,1363,26,completed,1,6
102840,1366,27,completed,1,6
102840,1367,28,completed,1,6
102840,1369,29,completed,1,6
102840,1370,30,completed,1,7
102840,1372,31,completed,1,7
101826,1224,20,completed,1,5
100845,1300,20,completed,1,5
100845,1301,21,completed,1,5
100845,499,22,completed,0,5
100845,1304,23,completed,1,5
100845,1305,24,completed,1,5
101826,509,21,completed,0,5
101826,1231,22,completed,1,5
101826,1135,23,completed,1,5
101826,1136,24,completed,1,5
100847,1299,20,completed,1,5
100847,1300,21,completed,1,5
100847,1302,22,completed,1,5
100847,502,23,completed,0,5
100847,1305,24,completed,1,5
100845,1306,25,completed,1,6
100845,1307,26,completed,1,6
100845,318,27,completed,0,6
101808,1239,25,completed,1,6
100845,1310,28,completed,1,6
100845,1311,29,completed,1,6
101808,1143,26,completed,1,6
101808,1145,27,completed,1,6
101808,1533,28,completed,0,6
101808,342,29,completed,0,6
102854,1300,25,completed,1,6
102854,1301,26,completed,1,6
102854,1220,27,completed,0,6
102854,1304,28,completed,1,6
100847,1306,25,completed,1,6
100847,582,26,completed,0,6
100847,1307,27,completed,1,6
100851,1294,20,completed,1,5
100851,1490,21,completed,0,5
100851,1444,22,completed,0,5
100851,89,23,completed,0,5
100851,1296,24,completed,1,5
100847,1309,28,completed,1,6
100847,1311,29,completed,1,6
102739,833,35,completed,0,8
100851,1297,25,completed,1,6
100851,1299,26,completed,1,6
100851,1300,27,completed,1,6
101814,1352,25,completed,1,6
100851,1301,28,completed,1,6
100851,1302,29,completed,1,6
101814,1354,26,completed,1,6
101814,1356,27,completed,1,6
101814,1357,28,completed,1,6
101814,1237,29,completed,0,6
101838,1130,20,completed,1,5
101838,1132,21,completed,1,5
101838,742,22,completed,0,5
102745,969,35,completed,0,8
102745,1165,36,completed,1,8
102745,1167,37,completed,1,8
102745,838,38,completed,0,8
102745,1183,39,completed,1,8
101838,1238,23,completed,1,5
101838,1636,24,completed,0,5
101840,1353,20,completed,1,5
100866,415,20,completed,0,5
100866,1300,21,completed,1,5
100866,94,22,completed,0,5
100866,1301,23,completed,1,5
100866,1304,24,completed,1,5
101840,1354,21,completed,1,5
101840,590,22,completed,0,5
101840,1356,23,completed,1,5
101840,942,24,completed,0,5
101820,1355,25,completed,0,6
100866,1305,25,completed,1,6
100866,1306,26,completed,1,6
100866,1307,27,completed,1,6
101820,1137,26,completed,0,6
101820,434,27,completed,0,6
101820,1139,28,completed,0,6
101820,600,29,completed,0,6
102864,315,25,completed,0,6
102864,1305,26,completed,1,6
102864,1306,27,completed,1,6
102864,1307,28,completed,1,6
102864,1309,29,completed,1,6
102865,100,25,completed,0,6
102865,1306,26,completed,1,6
102865,1307,27,completed,1,6
102865,102,28,completed,0,6
102865,318,29,completed,0,6
102753,430,35,completed,0,8
100866,1309,28,completed,1,6
100866,1310,29,completed,1,6
101852,1087,20,completed,0,5
102753,1522,36,completed,0,8
102753,1365,37,completed,0,8
102871,1139,25,completed,1,6
102871,1140,26,completed,1,6
102871,1241,27,completed,1,6
102871,1142,28,completed,1,6
102871,1147,29,completed,1,6
102753,1377,38,completed,0,8
102753,466,39,completed,0,8
102755,1238,35,completed,0,8
102755,333,36,completed,0,8
102755,752,37,completed,0,8
102755,127,38,completed,0,8
102755,158,39,completed,0,8
101852,587,21,completed,0,5
101852,804,22,completed,0,5
101852,742,23,completed,0,5
101852,517,24,completed,0,5
101826,1523,25,completed,0,6
101826,1140,26,completed,1,6
101826,1142,27,completed,1,6
101826,1644,28,completed,0,6
101826,757,29,completed,0,6
102884,1236,25,completed,1,6
102884,1137,26,completed,1,6
102884,1138,27,completed,1,6
101862,189,20,completed,0,5
101862,885,21,completed,0,5
101862,675,22,completed,0,5
101862,790,23,completed,0,5
101862,1015,24,completed,0,5
102888,1237,25,completed,1,6
102888,595,26,completed,0,6
102888,1138,27,completed,1,6
102888,748,28,completed,0,6
102888,1241,29,completed,1,6
102769,1354,35,completed,0,8
102769,335,36,completed,0,8
102769,1551,37,completed,0,8
102769,836,38,completed,0,8
102769,1570,39,completed,0,8
102884,147,36,completed,0,8
102884,1172,37,completed,1,8
102884,1174,38,completed,1,8
101868,1128,20,completed,1,5
101838,1141,25,completed,1,6
101868,509,21,completed,0,5
101868,1231,22,completed,1,5
101868,1235,23,completed,1,5
101868,604,24,completed,0,5
101838,1527,26,completed,0,6
101838,753,27,completed,0,6
101838,1153,28,completed,1,6
101838,450,29,completed,0,6
101840,1631,25,completed,0,6
100893,1346,20,completed,0,5
100893,319,21,completed,0,5
100893,507,22,completed,0,5
100893,1356,23,completed,0,5
100893,1025,24,completed,0,5
101840,944,26,completed,0,6
101840,1361,27,completed,1,6
101840,1363,28,completed,1,6
101840,1364,29,completed,1,6
102897,1300,25,completed,1,6
101873,1349,20,completed,1,5
100893,804,25,completed,0,6
100893,1633,26,completed,0,6
100893,1360,27,completed,0,6
101873,735,21,completed,0,5
101873,107,22,completed,0,5
101873,1353,23,completed,1,5
101873,1358,24,completed,1,5
100893,808,28,completed,0,6
100893,437,29,completed,0,6
102897,1304,28,completed,1,6
102897,1305,29,completed,1,6
102901,1299,25,completed,1,6
102901,1300,26,completed,1,6
102901,1118,27,completed,0,6
102897,1345,30,completed,0,7
102897,1307,31,completed,1,7
102897,1310,32,completed,1,7
102897,1311,33,completed,1,7
101852,1369,25,completed,0,6
101852,1644,26,completed,0,6
101852,958,27,completed,0,6
101852,824,28,completed,0,6
101852,1653,29,completed,0,6
102781,1377,35,completed,1,8
102902,1222,25,completed,0,6
102902,1305,26,completed,1,6
102902,1310,27,completed,1,6
102902,1311,28,completed,1,6
102902,1312,29,completed,1,6
102781,1379,36,completed,1,8
102781,1382,37,completed,1,8
102781,1386,38,completed,1,8
102781,634,39,completed,0,8
102905,1134,25,completed,0,6
102905,1520,26,completed,0,6
102905,804,27,completed,0,6
102905,1236,28,completed,0,6
102905,1360,29,completed,0,6
102907,1300,25,completed,1,6
102907,1341,26,completed,0,6
102907,1343,27,completed,0,6
102907,1304,28,completed,1,6
102907,1305,29,completed,1,6
102905,1532,30,completed,0,7
102905,124,31,completed,0,7
102905,755,32,completed,0,7
102905,1150,33,completed,0,7
102905,1375,34,completed,0,7
101891,500,20,completed,0,5
101891,1343,21,completed,1,5
101891,1082,22,completed,0,5
101891,1346,23,completed,1,5
101891,1351,24,completed,1,5
101862,201,25,completed,0,6
100913,1296,20,completed,1,5
100913,571,21,completed,0,5
100913,1297,22,completed,1,5
100913,1299,23,completed,1,5
100913,1302,24,completed,1,5
101862,1309,26,completed,0,6
101862,105,27,completed,0,6
101862,1353,28,completed,0,6
101862,939,29,completed,0,6
101898,781,20,completed,0,5
100913,1304,25,completed,1,6
100913,1013,26,completed,0,6
100913,1305,27,completed,1,6
101898,719,21,completed,0,5
101898,1296,22,completed,1,5
101898,1500,23,completed,0,5
101898,46,24,completed,0,5
101868,1150,25,completed,1,6
102917,337,25,completed,0,6
102917,1147,26,completed,1,6
102917,449,27,completed,0,6
102917,611,28,completed,0,6
102917,1154,29,completed,1,6
100913,503,28,completed,0,6
100913,1306,29,completed,1,6
101868,1154,26,completed,1,6
101868,1540,27,completed,0,6
101868,452,28,completed,0,6
101868,963,29,completed,0,6
101873,1363,25,completed,1,6
102802,630,35,completed,0,8
102802,845,36,completed,0,8
102802,634,37,completed,0,8
102802,157,38,completed,0,8
101873,1364,26,completed,1,6
101873,1368,27,completed,1,6
101873,603,28,completed,0,6
101873,1370,29,completed,1,6
102930,792,25,completed,0,6
102930,1123,26,completed,0,6
102930,1349,27,completed,1,6
102930,1515,28,completed,0,6
102930,1352,29,completed,1,6
101916,271,20,completed,0,5
101916,1401,21,completed,1,5
101916,1409,22,completed,1,5
101916,1410,23,completed,1,5
101916,1412,24,completed,1,5
101919,426,20,completed,0,5
102936,684,25,completed,0,6
102936,1228,26,completed,0,6
102936,428,27,completed,0,6
102936,591,28,completed,0,6
102936,521,29,completed,0,6
102809,1547,35,completed,0,8
102809,1171,36,completed,0,8
102809,629,37,completed,0,8
102809,157,38,completed,0,8
102809,374,39,completed,0,8
101919,1131,21,completed,1,5
101919,1132,22,completed,1,5
101919,1134,23,completed,1,5
101919,1135,24,completed,1,5
101891,1352,25,completed,1,6
101891,1625,26,completed,0,6
101891,1355,27,completed,1,6
101891,1356,28,completed,1,6
101891,1357,29,completed,1,6
102946,494,25,completed,0,6
102818,1311,35,completed,1,8
102818,1312,36,completed,1,8
102818,454,37,completed,0,8
102818,540,38,completed,0,8
102818,138,39,completed,0,8
101898,1299,25,completed,1,6
101898,1302,26,completed,1,6
101898,928,27,completed,0,6
101898,1304,28,completed,1,6
101898,580,29,completed,0,6
101931,1344,20,completed,1,5
100945,1112,20,completed,1,5
100945,1116,21,completed,1,5
100945,1117,22,completed,1,5
100945,676,23,completed,0,5
102946,1413,28,completed,1,6
102946,1414,29,completed,1,6
100945,1120,24,completed,1,5
101931,1346,21,completed,1,5
101931,316,22,completed,0,5
101931,102,23,completed,0,5
101931,733,24,completed,0,5
100945,1121,25,completed,1,6
100945,1125,26,completed,1,6
100945,584,27,completed,0,6
100945,1228,28,completed,1,6
100945,1131,29,completed,1,6
100951,1409,20,completed,1,5
100951,1411,21,completed,1,5
100951,1412,22,completed,1,5
100951,1414,23,completed,1,5
100951,1119,24,completed,0,5
100952,1123,20,completed,1,5
100952,1230,21,completed,1,5
100952,1131,22,completed,1,5
100952,323,23,completed,0,5
100952,1233,24,completed,1,5
101941,1345,20,completed,0,5
100951,1415,25,completed,1,6
100951,1416,26,completed,1,6
100951,1417,27,completed,1,6
101941,1124,21,completed,0,5
101941,584,22,completed,0,5
101941,1022,23,completed,0,5
101941,329,24,completed,0,5
101916,1414,25,completed,1,6
106166,1245,5,completed,1,2
106166,1201,6,completed,1,2
106166,406,7,completed,0,2
106166,1212,10,pending,1,3
106166,89,11,pending,0,3
100951,1418,28,completed,1,6
100951,1420,29,completed,1,6
100952,432,25,completed,0,6
100952,1140,26,completed,1,6
100952,750,27,completed,0,6
101943,1411,20,completed,1,5
101916,1415,26,completed,1,6
101916,1417,27,completed,1,6
101916,1418,28,completed,1,6
101916,1421,29,completed,1,6
106166,1213,12,pending,1,3
106166,1269,13,pending,1,3
106166,1220,14,pending,1,3
106166,1124,15,pending,1,4
106166,1224,16,pending,1,4
100952,1641,28,completed,0,6
100952,605,29,completed,0,6
101943,1412,21,completed,1,5
101943,1007,22,completed,0,5
101943,1414,23,completed,1,5
101943,1415,24,completed,1,5
101919,1235,25,completed,1,6
106166,682,17,pending,0,4
106166,1126,18,pending,1,4
106166,1129,19,pending,1,4
106166,1520,20,pending,0,5
106166,807,21,pending,0,5
100956,1352,20,completed,1,5
100956,1353,21,completed,1,5
100956,1356,22,completed,1,5
100956,1357,23,completed,1,5
100956,1358,24,completed,1,5
101919,805,26,completed,0,6
101919,1238,27,completed,1,6
101919,949,28,completed,0,6
101919,1364,29,completed,0,6
106166,1139,22,pending,1,5
106166,607,23,pending,0,5
106166,1151,24,pending,1,5
106166,448,25,pending,0,6
106166,1152,26,pending,1,6
106166,1156,27,pending,1,6
106166,1163,28,pending,1,6
106166,1164,29,pending,1,6
106166,462,30,pending,0,7
100958,91,20,completed,0,5
100958,1337,21,completed,1,5
100958,1339,22,completed,1,5
100958,1343,23,completed,1,5
100958,790,24,completed,0,5
100956,113,25,completed,0,6
100956,1360,26,completed,1,6
100956,1364,27,completed,1,6
106166,1165,31,pending,1,7
106166,1166,32,pending,1,7
106166,976,33,pending,0,7
106166,1169,34,pending,1,7
106166,365,35,pending,0,8
106166,470,36,pending,0,8
106166,1175,37,pending,1,8
106166,1561,38,pending,0,8
106166,1181,39,pending,1,8
100956,1641,28,completed,0,6
100956,1368,29,completed,1,6
100958,1344,25,completed,1,6
100958,1345,26,completed,1,6
100958,1354,27,completed,1,6
102963,1129,25,completed,0,6
102963,803,26,completed,0,6
102963,1025,27,completed,0,6
102963,119,28,completed,0,6
102963,525,29,completed,0,6
100958,1360,28,completed,1,6
100958,1524,29,completed,0,6
100963,1349,20,completed,1,5
100963,1351,21,completed,1,5
100963,1352,22,completed,1,5
100963,1626,23,completed,0,5
100963,1354,24,completed,1,5
100964,1287,20,completed,1,5
100964,1295,21,completed,1,5
100964,1296,22,completed,1,5
100964,1297,23,completed,1,5
100964,884,24,completed,0,5
102969,1344,25,completed,1,6
102969,197,26,completed,0,6
102969,1306,27,completed,0,6
100963,805,25,completed,0,6
100963,1360,26,completed,1,6
100963,1364,27,completed,1,6
100967,1262,20,completed,0,5
100967,1454,21,completed,0,5
100967,1273,22,completed,0,5
100967,893,23,completed,0,5
100967,100,24,completed,0,5
100963,753,28,completed,0,6
100963,340,29,completed,0,6
100964,1299,25,completed,1,6
100964,1300,26,completed,1,6
100964,1301,27,completed,1,6
101931,1355,25,completed,1,6
100964,1302,28,completed,1,6
100964,1304,29,completed,1,6
101931,1356,26,completed,1,6
101931,804,27,completed,0,6
101931,942,28,completed,0,6
101931,1357,29,completed,1,6
102854,1313,35,completed,1,8
102854,1633,36,completed,0,8
100971,1504,20,completed,0,5
100971,1416,21,completed,0,5
100971,1126,22,completed,0,5
100971,797,23,completed,0,5
100971,742,24,completed,0,5
100967,105,25,completed,0,6
100967,738,26,completed,0,6
100967,940,27,completed,0,6
101963,1225,20,completed,0,5
102854,1636,37,completed,0,8
102854,1241,38,completed,0,8
102854,1181,39,completed,0,8
100967,112,28,completed,0,6
100967,1361,29,completed,0,6
101963,200,21,completed,0,5
101963,1352,22,completed,1,5
101963,687,23,completed,0,5
101963,1353,24,completed,1,5
100971,596,25,completed,0,6
100971,335,26,completed,0,6
100971,750,27,completed,0,6
100971,526,28,completed,0,6
100971,449,29,completed,0,6
105257,1297,20,pending,1,5
105257,1299,21,pending,1,5
105257,1300,22,pending,1,5
105257,415,23,pending,0,5
105257,716,10,completed,0,3
105257,72,5,completed,0,2
105257,1290,6,completed,1,2
105257,1283,7,completed,1,2
105257,183,8,completed,0,2
105257,1291,9,completed,1,2
105257,1252,11,completed,0,3
105257,1280,12,completed,1,3
105257,1292,13,completed,1,3
105257,1285,14,completed,1,3
101941,1633,25,completed,0,6
105257,1450,24,pending,0,5
105257,1301,25,pending,1,6
105257,1302,26,pending,1,6
105257,1304,27,pending,1,6
105257,1306,28,pending,1,6
101941,1527,26,completed,0,6
101941,1142,27,completed,0,6
101941,1528,28,completed,0,6
101941,343,29,completed,0,6
105257,1307,29,pending,1,6
105257,1310,30,pending,1,7
105257,1312,31,pending,1,7
105257,1626,32,pending,0,7
105257,324,33,pending,0,7
101943,790,25,completed,0,6
105257,1028,34,pending,0,7
105257,696,35,pending,0,8
105257,348,36,pending,0,8
105257,456,37,pending,0,8
105257,1167,38,pending,0,8
102864,1539,36,completed,0,8
102864,1163,37,completed,0,8
102864,837,38,completed,0,8
102864,856,39,completed,0,8
102865,447,35,completed,0,8
102865,1372,36,completed,0,8
102865,964,37,completed,0,8
102865,457,38,completed,0,8
102865,1564,39,completed,0,8
101974,1122,20,completed,1,5
101943,1417,26,completed,1,6
101943,1418,27,completed,1,6
101943,1273,28,completed,0,6
101943,1420,29,completed,1,6
105257,844,39,pending,0,8
100995,1294,20,completed,1,5
100995,912,21,completed,0,5
100995,1295,22,completed,1,5
101974,1083,21,completed,0,5
101974,733,22,completed,0,5
101974,797,23,completed,0,5
101974,1132,24,completed,1,5
100995,44,23,completed,0,5
100995,1296,24,completed,1,5
102985,1413,25,completed,1,6
102985,1414,26,completed,1,6
102985,1415,27,completed,1,6
102985,1417,28,completed,1,6
102985,1418,29,completed,1,6
103000,1310,30,completed,1,7
103000,792,28,completed,0,6
103000,1309,29,completed,1,6
103000,1311,31,completed,1,7
103000,1312,32,completed,1,7
102871,544,35,completed,0,8
102871,1165,36,completed,1,8
102871,1665,37,completed,0,8
102871,1177,38,completed,1,8
102871,1189,39,completed,1,8
103000,433,33,completed,0,7
103000,331,34,completed,0,7
105214,1214,19,completed,0,4
102994,1125,25,completed,1,6
102994,1225,26,completed,1,6
102994,1128,27,completed,1,6
102994,1131,28,completed,1,6
102994,1353,29,completed,0,6
102000,24,0,completed,0,1
102000,1479,1,completed,0,1
102000,868,2,completed,0,1
102000,1249,3,completed,1,1
102000,902,4,completed,0,1
102012,1282,5,completed,1,2
102012,487,6,completed,0,2
102012,398,7,completed,0,2
102884,1556,35,completed,0,8
102888,357,35,completed,0,8
102888,1166,36,completed,1,8
103005,1269,15,completed,1,4
103005,1270,16,completed,1,4
103005,578,17,completed,0,4
103005,1272,18,completed,1,4
103005,1222,19,completed,1,4
103005,1134,25,completed,1,6
103005,1031,26,completed,0,6
103005,810,27,completed,0,6
103005,1147,28,completed,1,6
101963,1354,25,completed,1,6
101963,1356,26,completed,1,6
101994,1341,20,completed,0,5
101994,200,21,completed,0,5
101994,1228,22,completed,1,5
101994,1130,23,completed,1,5
101994,1231,24,completed,1,5
101963,1357,27,completed,1,6
101963,1360,28,completed,1,6
101963,1361,29,completed,1,6
103007,1123,25,completed,0,6
103007,277,15,completed,0,4
103007,1702,16,completed,0,4
103007,1496,17,completed,0,4
103007,1703,18,completed,0,4
103007,81,19,completed,0,4
103009,1103,15,completed,0,4
103009,1606,16,completed,0,4
103009,1293,17,completed,1,4
103009,1286,18,completed,1,4
103009,919,19,completed,0,4
103010,15,15,completed,0,4
103010,1465,16,completed,0,4
103010,238,17,completed,0,4
103010,1407,18,completed,0,4
103007,1347,26,completed,0,6
103007,736,27,completed,0,6
103007,1518,28,completed,0,6
103007,533,29,completed,0,6
103009,1297,25,completed,1,6
103009,1006,26,completed,0,6
103009,1300,27,completed,1,6
103009,1118,28,completed,0,6
103009,925,29,completed,0,6
103010,730,25,completed,0,6
103010,199,26,completed,0,6
103010,427,27,completed,0,6
103010,1023,28,completed,0,6
103007,1545,30,completed,0,7
103007,353,31,completed,0,7
103007,141,32,completed,0,7
103011,604,30,completed,0,7
103011,1117,15,completed,1,4
103011,1504,16,completed,0,4
103011,1219,17,completed,1,4
103011,1220,18,completed,1,4
103011,1273,19,completed,1,4
103012,1407,15,completed,1,4
103012,1063,16,completed,0,4
103012,1408,17,completed,1,4
103012,1410,18,completed,1,4
103012,1411,19,completed,1,4
103011,1125,20,completed,1,5
103011,1225,21,completed,1,5
103011,1126,22,completed,1,5
103011,318,23,completed,0,5
103011,1129,24,completed,1,5
103011,1130,25,completed,1,6
103011,1236,26,completed,1,6
103011,1238,27,completed,1,6
103011,1140,28,completed,1,6
103011,751,29,completed,0,6
103012,1453,25,completed,0,6
103012,1418,26,completed,1,6
103012,1420,27,completed,1,6
103012,503,28,completed,0,6
103012,1421,29,completed,1,6
105236,1297,16,completed,1,4
105236,1299,17,completed,1,4
105236,1300,18,completed,1,4
105236,1301,19,completed,1,4
101974,1232,25,completed,1,6
101974,1233,26,completed,1,6
101974,432,27,completed,0,6
101974,1235,28,completed,1,6
101974,112,29,completed,0,6
100016,808,30,completed,0,7
100016,1524,31,completed,0,7
100016,758,32,completed,0,7
100016,1374,33,completed,0,7
100016,451,34,completed,0,7
106178,1435,10,pending,0,3
106178,1326,11,pending,1,3
106178,661,12,pending,0,3
106178,1334,13,pending,1,3
106178,1335,14,pending,1,3
106178,1410,15,pending,0,4
106178,1341,16,pending,1,4
106178,1343,17,pending,1,4
103037,1332,15,completed,1,4
103037,1333,16,completed,1,4
103037,1326,17,completed,1,4
103037,1334,18,completed,1,4
103037,1327,19,completed,1,4
103037,1351,25,completed,1,6
103037,1516,26,completed,0,6
103037,805,27,completed,0,6
103037,1360,28,completed,1,6
103037,1634,29,completed,0,6
106178,1329,5,completed,1,2
106178,1318,6,completed,1,2
106178,1319,7,completed,1,2
106178,289,8,completed,0,2
106178,1320,9,completed,1,2
105599,1286,18,completed,1,4
105599,1294,19,completed,1,4
105621,1119,18,completed,0,4
105621,1506,19,completed,0,4
106178,1345,18,pending,1,4
106178,892,19,pending,0,4
106178,503,20,pending,0,5
106178,1346,21,pending,1,5
106178,504,22,pending,0,5
106178,1356,23,pending,1,5
106178,1357,24,pending,1,5
106178,746,25,pending,0,6
106178,1365,26,pending,1,6
106178,1366,27,pending,1,6
106178,1371,28,pending,1,6
106178,818,29,pending,0,6
106178,606,30,pending,0,7
106178,1373,31,pending,1,7
106178,1375,32,pending,1,7
106178,1376,33,pending,1,7
106178,1378,34,pending,1,7
106178,827,35,pending,0,8
106178,1382,36,pending,1,8
106178,1383,37,pending,1,8
106178,359,38,pending,0,8
106178,646,39,pending,0,8
105666,1008,18,completed,0,4
103039,270,15,completed,0,4
103039,1719,16,completed,0,4
103039,668,17,completed,0,4
103039,88,18,completed,0,4
103039,1444,19,completed,0,4
105666,1117,19,completed,1,4
103039,1612,20,completed,0,5
103039,725,21,completed,0,5
103039,1341,22,completed,0,5
103039,578,23,completed,0,5
103039,892,24,completed,0,5
103039,1126,25,completed,0,6
103039,509,26,completed,0,6
103039,941,27,completed,0,6
103039,600,28,completed,0,6
103039,1534,29,completed,0,6
103039,606,30,completed,0,7
103039,344,31,completed,0,7
103039,1153,32,completed,0,7
100033,816,30,completed,0,7
100033,1151,31,completed,1,7
100033,1543,32,completed,0,7
100033,134,33,completed,0,7
100033,1662,34,completed,0,7
100016,452,35,completed,0,8
100016,135,36,completed,0,8
100016,459,37,completed,0,8
100016,548,38,completed,0,8
100016,1666,39,completed,0,8
100043,454,30,completed,0,7
100043,1654,31,completed,0,7
100043,1544,32,completed,0,7
100043,1662,33,completed,0,7
100043,1664,34,completed,0,7
105927,1286,18,completed,1,4
105927,1294,19,completed,1,4
105951,1261,17,completed,1,4
105951,1334,18,completed,0,4
105951,1212,19,completed,1,4
105965,1271,17,completed,1,4
105965,501,18,completed,0,4
105965,1222,19,completed,1,4
104019,1240,29,completed,0,6
100048,1310,30,completed,1,7
100048,1311,31,completed,1,7
100048,1312,32,completed,1,7
100048,1313,33,completed,1,7
100048,1137,34,completed,0,7
100033,1171,35,completed,1,8
100033,1172,36,completed,1,8
100033,1174,37,completed,1,8
100033,1180,38,completed,1,8
100033,381,39,completed,0,8
103055,1232,25,completed,1,6
103055,1606,15,completed,0,4
103055,1254,16,completed,1,4
103055,1262,17,completed,1,4
103055,1213,18,completed,1,4
103055,1265,19,completed,1,4
103055,1233,26,completed,1,6
103055,1236,27,completed,1,6
103055,1237,28,completed,1,6
103055,946,29,completed,0,6
104167,1307,29,completed,1,6
104257,1642,29,completed,0,6
100043,363,35,completed,0,8
100043,1668,36,completed,0,8
100043,1180,37,completed,0,8
100043,1567,38,completed,0,8
100043,1575,39,completed,0,8
103066,923,15,completed,0,4
103066,786,16,completed,0,4
103066,1415,17,completed,0,4
103066,1220,18,completed,0,4
103066,898,25,completed,0,6
103066,427,26,completed,0,6
103066,1312,27,completed,0,6
104393,1306,28,completed,1,6
104409,1416,28,completed,1,6
104409,1417,29,completed,1,6
100062,616,30,completed,0,7
100062,353,31,completed,0,7
100062,354,32,completed,0,7
100062,138,33,completed,0,7
100062,1168,34,completed,0,7
100048,333,35,completed,0,8
100063,1311,30,completed,1,7
100063,687,31,completed,0,7
100063,1313,32,completed,1,7
100063,1232,33,completed,0,7
100063,1355,34,completed,0,7
100048,1374,36,completed,0,8
100048,128,37,completed,0,8
100048,456,38,completed,0,8
100048,1571,39,completed,0,8
103068,660,15,completed,0,4
103068,1496,16,completed,0,4
103068,1293,17,completed,1,4
103068,185,18,completed,0,4
103068,1286,19,completed,1,4
103070,1498,15,completed,0,4
103070,1116,16,completed,1,4
103070,1502,17,completed,0,4
103070,724,18,completed,0,4
103070,1268,19,completed,1,4
103068,1287,20,completed,1,5
103068,1296,21,completed,1,5
103068,1297,22,completed,1,5
103068,1299,23,completed,1,5
103068,1300,24,completed,1,5
105266,1395,5,completed,1,2
105266,392,6,completed,0,2
105266,1391,7,completed,1,2
105266,1396,8,completed,1,2
105266,1392,9,completed,1,2
103068,1301,25,completed,1,6
103068,1302,26,completed,1,6
103068,1012,27,completed,0,6
103068,1304,28,completed,1,6
103068,1305,29,completed,1,6
103070,1230,25,completed,1,6
103070,1023,26,completed,0,6
103070,1627,27,completed,0,6
103070,1235,28,completed,1,6
105266,275,10,completed,0,3
105266,1404,11,completed,1,3
105266,1405,12,completed,1,3
103068,1307,30,completed,1,7
103068,1309,31,completed,1,7
103068,1310,32,completed,1,7
103068,898,33,completed,0,7
103068,1311,34,completed,1,7
104483,1636,29,completed,0,6
105266,1408,20,pending,1,5
105266,1401,21,pending,1,5
105266,1409,22,pending,1,5
105266,1410,23,pending,1,5
105266,1412,24,pending,1,5
105266,1413,25,pending,1,6
105266,1414,26,pending,1,6
105266,1415,27,pending,1,6
105266,1394,15,completed,1,4
105266,1406,16,completed,1,4
105266,67,17,completed,0,4
105266,911,18,completed,0,4
105266,1400,19,completed,1,4
105266,1416,28,pending,1,6
105266,1304,29,pending,0,6
105266,1420,30,pending,1,7
105266,1422,31,pending,1,7
105266,107,32,pending,0,7
105266,109,33,pending,0,7
105266,1537,34,pending,0,7
105266,130,35,pending,0,8
105266,832,36,pending,0,8
105266,1660,37,pending,0,8
105266,1563,38,pending,0,8
105266,1575,39,pending,0,8
104645,1227,29,completed,0,6
104657,1134,29,completed,0,6
100062,841,35,completed,0,8
105267,1295,20,pending,1,5
105267,1608,21,pending,0,5
105267,1296,22,pending,1,5
103087,919,15,completed,0,4
103087,1075,16,completed,0,4
103087,1120,17,completed,1,4
103087,1124,18,completed,1,4
103087,1225,19,completed,1,4
103087,128,30,completed,0,7
105267,55,5,completed,0,2
105267,1281,6,completed,1,2
105267,1282,7,completed,1,2
105267,1290,8,completed,1,2
105267,1283,9,completed,1,2
103087,1140,25,completed,1,6
103087,1240,26,completed,1,6
103087,949,27,completed,0,6
103087,441,28,completed,0,6
103087,1147,29,completed,1,6
103087,1155,31,completed,1,7
103087,1381,32,completed,0,7
103087,1162,33,completed,1,7
103087,1165,34,completed,1,7
105267,40,15,completed,0,4
105267,1292,16,completed,1,4
105267,1293,17,completed,1,4
105267,1286,18,completed,1,4
105267,1064,19,completed,0,4
104733,1307,28,completed,1,6
104733,1511,29,completed,0,6
104774,1415,29,completed,1,6
100062,844,36,completed,0,8
100062,381,37,completed,0,8
100062,1575,38,completed,0,8
100062,382,39,completed,0,8
100063,1238,35,completed,0,8
105267,721,23,pending,0,5
105267,1297,24,pending,1,5
105267,884,25,pending,0,6
105267,1299,26,pending,1,6
105267,1300,27,pending,1,6
100063,1142,36,completed,0,8
100063,814,37,completed,0,8
100063,1667,38,completed,0,8
100063,1568,39,completed,0,8
105267,1301,28,pending,1,6
105267,1306,29,pending,1,6
105267,1309,30,pending,1,7
105267,1310,31,pending,1,7
105267,1311,32,pending,1,7
105267,1312,33,pending,1,7
105267,1313,34,pending,1,7
105267,1371,35,pending,0,8
105267,610,36,pending,0,8
105267,348,37,pending,0,8
104817,797,29,completed,0,6
105267,1171,38,pending,0,8
105267,156,39,pending,0,8
103097,1343,15,completed,1,4
103097,1271,16,completed,0,4
103097,1345,17,completed,1,4
103097,1346,18,completed,1,4
103097,1349,19,completed,1,4
104957,523,27,completed,0,6
104957,1145,28,completed,1,6
104957,1151,29,completed,1,6
100093,1372,30,completed,1,7
100093,127,31,completed,0,7
100093,1374,32,completed,1,7
100093,533,33,completed,0,7
100093,535,34,completed,0,7
100096,1309,30,completed,1,7
100096,1310,31,completed,1,7
100096,1312,32,completed,1,7
100096,1313,33,completed,1,7
100096,1136,34,completed,0,7
103000,1366,36,completed,0,8
103000,814,37,completed,0,8
103000,453,38,completed,0,8
103000,1663,39,completed,0,8
103005,1164,35,completed,1,8
103005,1165,36,completed,1,8
103005,1667,37,completed,0,8
103005,1189,38,completed,1,8
103005,1190,39,completed,1,8
100101,893,30,completed,0,7
100101,1084,31,completed,0,7
100101,1421,32,completed,1,7
100101,1422,33,completed,1,7
100101,734,34,completed,0,7
103108,1487,15,completed,0,4
103108,1202,16,completed,1,4
103108,1210,17,completed,1,4
103108,1261,18,completed,1,4
103108,1211,19,completed,1,4
103108,305,25,completed,0,6
103108,1213,26,completed,1,6
103108,1115,27,completed,1,6
103108,1116,28,completed,1,6
103108,1120,29,completed,1,6
103007,154,36,completed,0,8
103007,1566,37,completed,0,8
103007,853,38,completed,0,8
103007,646,39,completed,0,8
100105,1156,30,completed,1,7
100105,1162,31,completed,1,7
100105,1165,32,completed,1,7
100105,1166,33,completed,1,7
100105,628,34,completed,0,7
103110,1439,15,completed,0,4
103110,1393,16,completed,1,4
103110,1405,17,completed,1,4
103110,1394,18,completed,1,4
103110,1406,19,completed,1,4
103110,1409,25,completed,1,6
103110,1410,26,completed,1,6
103110,1399,20,completed,1,5
103110,79,21,completed,0,5
103110,1407,22,completed,1,5
103110,1412,27,completed,1,6
103110,1413,28,completed,1,6
103110,674,29,completed,0,6
103010,1547,35,completed,0,8
103010,631,36,completed,0,8
103010,1179,37,completed,0,8
103010,381,38,completed,0,8
103010,1190,39,completed,0,8
103012,443,35,completed,0,8
103012,1536,36,completed,0,8
103012,1655,37,completed,0,8
103012,548,38,completed,0,8
103012,1670,39,completed,0,8
100093,1379,35,completed,1,8
100093,1381,36,completed,1,8
100093,136,37,completed,0,8
100093,635,38,completed,0,8
100093,859,39,completed,0,8
100096,807,35,completed,0,8
103116,1262,15,completed,1,4
103116,1113,16,completed,1,4
103116,1296,17,completed,0,4
103116,1214,18,completed,1,4
103116,1116,19,completed,1,4
100096,749,36,completed,0,8
100096,1375,37,completed,0,8
100096,364,38,completed,0,8
100096,376,39,completed,0,8
100101,588,35,completed,0,8
100117,1374,30,completed,1,7
100117,1377,31,completed,1,7
100117,1378,32,completed,1,7
100117,1379,33,completed,1,7
100117,1380,34,completed,1,7
100101,1376,36,completed,0,8
100101,966,37,completed,0,8
100101,1163,38,completed,0,8
100101,376,39,completed,0,8
103120,1265,15,completed,1,4
103120,413,16,completed,0,4
103120,1116,17,completed,1,4
103120,1117,18,completed,1,4
103120,1311,25,completed,0,6
103120,1129,26,completed,1,6
103120,509,27,completed,0,6
100118,1421,30,completed,1,7
100118,747,31,completed,0,7
100118,333,32,completed,0,7
100118,816,33,completed,0,7
100118,1147,34,completed,0,7
100105,1172,35,completed,1,8
100105,630,36,completed,0,8
100105,634,37,completed,0,8
100105,1181,38,completed,1,8
100105,860,39,completed,0,8
103120,1166,36,completed,1,8
103120,1168,37,completed,1,8
103120,1172,38,completed,1,8
103037,1373,35,completed,1,8
103037,1379,36,completed,1,8
103037,1380,37,completed,1,8
103037,1381,38,completed,1,8
103037,967,39,completed,0,8
103129,575,15,completed,0,4
103129,676,16,completed,0,4
103129,1305,17,completed,0,4
103129,1346,18,completed,0,4
103129,1421,19,completed,0,4
103129,1520,25,completed,0,6
103129,1141,26,completed,0,6
103129,1636,27,completed,0,6
103129,1637,28,completed,0,6
103129,603,29,completed,0,6
103039,147,35,completed,0,8
103039,1171,36,completed,0,8
103039,148,37,completed,0,8
103039,1668,38,completed,0,8
103039,856,39,completed,0,8
100117,1382,35,completed,1,8
100117,1386,36,completed,1,8
100117,357,37,completed,0,8
100117,836,38,completed,0,8
100117,844,39,completed,0,8
100118,1380,35,completed,0,8
100118,462,36,completed,0,8
100118,367,37,completed,0,8
100118,633,38,completed,0,8
100118,636,39,completed,0,8
103134,1398,15,completed,1,4
103134,1406,16,completed,1,4
103134,1399,17,completed,1,4
103134,1412,25,completed,1,6
103134,1413,26,completed,1,6
103135,1286,15,completed,1,4
103135,1294,16,completed,1,4
103135,1287,17,completed,1,4
103135,1296,18,completed,1,4
103135,1297,19,completed,1,4
103134,1414,27,completed,1,6
103134,1415,28,completed,1,6
103134,1401,20,completed,1,5
103134,1409,21,completed,1,5
103134,1410,22,completed,1,5
103134,1079,29,completed,0,6
103135,1307,25,completed,1,6
103135,1421,26,completed,0,6
103135,1309,27,completed,1,6
103135,1310,28,completed,1,6
103135,1311,29,completed,1,6
103134,1082,30,completed,0,7
103134,1420,31,completed,1,7
103140,86,15,completed,0,4
103140,1292,16,completed,1,4
103140,1285,17,completed,1,4
103140,1399,18,completed,0,4
103140,1286,19,completed,1,4
103140,1294,20,completed,1,5
103140,1600,21,completed,0,5
103140,1301,25,completed,1,6
103140,1302,26,completed,1,6
103140,578,27,completed,0,6
103140,1305,28,completed,1,6
103140,1306,29,completed,1,6
103140,1309,30,completed,1,7
103140,1311,31,completed,1,7
103140,1312,32,completed,1,7
103140,1313,33,completed,1,7
103140,1029,34,completed,0,7
100151,1142,30,completed,1,7
100151,1150,31,completed,1,7
100151,1151,32,completed,1,7
100151,759,33,completed,0,7
100151,541,34,completed,0,7
103055,1560,36,completed,0,8
103055,1179,37,completed,1,8
103055,1183,38,completed,1,8
103055,160,39,completed,0,8
106191,9,10,pending,0,3
106191,1405,11,pending,1,3
106191,1406,12,pending,1,3
106191,1407,13,pending,1,3
106191,1408,14,pending,1,3
106191,1401,15,pending,1,4
106191,1409,16,pending,1,4
106191,1410,17,pending,1,4
106191,1501,18,pending,0,4
106191,1412,19,pending,1,4
106191,1413,20,pending,1,5
103148,1285,15,completed,1,4
103148,660,16,completed,0,4
103148,1293,17,completed,1,4
103148,1286,18,completed,1,4
103148,1294,19,completed,1,4
106191,1391,5,completed,1,2
106191,1403,6,completed,1,2
103148,1112,20,completed,0,5
103148,1287,21,completed,1,5
103148,719,22,completed,0,5
103148,1295,23,completed,1,5
103148,783,25,completed,0,6
103148,1297,26,completed,1,6
103148,1300,27,completed,1,6
103148,1301,28,completed,1,6
103148,1302,29,completed,1,6
106191,387,7,completed,0,2
106191,1396,8,completed,1,2
106191,1392,9,completed,1,2
106191,1414,21,pending,1,5
106191,1416,22,pending,1,5
106191,1506,23,pending,0,5
106191,1417,24,pending,1,5
106191,1418,25,pending,1,6
106191,729,26,pending,0,6
106191,1420,27,pending,1,6
106191,1421,28,pending,1,6
106191,1422,29,pending,1,6
106191,1085,30,pending,0,7
106191,102,31,pending,0,7
106191,1309,32,pending,0,7
106191,1129,33,pending,0,7
106191,1628,34,pending,0,7
106191,741,35,pending,0,8
106191,804,36,pending,0,8
100166,1305,30,completed,1,7
100166,1306,31,completed,1,7
100166,1307,32,completed,1,7
100166,1311,33,completed,1,7
100166,1312,34,completed,1,7
106191,112,37,pending,0,8
106191,1634,38,pending,0,8
106191,1561,39,pending,0,8
100167,1310,30,completed,1,7
100167,1311,31,completed,1,7
100167,1312,32,completed,1,7
100167,737,33,completed,0,7
100167,1313,34,completed,1,7
103066,460,35,completed,0,8
103066,1170,36,completed,0,8
103066,630,37,completed,0,8
103066,151,38,completed,0,8
103066,1576,39,completed,0,8
103070,1157,35,completed,1,8
103070,1170,36,completed,1,8
103070,365,37,completed,0,8
103070,1570,38,completed,0,8
103070,1190,39,completed,1,8
100151,835,35,completed,0,8
100151,1667,36,completed,0,8
100151,1565,37,completed,0,8
100151,1181,38,completed,1,8
100151,1183,39,completed,1,8
100166,938,35,completed,0,8
100166,1313,36,completed,1,8
100166,818,37,completed,0,8
100166,1535,38,completed,0,8
100166,382,39,completed,0,8
100167,1628,35,completed,0,8
103171,1504,15,completed,0,4
103171,1341,16,completed,1,4
103171,1079,17,completed,0,4
103171,789,18,completed,0,4
103171,1343,19,completed,1,4
103171,1012,20,completed,0,5
103171,1344,21,completed,1,5
103171,1355,25,completed,1,6
103171,1358,26,completed,1,6
103171,1364,27,completed,1,6
103171,1365,28,completed,1,6
103171,1367,29,completed,1,6
100167,1135,36,completed,0,8
100167,947,37,completed,0,8
100167,1365,38,completed,0,8
100167,1650,39,completed,0,8
106194,1679,5,completed,0,2
106194,1322,6,completed,1,2
106194,1318,7,completed,1,2
106194,1330,8,completed,1,2
106194,1323,9,completed,1,2
106194,1331,10,pending,1,3
106194,269,11,pending,0,3
106194,1324,12,pending,1,3
106194,709,13,pending,0,3
106194,1320,14,pending,1,3
106194,1069,15,pending,0,4
106194,1104,16,pending,0,4
106194,1334,17,pending,1,4
106194,1003,18,pending,0,4
100192,1371,30,completed,1,7
100192,1372,31,completed,1,7
100192,1374,32,completed,1,7
100192,1375,33,completed,1,7
100192,1648,34,completed,0,7
106194,1327,19,pending,1,4
106194,1214,20,pending,0,5
106194,1339,21,pending,1,5
106194,1345,22,pending,1,5
106194,1509,23,pending,0,5
106194,1228,24,pending,0,5
106194,1358,25,pending,1,6
106194,1360,26,pending,1,6
106194,1364,27,pending,1,6
106194,1367,28,pending,1,6
106194,525,29,pending,0,6
106194,1370,30,pending,1,7
106194,1646,31,pending,0,7
106194,1375,32,pending,1,7
106194,345,33,pending,0,7
106194,1377,34,pending,1,7
103097,1374,35,completed,1,8
103097,1375,36,completed,1,8
103097,1379,37,completed,1,8
103097,1382,38,completed,1,8
103097,1386,39,completed,1,8
100196,1417,30,completed,1,7
100196,1306,31,completed,0,7
100196,1420,32,completed,1,7
100196,1087,33,completed,0,7
100196,326,34,completed,0,7
106194,1380,35,pending,1,8
106194,1381,36,pending,1,8
106194,1382,37,pending,1,8
106194,1386,38,pending,1,8
106194,1573,39,pending,0,8
100197,1311,30,completed,1,7
100197,1312,31,completed,1,7
100197,1313,32,completed,1,7
100197,1360,33,completed,0,7
100197,342,34,completed,0,7
103191,1211,15,completed,1,4
103191,1447,16,completed,0,4
103191,1414,17,completed,0,4
103191,1270,18,completed,1,4
103191,102,25,completed,0,6
103191,797,26,completed,0,6
103191,1088,27,completed,0,6
103191,109,28,completed,0,6
103108,1136,35,completed,1,8
103108,1239,36,completed,1,8
103108,129,37,completed,0,8
103108,131,38,completed,0,8
103108,359,39,completed,0,8
100210,753,30,completed,0,7
100210,1147,31,completed,1,7
100210,130,32,completed,0,7
100210,1155,33,completed,1,7
100210,621,34,completed,0,7
100192,539,35,completed,0,8
103202,1339,15,completed,1,4
103202,1341,16,completed,1,4
103202,1343,17,completed,1,4
103202,1345,18,completed,1,4
103202,1347,19,completed,1,4
103202,1354,25,completed,1,6
103202,1355,26,completed,1,6
103202,329,27,completed,0,6
103202,1360,28,completed,1,6
103202,1361,29,completed,1,6
103110,1422,35,completed,1,8
103110,733,36,completed,0,8
103110,588,37,completed,0,8
103110,605,38,completed,0,8
103110,1166,39,completed,0,8
100192,1386,36,completed,1,8
100192,637,37,completed,0,8
100192,851,38,completed,0,8
100192,163,39,completed,0,8
100196,941,35,completed,0,8
100196,437,36,completed,0,8
100196,523,37,completed,0,8
100196,1386,38,completed,0,8
100196,380,39,completed,0,8
100197,1378,35,completed,0,8
100197,1651,36,completed,0,8
100197,138,37,completed,0,8
100197,975,38,completed,0,8
100197,851,39,completed,0,8
103116,1644,35,completed,0,8
103116,1161,36,completed,1,8
103116,1163,37,completed,1,8
103116,1170,38,completed,1,8
103116,153,39,completed,0,8
103213,305,15,completed,0,4
103213,782,16,completed,0,4
103213,1445,17,completed,0,4
103213,189,18,completed,0,4
100224,1033,30,completed,0,7
100224,1367,31,completed,0,7
100224,1642,32,completed,0,7
100224,612,33,completed,0,7
100224,1378,34,completed,0,7
100225,1371,30,completed,1,7
100225,1372,31,completed,1,7
100225,1374,32,completed,1,7
100225,1376,33,completed,1,7
100225,347,34,completed,0,7
100210,833,35,completed,0,8
100210,1172,36,completed,1,8
100210,1668,37,completed,0,8
100210,1187,38,completed,1,8
100210,383,39,completed,0,8
103213,1669,36,completed,0,8
100232,1641,30,completed,0,7
100232,1646,31,completed,0,7
100232,1152,32,completed,0,7
100232,1660,33,completed,0,7
100232,1170,34,completed,0,7
103227,881,15,completed,0,4
103227,1255,16,completed,0,4
103227,492,17,completed,0,4
103227,1448,18,completed,0,4
103227,1613,19,completed,0,4
103227,735,25,completed,0,6
103227,321,26,completed,0,6
103227,738,27,completed,0,6
103227,430,28,completed,0,6
103227,1028,29,completed,0,6
103129,1554,35,completed,0,8
103129,1556,36,completed,0,8
103129,1176,37,completed,0,8
103129,850,38,completed,0,8
103129,158,39,completed,0,8
100224,1551,35,completed,0,8
100224,1167,36,completed,0,8
100224,465,37,completed,0,8
100224,1664,38,completed,0,8
100224,371,39,completed,0,8
100225,131,35,completed,0,8
105288,663,5,completed,0,2
105288,83,6,completed,0,2
105288,714,7,completed,0,2
100241,1309,30,completed,1,7
100241,1228,31,completed,0,7
100241,1312,32,completed,1,7
100241,1352,33,completed,0,7
100241,1313,34,completed,1,7
100225,1378,36,completed,1,8
100225,1383,37,completed,1,8
100225,969,38,completed,0,8
100225,1386,39,completed,1,8
105288,1619,20,pending,0,5
105288,795,21,pending,0,5
105288,802,22,pending,0,5
103234,1399,15,completed,0,4
103234,1468,16,completed,0,4
103234,1113,17,completed,0,4
103234,190,18,completed,0,4
103234,309,19,completed,0,4
105288,1207,8,completed,0,2
105288,1392,9,completed,0,2
103234,1085,25,completed,0,6
103234,1349,26,completed,0,6
103234,799,27,completed,0,6
103234,938,28,completed,0,6
103234,434,29,completed,0,6
105288,1043,10,completed,0,3
105288,1681,11,completed,0,3
105288,561,15,completed,0,4
105288,1400,16,completed,0,4
105288,1268,17,completed,0,4
105288,1082,18,completed,0,4
105288,1618,19,completed,0,4
103134,1638,35,completed,0,8
103134,1148,36,completed,0,8
103134,1645,37,completed,0,8
103134,1670,38,completed,0,8
103134,371,39,completed,0,8
100245,1538,30,completed,0,7
100245,611,31,completed,0,7
100245,1650,32,completed,0,7
100245,1380,33,completed,0,7
100245,829,34,completed,0,7
105288,1630,23,pending,0,5
105288,330,24,pending,0,5
105288,1360,25,pending,0,6
105288,695,26,pending,0,6
105288,1526,27,pending,0,6
100232,978,35,completed,0,8
105288,603,28,pending,0,6
105288,1531,29,pending,0,6
105288,1641,30,pending,0,7
105288,817,31,pending,0,7
105288,138,32,pending,0,7
100232,1666,36,completed,0,8
100232,1561,37,completed,0,8
100232,1563,38,completed,0,8
100232,642,39,completed,0,8
105288,1167,33,pending,0,7
105288,1664,34,pending,0,7
105288,978,35,pending,0,8
105288,370,36,pending,0,8
105288,156,37,pending,0,8
105288,1181,38,pending,0,8
105288,1191,39,pending,0,8
103140,1142,35,completed,0,8
103140,959,36,completed,0,8
103140,617,37,completed,0,8
103140,543,38,completed,0,8
103140,1550,39,completed,0,8
100253,1311,30,completed,1,7
100253,321,31,completed,0,7
100253,1313,32,completed,1,7
100253,588,33,completed,0,7
100253,109,34,completed,0,7
100254,1139,30,completed,1,7
100254,1240,31,completed,1,7
100254,599,32,completed,0,7
100254,1157,33,completed,1,7
100254,1652,34,completed,0,7
100253,828,38,completed,0,8
100253,162,39,completed,0,8
100254,1656,35,completed,0,8
100254,831,36,completed,0,8
100254,1180,37,completed,1,8
100254,158,38,completed,0,8
100254,1182,39,completed,1,8
103148,109,35,completed,0,8
103148,1139,36,completed,0,8
103148,1635,37,completed,0,8
100262,1301,30,completed,1,7
100262,1302,31,completed,1,7
100262,1306,32,completed,1,7
100262,1309,33,completed,1,7
100262,1310,34,completed,1,7
100263,197,30,completed,0,7
100263,1422,31,completed,1,7
100263,318,32,completed,0,7
100263,439,33,completed,0,7
100262,937,35,completed,0,8
100262,1313,36,completed,1,8
100262,110,37,completed,0,8
103249,105,15,completed,0,4
103249,1229,16,completed,0,4
103249,1353,17,completed,1,4
103249,325,18,completed,0,4
103249,1355,19,completed,1,4
103249,1368,25,completed,1,6
103249,1369,26,completed,1,6
103249,1370,27,completed,1,6
103249,1371,28,completed,1,6
103249,1372,29,completed,1,6
103148,448,38,completed,0,8
103148,465,39,completed,0,8
100263,818,34,completed,0,7
100262,1139,38,completed,0,8
100262,1166,39,completed,0,8
100263,352,35,completed,0,8
100263,1383,36,completed,0,8
100263,461,37,completed,0,8
100263,149,38,completed,0,8
100263,1669,39,completed,0,8
100267,1417,30,completed,1,7
103257,1407,15,completed,1,4
103257,1400,16,completed,1,4
103257,401,17,completed,0,4
103257,912,18,completed,0,4
103257,1269,25,completed,0,6
100267,1420,31,completed,1,7
100267,683,32,completed,0,7
100267,942,33,completed,0,7
100267,141,34,completed,0,7
100267,365,35,completed,0,8
100267,630,36,completed,0,8
100267,843,37,completed,0,8
100267,1564,38,completed,0,8
100267,1573,39,completed,0,8
103258,802,25,completed,0,6
103258,1520,26,completed,0,6
103258,87,15,completed,0,4
103258,1400,16,completed,0,4
103258,61,17,completed,0,4
103258,410,18,completed,0,4
103258,1118,19,completed,0,4
103263,407,15,completed,0,4
103263,80,16,completed,0,4
103263,42,17,completed,0,4
103263,1112,18,completed,0,4
103263,402,19,completed,0,4
103258,1635,27,completed,0,6
103258,526,28,completed,0,6
103258,757,29,completed,0,6
103258,789,20,completed,0,5
103258,578,21,completed,0,5
103258,730,22,completed,0,5
103258,1513,23,completed,0,5
103258,1129,24,completed,0,5
103263,926,25,completed,0,6
103263,194,26,completed,0,6
103263,419,27,completed,0,6
103263,422,28,completed,0,6
103258,129,30,completed,0,7
103258,1154,31,completed,0,7
103258,456,32,completed,0,7
103258,138,33,completed,0,7
103258,832,34,completed,0,7
103171,1156,35,completed,0,8
103171,351,36,completed,0,8
103275,41,15,completed,0,4
103275,1326,16,completed,0,4
103275,1265,17,completed,0,4
103275,94,18,completed,0,4
103275,1618,19,completed,0,4
103171,1383,37,completed,1,8
103171,1386,38,completed,1,8
103275,517,25,completed,0,6
103275,1145,26,completed,0,6
103275,753,27,completed,0,6
103275,1147,28,completed,0,6
103275,1534,29,completed,0,6
103171,150,39,completed,0,8
106210,1404,10,pending,0,3
106210,1208,11,pending,1,3
106210,27,12,pending,0,3
106210,704,13,pending,0,3
106210,560,14,pending,0,3
106210,254,5,completed,0,2
106210,1277,6,completed,0,2
106210,83,7,completed,0,2
106210,397,8,completed,0,2
106210,1038,9,completed,0,2
100290,1422,30,completed,1,7
100290,426,31,completed,0,7
100290,1518,32,completed,0,7
100290,690,33,completed,0,7
106210,1255,15,pending,1,4
106210,492,16,pending,0,4
106210,43,17,pending,0,4
106210,1268,18,pending,1,4
106210,1220,19,pending,1,4
106210,1226,20,pending,1,5
106210,1229,21,pending,1,5
100290,1028,34,completed,0,7
100290,1540,35,completed,0,8
100290,370,36,completed,0,8
100290,1180,37,completed,0,8
106210,1230,22,pending,1,5
106210,1231,23,pending,1,5
106210,1132,24,pending,1,5
106210,1134,25,pending,1,6
106210,1140,26,pending,1,6
106210,1145,27,pending,1,6
106210,1152,28,pending,1,6
106210,1153,29,pending,1,6
106210,1155,30,pending,1,7
106210,1156,31,pending,1,7
106210,353,32,pending,0,7
106210,1162,33,pending,1,7
106210,969,34,pending,0,7
100290,850,38,completed,0,8
100290,162,39,completed,0,8
106210,1165,35,pending,1,8
106210,1167,36,pending,1,8
106210,634,37,pending,0,8
106210,1181,38,pending,1,8
106210,1185,39,pending,1,8
100299,1370,30,completed,1,7
100299,1374,31,completed,1,7
100299,1375,32,completed,1,7
100299,130,33,completed,0,7
100299,1378,34,completed,1,7
100299,1381,35,completed,1,8
100299,1168,36,completed,0,8
100299,148,37,completed,0,8
103191,645,39,completed,0,8
100299,1563,38,completed,0,8
100299,858,39,completed,0,8
100303,607,30,completed,0,7
100303,127,31,completed,0,7
100303,758,32,completed,0,7
100303,821,33,completed,0,7
100303,1545,34,completed,0,7
100303,1161,35,completed,0,8
100303,360,36,completed,0,8
100303,1169,37,completed,0,8
103297,1296,15,completed,0,4
103297,924,16,completed,0,4
103297,887,17,completed,0,4
103297,1077,18,completed,0,4
103297,1078,19,completed,0,4
100303,628,38,completed,0,8
100303,158,39,completed,0,8
103202,632,39,completed,0,8
103300,1263,15,completed,1,4
103300,1268,16,completed,1,4
103300,1270,17,completed,1,4
103300,100,18,completed,0,4
103300,1224,19,completed,1,4
103300,1237,25,completed,1,6
103300,1138,26,completed,1,6
103300,1139,27,completed,1,6
103300,1140,28,completed,1,6
103300,1635,29,completed,0,6
103307,59,15,completed,0,4
103307,1496,16,completed,0,4
103307,1293,17,completed,1,4
103307,1286,18,completed,1,4
103307,1294,19,completed,1,4
103213,630,35,completed,0,8
103213,164,38,completed,0,8
103213,1574,39,completed,0,8
100323,1312,30,completed,1,7
100323,1313,31,completed,1,7
100323,1235,32,completed,0,7
100323,1143,33,completed,0,7
100323,1528,34,completed,0,7
100323,527,35,completed,0,8
100323,538,36,completed,0,8
100323,969,37,completed,0,8
105302,1706,5,completed,0,2
105302,1679,6,completed,0,2
105302,1207,7,completed,1,2
100325,1420,30,completed,1,7
100325,1510,31,completed,0,7
100325,1422,32,completed,1,7
100325,797,33,completed,0,7
100323,1560,38,completed,0,8
100323,1561,39,completed,0,8
100325,1520,34,completed,0,7
100325,516,35,completed,0,8
100325,532,36,completed,0,8
100325,129,37,completed,0,8
105302,421,20,pending,0,5
105302,1131,21,pending,1,5
105302,1231,22,pending,1,5
100325,1545,38,completed,0,8
100325,373,39,completed,0,8
105302,1233,23,pending,1,5
105302,1236,24,pending,1,5
105302,115,25,pending,0,6
105302,1240,26,pending,1,6
105302,1143,27,pending,1,6
105302,708,8,completed,0,2
105302,1097,9,completed,1,2
105302,1265,15,completed,1,4
105302,1215,16,completed,1,4
105302,1266,17,completed,1,4
105302,1120,18,completed,1,4
105302,580,19,completed,0,4
103227,1373,35,completed,0,8
103227,1151,36,completed,0,8
105302,1148,28,pending,1,6
105302,528,29,pending,0,6
105302,1152,30,pending,1,7
105302,1375,31,pending,0,7
105302,452,32,pending,0,7
105302,1651,33,pending,0,7
105302,1162,34,pending,1,7
105302,1167,35,pending,1,8
105302,1169,36,pending,1,8
105302,844,37,pending,0,8
105302,1177,38,pending,1,8
105302,1181,39,pending,1,8
106215,1320,10,pending,0,3
106215,28,11,pending,0,3
106215,386,5,completed,0,2
106215,1199,6,completed,0,2
106215,30,7,completed,0,2
106215,1318,8,completed,0,2
106215,26,9,completed,0,2
103227,1661,38,completed,0,8
103227,470,39,completed,0,8
106215,1495,12,pending,0,3
106215,233,13,pending,0,3
106215,307,14,pending,0,3
106215,1222,15,pending,0,4
106215,792,16,pending,0,4
106215,1618,17,pending,0,4
106215,1016,18,pending,0,4
106215,318,19,pending,0,4
106215,687,20,pending,0,5
106215,429,21,pending,0,5
106215,324,22,pending,0,5
106215,329,23,pending,0,5
106215,1634,24,pending,0,5
106215,748,25,pending,0,6
106215,1145,26,pending,0,6
106215,1370,27,pending,0,6
106215,1645,28,pending,0,6
106215,455,29,pending,0,6
106215,537,30,pending,0,7
106215,1664,31,pending,0,7
103234,1653,35,completed,0,8
106215,1666,32,pending,0,7
106215,980,33,pending,0,7
106215,470,34,pending,0,7
106215,631,35,pending,0,8
106215,851,36,pending,0,8
106215,645,37,pending,0,8
106215,164,38,pending,0,8
106215,381,39,pending,0,8
103234,1168,37,completed,0,8
103234,976,38,completed,0,8
103234,1560,39,completed,0,8
103339,1263,15,completed,0,4
103339,1213,16,completed,0,4
103339,721,17,completed,0,4
103339,1116,18,completed,0,4
103339,1010,19,completed,0,4
103340,1449,15,completed,0,4
103340,790,16,completed,0,4
103340,578,17,completed,0,4
103340,1081,18,completed,0,4
103340,502,19,completed,0,4
103339,958,30,completed,0,7
103339,889,20,completed,0,5
103339,792,21,completed,0,5
103339,1509,22,completed,0,5
103339,1225,23,completed,0,5
103339,596,25,completed,0,6
103339,331,26,completed,0,6
103339,1241,27,completed,0,6
103339,339,28,completed,0,6
103339,1372,29,completed,0,6
103340,434,25,completed,0,6
103340,745,26,completed,0,6
103340,1143,27,completed,0,6
103340,816,28,completed,0,6
103339,133,31,completed,0,7
103339,1159,32,completed,0,7
100352,949,30,completed,0,7
100352,964,31,completed,0,7
100352,538,32,completed,0,7
100352,1383,33,completed,0,7
100352,836,34,completed,0,7
100352,839,35,completed,0,8
100352,151,36,completed,0,8
100352,1175,37,completed,0,8
105307,650,5,completed,0,2
105307,1479,6,completed,0,2
105307,713,7,completed,0,2
105307,254,8,completed,0,2
103249,1383,35,completed,1,8
103249,139,36,completed,0,8
103249,1565,37,completed,0,8
103249,854,38,completed,0,8
103249,1572,39,completed,0,8
100352,162,38,completed,0,8
100352,860,39,completed,0,8
105307,1401,20,pending,0,5
105307,1410,21,pending,0,5
105307,411,22,pending,0,5
105307,311,23,pending,0,5
105307,1079,24,pending,0,5
105307,1506,25,pending,0,6
105307,1617,26,pending,0,6
105307,1229,27,pending,0,6
105307,1356,28,pending,0,6
105307,552,9,completed,0,2
106218,475,5,completed,0,2
105307,1203,15,completed,0,4
105307,185,16,completed,0,4
105307,271,17,completed,0,4
105307,1467,18,completed,0,4
105307,869,10,completed,0,3
105307,212,11,completed,0,3
105307,1398,12,completed,0,3
105307,482,13,completed,0,3
105307,1466,14,completed,0,3
105307,1211,19,completed,0,4
105307,110,29,pending,0,6
105307,750,30,pending,0,7
105307,602,31,pending,0,7
105307,444,32,pending,0,7
105307,1647,33,pending,0,7
106218,1260,10,pending,1,3
106218,1211,11,pending,1,3
105307,965,34,pending,0,7
105307,967,35,pending,0,8
105307,361,36,pending,0,8
105307,839,37,pending,0,8
105307,1176,38,pending,0,8
106218,1212,12,pending,1,3
106218,1113,13,pending,1,3
106218,411,14,pending,0,3
106218,1118,15,pending,1,4
106218,1009,16,pending,0,4
105307,634,39,pending,0,8
106218,1269,17,pending,1,4
106218,1120,18,pending,1,4
106218,1125,19,pending,1,4
106218,1130,20,pending,1,5
106218,1132,21,pending,1,5
106218,939,22,pending,0,5
106218,1232,23,pending,1,5
106218,1238,24,pending,1,5
106218,443,25,pending,0,6
106218,658,6,completed,0,2
106218,1319,7,completed,0,2
106218,1202,8,completed,1,2
106218,1103,9,completed,1,2
103257,1370,35,completed,0,8
103257,621,36,completed,0,8
103257,1552,37,completed,0,8
103257,1667,38,completed,0,8
103257,383,39,completed,0,8
106218,445,26,pending,0,6
106218,1647,27,pending,0,6
106218,1648,28,pending,0,6
106218,1157,29,pending,1,6
106218,966,30,pending,0,7
106218,1159,31,pending,1,7
100981,1401,20,completed,1,5
100981,1295,21,completed,0,5
100981,1409,22,completed,1,5
100981,1113,23,completed,0,5
100981,1410,24,completed,1,5
106218,1656,32,pending,0,7
106218,1163,33,pending,1,7
106218,1165,34,pending,1,7
106218,835,35,pending,0,8
106218,1168,36,pending,1,8
106218,1174,37,pending,1,8
106218,154,38,pending,0,8
106218,1191,39,pending,1,8
103359,778,15,completed,0,4
103359,1280,16,completed,1,4
103359,1292,17,completed,1,4
103359,1285,18,completed,1,4
103359,1293,19,completed,1,4
103359,1301,25,completed,1,6
103359,1302,26,completed,1,6
103359,1304,27,completed,1,6
103359,1306,28,completed,1,6
103359,1313,30,completed,1,7
103359,740,31,completed,0,7
103359,433,32,completed,0,7
103359,1241,33,completed,0,7
103367,271,15,completed,0,4
103367,782,16,completed,0,4
103367,1297,17,completed,0,4
103367,1372,30,completed,0,7
103367,1513,23,completed,0,5
103367,1354,24,completed,0,5
105309,987,5,completed,0,2
105309,1711,6,completed,0,2
105309,565,7,completed,0,2
105309,1251,8,completed,0,2
105309,1201,9,completed,0,2
103367,941,25,completed,0,6
103367,327,26,completed,0,6
103367,1239,27,completed,0,6
103367,598,28,completed,0,6
103367,1241,29,completed,0,6
103275,1556,35,completed,0,8
103275,1174,36,completed,0,8
103275,633,37,completed,0,8
103275,855,38,completed,0,8
103275,856,39,completed,0,8
100373,595,30,completed,0,7
100373,444,31,completed,0,7
100373,448,32,completed,0,7
100373,829,33,completed,0,7
100373,542,34,completed,0,7
100373,359,35,completed,0,8
100373,1172,36,completed,0,8
100373,151,37,completed,0,8
100373,379,38,completed,0,8
100373,857,39,completed,0,8
105309,314,20,pending,0,5
105309,431,21,pending,0,5
105309,947,22,pending,0,5
105309,810,23,pending,0,5
105309,598,24,pending,0,5
105309,337,25,pending,0,6
105309,816,26,pending,0,6
105309,754,27,pending,0,6
105309,756,28,pending,0,6
105309,126,29,pending,0,6
105309,1197,10,completed,0,3
105309,15,11,completed,0,3
105309,257,12,completed,0,3
105309,710,13,completed,0,3
105309,1607,15,completed,0,4
105309,674,16,completed,0,4
105309,1450,17,completed,0,4
105309,1302,18,completed,0,4
105309,928,19,completed,0,4
105309,343,30,pending,0,7
105309,532,31,pending,0,7
105309,1154,32,pending,0,7
105309,1377,33,pending,0,7
105309,1651,34,pending,0,7
100379,1371,30,completed,1,7
100379,1372,31,completed,1,7
100379,1375,32,completed,1,7
100379,828,33,completed,0,7
105309,1163,35,pending,0,8
105309,841,36,pending,0,8
105309,1668,37,pending,0,8
105309,1181,38,pending,0,8
105309,647,39,pending,0,8
100379,1382,34,completed,1,7
100379,972,35,completed,0,8
100379,1558,36,completed,0,8
100379,847,37,completed,0,8
103381,783,15,completed,0,4
103381,1413,16,completed,0,4
103381,1415,17,completed,0,4
103381,1345,18,completed,0,4
103381,1305,19,completed,0,4
103381,1354,25,completed,0,6
103381,324,26,completed,0,6
103381,804,27,completed,0,6
103381,436,28,completed,0,6
103381,698,29,completed,0,6
100379,850,38,completed,0,8
100379,1576,39,completed,0,8
103385,1335,15,completed,1,4
103385,1336,16,completed,1,4
103385,1337,17,completed,1,4
103385,46,18,completed,0,4
103385,1339,19,completed,1,4
103385,1349,25,completed,1,6
103385,110,26,completed,0,6
103385,1356,27,completed,1,6
103385,1361,28,completed,1,6
103385,1365,29,completed,1,6
100392,437,30,completed,0,7
100392,1363,31,completed,0,7
100392,599,32,completed,0,7
100392,1642,33,completed,0,7
100392,340,34,completed,0,7
100392,963,35,completed,0,8
100392,1652,36,completed,0,8
100392,844,37,completed,0,8
100392,370,38,completed,0,8
100392,1180,39,completed,0,8
103400,1253,15,completed,1,4
103400,1261,16,completed,1,4
103400,1204,17,completed,1,4
103400,1255,18,completed,1,4
103400,570,19,completed,0,4
103400,1273,25,completed,1,6
103400,101,26,completed,0,6
103400,582,27,completed,0,6
103400,734,28,completed,0,6
103400,1129,29,completed,1,6
103300,1169,35,completed,1,8
103300,1555,36,completed,0,8
103300,1171,37,completed,1,8
103300,1180,38,completed,1,8
100399,577,30,completed,0,7
100399,1416,31,completed,1,7
100399,1421,32,completed,1,7
100399,1422,33,completed,1,7
100399,1635,34,completed,0,7
100399,974,35,completed,0,8
100399,838,36,completed,0,8
100399,1169,37,completed,0,8
100399,982,38,completed,0,8
100399,1560,39,completed,0,8
103403,562,15,completed,0,4
103403,1262,16,completed,1,4
103403,1265,17,completed,1,4
103403,1116,18,completed,1,4
103403,1266,19,completed,1,4
105313,1281,5,completed,1,2
105313,1282,6,completed,1,2
105313,1096,7,completed,0,2
105313,255,8,completed,0,2
105313,1283,9,completed,1,2
103403,109,25,completed,0,6
103403,802,26,completed,0,6
103403,1134,27,completed,1,6
103403,1139,28,completed,1,6
103403,1529,29,completed,0,6
105313,289,10,completed,0,3
105313,1284,11,completed,1,3
105313,1280,12,completed,1,3
105313,1292,13,completed,1,3
105313,1285,14,completed,1,3
105313,1293,15,completed,1,4
105313,1286,16,completed,1,4
105313,1294,17,completed,1,4
103300,1189,39,completed,1,8
100402,1344,30,completed,0,7
100402,1304,31,completed,1,7
100402,1305,32,completed,1,7
100402,1307,33,completed,1,7
105313,1296,20,pending,1,5
105313,1297,21,pending,1,5
105313,45,22,pending,0,5
100402,1086,34,completed,0,7
100402,1310,35,completed,1,8
100402,1311,36,completed,1,8
100402,822,37,completed,0,8
105313,191,23,pending,0,5
105313,1299,24,pending,1,5
105313,1301,25,pending,1,6
105313,1304,26,pending,1,6
105313,1507,27,pending,0,6
100402,1658,38,completed,0,8
100402,972,39,completed,0,8
105313,1306,28,pending,1,6
105313,1307,29,pending,1,6
105313,1310,30,pending,1,7
105313,1311,31,pending,1,7
105313,1312,32,pending,1,7
105313,1287,18,completed,1,4
105313,44,19,completed,0,4
103307,1313,35,completed,1,8
103307,1630,36,completed,0,8
103307,115,37,completed,0,8
103307,1645,38,completed,0,8
103307,1376,39,completed,0,8
105313,1313,33,pending,1,7
105313,1132,34,pending,0,7
105313,941,35,pending,0,8
105313,526,36,pending,0,8
105313,1660,37,pending,0,8
105313,142,38,pending,0,8
105313,836,39,pending,0,8
105315,986,5,completed,0,2
105315,1107,6,completed,0,2
105315,1318,7,completed,1,2
105315,508,20,pending,0,5
105315,1353,21,pending,1,5
105315,1354,22,pending,1,5
105315,1357,23,pending,1,5
105315,1360,24,pending,1,5
105315,435,25,pending,0,6
105315,1363,26,pending,1,6
105315,1330,8,completed,1,2
105315,1323,9,completed,1,2
105315,1336,15,completed,1,4
105315,1337,16,completed,1,4
105315,1415,17,completed,0,4
105315,728,18,completed,0,4
105315,1349,19,completed,1,4
105315,1365,27,pending,1,6
105315,814,28,pending,0,6
105315,122,29,pending,0,6
105315,1369,30,pending,1,7
105315,1373,31,pending,1,7
100434,1506,30,completed,0,7
100434,1418,31,completed,1,7
100434,1272,32,completed,0,7
100434,1508,33,completed,0,7
105315,1376,32,pending,1,7
105315,1542,33,pending,0,7
105315,1381,34,pending,1,7
105315,1382,35,pending,1,8
105315,461,36,pending,0,8
100434,1421,34,completed,1,7
100436,1371,30,completed,1,7
100436,1378,31,completed,1,7
100436,1381,32,completed,1,7
100436,1383,33,completed,1,7
100434,1312,35,completed,0,8
100434,822,36,completed,0,8
100434,964,37,completed,0,8
105315,1386,37,pending,1,8
105315,1571,38,pending,0,8
105315,1187,39,pending,0,8
100436,464,34,completed,0,7
100434,536,38,completed,0,8
100434,827,39,completed,0,8
100436,466,35,completed,0,8
100436,146,36,completed,0,8
100436,1183,37,completed,0,8
100436,856,38,completed,0,8
100436,165,39,completed,0,8
103339,1661,35,completed,0,8
103339,1662,36,completed,0,8
103339,636,37,completed,0,8
103448,562,15,completed,0,4
103448,46,16,completed,0,4
103448,1503,17,completed,0,4
103448,315,18,completed,0,4
103448,1636,25,completed,0,6
103448,1032,26,completed,0,6
103340,854,38,completed,0,8
103340,383,39,completed,0,8
100449,1417,30,completed,1,7
100449,1420,31,completed,1,7
100449,794,32,completed,0,7
100449,1421,33,completed,1,7
100449,105,34,completed,0,7
100449,1517,35,completed,0,8
100449,696,36,completed,0,8
100449,1140,37,completed,0,8
100449,612,38,completed,0,8
100449,1161,39,completed,0,8
103450,1345,15,completed,1,4
103450,502,16,completed,0,4
103450,1347,17,completed,1,4
103450,1512,18,completed,0,4
103450,1354,19,completed,1,4
105317,1328,5,completed,1,2
105317,1491,6,completed,0,2
105317,1321,7,completed,1,2
105317,1485,8,completed,0,2
105317,704,9,completed,0,2
103450,1365,25,completed,1,6
103450,1366,26,completed,1,6
103450,1367,27,completed,1,6
103450,1369,28,completed,1,6
105317,1297,15,completed,0,4
105317,1337,16,completed,1,4
105317,1347,20,pending,1,5
105317,1351,21,pending,1,5
105317,1352,22,pending,1,5
105317,1355,23,pending,1,5
105317,803,24,pending,0,5
105317,1361,25,pending,1,6
105317,1365,26,pending,1,6
105317,1366,27,pending,1,6
105317,1367,28,pending,1,6
105317,1369,29,pending,1,6
105317,1370,30,pending,1,7
105317,1371,31,pending,1,7
105317,1374,32,pending,1,7
105317,759,33,pending,0,7
105317,960,34,pending,0,7
105317,1378,35,pending,1,8
105317,888,17,completed,0,4
105317,1341,18,completed,1,4
105317,1344,19,completed,1,4
105317,1379,36,pending,1,8
105317,1653,37,pending,0,8
105317,139,38,pending,0,8
105317,1191,39,pending,0,8
103359,1153,35,completed,0,8
103359,454,36,completed,0,8
103359,1544,37,completed,0,8
103359,1545,38,completed,0,8
103359,460,39,completed,0,8
103468,774,15,completed,0,4
103468,1295,16,completed,1,4
103468,1297,17,completed,1,4
103468,1299,18,completed,1,4
103468,1300,19,completed,1,4
103469,1341,15,completed,1,4
103469,1344,16,completed,1,4
103469,1345,17,completed,1,4
103469,1310,18,completed,0,4
103469,1354,19,completed,1,4
103468,1302,20,completed,1,5
103468,1304,21,completed,1,5
103468,1510,25,completed,0,6
103468,1307,26,completed,1,6
103468,1309,27,completed,1,6
103468,1622,28,completed,0,6
103468,1310,29,completed,1,6
103469,1033,25,completed,0,6
103469,1367,26,completed,1,6
103469,1371,27,completed,1,6
103469,1372,28,completed,1,6
103469,1374,29,completed,1,6
100478,1305,30,completed,1,7
100478,1306,31,completed,1,7
100478,1622,32,completed,0,7
100478,1311,33,completed,1,7
100478,1313,34,completed,1,7
100478,1238,35,completed,0,8
100478,1140,36,completed,0,8
100478,1141,37,completed,0,8
103367,1547,35,completed,0,8
103367,1166,36,completed,0,8
103367,464,37,completed,0,8
103367,364,38,completed,0,8
103367,645,39,completed,0,8
100478,459,38,completed,0,8
100478,975,39,completed,0,8
106233,1323,10,pending,1,3
106233,1320,11,pending,1,3
106233,1332,12,pending,1,3
106233,213,13,pending,0,3
106233,1326,14,pending,1,3
106233,1327,15,pending,1,4
106233,920,16,pending,0,4
106233,1335,17,pending,1,4
106233,1336,18,pending,1,4
106233,1337,19,pending,1,4
106233,1500,20,pending,0,5
106233,1447,21,pending,0,5
103476,1523,25,completed,0,6
103476,1240,26,completed,0,6
103476,1444,15,completed,0,4
103476,673,16,completed,0,4
103476,925,17,completed,0,4
103476,1272,18,completed,0,4
103476,99,19,completed,0,4
103476,755,27,completed,0,6
103476,1161,28,completed,0,6
103476,461,29,completed,0,6
103476,198,20,completed,0,5
103476,1307,21,completed,0,5
103476,734,22,completed,0,5
103476,1232,23,completed,0,5
103476,462,30,completed,0,7
103476,629,31,completed,0,7
103476,1176,32,completed,0,7
106233,299,5,completed,0,2
106233,479,6,completed,0,2
106233,1318,7,completed,1,2
106233,1330,8,completed,1,2
106233,1043,9,completed,0,2
106233,1339,22,pending,1,5
106233,1341,23,pending,1,5
106233,1343,24,pending,1,5
106233,1228,25,pending,0,6
106233,737,26,pending,0,6
100488,1622,30,completed,0,7
100488,1351,31,completed,0,7
100488,1130,32,completed,0,7
100488,1521,33,completed,0,7
106233,1358,27,pending,1,6
106233,115,28,pending,0,6
106233,599,29,pending,0,6
106233,1366,30,pending,1,7
106233,1367,31,pending,1,7
106233,1371,32,pending,1,7
100488,1137,34,completed,0,7
100488,339,35,completed,0,8
100488,1380,36,completed,0,8
100488,829,37,completed,0,8
106233,1372,33,pending,1,7
106233,1375,34,pending,1,7
106233,1380,35,pending,1,8
106233,1381,36,pending,1,8
106233,1382,37,pending,1,8
106233,353,38,pending,0,8
106233,1386,39,pending,1,8
100490,1642,30,completed,0,7
100490,754,31,completed,0,7
100490,1153,32,completed,1,7
100490,1544,33,completed,0,7
100488,1554,38,completed,0,8
100488,370,39,completed,0,8
100490,621,34,completed,0,7
100490,140,35,completed,0,8
100490,1171,36,completed,1,8
100490,365,37,completed,0,8
100490,857,38,completed,0,8
100490,1191,39,completed,1,8
103381,1380,35,completed,0,8
103381,617,36,completed,0,8
103381,1163,37,completed,0,8
103381,1169,38,completed,0,8
103385,1371,35,completed,1,8
103385,1373,36,completed,1,8
103385,1374,37,completed,1,8
103385,1382,38,completed,1,8
103385,855,39,completed,0,8
100502,1416,30,completed,1,7
100502,1417,31,completed,1,7
100502,1418,32,completed,1,7
100502,1420,33,completed,1,7
100502,1421,34,completed,1,7
100502,326,35,completed,0,8
100502,434,36,completed,0,8
100502,523,37,completed,0,8
100502,958,38,completed,0,8
100502,1539,39,completed,0,8
103496,1112,15,completed,1,4
103496,1262,16,completed,1,4
103496,1113,17,completed,1,4
103496,783,18,completed,0,4
103496,1366,25,completed,0,6
103496,1145,26,completed,1,6
103496,1153,27,completed,1,6
103496,1154,28,completed,1,6
103507,1393,15,completed,0,4
103507,771,16,completed,0,4
103507,1252,17,completed,0,4
103507,40,18,completed,0,4
103507,1507,25,completed,0,6
103507,892,26,completed,0,6
103507,897,27,completed,0,6
103507,1313,28,completed,0,6
103503,1309,31,completed,1,7
103503,1310,32,completed,1,7
103503,1313,33,completed,1,7
103400,1530,35,completed,0,8
103400,525,36,completed,0,8
103512,1293,15,completed,1,4
103512,1286,16,completed,1,4
103512,1294,17,completed,1,4
103403,1177,35,completed,1,8
103403,1565,36,completed,0,8
103403,638,37,completed,0,8
103403,164,38,completed,0,8
103403,1189,39,completed,1,8
100522,1371,30,completed,1,7
100522,1372,31,completed,1,7
100522,1376,32,completed,1,7
100522,1377,33,completed,1,7
100522,824,34,completed,0,7
100522,1379,35,completed,1,8
100522,1380,36,completed,1,8
100522,1383,37,completed,1,8
100522,845,38,completed,0,8
100522,857,39,completed,0,8
103512,1302,25,completed,1,6
103512,1012,26,completed,0,6
103512,314,27,completed,0,6
103512,1305,28,completed,1,6
103512,1306,29,completed,1,6
103512,504,30,completed,0,7
103512,1128,31,completed,0,7
103512,1310,32,completed,1,7
103512,1313,33,completed,1,7
103512,1360,34,completed,0,7
103520,1393,15,completed,1,4
103520,301,16,completed,0,4
103520,1405,17,completed,1,4
103520,230,18,completed,0,4
103520,1398,19,completed,1,4
103520,1401,25,completed,1,6
103520,18,26,completed,0,6
103520,1409,27,completed,1,6
103520,1410,28,completed,1,6
103520,1412,29,completed,1,6
100540,109,30,completed,0,7
100540,1361,31,completed,0,7
100540,525,32,completed,0,7
100540,1532,33,completed,0,7
103527,1231,25,completed,1,6
100540,1536,34,completed,0,7
103527,670,15,completed,0,4
103527,1447,16,completed,0,4
103527,1119,17,completed,1,4
103527,1120,18,completed,1,4
103527,1270,19,completed,1,4
103527,939,26,completed,0,6
103527,326,27,completed,0,6
103527,1134,28,completed,1,6
103527,1137,29,completed,1,6
100540,451,35,completed,0,8
100540,824,36,completed,0,8
100540,141,37,completed,0,8
100540,150,38,completed,0,8
100540,843,39,completed,0,8
103535,1293,15,completed,1,4
103535,1286,16,completed,1,4
103535,1003,17,completed,0,4
103535,1294,18,completed,1,4
103535,1287,19,completed,1,4
103535,1302,25,completed,1,6
103535,1416,26,completed,0,6
103535,1304,27,completed,1,6
103535,421,28,completed,0,6
103535,1309,29,completed,1,6
100552,1159,30,completed,1,7
100552,1163,31,completed,1,7
100552,1166,32,completed,1,7
100552,1172,33,completed,1,7
100552,1176,34,completed,1,7
100552,1179,35,completed,1,8
100552,1565,36,completed,0,8
100552,1183,37,completed,1,8
100552,1190,38,completed,1,8
100552,859,39,completed,0,8
100555,439,30,completed,0,7
100555,1367,31,completed,0,7
100555,1645,32,completed,0,7
100555,532,33,completed,0,7
100555,1155,34,completed,0,7
100555,135,35,completed,0,8
100555,138,36,completed,0,8
100555,621,37,completed,0,8
103544,90,15,completed,0,4
103544,1266,16,completed,1,4
103544,1216,17,completed,1,4
103544,1267,18,completed,1,4
103544,1119,19,completed,1,4
103544,1130,25,completed,1,6
103544,1353,26,completed,0,6
103544,1132,27,completed,1,6
103544,326,28,completed,0,6
103544,1235,29,completed,1,6
100555,1660,38,completed,0,8
100555,839,39,completed,0,8
103448,618,35,completed,0,8
103448,354,36,completed,0,8
103448,356,37,completed,0,8
103448,1569,38,completed,0,8
103450,1380,35,completed,1,8
103450,137,36,completed,0,8
103450,460,37,completed,0,8
103450,1386,38,completed,1,8
103450,1553,39,completed,0,8
103554,213,15,completed,0,4
103554,1047,16,completed,0,4
103554,283,17,completed,0,4
103554,677,18,completed,0,4
103554,500,19,completed,0,4
103555,1339,15,completed,0,4
103555,1268,16,completed,1,4
103555,1219,17,completed,1,4
103555,1121,18,completed,1,4
103555,928,19,completed,0,4
103554,808,25,completed,0,6
103554,747,26,completed,0,6
103554,438,27,completed,0,6
103554,1032,28,completed,0,6
103554,527,29,completed,0,6
103555,1231,25,completed,1,6
100576,1130,30,completed,1,7
100576,1232,31,completed,1,7
100576,1233,32,completed,1,7
100576,1137,33,completed,1,7
100576,1139,34,completed,1,7
100576,1147,35,completed,1,8
100576,1153,36,completed,1,8
100576,1161,37,completed,1,8
100576,1164,38,completed,1,8
100576,1568,39,completed,0,8
103562,774,15,completed,0,4
103562,570,16,completed,0,4
103562,1335,17,completed,1,4
103562,280,18,completed,0,4
103562,1609,19,completed,0,4
103562,1354,25,completed,1,6
103562,1358,26,completed,1,6
103562,1237,27,completed,0,6
103562,1360,28,completed,1,6
103468,118,35,completed,0,8
103468,336,36,completed,0,8
103468,1647,37,completed,0,8
103468,826,38,completed,0,8
103468,468,39,completed,0,8
103469,1386,35,completed,1,8
103469,972,36,completed,0,8
103469,1668,37,completed,0,8
103469,150,38,completed,0,8
103469,1570,39,completed,0,8
100596,970,30,completed,0,7
100596,460,31,completed,0,7
100596,548,32,completed,0,7
100596,1555,33,completed,0,7
100596,364,34,completed,0,7
100596,632,35,completed,0,8
100596,369,36,completed,0,8
100596,375,37,completed,0,8
100599,1309,30,completed,1,7
100599,1310,31,completed,1,7
100599,1312,32,completed,1,7
100599,1313,33,completed,1,7
100596,853,38,completed,0,8
100596,644,39,completed,0,8
100599,1635,34,completed,0,7
100599,1140,35,completed,0,8
100599,441,36,completed,0,8
100599,628,37,completed,0,8
100599,369,38,completed,0,8
100599,375,39,completed,0,8
106247,1055,10,pending,0,3
106247,1404,11,pending,1,3
106247,1393,12,pending,1,3
106247,1405,13,pending,1,3
106247,1406,14,pending,1,3
106247,66,15,pending,0,4
106247,1399,16,pending,1,4
106247,1407,17,pending,1,4
106247,1400,18,pending,1,4
106247,1408,19,pending,1,4
106247,1410,20,pending,1,5
106247,1411,21,pending,1,5
106247,1412,22,pending,1,5
106247,1413,23,pending,1,5
106247,1414,24,pending,1,5
106247,180,5,completed,0,2
106247,651,6,completed,0,2
106247,1484,7,completed,0,2
106247,1396,8,completed,1,2
106247,907,9,completed,0,2
106247,1415,25,pending,1,6
106247,1416,26,pending,1,6
106247,1417,27,pending,1,6
106247,1418,28,pending,1,6
106247,1420,29,pending,1,6
106247,1124,30,pending,0,7
106247,1421,31,pending,1,7
106247,1422,32,pending,1,7
106247,1513,33,pending,0,7
106247,1633,34,pending,0,7
106247,959,35,pending,0,8
106247,1652,36,pending,0,8
106247,462,37,pending,0,8
106247,1171,38,pending,0,8
106247,152,39,pending,0,8
103496,982,35,completed,0,8
103496,1175,36,completed,1,8
103496,1177,37,completed,1,8
103496,1564,38,completed,0,8
103496,1183,39,completed,1,8
103596,1302,25,completed,1,6
103596,194,26,completed,0,6
103596,1294,15,completed,1,4
103596,1287,16,completed,1,4
103596,1295,17,completed,1,4
103596,1296,18,completed,1,4
103596,411,19,completed,0,4
103597,1394,15,completed,1,4
103597,1406,16,completed,1,4
103597,213,17,completed,0,4
103597,1400,18,completed,1,4
103597,1408,19,completed,1,4
103596,1304,27,completed,1,6
103596,1306,28,completed,1,6
103596,1307,29,completed,1,6
103596,572,20,completed,0,5
103596,1297,21,completed,1,5
103596,1299,22,completed,1,5
103596,1301,23,completed,1,5
103596,577,24,completed,0,5
103597,1415,25,completed,1,6
103597,577,26,completed,0,6
103597,1270,27,completed,0,6
103597,578,28,completed,0,6
103597,1417,29,completed,1,6
103596,733,30,completed,0,7
103596,1310,31,completed,1,7
103596,1311,32,completed,1,7
103596,1312,33,completed,1,7
103596,1625,34,completed,0,7
103596,938,35,completed,0,8
103601,1292,15,completed,1,4
103601,1285,16,completed,1,4
103601,1286,17,completed,1,4
103601,1294,18,completed,1,4
103601,1287,19,completed,1,4
103601,1304,25,completed,1,6
103601,1305,26,completed,1,6
103601,730,27,completed,0,6
103601,1306,28,completed,1,6
103601,1309,29,completed,1,6
100619,113,30,completed,0,7
100619,694,31,completed,0,7
100619,1138,32,completed,0,7
100619,517,33,completed,0,7
100619,128,34,completed,0,7
100619,759,35,completed,0,8
100619,137,36,completed,0,8
100619,976,37,completed,0,8
106251,175,10,pending,0,3
106251,53,11,pending,0,3
106251,225,12,pending,0,3
106251,654,13,pending,0,3
100619,1555,38,completed,0,8
100619,980,39,completed,0,8
106251,254,5,completed,0,2
106251,1391,6,completed,1,2
106251,1403,7,completed,1,2
106251,1396,8,completed,1,2
106251,1392,9,completed,1,2
103507,359,35,completed,0,8
103507,1665,36,completed,0,8
103507,1177,37,completed,0,8
103507,369,38,completed,0,8
103507,1563,39,completed,0,8
106251,1398,14,pending,1,3
106251,1394,15,pending,1,4
106251,1399,16,pending,1,4
106251,1400,17,pending,1,4
106251,1408,18,pending,1,4
106251,1401,19,pending,1,4
106251,1262,20,pending,0,5
106251,1409,21,pending,1,5
106251,1410,22,pending,1,5
106251,1411,23,pending,1,5
106251,1412,24,pending,1,5
106251,1414,25,pending,1,6
106251,577,26,pending,0,6
106251,1416,27,pending,1,6
106251,1417,28,pending,1,6
106251,1418,29,pending,1,6
106251,1420,30,pending,1,7
106251,1421,31,pending,1,7
106251,1422,32,pending,1,7
106251,736,33,pending,0,7
106251,1364,34,pending,0,7
106251,953,35,pending,0,8
106251,759,36,pending,0,8
106251,533,37,pending,0,8
106251,544,38,pending,0,8
106251,1550,39,pending,0,8
100627,1414,30,completed,1,7
100627,1504,31,completed,0,7
100627,1416,32,completed,1,7
100627,500,33,completed,0,7
100627,1418,34,completed,1,7
100627,1420,35,completed,1,8
100627,1421,36,completed,1,8
100627,1422,37,completed,1,8
100627,334,38,completed,0,8
100627,544,39,completed,0,8
103621,1406,15,completed,1,4
103621,1001,16,completed,0,4
103621,1400,17,completed,1,4
103621,1408,18,completed,1,4
103621,1401,19,completed,1,4
103621,1302,25,completed,0,6
103621,1417,26,completed,1,6
103621,1418,27,completed,1,6
103621,1420,28,completed,1,6
103621,1421,29,completed,1,6
103520,1083,35,completed,0,8
103520,1422,36,completed,1,8
103520,1312,37,completed,0,8
103520,340,38,completed,0,8
103520,164,39,completed,0,8
100642,506,30,completed,0,7
100642,1089,31,completed,0,7
100642,743,32,completed,0,7
100642,119,33,completed,0,7
100642,1369,34,completed,0,7
100642,1370,35,completed,0,8
100642,818,36,completed,0,8
100642,1379,37,completed,0,8
100646,1535,30,completed,0,7
100646,757,31,completed,0,7
100646,1152,32,completed,1,7
100646,1154,33,completed,1,7
100642,148,38,completed,0,8
100642,1187,39,completed,0,8
103527,1152,35,completed,1,8
100646,1155,34,completed,1,7
100646,1159,35,completed,1,8
100646,618,36,completed,0,8
100646,1166,37,completed,1,8
103527,345,36,completed,0,8
103635,780,15,completed,0,4
103635,1294,16,completed,1,4
103635,1287,17,completed,1,4
103635,1295,18,completed,1,4
103635,1296,19,completed,1,4
103636,1344,15,completed,1,4
103636,1345,16,completed,1,4
103636,1621,17,completed,0,4
103636,1349,18,completed,1,4
103527,1552,37,completed,0,8
103527,1168,38,completed,1,8
103635,1302,25,completed,1,6
103635,1304,26,completed,1,6
103635,1305,27,completed,1,6
103635,792,28,completed,0,6
103635,1309,29,completed,1,6
103527,1181,39,completed,1,8
100646,465,38,completed,0,8
100646,1174,39,completed,1,8
103646,1204,15,completed,1,4
103646,1205,16,completed,1,4
103646,784,17,completed,0,4
103646,1117,18,completed,1,4
103646,1626,25,completed,0,6
103646,1232,26,completed,1,6
103646,1135,27,completed,1,6
103646,1524,28,completed,0,6
103535,107,35,completed,0,8
103535,743,36,completed,0,8
103535,329,37,completed,0,8
103535,544,38,completed,0,8
103535,164,39,completed,0,8
106255,52,10,pending,0,3
106255,1711,11,pending,0,3
106255,1404,12,pending,1,3
103649,1103,15,completed,0,4
103649,1399,16,completed,1,4
103649,1407,17,completed,1,4
103649,1400,18,completed,1,4
103649,1401,19,completed,1,4
106255,1395,5,completed,1,2
106255,1391,6,completed,1,2
106255,1396,7,completed,1,2
106255,1392,8,completed,1,2
106255,393,9,completed,0,2
106255,1393,13,pending,1,3
106255,1405,14,pending,1,3
106255,1398,15,pending,1,4
106255,1394,16,pending,1,4
106255,1399,17,pending,1,4
106255,1400,18,pending,1,4
106255,18,19,pending,0,4
106255,1401,20,pending,1,5
106255,1262,21,pending,0,5
106255,1113,22,pending,0,5
106255,1410,23,pending,1,5
106255,1411,24,pending,1,5
100662,1420,30,completed,1,7
100662,1422,31,completed,1,7
100662,321,32,completed,0,7
100662,587,33,completed,0,7
106255,1412,25,pending,1,6
106255,1414,26,pending,1,6
106255,1416,27,pending,1,6
106255,1417,28,pending,1,6
106255,1418,29,pending,1,6
106255,1222,30,pending,0,7
103651,1406,15,completed,1,4
103651,1400,16,completed,1,4
103651,1204,17,completed,0,4
103651,1408,18,completed,1,4
103651,1410,19,completed,1,4
103651,1415,25,completed,1,6
103651,1416,26,completed,1,6
103651,1417,27,completed,1,6
103651,1418,28,completed,1,6
103651,1420,29,completed,1,6
103544,1163,35,completed,1,8
103544,1170,36,completed,1,8
103544,1171,37,completed,1,8
103544,1181,38,completed,1,8
103544,858,39,completed,0,8
100662,325,34,completed,0,7
100662,1522,35,completed,0,8
100662,1238,36,completed,0,8
100662,129,37,completed,0,8
106255,1421,31,pending,1,7
106255,583,32,pending,0,7
106255,1422,33,pending,1,7
106255,938,34,pending,0,7
100662,459,38,completed,0,8
100662,982,39,completed,0,8
106255,435,35,pending,0,8
106255,603,36,pending,0,8
106255,817,37,pending,0,8
106255,1651,38,pending,0,8
106255,142,39,pending,0,8
103657,1393,15,completed,1,4
103657,73,16,completed,0,4
103657,1405,17,completed,1,4
103657,1487,18,completed,0,4
103657,1406,19,completed,1,4
103657,1409,25,completed,1,6
103657,1411,26,completed,1,6
103657,1412,27,completed,1,6
103657,1413,28,completed,1,6
103554,149,35,completed,0,8
103554,372,36,completed,0,8
103554,1567,37,completed,0,8
103554,855,38,completed,0,8
103554,644,39,completed,0,8
103555,611,35,completed,0,8
103555,353,36,completed,0,8
103555,1162,37,completed,1,8
103555,1172,38,completed,1,8
103555,1189,39,completed,1,8
103665,186,15,completed,0,4
103665,1444,16,completed,0,4
103665,45,17,completed,0,4
103665,283,18,completed,0,4
103667,1443,15,completed,0,4
103667,491,16,completed,0,4
103667,996,17,completed,0,4
103667,1401,18,completed,0,4
103667,1295,19,completed,0,4
103672,1203,15,completed,1,4
103672,1261,16,completed,1,4
103672,1490,17,completed,0,4
103667,687,25,completed,0,6
103667,590,26,completed,0,6
103667,522,27,completed,0,6
103667,523,28,completed,0,6
103667,1531,29,completed,0,6
103562,1383,35,completed,1,8
103562,1386,36,completed,1,8
103562,466,37,completed,0,8
103562,364,38,completed,0,8
103562,645,39,completed,0,8
103672,1130,25,completed,1,6
103672,419,23,completed,0,5
103672,1229,24,completed,1,5
103672,1354,26,completed,0,6
103672,1238,27,completed,1,6
103672,1142,28,completed,1,6
103672,1143,29,completed,1,6
103672,444,30,completed,0,7
103672,127,31,completed,0,7
103672,1153,32,completed,1,7
103672,969,33,completed,0,7
103672,1167,34,completed,1,7
100684,1422,30,completed,1,7
100684,1130,31,completed,0,7
100684,937,32,completed,0,7
100684,591,33,completed,0,7
100684,1238,34,completed,0,7
100684,463,35,completed,0,8
100684,465,36,completed,0,8
100684,155,37,completed,0,8
100684,1567,38,completed,0,8
100684,855,39,completed,0,8
103681,1406,15,completed,1,4
103681,1399,16,completed,1,4
103681,270,17,completed,0,4
103681,1407,18,completed,1,4
103681,1414,25,completed,1,6
100689,1633,30,completed,0,7
100689,125,31,completed,0,7
100689,342,32,completed,0,7
100689,349,33,completed,0,7
103685,1405,15,completed,1,4
103685,1398,16,completed,1,4
103685,1406,17,completed,1,4
103685,1399,18,completed,1,4
103685,1407,19,completed,1,4
103685,1412,25,completed,1,6
103685,1413,26,completed,1,6
103685,1414,27,completed,1,6
103685,1119,28,completed,0,6
103685,1415,29,completed,1,6
100689,1381,34,completed,0,7
100689,628,35,completed,0,8
100689,630,36,completed,0,8
100689,981,37,completed,0,8
100689,1560,38,completed,0,8
100689,647,39,completed,0,8
100698,1371,30,completed,1,7
100698,1372,31,completed,1,7
100698,1374,32,completed,1,7
100698,1375,33,completed,1,7
103695,46,15,completed,0,4
103695,1341,16,completed,1,4
103695,1346,17,completed,1,4
100698,1377,34,completed,1,7
100698,1380,35,completed,1,8
100698,965,36,completed,0,8
100698,1386,37,completed,1,8
100700,1421,30,completed,1,7
100700,1625,31,completed,0,7
100700,333,32,completed,0,7
100700,337,33,completed,0,7
100698,1553,38,completed,0,8
100698,850,39,completed,0,8
100700,1536,34,completed,0,7
100701,1420,30,completed,1,7
100701,1421,31,completed,1,7
100701,1422,32,completed,1,7
100701,1089,33,completed,0,7
100700,452,35,completed,0,8
100700,1157,36,completed,0,8
100700,615,37,completed,0,8
103695,329,23,completed,0,5
103695,1360,24,completed,1,5
103695,1361,25,completed,1,6
103695,1363,26,completed,1,6
103695,1367,27,completed,1,6
103695,817,28,completed,0,6
103695,1371,29,completed,1,6
103695,1374,30,completed,1,7
103695,1377,31,completed,1,7
103695,1378,32,completed,1,7
103695,1379,33,completed,1,7
103695,1380,34,completed,1,7
100701,334,34,completed,0,7
100700,456,38,completed,0,8
100700,538,39,completed,0,8
100701,813,35,completed,0,8
100701,817,36,completed,0,8
100701,447,37,completed,0,8
100701,137,38,completed,0,8
100701,145,39,completed,0,8
100706,753,30,completed,0,7
100706,607,31,completed,0,7
100706,453,32,completed,0,7
100706,827,33,completed,0,7
100706,1162,34,completed,0,7
100706,836,35,completed,0,8
100706,1553,36,completed,0,8
100706,547,37,completed,0,8
103597,685,35,completed,0,8
103597,1645,36,completed,0,8
100708,1415,30,completed,1,7
100708,95,31,completed,0,7
100708,1417,32,completed,1,7
100708,1418,33,completed,1,7
100706,375,38,completed,0,8
100706,860,39,completed,0,8
100708,1421,34,completed,1,7
100708,1422,35,completed,1,8
100708,1131,36,completed,0,8
100708,142,37,completed,0,8
100708,847,38,completed,0,8
100708,1179,39,completed,0,8
103706,1057,15,completed,0,4
103706,1334,16,completed,0,4
103706,881,17,completed,0,4
103706,89,18,completed,0,4
103706,883,19,completed,0,4
103706,45,20,completed,0,5
103706,885,21,completed,0,5
103706,684,22,completed,0,5
103706,1230,23,completed,0,5
105351,768,5,completed,0,2
105351,1395,6,completed,1,2
105351,1403,7,completed,1,2
105351,1392,8,completed,1,2
105351,1404,9,completed,1,2
103706,1354,25,completed,0,6
103706,435,26,completed,0,6
103706,695,27,completed,0,6
103706,1363,28,completed,0,6
103706,1527,29,completed,0,6
105351,770,10,completed,0,3
105351,1393,11,completed,1,3
105351,1405,12,completed,1,3
105351,778,13,completed,0,3
105351,1398,14,completed,1,3
103706,1638,30,completed,0,7
103706,602,31,completed,0,7
103706,953,32,completed,0,7
103706,448,33,completed,0,7
103597,160,38,completed,0,8
103597,1576,39,completed,0,8
103601,339,35,completed,0,8
103601,608,36,completed,0,8
105351,1401,20,pending,1,5
105351,1409,21,pending,1,5
105351,784,22,pending,0,5
105351,1411,23,pending,1,5
105351,1412,24,pending,1,5
100713,1510,30,completed,0,7
100713,1309,31,completed,1,7
100713,1310,32,completed,1,7
100713,1311,33,completed,1,7
105351,1415,25,pending,1,6
105351,1416,26,pending,1,6
105351,1417,27,pending,1,6
105351,1418,28,pending,1,6
105351,1420,29,pending,1,6
100713,1352,34,completed,0,7
100716,756,30,completed,0,7
100716,1373,31,completed,0,7
100716,129,32,completed,0,7
100716,1380,33,completed,0,7
103713,1226,15,completed,1,4
103713,683,16,completed,0,4
103713,1230,17,completed,1,4
103713,1131,18,completed,1,4
103713,1231,19,completed,1,4
103713,1239,25,completed,1,6
103713,1143,26,completed,1,6
103713,441,27,completed,0,6
103713,1145,28,completed,1,6
103713,1148,29,completed,1,6
105351,1689,15,completed,0,4
105351,1399,16,completed,1,4
105351,1210,17,completed,0,4
105351,1407,18,completed,1,4
105351,1408,19,completed,1,4
103601,1556,39,completed,0,8
100713,1312,35,completed,1,8
100713,737,36,completed,0,8
100713,962,37,completed,0,8
105351,1306,30,pending,0,7
105351,1421,31,pending,1,7
105351,1085,32,pending,0,7
105351,1422,33,pending,1,7
105351,1236,34,pending,0,7
100716,547,34,completed,0,7
100713,1549,38,completed,0,8
100713,372,39,completed,0,8
100716,154,35,completed,0,8
100716,1182,36,completed,0,8
100716,647,37,completed,0,8
105351,749,35,pending,0,8
105351,600,36,pending,0,8
105351,607,37,pending,0,8
105351,1378,38,pending,0,8
105351,837,39,pending,0,8
100716,859,38,completed,0,8
100716,860,39,completed,0,8
103720,1269,15,completed,1,4
103720,1121,16,completed,1,4
103720,1221,17,completed,1,4
103720,939,25,completed,0,6
103720,1136,26,completed,1,6
103720,1240,27,completed,1,6
103720,1241,28,completed,1,6
103720,1529,29,completed,0,6
103720,756,30,completed,0,7
103720,1152,31,completed,1,7
103720,449,32,completed,0,7
103720,1650,33,completed,0,7
103720,1656,34,completed,0,7
100729,1142,30,completed,1,7
100729,1147,31,completed,1,7
100729,1157,32,completed,1,7
100729,969,33,completed,0,7
100729,1164,34,completed,1,7
100729,1170,35,completed,1,8
100729,843,36,completed,0,8
100729,367,37,completed,0,8
103729,1394,15,completed,1,4
103729,1677,16,completed,0,4
103729,1406,17,completed,1,4
103729,1285,18,completed,0,4
103729,1407,19,completed,1,4
103729,1401,25,completed,1,6
103729,1410,26,completed,1,6
103729,1411,27,completed,1,6
103729,722,28,completed,0,6
103729,1412,29,completed,1,6
103621,970,37,completed,0,8
103621,630,38,completed,0,8
103621,633,39,completed,0,8
100729,1565,38,completed,0,8
100729,378,39,completed,0,8
100734,1414,30,completed,1,7
100734,1415,31,completed,1,7
100734,1120,32,completed,0,7
100734,728,33,completed,0,7
100734,1420,34,completed,1,7
100734,1421,35,completed,1,8
100734,1422,36,completed,1,8
100734,1130,37,completed,0,8
100734,342,38,completed,0,8
100734,1573,39,completed,0,8
103740,1285,15,completed,1,4
103740,400,16,completed,0,4
103740,1294,17,completed,1,4
103740,1287,18,completed,1,4
103740,1295,19,completed,1,4
103740,1304,25,completed,1,6
103740,1305,26,completed,1,6
103740,1306,27,completed,1,6
103740,1307,28,completed,1,6
103740,897,29,completed,0,6
103743,1294,15,completed,1,4
103743,1444,16,completed,0,4
103743,1297,17,completed,1,4
103743,1074,18,completed,0,4
103743,1299,19,completed,1,4
103747,1399,15,completed,1,4
103747,568,16,completed,0,4
103747,1400,17,completed,1,4
103747,1401,18,completed,1,4
103747,1409,19,completed,1,4
103743,420,25,completed,0,6
103743,1305,26,completed,1,6
103743,1346,27,completed,0,6
103743,1306,28,completed,1,6
103635,1548,35,completed,0,8
103635,836,36,completed,0,8
103635,145,37,completed,0,8
103635,845,38,completed,0,8
103635,1191,39,completed,0,8
103636,972,35,completed,0,8
103636,546,36,completed,0,8
103636,978,37,completed,0,8
103636,844,38,completed,0,8
103636,164,39,completed,0,8
103761,1222,15,completed,1,4
103761,1273,16,completed,1,4
103761,1126,17,completed,1,4
103761,1129,18,completed,1,4
103761,1515,19,completed,0,4
103761,1137,25,completed,1,6
103761,1238,26,completed,1,6
103761,604,27,completed,0,6
103761,1534,28,completed,0,6
103761,1152,29,completed,1,6
103649,110,35,completed,0,8
103649,329,36,completed,0,8
103649,695,37,completed,0,8
103649,1139,38,completed,0,8
103649,1185,39,completed,0,8
103651,439,35,completed,0,8
103651,126,36,completed,0,8
103651,343,37,completed,0,8
103651,610,38,completed,0,8
103651,1667,39,completed,0,8
100779,1089,30,completed,0,7
100779,1516,31,completed,0,7
100779,1238,32,completed,0,7
100779,1525,33,completed,0,7
100779,1241,34,completed,0,7
100779,818,35,completed,0,8
100779,612,36,completed,0,8
100779,543,37,completed,0,8
100782,753,30,completed,0,7
100782,526,31,completed,0,7
100782,446,32,completed,0,7
100782,529,33,completed,0,7
100779,1661,38,completed,0,8
100779,1175,39,completed,0,8
100782,535,34,completed,0,7
100782,349,35,completed,0,8
100782,543,36,completed,0,8
100782,1554,37,completed,0,8
103657,1422,35,completed,1,8
103657,799,36,completed,0,8
103657,821,37,completed,0,8
103657,1669,38,completed,0,8
103657,648,39,completed,0,8
100782,1169,38,completed,0,8
100782,1183,39,completed,0,8
100785,1307,30,completed,1,7
100785,1309,31,completed,1,7
100785,1311,32,completed,1,7
100785,1313,33,completed,1,7
100785,591,34,completed,0,7
100785,130,35,completed,0,8
100785,1163,36,completed,0,8
100785,545,37,completed,0,8
100785,975,38,completed,0,8
100785,361,39,completed,0,8
103784,1265,15,completed,1,4
103784,1117,16,completed,1,4
103784,1269,17,completed,1,4
103784,1221,18,completed,1,4
100788,1421,30,completed,1,7
100788,505,31,completed,0,7
100788,1422,32,completed,1,7
100788,746,33,completed,0,7
100788,815,34,completed,0,7
100788,1375,35,completed,0,8
100788,1377,36,completed,0,8
100788,1651,37,completed,0,8
100788,834,38,completed,0,8
100788,1563,39,completed,0,8
103665,369,35,completed,0,8
103665,155,36,completed,0,8
103665,1180,37,completed,0,8
103665,380,38,completed,0,8
103665,1191,39,completed,0,8
103667,150,35,completed,0,8
103667,632,36,completed,0,8
103667,1565,37,completed,0,8
103672,1189,38,completed,1,8
103672,860,39,completed,0,8
100800,1360,30,completed,1,7
100800,1363,31,completed,1,7
100800,1143,32,completed,0,7
100800,1366,33,completed,1,7
100800,336,34,completed,0,7
100800,1369,35,completed,1,8
100800,1374,36,completed,1,8
100800,1375,37,completed,1,8
100800,346,38,completed,0,8
100800,1378,39,completed,1,8
103798,1476,15,completed,0,4
103798,1297,16,completed,0,4
103798,1215,17,completed,1,4
103798,1216,18,completed,1,4
103798,1121,19,completed,1,4
103799,54,15,completed,0,4
103799,257,16,completed,0,4
103799,1599,17,completed,0,4
103799,304,18,completed,0,4
103799,1113,19,completed,0,4
103798,1221,20,completed,1,5
103798,1126,21,completed,1,5
103798,525,25,completed,0,6
103798,1536,26,completed,0,6
103798,1153,27,completed,1,6
103798,1155,28,completed,1,6
103798,827,29,completed,0,6
103799,1625,25,completed,0,6
103799,1230,26,completed,0,6
103799,1517,27,completed,0,6
103799,940,28,completed,0,6
103681,1154,36,completed,0,8
103681,1540,37,completed,0,8
103681,826,38,completed,0,8
103681,1571,39,completed,0,8
103685,511,35,completed,0,8
100806,1345,30,completed,0,7
100806,1420,31,completed,1,7
100806,1421,32,completed,1,7
100806,1422,33,completed,1,7
100806,1526,34,completed,0,7
100807,1347,30,completed,0,7
100807,1309,31,completed,1,7
100807,1312,32,completed,1,7
100807,1313,33,completed,1,7
100806,1151,35,completed,0,8
100806,130,36,completed,0,8
100806,141,37,completed,0,8
100807,1518,34,completed,0,7
100806,1666,38,completed,0,8
100806,370,39,completed,0,8
100807,331,35,completed,0,8
100807,1654,36,completed,0,8
100807,461,37,completed,0,8
100807,363,38,completed,0,8
100807,152,39,completed,0,8
103685,1638,37,completed,0,8
103685,1376,38,completed,0,8
103685,1191,39,completed,0,8
100810,811,30,completed,0,7
100810,1148,31,completed,0,7
100810,760,32,completed,0,7
100810,1154,33,completed,0,7
100810,541,34,completed,0,7
100810,359,35,completed,0,8
100810,364,36,completed,0,8
100810,1558,37,completed,0,8
100810,980,38,completed,0,8
100810,855,39,completed,0,8
103812,1153,31,completed,1,7
103812,1154,32,completed,1,7
103812,136,33,completed,0,7
103812,835,34,completed,0,7
103695,1383,36,completed,1,8
103695,1386,37,completed,1,8
103818,1333,15,completed,1,4
103818,1293,16,completed,0,4
103818,1334,17,completed,1,4
103818,1335,18,completed,1,4
103818,1609,19,completed,0,4
103818,940,25,completed,0,6
103818,1363,26,completed,1,6
103818,1365,27,completed,1,6
103695,150,38,completed,0,8
103695,372,39,completed,0,8
100825,1143,30,completed,0,7
100825,1370,31,completed,1,7
100825,1371,32,completed,1,7
100825,1374,33,completed,1,7
100825,1375,34,completed,1,7
100825,1376,35,completed,1,8
100825,1377,36,completed,1,8
100825,1378,37,completed,1,8
100827,804,30,completed,0,7
100827,1358,31,completed,0,7
100827,441,32,completed,0,7
100827,1542,33,completed,0,7
100825,1380,38,completed,1,8
100825,382,39,completed,0,8
100827,1658,34,completed,0,7
100827,1164,35,completed,0,8
100827,835,36,completed,0,8
100827,1554,37,completed,0,8
100829,1420,30,completed,1,7
100829,1422,31,completed,1,7
100829,1311,32,completed,0,7
100829,1515,33,completed,0,7
100827,1560,38,completed,0,8
100827,1175,39,completed,0,8
100829,1358,34,completed,0,7
100829,947,35,completed,0,8
100829,810,36,completed,0,8
100829,453,37,completed,0,8
103828,1336,15,completed,1,4
103828,1500,16,completed,0,4
103828,46,17,completed,0,4
103828,1010,18,completed,0,4
103828,1355,25,completed,1,6
103828,1363,26,completed,1,6
103828,1365,27,completed,1,6
103828,1368,28,completed,1,6
100829,454,38,completed,0,8
100829,1656,39,completed,0,8
106286,1290,10,pending,1,3
106286,1323,11,pending,0,3
106286,1283,12,pending,1,3
106286,1279,13,pending,1,3
106286,1718,14,pending,0,3
106286,1286,15,pending,1,4
106286,232,16,pending,0,4
106286,1294,17,pending,1,4
106286,1287,18,pending,1,4
106286,1295,19,pending,1,4
106286,1296,20,pending,1,5
106286,1297,21,pending,1,5
106286,190,22,pending,0,5
105368,1323,5,completed,1,2
105368,1319,6,completed,1,2
105368,1097,7,completed,0,2
105368,1331,8,completed,1,2
105368,1325,9,completed,1,2
106286,1289,5,completed,1,2
105368,1466,10,completed,0,3
105368,1476,11,completed,0,3
105368,1336,12,completed,1,3
105368,1341,13,completed,1,3
105368,726,14,completed,0,3
106286,1282,6,completed,1,2
106286,1715,7,completed,0,2
106286,30,8,completed,0,2
106286,206,9,completed,0,2
105368,1343,15,completed,1,4
105368,1304,16,completed,0,4
105368,1346,17,completed,1,4
105368,1347,18,completed,1,4
105368,937,19,completed,0,4
103713,1164,35,completed,1,8
103713,1179,36,completed,1,8
105368,1312,20,pending,0,5
105368,1354,21,pending,1,5
105368,1355,22,pending,1,5
105368,1357,23,pending,1,5
105368,1358,24,pending,1,5
106286,1299,23,pending,1,5
106286,1300,24,pending,1,5
106286,1301,25,pending,1,6
106286,1302,26,pending,1,6
106286,1304,27,pending,1,6
105368,1361,25,pending,1,6
105368,1528,26,pending,0,6
105368,1365,27,pending,1,6
105368,1367,28,pending,1,6
105368,1370,29,pending,1,6
106286,1618,28,pending,0,6
106286,1305,29,pending,1,6
106286,100,30,pending,0,7
106286,1306,31,pending,1,7
106286,1307,32,pending,1,7
105368,341,30,pending,0,7
105368,1373,31,pending,1,7
105368,1377,32,pending,1,7
105368,1378,33,pending,1,7
105368,616,34,pending,0,7
106286,425,33,pending,0,7
106286,1310,34,pending,1,7
106286,1313,35,pending,1,8
106286,325,36,pending,0,8
106286,1523,37,pending,0,8
103836,1357,25,completed,1,6
103836,1336,15,completed,1,4
103836,722,16,completed,0,4
103836,1339,17,completed,1,4
103836,1009,18,completed,0,4
103836,1341,19,completed,1,4
103836,1358,26,completed,1,6
103836,1525,27,completed,0,6
103836,1363,28,completed,1,6
103836,1143,29,completed,0,6
105368,1382,35,pending,1,8
105368,1383,36,pending,1,8
105368,835,37,pending,0,8
105368,974,38,pending,0,8
105368,841,39,pending,0,8
106286,1647,38,pending,0,8
106286,464,39,pending,0,8
100845,1312,30,completed,1,7
100845,1313,31,completed,1,7
100845,598,32,completed,0,7
100845,1142,33,completed,0,7
105371,1402,5,completed,1,2
105371,1395,6,completed,1,2
105371,1049,7,completed,0,2
105371,1396,8,completed,1,2
105371,1485,9,completed,0,2
105371,1392,10,completed,1,3
105371,1404,11,completed,1,3
105371,1393,12,completed,1,3
105371,1405,13,completed,1,3
105371,1398,14,completed,1,3
103729,1420,35,completed,1,8
100845,1642,34,completed,0,7
100845,1148,35,completed,0,8
100845,531,36,completed,0,8
100845,345,37,completed,0,8
100847,587,30,completed,0,7
100847,1312,31,completed,1,7
100847,1627,32,completed,0,7
100847,941,33,completed,0,7
100845,356,38,completed,0,8
100845,1569,39,completed,0,8
105371,484,20,pending,0,5
105371,411,21,pending,0,5
105371,1410,22,pending,1,5
105371,1411,23,pending,1,5
105371,1412,24,pending,1,5
100847,1646,34,completed,0,7
100847,1151,35,completed,0,8
100847,356,36,completed,0,8
100847,1550,37,completed,0,8
105371,1413,25,pending,1,6
105371,1416,26,pending,1,6
105371,1417,27,pending,1,6
105371,1418,28,pending,1,6
105371,1421,29,pending,1,6
103847,1213,15,completed,1,4
103847,1006,16,completed,0,4
103847,1265,17,completed,1,4
103847,413,18,completed,0,4
103847,737,25,completed,0,6
103847,511,26,completed,0,6
105371,1394,15,completed,1,4
105371,1406,16,completed,1,4
105371,1399,17,completed,1,4
105371,1400,18,completed,1,4
105371,1401,19,completed,1,4
103729,1421,36,completed,1,8
103729,1168,37,completed,0,8
103729,1562,38,completed,0,8
103729,158,39,completed,0,8
100847,839,38,completed,0,8
100847,157,39,completed,0,8
105371,1422,30,pending,1,7
105371,1232,31,pending,0,7
105371,743,32,pending,0,7
105371,1239,33,pending,0,7
105371,120,34,pending,0,7
100851,1305,30,completed,1,7
100851,1306,31,completed,1,7
100851,1307,32,completed,1,7
100851,1310,33,completed,1,7
105371,131,35,pending,0,8
105371,137,36,pending,0,8
105371,1161,37,pending,0,8
105371,381,38,pending,0,8
105371,648,39,pending,0,8
100851,1311,34,completed,1,7
100851,434,35,completed,0,8
100851,1380,36,completed,0,8
100851,847,37,completed,0,8
100851,157,38,completed,0,8
100851,1183,39,completed,0,8
103740,369,35,completed,0,8
103852,1353,25,completed,1,6
103852,1325,15,completed,1,4
103852,88,16,completed,0,4
103852,1334,17,completed,1,4
103852,1327,18,completed,1,4
103852,1444,19,completed,0,4
103852,1139,26,completed,0,6
103852,1361,27,completed,1,6
103852,1364,28,completed,1,6
103852,811,29,completed,0,6
103856,1139,25,completed,0,6
103856,1363,26,completed,1,6
103856,1365,27,completed,1,6
103852,1366,30,completed,1,7
103852,1367,31,completed,1,7
103852,1372,32,completed,1,7
103852,1376,33,completed,1,7
103852,1377,34,completed,1,7
103740,157,36,completed,0,8
103740,851,37,completed,0,8
103740,1187,38,completed,0,8
103740,645,39,completed,0,8
100866,735,30,completed,0,7
100866,1311,31,completed,1,7
100866,1312,32,completed,1,7
100866,1313,33,completed,1,7
100866,1632,34,completed,0,7
100866,807,35,completed,0,8
100866,604,36,completed,0,8
100866,964,37,completed,0,8
100866,137,38,completed,0,8
100866,1552,39,completed,0,8
103857,1268,25,completed,0,6
103857,1415,26,completed,1,6
103857,1406,15,completed,1,4
103857,1407,16,completed,1,4
103857,1497,17,completed,0,4
103857,1408,18,completed,1,4
103857,1409,19,completed,1,4
103857,1416,27,completed,1,6
103857,1417,28,completed,1,6
103857,280,20,completed,0,5
103857,1410,21,completed,1,5
103857,1411,22,completed,1,5
103857,1418,29,completed,1,6
103856,1373,31,completed,1,7
103856,1377,32,completed,1,7
103856,1378,33,completed,1,7
103856,1379,34,completed,1,7
103857,1420,30,completed,1,7
103743,1029,36,completed,0,8
103743,697,37,completed,0,8
103743,970,38,completed,0,8
103743,153,39,completed,0,8
103747,430,35,completed,0,8
103747,332,36,completed,0,8
103747,598,37,completed,0,8
103747,1367,38,completed,0,8
103747,637,39,completed,0,8
103863,1394,15,completed,1,4
103863,1407,16,completed,1,4
103863,1400,17,completed,1,4
103863,569,18,completed,0,4
103863,1408,19,completed,1,4
103863,1413,25,completed,1,6
103863,1414,26,completed,1,6
103863,1341,27,completed,0,6
103863,1415,28,completed,1,6
106290,994,10,pending,0,3
106290,1333,11,pending,0,3
106290,668,12,pending,0,3
106290,1262,13,pending,1,3
106290,1258,5,completed,1,2
106290,1201,6,completed,1,2
106290,778,7,completed,0,2
106290,916,8,completed,0,2
106290,1394,9,completed,0,2
106290,1263,14,pending,1,3
106290,1410,15,pending,0,4
106290,1296,16,pending,0,4
106290,1118,17,pending,1,4
106290,1271,18,pending,1,4
106290,1124,19,pending,1,4
106290,1224,20,pending,1,5
106290,1135,21,pending,1,5
106290,1028,22,pending,0,5
106290,950,23,pending,0,5
106290,336,24,pending,0,5
106290,1150,25,pending,1,6
106290,1153,26,pending,1,6
106290,1154,27,pending,1,6
106290,351,28,pending,0,6
106290,1166,29,pending,1,6
106290,1174,30,pending,1,7
106290,367,31,pending,0,7
106290,1177,32,pending,1,7
106290,1179,33,pending,1,7
103761,1175,35,completed,1,8
103761,375,36,completed,0,8
103761,1570,37,completed,0,8
103761,1190,38,completed,1,8
103761,1191,39,completed,1,8
106290,1181,34,pending,1,7
106290,645,35,pending,0,8
106290,1189,36,pending,1,8
106290,1190,37,pending,1,8
106290,648,38,pending,0,8
106290,1191,39,pending,1,8
100893,444,30,completed,0,7
100893,817,31,completed,0,7
100893,528,32,completed,0,7
100893,127,33,completed,0,7
100893,960,34,completed,0,7
100893,357,35,completed,0,8
100893,1166,36,completed,0,8
100893,145,37,completed,0,8
100893,1558,38,completed,0,8
100893,374,39,completed,0,8
103891,568,15,completed,0,4
103891,401,16,completed,0,4
103891,891,17,completed,0,4
103891,729,18,completed,0,4
103891,1222,19,completed,0,4
103891,892,20,completed,0,5
103891,423,21,completed,0,5
103891,1352,25,completed,0,6
103891,939,26,completed,0,6
103891,1633,27,completed,0,6
103891,697,28,completed,0,6
103891,117,29,completed,0,6
103784,1170,35,completed,1,8
103784,146,36,completed,0,8
103784,150,37,completed,0,8
103784,1180,38,completed,1,8
103784,1181,39,completed,1,8
100913,1084,30,completed,0,7
100913,1307,31,completed,1,7
100913,1309,32,completed,1,7
100913,1310,33,completed,1,7
100913,508,34,completed,0,7
100913,1311,35,completed,1,8
100913,321,36,completed,0,8
100913,1312,37,completed,1,8
100913,329,38,completed,0,8
100913,811,39,completed,0,8
103904,1616,15,completed,0,4
103904,1014,16,completed,0,4
103904,793,17,completed,0,4
103904,1225,18,completed,0,4
103904,795,19,completed,0,4
103904,527,25,completed,0,6
103904,607,26,completed,0,6
103904,1535,27,completed,0,6
103904,347,28,completed,0,6
103904,538,29,completed,0,6
103904,966,30,completed,0,7
103798,646,35,completed,0,8
103798,859,36,completed,0,8
103798,1576,37,completed,0,8
103798,1191,38,completed,1,8
103798,383,39,completed,0,8
103799,629,35,completed,0,8
103799,1176,36,completed,0,8
103799,1182,37,completed,0,8
103799,1190,39,completed,0,8
103924,994,15,completed,0,4
103924,1293,16,completed,1,4
103924,1286,17,completed,1,4
103924,1295,18,completed,1,4
103924,1297,19,completed,1,4
103924,1305,25,completed,1,6
103924,1306,26,completed,1,6
103924,1307,27,completed,1,6
103924,1309,28,completed,1,6
103924,1310,29,completed,1,6
103928,1334,15,completed,1,4
103928,1499,16,completed,0,4
103928,1339,17,completed,1,4
103928,1414,18,completed,0,4
103928,928,19,completed,0,4
103928,1361,25,completed,1,6
103928,811,26,completed,0,6
103928,1365,27,completed,1,6
103928,1366,28,completed,1,6
103818,1374,35,completed,1,8
103818,1376,36,completed,1,8
100945,1132,30,completed,1,7
100945,1136,31,completed,1,7
100945,1138,32,completed,1,7
100945,1139,33,completed,1,7
103939,1333,15,completed,0,4
103939,408,16,completed,0,4
103939,88,17,completed,0,4
103939,402,18,completed,0,4
103939,1113,19,completed,1,4
103939,1125,25,completed,1,6
103939,682,26,completed,0,6
103939,735,27,completed,0,6
103939,1312,28,completed,0,6
100945,338,34,completed,0,7
100945,1153,35,completed,1,8
100945,824,36,completed,0,8
100945,1161,37,completed,1,8
100945,469,38,completed,0,8
100945,1185,39,completed,1,8
103942,1121,15,completed,1,4
103942,1012,16,completed,0,4
103942,1221,17,completed,1,4
103942,1081,18,completed,0,4
103942,1222,19,completed,1,4
103943,1045,15,completed,0,4
103943,1260,16,completed,1,4
103943,1253,17,completed,1,4
103943,1115,18,completed,1,4
103943,1074,19,completed,0,4
103942,1232,25,completed,1,6
103942,1628,26,completed,0,6
103942,1133,27,completed,1,6
103942,1520,28,completed,0,6
103942,1028,29,completed,0,6
103943,1226,25,completed,1,6
103943,1515,26,completed,0,6
103943,1230,27,completed,1,6
103943,1231,28,completed,1,6
103943,1133,29,completed,1,6
100951,681,30,completed,0,7
100951,1421,31,completed,1,7
100951,1132,32,completed,0,7
100951,329,33,completed,0,7
100951,599,34,completed,0,7
100952,1151,30,completed,1,7
100952,1157,31,completed,1,7
100952,1159,32,completed,1,7
100952,1161,33,completed,1,7
100951,1540,35,completed,0,8
100951,352,36,completed,0,8
100951,542,37,completed,0,8
100952,1162,34,completed,1,7
100951,1661,38,completed,0,8
100951,372,39,completed,0,8
100952,1175,35,completed,1,8
100952,1176,36,completed,1,8
100952,1177,37,completed,1,8
100952,856,38,completed,0,8
100952,1189,39,completed,1,8
103828,545,39,completed,0,8
103948,673,15,completed,0,4
103948,1339,16,completed,1,4
103948,1341,17,completed,1,4
103948,1343,18,completed,1,4
103948,1360,25,completed,1,6
103948,1361,26,completed,1,6
103948,437,27,completed,0,6
100956,1369,30,completed,1,7
100956,1373,31,completed,1,7
100956,1376,32,completed,1,7
100956,1377,33,completed,1,7
100956,1540,34,completed,0,7
100956,1378,35,completed,1,8
100956,1379,36,completed,1,8
100956,136,37,completed,0,8
103952,1399,15,completed,1,4
103952,1400,16,completed,1,4
103952,186,17,completed,0,4
103952,1408,18,completed,1,4
103952,1401,19,completed,1,4
103952,1415,25,completed,1,6
103952,1417,26,completed,1,6
103952,1418,27,completed,1,6
103952,1421,28,completed,1,6
103952,1422,29,completed,1,6
103836,1377,35,completed,1,8
103836,1378,36,completed,1,8
103836,1382,37,completed,1,8
100958,1031,30,completed,0,7
100958,1365,31,completed,1,7
100958,1370,32,completed,1,7
100958,1372,33,completed,1,7
100956,1161,38,completed,0,8
100956,1383,39,completed,1,8
100958,345,34,completed,0,7
100958,1375,35,completed,1,8
100958,1381,36,completed,1,8
100958,1383,37,completed,1,8
100958,974,38,completed,0,8
100958,1172,39,completed,0,8
103955,1304,25,completed,1,6
103955,778,15,completed,0,4
103955,1292,16,completed,1,4
103955,1285,17,completed,1,4
103955,1293,18,completed,1,4
103955,1294,19,completed,1,4
103955,501,26,completed,0,6
103955,1305,27,completed,1,6
103955,1307,28,completed,1,6
103955,1309,29,completed,1,6
100963,1371,30,completed,1,7
100963,1374,31,completed,1,7
100964,1523,34,completed,0,7
100967,1032,30,completed,0,7
100963,1381,35,completed,1,8
100963,1655,36,completed,0,8
100963,1382,37,completed,1,8
100967,525,31,completed,0,7
100967,1369,32,completed,0,7
100967,1150,33,completed,0,7
100967,964,34,completed,0,7
100963,1383,38,completed,1,8
100963,143,39,completed,0,8
100964,1369,35,completed,0,8
100964,342,36,completed,0,8
100964,834,37,completed,0,8
100971,130,30,completed,0,7
100964,469,38,completed,0,8
100964,1574,39,completed,0,8
100971,828,31,completed,0,7
100971,351,32,completed,0,7
100971,1654,33,completed,0,7
100971,1162,34,completed,0,7
100967,965,35,completed,0,8
100967,546,36,completed,0,8
100967,1566,37,completed,0,8
100967,1571,38,completed,0,8
100967,860,39,completed,0,8
103847,160,37,completed,0,8
103847,1185,38,completed,1,8
103975,1398,15,completed,1,4
103975,767,16,completed,0,4
103975,1399,17,completed,1,4
103975,1400,18,completed,1,4
103975,1414,25,completed,1,6
103980,673,15,completed,0,4
103980,191,16,completed,0,4
103980,1119,17,completed,1,4
103980,1220,18,completed,1,4
105387,986,5,completed,0,2
105387,1329,6,completed,1,2
105387,235,7,completed,0,2
105387,1318,8,completed,1,2
105387,777,9,completed,0,2
105387,1320,10,completed,1,3
105387,1326,11,completed,1,3
105387,1334,12,completed,1,3
105387,1335,13,completed,1,3
105387,721,14,completed,0,3
103857,953,35,completed,0,8
103857,1652,36,completed,0,8
103857,454,37,completed,0,8
105387,107,20,pending,0,5
105387,588,21,pending,0,5
105387,1630,22,pending,0,5
105387,1358,23,pending,1,5
105387,594,24,pending,0,5
105387,435,25,pending,0,6
105387,1363,26,pending,1,6
100981,1418,30,completed,1,7
105387,1365,27,pending,1,6
105387,1366,28,pending,1,6
105387,1367,29,pending,1,6
105387,1368,30,pending,1,7
105387,1372,31,pending,1,7
105387,529,32,pending,0,7
105387,1376,33,pending,1,7
105387,1377,34,pending,1,7
105387,1337,15,completed,1,4
105387,1341,16,completed,1,4
105387,1345,17,completed,1,4
105387,199,18,completed,0,4
105387,1351,19,completed,1,4
100981,1620,31,completed,0,7
100981,1422,32,completed,1,7
100981,1130,33,completed,0,7
100981,336,34,completed,0,7
105387,1156,35,pending,0,8
105387,1378,36,pending,1,8
105387,147,37,pending,0,8
105387,153,38,pending,0,8
105387,162,39,pending,0,8
106311,1404,10,pending,1,3
106311,268,11,pending,0,3
106311,1405,12,pending,1,3
106311,1398,13,pending,1,3
106311,1713,14,pending,0,3
106311,1406,15,pending,1,4
106311,1399,16,pending,1,4
106311,1400,17,pending,1,4
106311,1408,18,pending,1,4
106311,1401,19,pending,1,4
106311,1409,20,pending,1,5
106311,1410,21,pending,1,5
106311,1412,22,pending,1,5
106311,1413,23,pending,1,5
106311,1503,24,pending,0,5
106311,1415,25,pending,1,6
106311,1416,26,pending,1,6
103989,1449,15,completed,0,4
103989,1341,16,completed,1,4
103989,1343,17,completed,1,4
103989,1344,18,completed,1,4
103989,1346,19,completed,1,4
103990,1069,15,completed,0,4
103990,1399,16,completed,1,4
103990,79,17,completed,0,4
103990,1407,18,completed,1,4
105388,778,5,completed,0,2
105388,230,6,completed,0,2
105388,33,7,completed,0,2
105388,1203,8,completed,1,2
105388,1254,9,completed,1,2
106311,1403,5,completed,1,2
106311,1396,6,completed,1,2
106311,1585,7,completed,0,2
106311,1392,8,completed,1,2
106311,244,9,completed,0,2
103863,1550,36,completed,0,8
103863,546,37,completed,0,8
103863,850,38,completed,0,8
103863,376,39,completed,0,8
106311,1270,27,pending,0,6
106311,1417,28,pending,1,6
106311,1418,29,pending,1,6
106311,196,30,pending,0,7
106311,1421,31,pending,1,7
106311,684,32,pending,0,7
106311,1516,33,pending,0,7
106311,803,34,pending,0,7
106311,810,35,pending,0,8
106311,1530,36,pending,0,8
105388,1225,20,pending,1,5
105388,1226,21,pending,1,5
105388,1228,22,pending,1,5
106311,1148,37,pending,0,8
106311,1670,38,pending,0,8
106311,1190,39,pending,0,8
105388,1020,23,pending,0,5
105388,322,24,pending,0,5
105388,1130,25,pending,1,6
105388,1131,26,pending,1,6
105388,1143,27,pending,1,6
105388,1151,28,pending,1,6
105388,343,29,pending,0,6
105388,345,30,pending,0,7
105388,1650,31,pending,0,7
105388,1118,15,completed,1,4
105388,1119,16,completed,1,4
105388,1269,17,completed,1,4
105388,1081,18,completed,0,4
105388,1272,19,completed,1,4
105388,1112,10,completed,1,3
105388,1255,11,completed,1,3
105388,1444,12,completed,0,3
105388,1267,13,completed,1,3
105388,94,14,completed,0,3
103000,1274,0,completed,1,1
103000,1455,1,completed,0,1
103000,384,2,completed,0,1
103000,1275,3,completed,1,1
103000,50,4,completed,0,1
103007,286,5,completed,0,2
103007,1430,6,completed,0,2
103007,169,7,completed,0,2
105388,1159,32,pending,1,7
103007,1602,8,completed,0,2
103007,56,9,completed,0,2
103009,1281,5,completed,1,2
103009,1277,6,completed,1,2
103009,1289,7,completed,1,2
105388,457,33,pending,0,7
105388,1161,34,pending,1,7
105388,1162,35,pending,1,8
105388,1164,36,pending,1,8
105388,544,37,pending,0,8
105388,1166,38,pending,1,8
105388,1177,39,pending,1,8
106312,489,10,pending,0,3
106312,177,11,pending,0,3
106312,1682,12,pending,0,3
106312,1285,13,pending,1,3
106312,1293,14,pending,1,3
106312,1719,15,pending,0,4
106312,1286,16,pending,1,4
106312,1294,17,pending,1,4
106312,1287,18,pending,1,4
106312,920,19,pending,0,4
106312,1295,20,pending,1,5
106312,1042,5,completed,0,2
106312,1290,6,completed,1,2
106312,1283,7,completed,1,2
106312,1284,8,completed,1,2
106312,1280,9,completed,1,2
106312,1296,21,pending,1,5
106312,1299,22,pending,1,5
106312,724,23,pending,0,5
106312,1300,24,pending,1,5
106312,1301,25,pending,1,6
106312,1302,26,pending,1,6
106312,1506,27,pending,0,6
106312,1304,28,pending,1,6
106312,1222,29,pending,0,6
106312,1307,30,pending,1,7
106312,1309,31,pending,1,7
106312,1311,32,pending,1,7
106312,1312,33,pending,1,7
106312,1313,34,pending,1,7
106312,1133,35,pending,0,8
106312,1652,36,pending,0,8
106312,845,37,pending,0,8
106312,370,38,pending,0,8
106312,379,39,pending,0,8
104019,948,30,pending,0,7
104019,755,31,pending,0,7
104019,131,32,pending,0,7
104019,1653,33,pending,0,7
104019,546,34,pending,0,7
104019,982,35,pending,0,8
104019,374,36,pending,0,8
104019,376,37,pending,0,8
104019,642,38,pending,0,8
104019,1191,39,pending,0,8
104019,1391,5,completed,0,2
104019,474,6,completed,0,2
104019,1038,7,completed,0,2
104019,1404,8,completed,0,2
104019,1201,9,completed,0,2
104020,664,5,completed,0,2
104020,1200,6,completed,0,2
104020,1392,7,completed,1,2
104019,1522,25,completed,0,6
104020,1421,30,pending,1,7
104020,1422,31,pending,1,7
104020,321,32,pending,0,7
104020,1139,33,pending,0,7
104020,463,34,pending,0,7
104020,148,35,pending,0,8
104020,469,36,pending,0,8
104020,372,37,pending,0,8
104020,856,38,pending,0,8
104020,1573,39,pending,0,8
104020,1495,15,completed,0,4
104020,1399,16,completed,1,4
104020,1400,17,completed,1,4
104020,1408,18,completed,1,4
104020,272,19,completed,0,4
104020,1401,20,completed,1,5
104020,1609,21,completed,0,5
104020,1413,25,completed,1,6
104020,1414,26,completed,1,6
104020,1415,27,completed,1,6
104020,1416,28,completed,1,6
104020,1417,29,completed,1,6
104046,953,30,pending,0,7
104046,1369,31,pending,1,7
104046,529,32,pending,0,7
104046,1372,33,pending,1,7
104046,1373,34,pending,1,7
104046,128,35,pending,0,8
104046,1378,36,pending,1,8
104046,1381,37,pending,1,8
104046,1386,38,pending,1,8
104046,361,39,pending,0,8
104046,1322,5,completed,1,2
104046,1318,6,completed,1,2
104046,1330,7,completed,1,2
104046,476,8,completed,0,2
104046,1320,9,completed,1,2
104057,1367,30,pending,1,7
104057,1368,31,pending,1,7
104057,1372,32,pending,1,7
104057,1375,33,pending,1,7
104057,130,34,pending,0,7
104057,1377,35,pending,1,8
104057,1379,36,pending,1,8
104057,539,37,pending,0,8
104057,1666,38,pending,0,8
104057,632,39,pending,0,8
104057,1330,5,completed,1,2
104057,1324,6,completed,1,2
104057,1332,7,completed,1,2
104057,1718,8,completed,0,2
104057,67,9,completed,0,2
104057,1334,10,completed,1,3
104057,1335,11,completed,1,3
104057,1336,12,completed,1,3
104057,886,13,completed,0,3
104057,1344,15,completed,1,4
104057,1347,16,completed,1,4
104057,504,17,completed,0,4
104057,1126,18,completed,0,4
104057,1353,19,completed,1,4
104057,1354,20,completed,1,5
104057,1023,21,completed,0,5
104057,690,22,completed,0,5
104057,1356,23,completed,1,5
104057,435,24,completed,0,5
104057,1360,25,completed,1,6
104057,695,26,completed,0,6
104057,1361,27,completed,1,6
104057,437,28,completed,0,6
104057,1363,29,completed,1,6
104066,1365,30,pending,1,7
104066,1367,31,pending,1,7
104066,1374,32,pending,1,7
104066,1376,33,pending,1,7
104066,611,34,pending,0,7
104066,1378,35,pending,1,8
104066,348,36,pending,0,8
104066,1382,37,pending,1,8
104066,1383,38,pending,1,8
104066,365,39,pending,0,8
104066,1323,5,completed,1,2
104066,1324,6,completed,1,2
104066,1701,7,completed,0,2
104066,395,8,completed,0,2
104066,1332,9,completed,1,2
104066,1339,15,completed,1,4
104066,1613,16,completed,0,4
104066,1268,17,completed,0,4
104066,577,18,completed,0,4
104066,1352,25,completed,1,6
104066,1358,26,completed,1,6
104066,1361,27,completed,1,6
104070,1370,30,pending,1,7
104070,1372,31,pending,1,7
104070,1373,32,pending,1,7
104070,1374,33,pending,1,7
104070,1375,34,pending,1,7
104070,1377,35,pending,1,8
104070,1379,36,pending,1,8
104070,1382,37,pending,1,8
104070,1552,38,pending,0,8
104070,469,39,pending,0,8
104070,474,5,completed,0,2
104070,1458,6,completed,0,2
104070,1322,7,completed,1,2
104070,1330,8,completed,1,2
104070,1319,9,completed,1,2
104070,1287,15,completed,0,4
104070,883,16,completed,0,4
104070,1337,17,completed,1,4
104070,1500,18,completed,0,4
106321,1325,10,pending,1,3
106321,1333,11,pending,1,3
106321,1327,12,pending,1,3
106321,255,5,completed,0,2
106321,877,6,completed,0,2
106321,1677,7,completed,0,2
106321,1320,8,completed,1,2
106321,1001,9,completed,0,2
106321,1336,13,pending,1,3
106321,1337,14,pending,1,3
106321,1299,15,pending,0,4
106321,1339,16,pending,1,4
106321,191,17,pending,0,4
106321,928,18,pending,0,4
106321,791,19,pending,0,4
106321,1355,20,pending,1,5
106321,1133,21,pending,0,5
106321,1356,22,pending,1,5
106321,741,23,pending,0,5
106321,1360,24,pending,1,5
106321,1239,25,pending,0,6
106321,1364,26,pending,1,6
106321,1365,27,pending,1,6
106321,1366,28,pending,1,6
106321,1368,29,pending,1,6
106321,1369,30,pending,1,7
106321,1373,31,pending,1,7
106321,1374,32,pending,1,7
106321,1375,33,pending,1,7
106321,760,34,pending,0,7
106321,1378,35,pending,1,8
106321,1379,36,pending,1,8
106321,1380,37,pending,1,8
106321,617,38,pending,0,8
106321,1183,39,pending,0,8
106323,399,5,completed,0,2
106323,1102,6,completed,1,2
106323,716,7,completed,0,2
106323,717,8,completed,0,2
106323,1253,9,completed,1,2
106323,1003,10,pending,0,3
106323,1214,11,pending,1,3
106323,1075,12,pending,0,3
106323,1216,13,pending,1,3
106323,1117,14,pending,1,3
106323,1613,15,pending,0,4
106323,1118,16,pending,1,4
106323,1119,17,pending,1,4
106323,1302,18,pending,0,4
106323,790,19,pending,0,4
106323,1225,20,pending,1,5
106323,318,21,pending,0,5
106323,1228,22,pending,1,5
106323,1133,23,pending,1,5
106323,1136,24,pending,1,5
106323,1138,25,pending,1,6
106323,1139,26,pending,1,6
106323,1240,27,pending,1,6
106323,600,28,pending,0,6
104094,1311,30,pending,1,7
104094,1312,31,pending,1,7
104094,1230,32,pending,0,7
104094,1313,33,pending,1,7
104094,696,34,pending,0,7
104094,1032,35,pending,0,8
104094,1282,5,completed,1,2
104094,1290,6,completed,1,2
104094,1283,7,completed,1,2
104094,1279,8,completed,1,2
104094,1645,36,pending,0,8
104094,1655,37,pending,0,8
104094,1166,38,pending,0,8
104094,975,39,pending,0,8
106323,338,29,pending,0,6
106323,525,30,pending,0,7
106323,1153,31,pending,1,7
106323,1154,32,pending,1,7
106323,346,33,pending,0,7
106323,615,34,pending,0,7
106323,538,35,pending,0,8
106323,1177,36,pending,1,8
106323,1182,37,pending,1,8
106323,376,38,pending,0,8
106323,1190,39,pending,1,8
104105,1632,30,pending,0,7
104105,745,31,pending,0,7
104105,1635,32,pending,0,7
104105,540,33,pending,0,7
104105,621,34,pending,0,7
104105,360,35,pending,0,8
104105,465,36,pending,0,8
104105,978,37,pending,0,8
104105,637,38,pending,0,8
104105,164,39,pending,0,8
106325,1688,10,pending,0,3
106325,1002,11,pending,0,3
106325,1287,12,pending,0,3
106325,1262,13,pending,0,3
106325,1005,14,pending,0,3
106325,282,15,pending,0,4
106325,572,16,pending,0,4
106325,1337,17,pending,0,4
106325,673,18,pending,0,4
106325,1118,19,pending,0,4
106325,498,20,pending,0,5
106325,1078,21,pending,0,5
106325,579,22,pending,0,5
106325,315,23,pending,0,5
106325,1509,24,pending,0,5
106325,898,25,pending,0,6
106325,323,26,pending,0,6
106325,1630,27,pending,0,6
106325,694,28,pending,0,6
104105,222,5,completed,0,2
104105,1402,6,completed,0,2
104105,29,7,completed,0,2
104105,1594,8,completed,0,2
104105,254,9,completed,0,2
104105,41,20,completed,0,5
104105,1590,10,completed,0,3
104105,1699,11,completed,0,3
104105,13,12,completed,0,3
104105,77,13,completed,0,3
104105,57,14,completed,0,3
104105,225,15,completed,0,4
104105,1039,16,completed,0,4
104105,566,17,completed,0,4
104105,1284,18,completed,0,4
104105,1252,19,completed,0,4
106325,298,5,completed,0,2
106325,254,6,completed,0,2
106325,205,7,completed,0,2
106325,1470,8,completed,0,2
106325,38,9,completed,0,2
104105,924,25,completed,0,6
104105,683,26,completed,0,6
104105,507,27,completed,0,6
104105,802,28,completed,0,6
104105,1134,29,completed,0,6
106325,1641,29,pending,0,6
106325,1148,30,pending,0,7
106325,1371,31,pending,0,7
106325,1372,32,pending,0,7
106325,1378,33,pending,0,7
104109,1309,30,pending,1,7
104109,1310,31,pending,1,7
104109,1313,32,pending,1,7
104109,110,33,pending,0,7
104109,433,34,pending,0,7
104109,115,35,pending,0,8
104109,340,36,pending,0,8
104109,537,37,pending,0,8
104109,547,38,pending,0,8
104109,976,39,pending,0,8
106325,133,34,pending,0,7
106325,1164,35,pending,0,8
106325,357,36,pending,0,8
106325,361,37,pending,0,8
106325,1567,38,pending,0,8
106325,381,39,pending,0,8
104109,711,15,completed,0,4
104109,83,5,completed,0,2
104109,707,6,completed,0,2
104109,565,7,completed,0,2
104109,1290,8,completed,1,2
104109,1279,9,completed,1,2
104109,1294,16,completed,1,4
104109,1287,17,completed,1,4
104109,1295,18,completed,1,4
104109,1296,19,completed,1,4
104109,1301,25,completed,1,6
104109,1302,26,completed,1,6
104109,1304,27,completed,1,6
104109,1305,28,completed,1,6
104109,1306,29,completed,1,6
106327,1403,10,pending,1,3
106327,1470,11,pending,0,3
106327,1066,12,pending,0,3
106327,1392,13,pending,1,3
106327,1404,14,pending,1,3
106327,1405,15,pending,1,4
106327,1398,16,pending,1,4
106327,1394,17,pending,1,4
106327,1406,18,pending,1,4
106327,1399,19,pending,1,4
106327,79,20,pending,0,5
106327,1407,21,pending,1,5
106327,234,5,completed,0,2
106327,1402,6,completed,1,2
106327,1484,7,completed,0,2
106327,1395,8,completed,1,2
106327,1391,9,completed,1,2
106327,1467,22,pending,0,5
106327,1401,23,pending,1,5
106327,1409,24,pending,1,5
106327,1410,25,pending,1,6
106327,1411,26,pending,1,6
106327,1412,27,pending,1,6
106327,283,28,pending,0,6
106327,1414,29,pending,1,6
106327,887,30,pending,0,7
106327,726,31,pending,0,7
106327,1416,32,pending,1,7
106327,1418,33,pending,1,7
106327,1508,34,pending,0,7
106327,1223,35,pending,0,8
106327,1421,36,pending,1,8
106327,1422,37,pending,1,8
106327,353,38,pending,0,8
106327,633,39,pending,0,8
104121,1310,30,pending,1,7
104121,509,31,pending,0,7
104121,1312,32,pending,1,7
104121,1353,33,pending,0,7
104121,1313,34,pending,1,7
104121,1524,35,pending,0,8
104121,1366,36,pending,0,8
104121,826,37,pending,0,8
104121,828,38,pending,0,8
104121,158,39,pending,0,8
104121,1295,15,completed,1,4
104121,398,5,completed,0,2
104121,1283,6,completed,1,2
104121,1279,7,completed,1,2
104121,1291,8,completed,1,2
104121,1284,9,completed,1,2
104121,920,16,completed,0,4
104121,1296,17,completed,1,4
104121,1297,18,completed,1,4
104121,412,19,completed,0,4
104121,1299,20,completed,1,5
104121,1300,21,completed,1,5
104121,313,25,completed,0,6
104121,1304,26,completed,1,6
104121,1305,27,completed,1,6
104121,1306,28,completed,1,6
104121,504,29,completed,0,6
105411,1399,15,completed,1,4
105411,1407,16,completed,1,4
105411,1408,17,completed,1,4
105411,25,5,completed,0,2
105411,1403,6,completed,1,2
105411,1396,7,completed,1,2
105411,1392,8,completed,1,2
105411,1404,9,completed,1,2
105411,1393,10,completed,1,3
105411,1405,11,completed,1,3
105411,1398,12,completed,1,3
105411,1409,20,pending,1,5
105411,1476,21,pending,0,5
105411,1411,22,pending,1,5
105411,1412,23,pending,1,5
105411,888,24,pending,0,5
105411,1416,25,pending,1,6
105411,97,26,pending,0,6
105411,1418,27,pending,1,6
105411,1420,28,pending,1,6
105411,1224,29,pending,0,6
105411,1421,30,pending,1,7
105411,1422,31,pending,1,7
105411,505,32,pending,0,7
105411,1401,18,completed,1,4
105411,719,19,completed,0,4
105411,1522,33,pending,0,7
105411,516,34,pending,0,7
105411,517,35,pending,0,8
105411,1240,36,pending,0,8
105411,521,37,pending,0,8
105411,336,38,pending,0,8
105411,342,39,pending,0,8
104161,747,30,pending,0,7
104161,1141,31,pending,1,7
104161,1142,32,pending,1,7
104161,1529,33,pending,0,7
104161,1155,34,pending,1,7
104161,369,35,pending,0,8
104161,1180,36,pending,1,8
104161,850,37,pending,0,8
104161,1187,38,pending,1,8
104161,1189,39,pending,1,8
104161,1117,15,completed,1,4
104161,1196,5,completed,1,2
104161,1101,6,completed,1,2
104161,1251,7,completed,1,2
104161,866,8,completed,0,2
104161,177,9,completed,0,2
104161,1270,16,completed,1,4
104161,1220,17,completed,1,4
104161,1121,18,completed,1,4
104161,1418,19,completed,0,4
104161,1232,25,completed,1,6
104161,1133,26,completed,1,6
104161,1521,27,completed,0,6
104161,1138,28,completed,1,6
104161,1139,29,completed,1,6
104167,1309,30,pending,1,7
104167,1311,31,pending,1,7
104167,1312,32,pending,1,7
104167,1313,33,pending,1,7
104167,1358,34,pending,0,7
104167,1632,35,pending,0,8
104167,813,36,pending,0,8
104167,816,37,pending,0,8
104167,1652,38,pending,0,8
104167,1573,39,pending,0,8
104167,1282,5,completed,1,2
104167,1290,6,completed,1,2
104167,1283,7,completed,1,2
104167,1464,8,completed,0,2
104167,73,9,completed,0,2
104176,1228,30,pending,0,7
104176,1311,31,pending,1,7
104176,1312,32,pending,1,7
104176,940,33,pending,0,7
104176,516,34,pending,0,7
104176,1167,35,pending,0,8
104176,975,36,pending,0,8
104176,144,37,pending,0,8
104176,375,38,pending,0,8
104176,380,39,pending,0,8
104176,1289,5,completed,1,2
104176,1290,6,completed,1,2
104176,1056,7,completed,0,2
104176,301,8,completed,0,2
104176,1291,9,completed,1,2
104176,1286,15,completed,1,4
104176,1294,16,completed,1,4
104176,233,17,completed,0,4
104176,1295,18,completed,1,4
104176,1304,25,completed,1,6
104176,1305,26,completed,1,6
104176,1307,27,completed,1,6
104176,1309,28,completed,1,6
105418,1402,5,completed,1,2
105418,1395,6,completed,1,2
104189,1637,30,pending,0,7
104189,1365,31,pending,1,7
104189,1374,32,pending,1,7
104189,1375,33,pending,1,7
104189,1376,34,pending,1,7
104189,1380,35,pending,1,8
104189,1381,36,pending,1,8
104189,1382,37,pending,1,8
104189,1383,38,pending,1,8
104189,858,39,pending,0,8
105418,88,20,pending,0,5
105418,1401,21,pending,1,5
105418,1409,22,pending,1,5
105418,1444,23,pending,0,5
105418,1410,24,pending,1,5
105418,1412,25,pending,1,6
105418,1414,26,pending,1,6
104189,1323,5,completed,1,2
104189,1716,6,completed,0,2
104189,256,7,completed,0,2
104189,1319,8,completed,1,2
104189,1325,9,completed,1,2
105418,71,7,completed,0,2
105418,1391,8,completed,1,2
105418,9,9,completed,0,2
104189,1454,15,completed,0,4
104189,100,16,completed,0,4
104189,1125,17,completed,0,4
104189,794,18,completed,0,4
104189,1349,19,completed,1,4
105418,1406,15,completed,1,4
105418,1399,16,completed,1,4
105418,1407,17,completed,1,4
105418,1400,18,completed,1,4
105418,1408,19,completed,1,4
104189,1135,25,completed,0,6
104189,1360,26,completed,1,6
104189,1139,27,completed,0,6
104189,437,28,completed,0,6
105418,1450,27,pending,0,6
105418,576,28,pending,0,6
105418,1415,29,pending,1,6
105418,726,30,pending,0,7
105418,1417,31,pending,1,7
105418,1418,32,pending,1,7
105418,1420,33,pending,1,7
105418,1421,34,pending,1,7
105418,1084,35,pending,0,8
105418,1422,36,pending,1,8
105418,1086,37,pending,0,8
105418,748,38,pending,0,8
105418,1532,39,pending,0,8
104197,1250,5,completed,1,2
104197,1252,6,completed,1,2
104197,567,7,completed,0,2
104197,1204,8,completed,1,2
104197,1271,15,completed,1,4
104197,1122,16,completed,1,4
104197,1364,30,pending,0,7
104197,128,31,pending,0,7
104197,1161,32,pending,1,7
104197,1168,33,pending,1,7
104197,362,34,pending,0,7
104197,1171,35,pending,1,8
104197,844,36,pending,0,8
104197,1181,37,pending,1,8
104197,644,38,pending,0,8
104197,1187,39,pending,1,8
105419,1269,20,pending,1,5
105419,396,5,completed,0,2
105419,906,6,completed,0,2
105419,1249,7,completed,1,2
105419,1438,8,completed,0,2
105419,387,9,completed,0,2
105419,1204,15,completed,1,4
105419,1334,16,completed,0,4
105419,410,17,completed,0,4
105419,1213,18,completed,1,4
105419,1215,19,completed,1,4
104197,1239,28,completed,1,6
104197,438,29,completed,0,6
105419,676,21,pending,0,5
105419,1220,22,pending,1,5
105419,1271,23,pending,1,5
105419,1122,24,pending,1,5
105419,891,25,pending,0,6
105419,1272,26,pending,1,6
105419,1307,27,pending,0,6
105419,1125,28,pending,1,6
105419,1228,29,pending,1,6
105419,747,30,pending,0,7
105419,1241,31,pending,1,7
104206,1363,30,pending,1,7
104206,1365,31,pending,1,7
104206,1370,32,pending,1,7
104206,1372,33,pending,1,7
104206,1373,34,pending,1,7
104206,1379,35,pending,1,8
104206,540,36,pending,0,8
104206,1383,37,pending,1,8
104206,365,38,pending,0,8
104206,981,39,pending,0,8
105419,1150,32,pending,1,7
105419,1151,33,pending,1,7
105419,1165,34,pending,1,7
105419,369,35,pending,0,8
105419,635,36,pending,0,8
105419,1189,37,pending,1,8
105419,1190,38,pending,1,8
104206,1470,5,completed,0,2
104206,1329,6,completed,1,2
104206,393,7,completed,0,2
104206,1318,8,completed,1,2
104206,57,9,completed,0,2
104206,1253,15,completed,0,4
104206,1407,16,completed,0,4
104206,1326,17,completed,1,4
104206,1334,18,completed,1,4
104206,1335,19,completed,1,4
104206,740,25,completed,0,6
105419,1191,39,pending,1,8
105420,1594,5,completed,0,2
105420,868,6,completed,0,2
105420,392,7,completed,0,2
105420,986,8,completed,0,2
105420,479,9,completed,0,2
105420,1339,20,pending,0,5
105420,309,21,pending,0,5
105420,1117,22,pending,0,5
105420,925,23,pending,0,5
105420,1080,24,pending,0,5
105420,790,25,pending,0,6
105420,503,26,pending,0,6
105420,1085,27,pending,0,6
105420,1087,28,pending,0,6
105420,1625,29,pending,0,6
105420,1313,30,pending,0,7
105420,1237,31,pending,0,7
105420,1641,32,pending,0,7
105420,756,33,pending,0,7
105420,660,15,completed,0,4
105420,567,14,completed,0,3
105420,1606,16,completed,0,4
105420,1474,17,completed,0,4
105420,484,18,completed,0,4
105420,1113,19,completed,0,4
105420,529,34,pending,0,7
105420,1537,35,pending,0,8
105420,541,36,pending,0,8
105420,460,37,pending,0,8
105420,361,38,pending,0,8
105420,641,39,pending,0,8
106338,1065,10,pending,0,3
106338,1206,11,pending,0,3
106338,267,12,pending,0,3
106338,1096,13,pending,0,3
106338,475,14,pending,0,3
106338,1439,15,pending,0,4
106338,31,16,pending,0,4
106338,1331,17,pending,0,4
106338,771,18,pending,0,4
106338,1394,19,pending,0,4
106338,1488,20,pending,0,5
106338,186,21,pending,0,5
106338,1436,22,pending,0,5
106338,889,23,pending,0,5
106338,312,24,pending,0,5
106338,1417,25,pending,0,6
106338,793,26,pending,0,6
106338,1091,5,completed,1,2
106338,1708,6,completed,0,2
106338,252,7,completed,0,2
106338,1709,8,completed,0,2
106338,50,9,completed,0,2
106338,1084,27,pending,0,6
106338,324,28,pending,0,6
106338,518,29,pending,0,6
106338,520,30,pending,0,7
106338,439,31,pending,0,7
106338,120,32,pending,0,7
106338,125,33,pending,0,7
106338,447,34,pending,0,7
106338,128,35,pending,0,8
106338,1377,36,pending,0,8
106338,545,37,pending,0,8
106338,838,38,pending,0,8
106338,378,39,pending,0,8
104231,1364,30,pending,0,7
104231,1142,31,pending,1,7
104231,336,32,pending,0,7
104231,1147,33,pending,1,7
104231,1148,34,pending,1,7
104231,1157,35,pending,1,8
104231,1174,36,pending,1,8
104231,1181,37,pending,1,8
104231,1185,38,pending,1,8
104231,1187,39,pending,1,8
104231,225,5,completed,0,2
104231,183,6,completed,0,2
104231,1291,7,completed,0,2
104231,1197,8,completed,1,2
104231,269,9,completed,0,2
104231,1214,15,completed,1,4
104231,1268,16,completed,1,4
104231,1269,17,completed,1,4
104231,1219,18,completed,1,4
104231,1416,19,completed,0,4
106340,1291,10,pending,1,3
106340,1284,11,pending,1,3
106340,1320,12,pending,0,3
106340,1280,13,pending,1,3
106340,1292,14,pending,1,3
106340,1285,15,pending,1,4
106340,1293,16,pending,1,4
106340,1211,17,pending,0,4
106340,1443,18,pending,0,4
106340,1289,5,completed,1,2
106340,20,6,completed,0,2
106340,1282,7,completed,1,2
106340,1283,8,completed,1,2
106340,658,9,completed,0,2
106340,1294,19,pending,1,4
106340,1287,20,pending,1,5
106340,1295,21,pending,1,5
106340,1296,22,pending,1,5
106340,1447,23,pending,0,5
106340,1299,24,pending,1,5
106340,1300,25,pending,1,6
106340,1119,26,pending,0,6
106340,1301,27,pending,1,6
106340,1305,28,pending,1,6
106340,425,29,pending,0,6
106340,1310,30,pending,1,7
106340,1311,31,pending,1,7
106340,1313,32,pending,1,7
106340,430,33,pending,0,7
104245,539,30,pending,0,7
104245,1161,31,pending,1,7
104245,1546,32,pending,0,7
104245,1165,33,pending,1,7
104245,1167,34,pending,1,7
104245,1172,35,pending,1,8
104245,1177,36,pending,1,8
104245,1183,37,pending,1,8
104245,1187,38,pending,1,8
104245,1191,39,pending,1,8
106340,1137,34,pending,0,7
106340,596,35,pending,0,8
106340,343,36,pending,0,8
106340,458,37,pending,0,8
106340,1661,38,pending,0,8
106340,630,39,pending,0,8
104245,1679,5,completed,0,2
104245,1251,6,completed,1,2
104245,225,7,completed,0,2
104245,476,8,completed,0,2
104245,1097,9,completed,1,2
104245,1219,15,completed,1,4
104245,1220,16,completed,1,4
104245,1271,17,completed,1,4
104245,1304,18,completed,0,4
104245,1140,25,completed,1,6
104245,1141,26,completed,1,6
104245,1148,27,completed,1,6
104245,611,28,completed,0,6
104245,1159,29,completed,1,6
104257,447,30,pending,0,7
104257,1536,31,pending,0,7
104257,133,32,pending,0,7
104257,134,33,pending,0,7
104257,966,34,pending,0,7
104257,828,35,pending,0,8
104257,1549,36,pending,0,8
104257,981,37,pending,0,8
104257,374,38,pending,0,8
104257,376,39,pending,0,8
104257,1330,5,completed,0,2
104257,1712,6,completed,0,2
104257,766,7,completed,0,2
104257,256,8,completed,0,2
104257,1604,9,completed,0,2
105425,1712,10,completed,0,3
105425,1282,5,completed,1,2
105425,1290,6,completed,1,2
105425,1283,7,completed,1,2
105425,1279,8,completed,1,2
105425,1393,9,completed,0,2
104257,1007,15,completed,0,4
104257,1116,16,completed,0,4
104257,94,17,completed,0,4
104257,888,18,completed,0,4
105425,1291,11,completed,1,3
104257,515,25,completed,0,6
104257,944,26,completed,0,6
104257,1361,27,completed,0,6
104257,333,28,completed,0,6
105425,1296,20,pending,1,5
105425,1299,21,pending,1,5
105425,1301,22,pending,1,5
105425,1302,23,pending,1,5
105425,1221,24,pending,0,5
105425,1304,25,pending,1,6
105425,1305,26,pending,1,6
105425,1306,27,pending,1,6
105425,1280,13,completed,1,3
105425,1292,14,completed,1,3
105425,1285,15,completed,1,4
105425,1293,16,completed,1,4
105425,1294,17,completed,1,4
105425,1490,18,completed,0,4
105425,1295,19,completed,1,4
105425,1307,28,pending,1,6
105425,422,29,pending,0,6
105425,505,30,pending,0,7
105425,1309,31,pending,1,7
105425,1310,32,pending,1,7
105425,1312,33,pending,1,7
105425,1313,34,pending,1,7
105425,1023,35,pending,0,8
105425,334,36,pending,0,8
105425,1377,37,pending,0,8
104270,1418,30,pending,1,7
104270,1420,31,pending,1,7
104270,1422,32,pending,1,7
104270,1134,33,pending,0,7
104270,941,34,pending,0,7
104270,1531,35,pending,0,8
104270,756,36,pending,0,8
104270,129,37,pending,0,8
104270,1375,38,pending,0,8
104270,136,39,pending,0,8
105425,977,38,pending,0,8
105425,369,39,pending,0,8
104270,1402,5,completed,1,2
104270,1395,6,completed,1,2
104270,1391,7,completed,1,2
104270,1403,8,completed,1,2
104270,1396,9,completed,1,2
104270,1405,15,completed,1,4
104270,1394,16,completed,1,4
104270,1406,17,completed,1,4
104270,86,18,completed,0,4
104270,1399,19,completed,1,4
104270,1413,25,completed,1,6
104270,1414,26,completed,1,6
104270,575,27,completed,0,6
104270,1415,28,completed,1,6
104270,1417,29,completed,1,6
104278,940,30,pending,0,7
104278,1133,31,pending,1,7
104278,1358,32,pending,0,7
104278,1238,33,pending,1,7
104278,521,34,pending,0,7
104278,1154,35,pending,1,8
104278,147,36,pending,0,8
104278,1181,37,pending,1,8
104278,1571,38,pending,0,8
104278,1190,39,pending,1,8
104278,1715,5,completed,0,2
104278,1207,6,completed,1,2
104278,1246,7,completed,1,2
104278,1101,8,completed,1,2
104278,1258,9,completed,1,2
104278,1202,15,completed,1,4
104278,1325,16,completed,0,4
104278,1103,17,completed,1,4
104278,1261,18,completed,1,4
104278,1112,19,completed,1,4
104278,1273,25,completed,1,6
104278,1124,26,completed,1,6
104278,681,27,completed,0,6
104278,1088,28,completed,0,6
104278,1130,29,completed,1,6
104297,1307,30,pending,1,7
104297,1309,31,pending,1,7
104297,1310,32,pending,1,7
104297,1311,33,pending,1,7
104297,1313,34,pending,1,7
104297,1137,35,pending,0,8
104297,531,36,pending,0,8
104297,967,37,pending,0,8
104297,630,38,pending,0,8
104297,859,39,pending,0,8
104297,768,5,completed,0,2
104297,287,6,completed,0,2
104297,1289,7,completed,1,2
104297,1282,8,completed,1,2
104297,1675,9,completed,0,2
104297,1292,15,completed,1,4
104297,1293,16,completed,1,4
104297,1286,17,completed,1,4
104297,1294,18,completed,1,4
104297,1287,19,completed,1,4
104297,1503,25,completed,0,6
104297,1118,26,completed,0,6
104299,1418,30,pending,1,7
104299,315,31,pending,0,7
104299,1420,32,pending,1,7
104299,1421,33,pending,1,7
104299,583,34,pending,0,7
104299,1422,35,pending,1,8
104299,329,36,pending,0,8
104299,696,37,pending,0,8
104299,339,38,pending,0,8
104299,850,39,pending,0,8
104299,1391,5,completed,1,2
104299,1095,6,completed,0,2
104299,1403,7,completed,1,2
104299,1396,8,completed,1,2
104299,1392,9,completed,1,2
104299,1404,10,completed,1,3
104299,1393,11,completed,1,3
104299,1405,12,completed,1,3
104299,1252,13,completed,0,3
104299,1474,15,completed,0,4
104299,780,16,completed,0,4
104299,1400,17,completed,1,4
104299,1254,18,completed,0,4
104299,1408,19,completed,1,4
104299,1401,20,completed,1,5
104299,1409,21,completed,1,5
104299,1410,22,completed,1,5
104299,1413,23,completed,1,5
104299,1414,24,completed,1,5
104299,1416,25,completed,1,6
104299,195,26,completed,0,6
104299,418,27,completed,0,6
104299,1417,28,completed,1,6
104299,1122,29,completed,0,6
104319,1147,30,pending,1,7
104319,1154,31,pending,1,7
104319,1162,32,pending,1,7
104319,969,33,pending,0,7
104319,832,34,pending,0,7
104319,1166,35,pending,1,8
104319,463,36,pending,0,8
104319,630,37,pending,0,8
104319,1175,38,pending,1,8
104319,1190,39,pending,1,8
104319,1095,5,completed,1,2
104319,299,6,completed,0,2
104319,999,7,completed,0,2
104319,1398,8,completed,0,2
104319,1681,9,completed,0,2
104319,1121,15,completed,1,4
104319,1222,16,completed,1,4
104319,1619,17,completed,0,4
104319,316,18,completed,0,4
104319,1235,25,completed,1,6
105431,1192,5,completed,0,2
105431,1091,6,completed,1,2
105431,1315,7,completed,0,2
105431,82,8,completed,0,2
105431,180,9,completed,0,2
105431,1096,15,completed,0,4
104331,1416,30,pending,1,7
104331,1270,31,pending,0,7
104331,1418,32,pending,1,7
104331,1509,33,pending,0,7
104331,1420,34,pending,1,7
104331,1421,35,pending,1,8
104331,141,36,pending,0,8
104331,544,37,pending,0,8
104331,1556,38,pending,0,8
104331,154,39,pending,0,8
105431,1325,20,pending,0,5
105431,16,21,pending,0,5
105431,1435,22,pending,0,5
105431,883,23,pending,0,5
105431,1074,24,pending,0,5
105431,1265,25,pending,0,6
105431,1306,26,pending,0,6
105431,504,27,pending,0,6
105431,1131,28,pending,0,6
105431,738,29,pending,0,6
105431,324,30,pending,0,7
105431,1631,31,pending,0,7
105431,115,32,pending,0,7
105431,523,33,pending,0,7
104331,1392,15,completed,1,4
104331,1393,16,completed,1,4
104331,1402,5,completed,1,2
104331,1395,6,completed,1,2
104331,1690,7,completed,0,2
104331,1391,8,completed,1,2
104331,274,9,completed,0,2
104331,1405,17,completed,1,4
104331,1284,18,completed,0,4
104331,1398,19,completed,1,4
104331,1606,20,completed,0,5
104331,1400,21,completed,1,5
104331,1408,22,completed,1,5
104331,61,23,completed,0,5
104331,1401,24,completed,1,5
105431,170,16,completed,0,4
105431,1676,17,completed,0,4
105431,993,18,completed,0,4
105431,1593,19,completed,0,4
104331,1410,25,completed,1,6
104331,1411,26,completed,1,6
104331,1412,27,completed,1,6
104331,1413,28,completed,1,6
104331,1414,29,completed,1,6
105431,1647,34,pending,0,7
105431,962,35,pending,0,8
105431,1545,36,pending,0,8
105431,463,37,pending,0,8
105431,158,38,pending,0,8
105431,642,39,pending,0,8
105434,1469,5,completed,0,2
105434,227,6,completed,0,2
105434,1481,7,completed,0,2
105434,475,8,completed,0,2
105434,279,20,pending,0,5
105434,1214,21,pending,0,5
105434,1297,22,pending,0,5
105434,926,23,pending,0,5
105434,509,24,pending,0,5
105434,511,25,pending,0,6
105434,1628,26,pending,0,6
105434,741,27,pending,0,6
105434,1631,28,pending,0,6
105434,38,9,completed,0,2
104346,1391,5,completed,1,2
104346,1403,6,completed,1,2
104346,1392,7,completed,1,2
105434,1098,15,completed,0,4
105434,905,16,completed,0,4
105434,177,17,completed,0,4
105434,780,18,completed,0,4
105434,1407,19,completed,0,4
105434,1196,10,completed,0,3
105434,1043,11,completed,0,3
105434,268,12,completed,0,3
105434,658,13,completed,0,3
104346,1507,30,pending,0,7
104346,893,31,pending,0,7
104346,1420,32,pending,1,7
104346,1307,33,pending,0,7
104346,1421,34,pending,1,7
104346,1620,35,pending,0,8
104346,1422,36,pending,1,8
104346,426,37,pending,0,8
104346,444,38,pending,0,8
104346,760,39,pending,0,8
105434,1028,29,pending,0,6
105434,329,30,pending,0,7
105434,334,31,pending,0,7
105434,340,32,pending,0,7
105434,963,33,pending,0,7
105434,826,34,pending,0,7
105434,133,35,pending,0,8
105434,148,36,pending,0,8
105434,152,37,pending,0,8
105434,847,38,pending,0,8
105434,854,39,pending,0,8
104346,489,15,completed,0,4
104346,302,16,completed,0,4
104346,1399,17,completed,1,4
104346,408,18,completed,0,4
104346,1394,12,completed,1,3
104346,54,13,completed,0,3
104346,1406,14,completed,1,3
104346,1400,19,completed,1,4
104346,1211,20,completed,0,5
104346,1411,25,completed,1,6
104346,1412,26,completed,1,6
104346,191,27,completed,0,6
104346,1415,28,completed,1,6
104346,1416,29,completed,1,6
104354,1538,30,pending,0,7
104354,131,31,pending,0,7
104354,826,32,pending,0,7
104354,966,33,pending,0,7
104354,1655,34,pending,0,7
104354,1657,35,pending,0,8
104354,144,36,pending,0,8
104354,147,37,pending,0,8
104354,1668,38,pending,0,8
104354,372,39,pending,0,8
104354,1705,5,completed,0,2
104354,1721,6,completed,0,2
104354,474,7,completed,0,2
104354,1055,8,completed,0,2
104354,1603,9,completed,0,2
104354,1211,15,completed,0,4
104354,279,16,completed,0,4
104354,1071,17,completed,0,4
104354,1408,18,completed,0,4
104354,492,19,completed,0,4
104354,102,25,completed,0,6
104354,112,26,completed,0,6
104354,516,27,completed,0,6
104354,697,28,completed,0,6
104362,889,30,pending,0,7
104362,1417,31,pending,1,7
104362,1418,32,pending,1,7
104362,1420,33,pending,1,7
104362,1421,34,pending,1,7
104362,796,35,pending,0,8
104362,937,36,pending,0,8
104362,134,37,pending,0,8
104362,630,38,pending,0,8
104362,645,39,pending,0,8
104362,1395,5,completed,1,2
104362,1391,6,completed,1,2
104362,1396,7,completed,1,2
104362,1679,8,completed,0,2
104362,475,9,completed,0,2
104362,1399,15,completed,1,4
104362,1400,16,completed,1,4
104362,1408,17,completed,1,4
104362,712,18,completed,0,4
104362,1409,19,completed,1,4
104387,1418,30,pending,1,7
104387,1420,31,pending,1,7
104387,1083,32,pending,0,7
104387,681,33,pending,0,7
104387,1421,34,pending,1,7
104387,1620,35,pending,0,8
104387,1422,36,pending,1,8
104387,1129,37,pending,0,8
104387,1539,38,pending,0,8
104387,1653,39,pending,0,8
104387,875,5,completed,0,2
104387,266,6,completed,0,2
104387,1674,7,completed,0,2
104387,1391,8,completed,1,2
104387,1392,9,completed,1,2
104387,1406,15,completed,1,4
104387,1399,16,completed,1,4
104387,1407,17,completed,1,4
104387,1400,18,completed,1,4
104387,496,25,completed,0,6
104387,1413,26,completed,1,6
104387,1414,27,completed,1,6
104387,1415,28,completed,1,6
101994,1134,25,completed,1,6
101994,1136,26,completed,1,6
101994,1236,27,completed,1,6
101994,1138,28,completed,1,6
101994,807,29,completed,0,6
104393,63,5,completed,0,2
104393,1290,6,completed,1,2
104393,1283,7,completed,1,2
104393,766,8,completed,0,2
104393,1291,9,completed,1,2
104393,1286,15,completed,1,4
104393,1408,16,completed,0,4
104393,1294,17,completed,1,4
104393,1287,18,completed,1,4
104393,1302,25,completed,1,6
104393,1310,30,pending,1,7
104393,1311,31,pending,1,7
104393,1312,32,pending,1,7
104393,1131,33,pending,0,7
104393,1645,34,pending,0,7
104393,135,35,pending,0,8
104393,542,36,pending,0,8
104393,970,37,pending,0,8
104393,1551,38,pending,0,8
104393,1187,39,pending,0,8
104393,1309,29,completed,1,6
104399,338,30,pending,0,7
104399,758,31,pending,0,7
104399,451,32,pending,0,7
104399,964,33,pending,0,7
104399,1379,34,pending,0,7
104399,831,35,pending,0,8
104399,1663,36,pending,0,8
104399,630,37,pending,0,8
104399,375,38,pending,0,8
104399,860,39,pending,0,8
104399,1095,5,completed,0,2
104399,714,6,completed,0,2
104399,1039,7,completed,0,2
104399,488,8,completed,0,2
104399,58,9,completed,0,2
104399,1216,15,completed,0,4
104399,1010,16,completed,0,4
104399,1124,17,completed,0,4
104399,731,18,completed,0,4
104399,683,19,completed,0,4
104399,898,20,completed,0,5
104399,428,21,completed,0,5
104399,588,22,completed,0,5
104399,1232,23,completed,0,5
104399,1133,24,completed,0,5
104399,1028,25,completed,0,6
104399,1137,26,completed,0,6
104399,331,27,completed,0,6
104399,518,28,completed,0,6
104409,1420,30,pending,1,7
104409,1421,31,pending,1,7
104409,317,32,pending,0,7
104409,1422,33,pending,1,7
104409,734,34,pending,0,7
104409,737,35,pending,0,8
104409,1632,36,pending,0,8
104409,1199,5,completed,0,2
104409,1391,6,completed,1,2
104409,1403,7,completed,1,2
104409,1396,8,completed,1,2
104409,1394,15,completed,1,4
104409,1406,16,completed,1,4
104409,1399,17,completed,1,4
104409,1407,18,completed,1,4
104409,1413,25,completed,1,6
104409,1414,26,completed,1,6
104409,1415,27,completed,1,6
104409,1538,37,pending,0,8
104409,1655,38,pending,0,8
104409,355,39,pending,0,8
100241,325,35,completed,0,8
100241,1518,36,completed,0,8
100241,1135,37,completed,0,8
100241,841,38,completed,0,8
100241,1570,39,completed,0,8
100245,618,35,completed,0,8
100245,459,36,completed,0,8
100245,356,37,completed,0,8
100245,634,38,completed,0,8
100245,642,39,completed,0,8
100253,811,35,completed,0,8
100253,813,36,completed,0,8
100253,1380,37,completed,0,8
104423,1306,30,pending,1,7
104423,100,31,pending,0,7
104423,1307,32,pending,1,7
104423,1309,33,pending,1,7
104423,1310,34,pending,1,7
104423,1311,35,pending,1,8
104423,799,36,pending,0,8
104423,1312,37,pending,1,8
104423,1313,38,pending,1,8
104423,133,39,pending,0,8
104425,1537,30,pending,0,7
104425,616,31,pending,0,7
104425,1545,32,pending,0,7
104425,136,33,pending,0,7
104425,548,34,pending,0,7
104425,628,35,pending,0,8
104425,364,36,pending,0,8
104425,634,37,pending,0,8
104425,1189,38,pending,0,8
104425,646,39,pending,0,8
104423,80,15,completed,0,4
104423,1294,16,completed,1,4
104423,1282,5,completed,1,2
104423,1246,6,completed,0,2
104423,1279,7,completed,1,2
104423,1284,8,completed,1,2
104423,1280,9,completed,1,2
104425,1480,5,completed,0,2
104425,223,6,completed,0,2
104425,1042,7,completed,0,2
104425,557,8,completed,0,2
104425,1604,9,completed,0,2
104423,874,17,completed,0,4
104423,1287,18,completed,1,4
104423,1608,19,completed,0,4
104423,1292,10,completed,1,3
104423,1406,11,completed,0,3
104423,1285,12,completed,1,3
104423,660,13,completed,0,3
104425,98,15,completed,0,4
104425,1346,16,completed,0,4
104425,1016,17,completed,0,4
104425,317,18,completed,0,4
104425,1621,19,completed,0,4
104423,1295,20,completed,1,5
104423,1296,21,completed,1,5
104423,1500,22,completed,0,5
104423,1297,23,completed,1,5
104423,1299,24,completed,1,5
104423,1301,25,completed,1,6
104423,1302,26,completed,1,6
104423,1304,27,completed,1,6
104423,98,28,completed,0,6
104423,1345,29,completed,0,6
104434,1421,30,pending,1,7
104434,1422,31,pending,1,7
104434,439,32,pending,0,7
104434,1152,33,pending,0,7
104434,450,34,pending,0,7
104434,454,35,pending,0,8
104434,964,36,pending,0,8
104434,135,37,pending,0,8
104434,1665,38,pending,0,8
104434,1569,39,pending,0,8
104434,1403,5,completed,1,2
104434,1282,6,completed,0,2
104434,1396,7,completed,1,2
104434,1042,8,completed,0,2
104434,1699,9,completed,0,2
104436,1247,5,completed,1,2
104436,1331,6,completed,0,2
104436,212,7,completed,0,2
104434,1394,15,completed,1,4
104434,1406,16,completed,1,4
104434,1399,17,completed,1,4
104434,1400,18,completed,1,4
104434,1435,19,completed,0,4
104434,1414,25,completed,1,6
104434,725,26,completed,0,6
104434,1416,27,completed,1,6
104434,1418,28,completed,1,6
104434,1420,29,completed,1,6
104436,1145,30,pending,1,7
104436,816,31,pending,0,7
104436,1147,32,pending,1,7
104436,1150,33,pending,1,7
104436,1156,34,pending,1,7
104436,1655,35,pending,0,8
104436,1164,36,pending,1,8
104436,1174,37,pending,1,8
104436,1175,38,pending,1,8
104436,1187,39,pending,1,8
104436,1134,25,completed,1,6
104436,1137,26,completed,1,6
104436,1239,27,completed,1,6
104436,439,28,completed,0,6
104436,1128,20,completed,1,5
104436,574,13,completed,0,3
104436,791,14,completed,0,3
104436,1123,15,completed,1,4
104436,1273,16,completed,1,4
104436,794,17,completed,0,4
104436,1226,18,completed,1,4
104436,1512,19,completed,0,4
104436,1230,21,completed,1,5
104436,1313,22,completed,0,5
104436,1231,23,completed,1,5
104436,1233,24,completed,1,5
104436,599,29,completed,0,6
104442,1309,30,pending,1,7
104442,1311,31,pending,1,7
104442,427,32,pending,0,7
104442,1312,33,pending,1,7
104442,944,34,pending,0,7
104442,695,35,pending,0,8
104442,696,36,pending,0,8
104442,332,37,pending,0,8
104442,1142,38,pending,0,8
104442,531,39,pending,0,8
104442,1281,5,completed,1,2
104442,1277,6,completed,1,2
104442,1282,7,completed,1,2
104442,77,8,completed,0,2
104442,1280,15,completed,1,4
104442,1292,16,completed,1,4
104442,1285,17,completed,1,4
104442,1293,18,completed,1,4
104446,1361,30,pending,1,7
104446,1239,31,pending,0,7
104446,1364,32,pending,1,7
104446,1367,33,pending,1,7
104446,525,34,pending,0,7
104446,1369,35,pending,1,8
104446,1370,36,pending,1,8
104446,1373,37,pending,1,8
104446,136,38,pending,0,8
104446,142,39,pending,0,8
104448,525,30,pending,0,7
104448,133,31,pending,0,7
104448,460,32,pending,0,7
104448,1169,33,pending,0,7
104448,838,34,pending,0,7
104448,1556,35,pending,0,8
104448,365,36,pending,0,8
104448,845,37,pending,0,8
104448,369,38,pending,0,8
104448,642,39,pending,0,8
104446,475,5,completed,0,2
104446,703,6,completed,0,2
104446,1330,7,completed,1,2
104446,1319,8,completed,1,2
104446,208,9,completed,0,2
104448,985,5,completed,0,2
104448,286,6,completed,0,2
104448,1322,7,completed,0,2
104448,1200,8,completed,0,2
104448,1279,9,completed,0,2
104446,729,20,completed,0,5
104446,792,21,completed,0,5
104446,1332,10,completed,1,3
104446,1325,11,completed,1,3
104446,1326,12,completed,1,3
104446,304,13,completed,0,3
104446,1336,15,completed,1,4
104446,1337,16,completed,1,4
104446,1116,17,completed,0,4
104446,1343,18,completed,1,4
104446,1453,19,completed,0,4
104448,1294,15,completed,0,4
104448,996,16,completed,0,4
104448,571,17,completed,0,4
104448,1299,18,completed,0,4
104446,1346,22,completed,1,5
104446,1421,23,completed,0,5
104446,1353,25,completed,1,6
104446,1354,26,completed,1,6
104446,1355,27,completed,1,6
104446,1356,28,completed,1,6
104446,1357,29,completed,1,6
104449,201,30,pending,0,7
104449,1310,31,pending,1,7
104449,735,32,pending,0,7
104449,1311,33,pending,1,7
104449,1313,34,pending,1,7
104449,1522,35,pending,0,8
104449,946,36,pending,0,8
104449,953,37,pending,0,8
104449,617,38,pending,0,8
104449,635,39,pending,0,8
104449,1296,21,completed,1,5
104449,1008,22,completed,0,5
104449,1300,23,completed,1,5
104449,575,24,completed,0,5
104449,1302,25,completed,1,6
104449,1304,26,completed,1,6
104449,1305,27,completed,1,6
104449,1306,28,completed,1,6
104449,1307,29,completed,1,6
104453,1126,30,pending,0,7
104453,1309,31,pending,1,7
104453,1311,32,pending,1,7
104453,1312,33,pending,1,7
104453,746,34,pending,0,7
104453,338,35,pending,0,8
104453,447,36,pending,0,8
104453,969,37,pending,0,8
104453,139,38,pending,0,8
104453,621,39,pending,0,8
104453,1282,5,completed,1,2
104453,1067,6,completed,0,2
104453,1290,7,completed,1,2
104453,908,8,completed,0,2
104453,1279,9,completed,1,2
104453,85,10,completed,0,3
104453,1291,11,completed,1,3
104453,1284,12,completed,1,3
104453,1483,13,completed,0,3
104453,1285,14,completed,1,3
104453,1293,15,completed,1,4
104453,1287,16,completed,1,4
104453,1296,17,completed,1,4
104453,1297,18,completed,1,4
104453,924,19,completed,0,4
104453,1305,25,completed,1,6
104453,1306,26,completed,1,6
104453,316,27,completed,0,6
104453,1307,28,completed,1,6
104453,1084,29,completed,0,6
104466,797,30,pending,0,7
104466,1089,31,pending,0,7
104466,1521,32,pending,0,7
104466,1238,33,pending,0,7
104466,608,34,pending,0,7
104466,127,35,pending,0,8
104466,355,36,pending,0,8
104466,1548,37,pending,0,8
104466,148,38,pending,0,8
104466,635,39,pending,0,8
104466,1396,5,completed,0,2
104466,13,6,completed,0,2
104466,987,7,completed,0,2
104466,1330,8,completed,0,2
104466,565,9,completed,0,2
104466,709,15,completed,0,4
104466,767,16,completed,0,4
104466,265,17,completed,0,4
104466,477,18,completed,0,4
104466,872,19,completed,0,4
104466,1448,25,completed,0,6
104466,94,26,completed,0,6
104466,1341,27,completed,0,6
104466,576,28,completed,0,6
104466,1417,29,completed,0,6
104468,737,30,pending,0,7
104468,740,31,pending,0,7
104468,1134,32,pending,1,7
104468,1238,33,pending,1,7
104468,1140,34,pending,1,7
104468,1240,35,pending,1,8
104468,965,36,pending,0,8
104468,1169,37,pending,1,8
104468,637,38,pending,0,8
104468,1187,39,pending,1,8
104468,1463,5,completed,0,2
104468,30,6,completed,0,2
104468,1250,7,completed,1,2
104468,1200,8,completed,1,2
104468,1427,9,completed,0,2
104468,1471,10,completed,0,3
104468,1202,15,completed,1,4
104468,1203,16,completed,1,4
104468,1104,17,completed,1,4
104468,1204,18,completed,1,4
104468,186,19,completed,0,4
104468,662,20,completed,0,5
104468,782,21,completed,0,5
104468,1266,22,completed,1,5
104468,1267,23,completed,1,5
104468,1122,24,completed,1,5
104468,1123,25,completed,1,6
104468,1125,26,completed,1,6
104468,733,27,completed,0,6
104468,1226,28,completed,1,6
104468,1128,29,completed,1,6
104483,1365,30,pending,1,7
104483,1371,31,pending,1,7
104483,1372,32,pending,1,7
104483,1376,33,pending,1,7
104483,1377,34,pending,1,7
104483,542,35,pending,0,8
104483,465,36,pending,0,8
104483,362,37,pending,0,8
104483,147,38,pending,0,8
104483,856,39,pending,0,8
105453,1261,15,completed,1,4
104483,218,5,completed,0,2
104483,1319,6,completed,1,2
104483,1252,7,completed,0,2
104483,1320,8,completed,1,2
104483,1325,9,completed,1,2
104484,1281,5,completed,0,2
104484,1395,6,completed,1,2
104484,1391,7,completed,1,2
105453,1254,16,completed,1,4
105453,1212,17,completed,1,4
105453,1207,5,completed,1,2
105453,1200,6,completed,1,2
105453,263,7,completed,0,2
105453,480,8,completed,0,2
105453,268,9,completed,0,2
105453,1208,10,completed,1,3
105453,1102,11,completed,1,3
104483,1355,25,completed,1,6
104483,1356,26,completed,1,6
104484,1611,30,pending,0,7
104484,1413,31,pending,1,7
104484,1414,32,pending,1,7
104484,1418,33,pending,1,7
104484,1420,34,pending,1,7
104484,1421,35,pending,1,8
104484,797,36,pending,0,8
104484,816,37,pending,0,8
104484,1151,38,pending,0,8
104484,1661,39,pending,0,8
105453,1216,20,pending,1,5
105453,1503,21,pending,0,5
105453,1268,22,pending,1,5
105453,1122,23,pending,1,5
105453,1454,24,pending,0,5
105453,1273,25,pending,1,6
105453,1509,26,pending,0,6
105453,1521,27,pending,0,6
104488,959,30,pending,0,7
104488,611,31,pending,0,7
104488,1379,32,pending,1,7
104488,1380,33,pending,1,7
104488,1381,34,pending,1,7
104488,1383,35,pending,1,8
104488,1386,36,pending,1,8
104488,1172,37,pending,0,8
104488,645,38,pending,0,8
104488,647,39,pending,0,8
105453,808,28,pending,0,6
105453,1140,29,pending,1,6
105453,1148,30,pending,1,7
105453,1154,31,pending,1,7
105453,131,32,pending,0,7
104484,1061,15,completed,0,4
104488,1481,5,completed,0,2
104488,1318,6,completed,1,2
104488,264,7,completed,0,2
104488,1319,8,completed,1,2
104488,1331,9,completed,1,2
104484,1406,16,completed,1,4
104484,660,17,completed,0,4
104484,1407,18,completed,1,4
104484,1606,19,completed,0,4
104488,1345,15,completed,1,4
104488,1620,16,completed,0,4
104488,1349,17,completed,1,4
104488,321,18,completed,0,4
104488,1230,19,completed,0,4
104484,1400,20,completed,1,5
104484,17,21,completed,0,5
104484,1408,22,completed,1,5
105453,1411,18,completed,0,4
105453,1215,19,completed,1,4
104484,883,25,completed,0,6
104484,1005,26,completed,0,6
104484,1410,27,completed,1,6
104484,1411,28,completed,1,6
104484,1412,29,completed,1,6
104488,1367,25,completed,1,6
105453,1156,33,pending,1,7
105453,1159,34,pending,1,7
105453,354,35,pending,0,8
105453,1167,36,pending,1,8
105453,839,37,pending,0,8
105453,978,38,pending,0,8
105453,854,39,pending,0,8
104491,1310,30,pending,1,7
104491,1311,31,pending,1,7
104491,1312,32,pending,1,7
104491,1644,33,pending,0,7
104491,537,34,pending,0,7
104491,1547,35,pending,0,8
104491,834,36,pending,0,8
104491,974,37,pending,0,8
104491,1167,38,pending,0,8
104491,982,39,pending,0,8
104491,1282,5,completed,1,2
104491,1290,6,completed,1,2
104491,1283,7,completed,1,2
104491,1486,8,completed,0,2
104491,1279,9,completed,1,2
104491,1285,15,completed,1,4
104491,1293,16,completed,1,4
104491,401,17,completed,0,4
104491,402,18,completed,0,4
104491,1504,25,completed,0,6
104491,1302,26,completed,1,6
104491,1304,27,completed,1,6
104491,1307,28,completed,1,6
104491,1309,29,completed,1,6
104495,1420,30,pending,1,7
104495,504,31,pending,0,7
104495,1422,32,pending,1,7
104495,1129,33,pending,0,7
104495,509,34,pending,0,7
104495,431,35,pending,0,8
104495,441,36,pending,0,8
104495,821,37,pending,0,8
104495,128,38,pending,0,8
104495,1375,39,pending,0,8
104495,1395,5,completed,1,2
104495,1391,6,completed,1,2
104495,714,7,completed,0,2
104495,1392,8,completed,1,2
104495,1404,9,completed,1,2
104495,1399,15,completed,1,4
104495,270,16,completed,0,4
104495,1407,17,completed,1,4
104495,1400,18,completed,1,4
104495,1408,19,completed,1,4
104498,1339,15,completed,1,4
104498,1343,16,completed,1,4
104498,1344,17,completed,1,4
104498,1371,30,pending,1,7
104498,1373,31,pending,1,7
104498,1374,32,pending,1,7
104498,532,33,pending,0,7
104498,1377,34,pending,1,7
104498,1656,35,pending,0,8
104498,1658,36,pending,0,8
104498,834,37,pending,0,8
104498,1662,38,pending,0,8
104498,154,39,pending,0,8
104498,1358,25,completed,1,6
104498,1365,26,completed,1,6
104498,1367,27,completed,1,6
104498,1368,28,completed,1,6
104498,1534,29,completed,0,6
100963,453,32,completed,0,7
100963,1379,33,completed,1,7
100963,133,34,completed,0,7
100964,1305,30,completed,1,7
100964,1306,31,completed,1,7
100964,1310,32,completed,1,7
100964,1514,33,completed,0,7
100995,1622,30,completed,0,7
100995,1310,31,completed,1,7
100995,1311,32,completed,1,7
100995,1312,33,completed,1,7
100995,1625,34,completed,0,7
104507,596,30,pending,0,7
104507,826,31,pending,0,7
104507,456,32,pending,0,7
104507,1162,33,pending,0,7
104507,1660,34,pending,0,7
104507,836,35,pending,0,8
104507,372,36,pending,0,8
104507,850,37,pending,0,8
104507,644,38,pending,0,8
104507,380,39,pending,0,8
104507,1406,15,completed,1,4
104507,1119,25,completed,0,6
104507,906,5,completed,0,2
104507,1403,6,completed,1,2
104507,1396,7,completed,1,2
104507,1392,8,completed,1,2
104507,1404,9,completed,1,2
104507,1393,10,completed,1,3
104507,1400,16,completed,1,4
104507,1401,17,completed,1,4
104507,1409,18,completed,1,4
104507,1410,19,completed,1,4
104507,1270,26,completed,0,6
104507,418,27,completed,0,6
104507,1418,28,completed,1,6
104507,1421,29,completed,1,6
104515,1245,5,completed,0,2
104515,1289,6,completed,1,2
104515,707,7,completed,0,2
104515,1226,30,pending,0,7
104515,1309,31,pending,1,7
104515,1310,32,pending,1,7
104515,1312,33,pending,1,7
104515,1313,34,pending,1,7
104515,1371,35,pending,0,8
104515,607,36,pending,0,8
104515,1659,37,pending,0,8
104515,140,38,pending,0,8
104515,858,39,pending,0,8
104517,1373,30,pending,1,7
104517,1536,31,pending,0,7
104517,1379,32,pending,1,7
104517,1380,33,pending,1,7
104517,1546,34,pending,0,7
104517,1386,35,pending,1,8
104517,1661,36,pending,0,8
104517,1561,37,pending,0,8
104517,856,38,pending,0,8
104517,1576,39,pending,0,8
104515,1197,15,completed,0,4
104515,191,25,completed,0,6
104515,1302,26,completed,1,6
104517,255,5,completed,0,2
104517,1323,6,completed,1,2
104517,908,7,completed,0,2
104517,225,8,completed,0,2
104517,1324,9,completed,1,2
104515,477,16,completed,0,4
104515,1292,17,completed,1,4
104515,1285,18,completed,1,4
104515,1474,19,completed,0,4
104517,1118,15,completed,0,4
104517,1341,16,completed,1,4
104517,1347,17,completed,1,4
104517,1129,18,completed,0,4
104517,1353,19,completed,1,4
104515,1305,27,completed,1,6
104515,1306,28,completed,1,6
104515,1307,29,completed,1,6
104517,1142,25,completed,0,6
104517,1364,26,completed,1,6
104517,336,27,completed,0,6
104517,1366,28,completed,1,6
104517,1371,29,completed,1,6
104527,1152,30,pending,0,7
104527,1374,31,pending,1,7
104527,1376,32,pending,1,7
104527,1378,33,pending,1,7
104527,1379,34,pending,1,7
104527,1380,35,pending,1,8
104527,1383,36,pending,1,8
104527,975,37,pending,0,8
104527,150,38,pending,0,8
104527,371,39,pending,0,8
104528,750,30,pending,0,7
104528,523,31,pending,0,7
104528,134,32,pending,0,7
104528,834,33,pending,0,7
104528,464,34,pending,0,7
104528,548,35,pending,0,8
104528,630,36,pending,0,8
104528,851,37,pending,0,8
104528,375,38,pending,0,8
104528,165,39,pending,0,8
104527,419,15,completed,0,4
104527,1454,16,completed,0,4
104527,1291,5,completed,0,2
104527,250,6,completed,0,2
104527,1324,7,completed,1,2
104527,1320,8,completed,1,2
104527,1713,9,completed,0,2
104528,1316,5,completed,0,2
104528,209,6,completed,0,2
104528,1206,7,completed,0,2
104528,1590,8,completed,0,2
104528,223,9,completed,0,2
104527,1345,17,completed,1,4
104527,892,18,completed,0,4
104527,1346,19,completed,1,4
104528,1202,15,completed,0,4
104528,177,16,completed,0,4
104528,283,17,completed,0,4
104528,93,18,completed,0,4
104528,1413,19,completed,0,4
104527,1364,25,completed,1,6
104527,1365,26,completed,1,6
104527,1368,27,completed,1,6
104527,1370,28,completed,1,6
104527,1373,29,completed,1,6
104528,691,25,completed,0,6
104528,113,26,completed,0,6
104528,331,27,completed,0,6
104528,749,28,completed,0,6
104546,596,30,pending,0,7
104546,1240,31,pending,1,7
104546,1241,32,pending,1,7
104546,950,33,pending,0,7
104546,1531,34,pending,0,7
104546,1164,35,pending,1,8
104546,1168,36,pending,1,8
104546,1174,37,pending,1,8
104546,1177,38,pending,1,8
104546,1187,39,pending,1,8
104547,1311,30,pending,1,7
104547,1312,31,pending,1,7
104547,1313,32,pending,1,7
104547,1023,33,pending,0,7
104547,1232,34,pending,0,7
104547,443,35,pending,0,8
104547,1153,36,pending,0,8
104547,1539,37,pending,0,8
104547,463,38,pending,0,8
104547,637,39,pending,0,8
104546,764,5,completed,0,2
104546,1706,6,completed,0,2
104546,1107,7,completed,1,2
104546,26,8,completed,0,2
104546,1246,9,completed,1,2
104547,474,5,completed,0,2
104547,1282,6,completed,1,2
104547,1290,7,completed,1,2
104547,1283,8,completed,1,2
104547,1676,9,completed,0,2
104546,175,10,completed,0,3
104546,1284,11,completed,0,3
104546,46,20,completed,0,5
104546,1253,15,completed,1,4
104546,1104,16,completed,1,4
104546,1262,17,completed,1,4
104546,1263,18,completed,1,4
104546,494,19,completed,0,4
104547,1286,15,completed,1,4
104547,1326,16,completed,0,4
104547,1294,17,completed,1,4
104547,1475,18,completed,0,4
104546,1267,21,completed,1,5
104546,1270,22,completed,1,5
104546,1271,23,completed,1,5
104546,1224,24,completed,1,5
104546,1086,25,completed,0,6
104546,1132,26,completed,1,6
104546,1133,27,completed,1,6
104546,1237,28,completed,1,6
104546,745,29,completed,0,6
104551,1241,30,pending,1,7
104551,599,31,pending,0,7
104551,1145,32,pending,1,7
104551,1148,33,pending,1,7
104551,453,34,pending,0,7
104551,535,35,pending,0,8
104551,829,36,pending,0,8
104551,363,37,pending,0,8
104551,1181,38,pending,1,8
104551,638,39,pending,0,8
104551,1107,5,completed,1,2
104551,1322,6,completed,0,2
104551,1246,7,completed,1,2
104551,1251,8,completed,1,2
104551,1201,9,completed,1,2
104551,1254,15,completed,1,4
104551,661,16,completed,0,4
104551,1113,17,completed,1,4
104551,1072,18,completed,0,4
104551,1115,19,completed,1,4
104551,1226,25,completed,1,6
104551,1622,26,completed,0,6
104551,1228,27,completed,1,6
104551,1232,28,completed,1,6
104551,1141,29,completed,1,6
104561,1716,5,completed,0,2
104561,1482,6,completed,0,2
104561,1405,7,completed,0,2
104561,1533,30,pending,0,7
104561,1536,31,pending,0,7
104561,828,32,pending,0,7
104561,1386,33,pending,0,7
104561,980,34,pending,0,7
104561,151,35,pending,0,8
104561,847,36,pending,0,8
104561,372,37,pending,0,8
104561,849,38,pending,0,8
104561,374,39,pending,0,8
104561,1341,20,completed,0,5
104561,1420,21,completed,0,5
104561,794,22,completed,0,5
104561,1489,12,completed,0,3
104561,912,13,completed,0,3
104561,719,14,completed,0,3
104561,1295,15,completed,0,4
104561,411,16,completed,0,4
104561,884,17,completed,0,4
104561,283,18,completed,0,4
104561,1501,19,completed,0,4
104561,590,25,completed,0,6
104561,1357,26,completed,0,6
104561,944,27,completed,0,6
104561,694,28,completed,0,6
104561,336,29,completed,0,6
104578,1367,30,pending,1,7
104578,1370,31,pending,1,7
104578,445,32,pending,0,7
104578,1381,33,pending,1,7
104578,135,34,pending,0,7
104578,1382,35,pending,1,8
104578,1383,36,pending,1,8
104578,1386,37,pending,1,8
104578,978,38,pending,0,8
104578,847,39,pending,0,8
104582,323,30,pending,0,7
104582,1033,31,pending,0,7
104582,1637,32,pending,0,7
104582,525,33,pending,0,7
104582,1148,34,pending,0,7
104582,607,35,pending,0,8
104578,1330,5,completed,1,2
104578,1323,6,completed,1,2
104578,1283,7,completed,0,2
104578,237,8,completed,0,2
104578,1717,9,completed,0,2
104582,868,5,completed,0,2
104582,63,6,completed,0,2
104582,267,7,completed,0,2
104582,182,8,completed,0,2
104578,1490,15,completed,0,4
104578,1335,16,completed,1,4
104578,1337,17,completed,1,4
104578,924,18,completed,0,4
104578,1341,19,completed,1,4
104582,246,15,completed,0,4
104578,1237,25,completed,0,6
104578,1361,26,completed,1,6
104578,1364,27,completed,1,6
104578,1365,28,completed,1,6
104578,1366,29,completed,1,6
104582,1537,36,pending,0,8
104582,1653,37,pending,0,8
104582,365,38,pending,0,8
104582,633,39,pending,0,8
104590,121,30,pending,0,7
104590,1530,31,pending,0,7
104590,607,32,pending,0,7
104590,759,33,pending,0,7
104590,533,34,pending,0,7
104590,963,35,pending,0,8
104590,1660,36,pending,0,8
104590,975,37,pending,0,8
104590,156,38,pending,0,8
104590,1575,39,pending,0,8
104590,391,5,completed,0,2
104590,563,6,completed,0,2
104590,403,7,completed,0,2
104590,1199,8,completed,0,2
104590,287,9,completed,0,2
104590,1284,15,completed,0,4
104590,905,16,completed,0,4
104590,1400,17,completed,0,4
104590,89,18,completed,0,4
104590,1445,19,completed,0,4
104590,1517,25,completed,0,6
104590,1520,26,completed,0,6
104590,1139,27,completed,0,6
104590,522,28,completed,0,6
104590,336,29,completed,0,6
104597,1644,30,pending,0,7
104597,448,31,pending,0,7
104597,452,32,pending,0,7
104597,1156,33,pending,0,7
104597,1653,34,pending,0,7
104597,543,35,pending,0,8
104597,547,36,pending,0,8
104597,975,37,pending,0,8
104597,369,38,pending,0,8
104597,855,39,pending,0,8
104597,1709,5,completed,0,2
104597,55,6,completed,0,2
104597,287,7,completed,0,2
104597,1679,8,completed,0,2
104597,1675,9,completed,0,2
104597,1064,15,completed,0,4
104597,1336,16,completed,0,4
104597,1219,17,completed,0,4
104597,1015,18,completed,0,4
104597,1421,19,completed,0,4
104597,1526,25,completed,0,6
104607,1138,30,pending,1,7
104607,1142,31,pending,1,7
104607,1535,32,pending,0,7
104607,832,33,pending,0,7
104607,1169,34,pending,1,7
104607,1555,35,pending,0,8
104607,1170,36,pending,1,8
104607,1172,37,pending,1,8
104607,1177,38,pending,1,8
104607,1181,39,pending,1,8
104607,1225,25,completed,1,6
104607,1130,26,completed,1,6
104607,690,27,completed,0,6
104607,1249,5,completed,1,2
104607,1199,6,completed,1,2
104607,300,7,completed,0,2
104607,218,8,completed,0,2
104607,1196,9,completed,1,2
104607,1237,28,completed,1,6
104607,595,29,completed,0,6
104607,1592,10,completed,0,3
104607,11,11,completed,0,3
104607,1253,12,completed,1,3
104607,1400,13,completed,0,3
104607,1104,14,completed,1,3
104607,1204,15,completed,1,4
104607,1113,16,completed,1,4
104607,45,17,completed,0,4
104607,1215,18,completed,1,4
104607,1299,19,completed,0,4
104620,448,30,pending,0,7
104620,1152,31,pending,1,7
104620,1650,32,pending,0,7
104620,1656,33,pending,0,7
104620,463,34,pending,0,7
104620,468,35,pending,0,8
104620,1172,36,pending,1,8
104620,1180,37,pending,1,8
104620,1183,38,pending,1,8
104620,1189,39,pending,1,8
104626,1367,30,pending,0,7
104626,122,31,pending,0,7
104626,963,32,pending,0,7
104626,615,33,pending,0,7
104626,839,34,pending,0,7
104626,148,35,pending,0,8
104626,370,36,pending,0,8
104626,645,37,pending,0,8
104626,1190,38,pending,0,8
104626,1576,39,pending,0,8
105473,1345,20,pending,1,5
104620,1200,5,completed,1,2
104620,1246,6,completed,1,2
104620,1196,7,completed,1,2
104620,73,8,completed,0,2
104620,1202,9,completed,1,2
104626,701,5,completed,0,2
104626,392,6,completed,0,2
104626,1329,7,completed,0,2
104626,37,8,completed,0,2
104626,30,9,completed,0,2
105473,170,5,completed,0,2
105473,268,6,completed,0,2
105473,1319,7,completed,1,2
105473,1331,8,completed,1,2
105473,1320,9,completed,1,2
104620,1120,15,completed,1,4
104620,1271,16,completed,1,4
104620,580,17,completed,0,4
104620,1123,18,completed,1,4
104620,1223,19,completed,1,4
104626,304,15,completed,0,4
104626,491,16,completed,0,4
104626,81,17,completed,0,4
104626,570,18,completed,0,4
105473,1325,10,completed,1,3
105473,1333,11,completed,1,3
105473,1261,12,completed,0,3
105473,1335,13,completed,1,3
105473,1336,14,completed,1,3
105473,1337,15,completed,1,4
105473,1414,16,completed,0,4
105473,1341,17,completed,1,4
105473,1343,18,completed,1,4
105473,1122,19,completed,0,4
105473,1226,21,pending,0,5
105473,1353,22,pending,1,5
105473,1354,23,pending,1,5
105473,1356,24,pending,1,5
105473,691,25,pending,0,6
105473,517,26,pending,0,6
105473,1361,27,pending,1,6
105473,1366,28,pending,1,6
105473,1368,29,pending,1,6
105473,1369,30,pending,1,7
105473,1371,31,pending,1,7
105473,1372,32,pending,1,7
105473,127,33,pending,0,7
105473,1374,34,pending,1,7
105473,1380,35,pending,1,8
105473,618,36,pending,0,8
105473,1386,37,pending,1,8
105473,1660,38,pending,0,8
105473,1573,39,pending,0,8
104637,1312,30,pending,1,7
104637,1313,31,pending,1,7
104637,430,32,pending,0,7
104637,437,33,pending,0,7
104637,1537,34,pending,0,7
104637,1650,35,pending,0,8
104637,350,36,pending,0,8
104637,981,37,pending,0,8
104637,154,38,pending,0,8
104637,1185,39,pending,0,8
104637,1281,5,completed,1,2
104637,1277,6,completed,1,2
104637,1492,7,completed,0,2
104637,1107,8,completed,0,2
104637,1282,9,completed,1,2
104641,1458,5,completed,0,2
104641,1289,6,completed,1,2
104641,1396,7,completed,0,2
104641,1282,8,completed,1,2
104637,1284,15,completed,1,4
104637,1280,16,completed,1,4
104637,1292,17,completed,1,4
104637,1285,18,completed,1,4
104637,1293,19,completed,1,4
104641,1292,15,completed,1,4
104641,1285,16,completed,1,4
104641,232,17,completed,0,4
104637,1302,25,completed,1,6
104637,1305,26,completed,1,6
104637,1307,27,completed,1,6
104637,1309,28,completed,1,6
104637,1310,29,completed,1,6
104641,506,30,pending,0,7
104641,1309,31,pending,1,7
104641,1311,32,pending,1,7
104641,1312,33,pending,1,7
104641,588,34,pending,0,7
104641,1553,35,pending,0,8
104641,361,36,pending,0,8
104641,635,37,pending,0,8
104641,375,38,pending,0,8
104641,162,39,pending,0,8
104645,1311,30,pending,0,7
104645,1233,31,pending,0,7
104645,517,32,pending,0,7
104645,596,33,pending,0,7
104645,748,34,pending,0,7
104645,1142,35,pending,0,8
104645,816,36,pending,0,8
104645,1148,37,pending,0,8
104645,449,38,pending,0,8
104645,975,39,pending,0,8
104645,168,5,completed,0,2
104645,1479,6,completed,0,2
104645,228,7,completed,0,2
104645,657,8,completed,0,2
104641,1305,28,completed,1,6
104641,1307,29,completed,1,6
104645,1341,25,completed,0,6
104647,1313,30,pending,1,7
104647,938,31,pending,0,7
104647,1517,32,pending,0,7
104647,748,33,pending,0,7
104647,528,34,pending,0,7
104647,531,35,pending,0,8
104647,357,36,pending,0,8
104647,466,37,pending,0,8
104647,1668,38,pending,0,8
104647,164,39,pending,0,8
104647,703,5,completed,0,2
104647,1283,6,completed,1,2
104647,1279,7,completed,1,2
104647,1291,8,completed,1,2
104647,1280,9,completed,1,2
104647,670,15,completed,0,4
104647,1296,16,completed,1,4
104647,1300,17,completed,1,4
104647,1301,18,completed,1,4
104647,1010,19,completed,0,4
104647,1307,25,completed,1,6
104647,583,26,completed,0,6
104654,1311,30,pending,1,7
104654,1312,31,pending,1,7
104654,1313,32,pending,1,7
104654,1636,33,pending,0,7
104654,759,34,pending,0,7
104654,133,35,pending,0,8
104654,145,36,pending,0,8
104654,1665,37,pending,0,8
104654,152,38,pending,0,8
104654,380,39,pending,0,8
104657,741,30,pending,0,7
104657,1633,31,pending,0,7
104657,1634,32,pending,0,7
104657,964,33,pending,0,7
104657,826,34,pending,0,7
104657,617,35,pending,0,8
104657,137,36,pending,0,8
104657,832,37,pending,0,8
104657,1660,38,pending,0,8
104657,1569,39,pending,0,8
104654,1686,5,completed,0,2
104654,1282,6,completed,1,2
104654,9,7,completed,0,2
104654,64,8,completed,0,2
104654,1688,9,completed,0,2
104657,62,5,completed,0,2
104657,875,6,completed,0,2
104657,768,7,completed,0,2
104657,29,8,completed,0,2
104657,1249,9,completed,0,2
104654,1293,15,completed,1,4
104654,1286,16,completed,1,4
104654,1294,17,completed,1,4
104654,1287,18,completed,1,4
104671,914,5,completed,0,2
104671,1339,15,completed,1,4
104671,924,16,completed,0,4
104671,1450,17,completed,0,4
104671,1341,18,completed,1,4
104671,1366,30,pending,1,7
104671,444,31,pending,0,7
104671,1533,32,pending,0,7
104671,1371,33,pending,1,7
104671,448,34,pending,0,7
104671,1377,35,pending,1,8
104671,1380,36,pending,1,8
104671,1386,37,pending,1,8
104671,972,38,pending,0,8
104671,860,39,pending,0,8
104672,682,30,pending,0,7
104672,1310,31,pending,1,7
104672,1311,32,pending,1,7
104672,1313,33,pending,1,7
104672,1537,34,pending,0,7
104672,133,35,pending,0,8
104672,1157,36,pending,0,8
104672,1168,37,pending,0,8
104672,362,38,pending,0,8
104672,1180,39,pending,0,8
104671,1345,20,completed,1,5
104672,1283,5,completed,1,2
104672,1279,6,completed,1,2
104672,1197,7,completed,0,2
104672,15,8,completed,0,2
104672,1292,9,completed,1,2
104671,421,21,completed,0,5
104672,66,10,completed,0,3
104672,1285,11,completed,1,3
104672,1293,12,completed,1,3
104672,1286,13,completed,1,3
104672,1287,15,completed,1,4
104672,1064,16,completed,0,4
104672,1205,17,completed,0,4
104672,1295,18,completed,1,4
104672,1296,19,completed,1,4
104671,434,25,completed,0,6
104671,437,26,completed,0,6
104671,438,27,completed,0,6
104671,1363,28,completed,1,6
104671,1365,29,completed,1,6
104672,1453,25,completed,0,6
104672,1305,26,completed,1,6
104672,1306,27,completed,1,6
104672,100,28,completed,0,6
104672,1307,29,completed,1,6
104690,1422,30,pending,1,7
104690,1230,31,pending,0,7
104690,939,32,pending,0,7
104690,697,33,pending,0,7
104690,811,34,pending,0,7
104690,336,35,pending,0,8
104690,547,36,pending,0,8
104690,1564,37,pending,0,8
104690,849,38,pending,0,8
104690,853,39,pending,0,8
104690,1400,15,completed,1,4
104690,1408,16,completed,1,4
104690,1395,5,completed,1,2
104690,1249,6,completed,0,2
104690,1391,7,completed,1,2
104690,1403,8,completed,1,2
104690,1438,9,completed,0,2
104690,1396,10,completed,1,3
104690,72,11,completed,0,3
104690,1409,17,completed,1,4
104690,1410,18,completed,1,4
104690,1411,19,completed,1,4
104690,1412,20,completed,1,5
104690,1413,21,completed,1,5
104690,1414,22,completed,1,5
104690,1504,23,completed,0,5
104690,1415,24,completed,1,5
104690,1416,25,completed,1,6
104690,1417,26,completed,1,6
104690,1418,27,completed,1,6
104690,1082,28,completed,0,6
104690,1420,29,completed,1,6
104699,1417,30,pending,1,7
104699,1420,31,pending,1,7
104699,1421,32,pending,1,7
104699,1422,33,pending,1,7
104699,1309,34,pending,0,7
104699,1626,35,pending,0,8
104699,594,36,pending,0,8
104699,817,37,pending,0,8
104699,1659,38,pending,0,8
104699,845,39,pending,0,8
106402,1396,10,pending,1,3
106402,1392,11,pending,1,3
106402,1404,12,pending,1,3
106402,665,13,pending,0,3
104699,1394,15,completed,1,4
104699,1098,16,completed,0,4
104699,1396,5,completed,1,2
104699,1392,6,completed,1,2
104699,1404,7,completed,1,2
104699,1101,8,completed,0,2
104699,1716,9,completed,0,2
104699,1406,17,completed,1,4
104699,1399,18,completed,1,4
104699,1407,19,completed,1,4
104699,1104,20,completed,0,5
104699,1400,21,completed,1,5
104699,18,22,completed,0,5
104699,1401,23,completed,1,5
104699,1409,24,completed,1,5
106402,1395,5,completed,1,2
106402,656,6,completed,0,2
106402,1391,7,completed,1,2
106402,1403,8,completed,1,2
106402,1066,9,completed,0,2
104699,1609,25,completed,0,6
104699,1410,26,completed,1,6
104699,1411,27,completed,1,6
104699,1413,28,completed,1,6
104699,1414,29,completed,1,6
106402,1393,14,pending,1,3
106402,704,15,pending,0,4
106402,1405,16,pending,1,4
106402,1398,17,pending,1,4
106402,1394,18,pending,1,4
106402,74,19,pending,0,4
104706,1367,30,pending,1,7
104706,1370,31,pending,1,7
104706,1372,32,pending,1,7
104706,1373,33,pending,1,7
104706,1152,34,pending,0,7
104706,1375,35,pending,1,8
104706,1379,36,pending,1,8
104706,1380,37,pending,1,8
104706,1381,38,pending,1,8
104706,140,39,pending,0,8
106402,1399,20,pending,1,5
106402,1400,21,pending,1,5
106402,1408,22,pending,1,5
106402,1409,23,pending,1,5
106402,90,24,pending,0,5
106402,1297,25,pending,0,6
106402,1412,26,pending,1,6
106402,573,27,pending,0,6
106402,1413,28,pending,1,6
106402,674,29,pending,0,6
106402,1414,30,pending,1,7
106402,1415,31,pending,1,7
106402,1416,32,pending,1,7
106402,1012,33,pending,0,7
106402,682,34,pending,0,7
106402,1422,35,pending,1,8
106402,1637,36,pending,0,8
104706,866,5,completed,0,2
104706,1291,6,completed,0,2
104706,1324,7,completed,1,2
104706,32,8,completed,0,2
104706,659,9,completed,0,2
104708,1392,5,completed,1,2
104708,1404,6,completed,1,2
104708,1393,7,completed,1,2
104708,1405,8,completed,1,2
104706,1713,10,completed,0,3
104706,1327,15,completed,1,4
104706,1339,16,completed,1,4
104706,1341,17,completed,1,4
104706,731,18,completed,0,4
104706,1347,19,completed,1,4
104706,1360,25,completed,1,6
104706,1523,26,completed,0,6
104706,1361,27,completed,1,6
104706,1364,28,completed,1,6
104706,1366,29,completed,1,6
104708,1416,25,completed,1,6
104708,313,26,completed,0,6
104708,1421,30,pending,1,7
104708,1422,31,pending,1,7
104708,432,32,pending,0,7
104708,743,33,pending,0,7
104708,517,34,pending,0,7
104708,610,35,pending,0,8
104708,535,36,pending,0,8
104708,830,37,pending,0,8
104708,844,38,pending,0,8
104708,1569,39,pending,0,8
106402,443,37,pending,0,8
106402,757,38,pending,0,8
106402,351,39,pending,0,8
104708,98,28,completed,0,6
104708,1420,29,completed,1,6
104724,1416,30,pending,1,7
104724,1418,31,pending,1,7
104724,1420,32,pending,1,7
104724,797,33,pending,0,7
104724,326,34,pending,0,7
104724,516,35,pending,0,8
104724,1240,36,pending,0,8
104724,1373,37,pending,0,8
104724,134,38,pending,0,8
104724,982,39,pending,0,8
104724,1265,25,completed,0,6
104724,1407,15,completed,1,4
104724,1063,16,completed,0,4
104724,1403,5,completed,1,2
104724,1396,6,completed,1,2
104724,1392,7,completed,1,2
104724,57,8,completed,0,2
104724,1393,9,completed,1,2
104724,17,17,completed,0,4
104724,1400,18,completed,1,4
104724,1398,10,completed,1,3
104724,1394,11,completed,1,3
104724,1406,12,completed,1,3
104724,780,13,completed,0,3
104724,1408,19,completed,1,4
104724,1413,26,completed,1,6
104724,1077,27,completed,0,6
104724,1414,28,completed,1,6
104724,1415,29,completed,1,6
106407,1104,10,pending,1,3
106407,1196,5,completed,1,2
106407,1060,6,completed,0,2
106407,1465,7,completed,0,2
106407,1259,8,completed,1,2
106407,1677,9,completed,0,2
106407,1254,11,pending,1,3
106407,1112,12,pending,1,3
106407,1490,13,pending,0,3
106407,1335,14,pending,0,3
106407,1263,15,pending,1,4
106407,1117,16,pending,1,4
106407,1271,17,pending,1,4
106407,1082,18,pending,0,4
106407,1273,19,pending,1,4
106407,1224,20,pending,1,5
106407,1130,21,pending,1,5
106407,1232,22,pending,1,5
106407,803,23,pending,0,5
106407,942,24,pending,0,5
106407,1236,25,pending,1,6
104733,1310,30,pending,1,7
104733,1311,31,pending,1,7
104733,1312,32,pending,1,7
104733,1313,33,pending,1,7
104733,1360,34,pending,0,7
104733,947,35,pending,0,8
104733,443,36,pending,0,8
104733,464,37,pending,0,8
104733,1573,38,pending,0,8
104733,380,39,pending,0,8
104733,1282,5,completed,1,2
104733,1290,6,completed,1,2
104733,1283,7,completed,1,2
104733,1279,8,completed,1,2
104733,1286,15,completed,1,4
104733,1489,16,completed,0,4
104733,1294,17,completed,1,4
104733,1443,18,completed,0,4
104733,1302,25,completed,1,6
104733,1304,26,completed,1,6
104733,1306,27,completed,1,6
106407,1137,26,pending,1,6
106407,1523,27,pending,0,6
106407,1238,28,pending,1,6
106407,1638,29,pending,0,6
106407,1372,30,pending,0,7
106407,1152,31,pending,1,7
106407,1159,32,pending,1,7
106407,540,33,pending,0,7
106407,1161,34,pending,1,7
106407,1168,35,pending,1,8
106407,1171,36,pending,1,8
106407,364,37,pending,0,8
106407,1174,38,pending,1,8
106407,1179,39,pending,1,8
104740,1281,5,completed,1,2
104740,1422,30,pending,0,7
104740,1309,31,pending,1,7
104740,1310,32,pending,1,7
104740,1312,33,pending,1,7
104740,1313,34,pending,1,7
104740,805,35,pending,0,8
104740,1369,36,pending,0,8
104740,355,37,pending,0,8
104740,1187,38,pending,0,8
104740,1574,39,pending,0,8
104743,1240,30,pending,1,7
104743,1142,31,pending,1,7
104743,1367,32,pending,0,7
104743,1152,33,pending,1,7
104743,1162,34,pending,1,7
104743,1163,35,pending,1,8
104743,1166,36,pending,1,8
104743,1171,37,pending,1,8
104743,1181,38,pending,1,8
104743,1187,39,pending,1,8
104743,768,5,completed,0,2
104743,1252,6,completed,1,2
104743,33,7,completed,0,2
104743,278,8,completed,0,2
104743,1496,9,completed,0,2
104743,1327,15,completed,0,4
104743,1205,16,completed,1,4
104743,1265,17,completed,1,4
104743,1118,18,completed,1,4
104743,1079,19,completed,0,4
104740,676,25,completed,0,6
104740,1302,26,completed,1,6
104740,1304,27,completed,1,6
104740,1306,28,completed,1,6
104740,1307,29,completed,1,6
104743,1235,25,completed,1,6
104743,1029,26,completed,0,6
104743,1138,27,completed,1,6
104743,1238,28,completed,1,6
104774,1416,30,pending,1,7
104774,1417,31,pending,1,7
104774,1418,32,pending,1,7
104774,580,33,pending,0,7
104774,1420,34,pending,1,7
104774,1421,35,pending,1,8
104774,323,36,pending,0,8
104774,516,37,pending,0,8
104774,1644,38,pending,0,8
104774,147,39,pending,0,8
104774,1395,5,completed,1,2
104774,474,6,completed,0,2
104774,1403,7,completed,1,2
104774,76,8,completed,0,2
104774,1679,9,completed,0,2
104776,1367,30,pending,1,7
104776,1369,31,pending,1,7
104776,610,32,pending,0,7
104776,1377,33,pending,1,7
104776,131,34,pending,0,7
104776,1379,35,pending,1,8
104776,460,36,pending,0,8
104776,1670,37,pending,0,8
104776,1179,38,pending,0,8
104776,637,39,pending,0,8
104776,1330,5,completed,1,2
104776,1323,6,completed,1,2
104776,1319,7,completed,1,2
104776,1331,8,completed,1,2
104776,1332,9,completed,1,2
104776,1343,15,completed,1,4
104776,197,16,completed,0,4
104776,1345,17,completed,1,4
104776,580,18,completed,0,4
104776,1346,19,completed,1,4
104776,1355,25,completed,1,6
104776,1358,26,completed,1,6
104776,1523,27,completed,0,6
104776,1363,28,completed,1,6
104776,1365,29,completed,1,6
104794,1418,30,pending,1,7
104794,1420,31,pending,1,7
104794,1421,32,pending,1,7
104794,1514,33,pending,0,7
104794,1631,34,pending,0,7
104794,610,35,pending,0,8
104794,1545,36,pending,0,8
104794,1163,37,pending,0,8
104794,836,38,pending,0,8
104794,361,39,pending,0,8
104794,1211,15,completed,0,4
104794,1408,16,completed,1,4
104800,1417,30,pending,1,7
104800,1418,31,pending,1,7
104800,1304,32,pending,0,7
104800,1421,33,pending,1,7
104800,1309,34,pending,0,7
104800,684,35,pending,0,8
104794,29,5,completed,0,2
104794,1391,6,completed,1,2
104794,397,7,completed,0,2
104794,1396,8,completed,1,2
104794,1404,9,completed,1,2
104800,1391,5,completed,1,2
104800,1403,6,completed,1,2
104800,1396,7,completed,1,2
104800,1059,8,completed,0,2
104794,1334,17,completed,0,4
104794,1401,18,completed,1,4
104794,1409,19,completed,1,4
104794,1405,10,completed,1,3
104794,1394,11,completed,1,3
104794,1399,12,completed,1,3
104794,1407,13,completed,1,3
104800,1406,15,completed,1,4
104800,1407,16,completed,1,4
104800,1400,17,completed,1,4
104800,1408,18,completed,1,4
104794,1414,25,completed,1,6
104794,1415,26,completed,1,6
104794,1302,27,completed,0,6
104794,1416,28,completed,1,6
104794,1451,29,completed,0,6
104800,742,36,pending,0,8
104800,824,37,pending,0,8
104800,1650,38,pending,0,8
104800,618,39,pending,0,8
104807,1311,30,pending,1,7
104807,1312,31,pending,1,7
104807,1233,32,pending,0,7
104807,438,33,pending,0,7
104807,753,34,pending,0,7
104807,528,35,pending,0,8
104807,617,36,pending,0,8
104807,851,37,pending,0,8
104807,378,38,pending,0,8
104807,1572,39,pending,0,8
104807,1602,5,completed,0,2
104807,1282,6,completed,1,2
104807,1290,7,completed,1,2
104807,1283,8,completed,1,2
104807,1279,9,completed,1,2
104817,1025,30,pending,0,7
104817,941,31,pending,0,7
104817,1031,32,pending,0,7
104817,748,33,pending,0,7
104817,124,34,pending,0,7
104817,1376,35,pending,0,8
104817,143,36,pending,0,8
104817,1554,37,pending,0,8
104817,1558,38,pending,0,8
104817,163,39,pending,0,8
104817,1396,5,completed,1,2
104817,263,6,completed,0,2
104817,1404,7,completed,1,2
104817,1398,8,completed,1,2
105497,262,5,completed,0,2
105497,181,6,completed,0,2
105497,920,20,pending,0,5
105497,1007,21,pending,0,5
105497,283,22,pending,0,5
105497,1447,23,pending,0,5
105497,1076,24,pending,0,5
105497,191,25,pending,0,6
105497,267,7,completed,0,2
105497,393,8,completed,0,2
105497,14,9,completed,0,2
105497,1043,10,completed,0,3
105497,1247,11,completed,0,3
105497,1605,12,completed,0,3
105497,994,13,completed,0,3
105497,872,14,completed,0,3
105497,271,15,completed,0,4
105497,561,16,completed,0,4
105497,1400,17,completed,0,4
105497,81,18,completed,0,4
105497,996,19,completed,0,4
105497,1123,26,pending,0,6
105497,515,27,pending,0,6
105497,743,28,pending,0,6
105497,595,29,pending,0,6
105497,1241,30,pending,0,7
105497,757,31,pending,0,7
105497,609,32,pending,0,7
105497,1538,33,pending,0,7
105497,827,34,pending,0,7
105497,1546,35,pending,0,8
105497,1162,36,pending,0,8
105497,1168,37,pending,0,8
105497,1553,38,pending,0,8
105497,162,39,pending,0,8
104851,1420,30,pending,1,7
104851,1421,31,pending,1,7
104851,1422,32,pending,1,7
104851,1622,33,pending,0,7
104851,107,34,pending,0,7
104851,1517,35,pending,0,8
104851,1635,36,pending,0,8
104851,1031,37,pending,0,8
104851,1529,38,pending,0,8
104851,1373,39,pending,0,8
104851,1406,15,completed,1,4
104851,1399,16,completed,1,4
104851,1686,5,completed,0,2
104851,13,6,completed,0,2
104851,1392,7,completed,1,2
104851,1404,8,completed,1,2
104851,1712,9,completed,0,2
104851,1407,17,completed,1,4
104851,1400,18,completed,1,4
104851,1408,19,completed,1,4
104851,1502,25,completed,0,6
104851,1414,26,completed,1,6
104851,1415,27,completed,1,6
104851,1417,28,completed,1,6
104851,1418,29,completed,1,6
106424,1402,5,completed,1,2
106424,1437,6,completed,0,2
106424,1395,7,completed,1,2
106424,1391,8,completed,1,2
106424,393,10,pending,0,3
106424,1711,11,pending,0,3
106424,1392,12,pending,1,3
106424,1404,13,pending,1,3
106424,300,14,pending,0,3
106424,1393,15,pending,1,4
106424,1440,16,pending,0,4
106424,1582,17,pending,0,4
106424,1398,18,pending,1,4
106424,993,19,pending,0,4
106424,1394,20,pending,1,5
106424,1406,21,pending,1,5
106424,1399,22,pending,1,5
106424,213,23,pending,0,5
106424,1403,9,completed,1,2
106424,1401,24,pending,1,5
106424,1411,25,pending,1,6
106424,1412,26,pending,1,6
106424,1413,27,pending,1,6
106424,1415,28,pending,1,6
106424,1416,29,pending,1,6
106424,1417,30,pending,1,7
106424,1223,31,pending,0,7
106424,1420,32,pending,1,7
106424,1421,33,pending,1,7
106424,1422,34,pending,1,7
106424,1126,35,pending,0,8
106424,1515,36,pending,0,8
106424,598,37,pending,0,8
106424,136,38,pending,0,8
106424,540,39,pending,0,8
104878,1367,30,pending,1,7
104878,1368,31,pending,1,7
104878,1370,32,pending,1,7
104878,1371,33,pending,1,7
104878,1375,34,pending,1,7
104878,1381,35,pending,1,8
104878,138,36,pending,0,8
104878,831,37,pending,0,8
104878,1386,38,pending,1,8
104878,1663,39,pending,0,8
104878,1318,5,completed,1,2
104878,1319,6,completed,1,2
104878,1291,7,completed,0,2
104878,1102,8,completed,0,2
104878,1252,9,completed,0,2
104878,1341,15,completed,1,4
104878,1343,16,completed,1,4
104878,1344,17,completed,1,4
104878,1346,18,completed,1,4
104878,1347,19,completed,1,4
104884,1420,30,pending,1,7
104884,101,31,pending,0,7
104884,1421,32,pending,1,7
104884,102,33,pending,0,7
104884,1422,34,pending,1,7
104884,1126,35,pending,0,8
104884,1031,36,pending,0,8
104884,521,37,pending,0,8
104884,453,38,pending,0,8
104884,629,39,pending,0,8
104884,1391,5,completed,1,2
104884,1458,6,completed,0,2
104884,1396,7,completed,1,2
104884,1392,8,completed,1,2
104884,31,9,completed,0,2
104884,1393,10,completed,1,3
104884,1331,11,completed,0,3
104884,1405,12,completed,1,3
104884,1398,13,completed,1,3
104884,1394,14,completed,1,3
105505,1491,5,completed,0,2
105505,1580,6,completed,0,2
105505,1282,7,completed,0,2
105505,228,8,completed,0,2
105505,1200,9,completed,0,2
104884,1407,15,completed,1,4
104884,1496,16,completed,0,4
104884,1400,17,completed,1,4
104884,1443,18,completed,0,4
104884,1401,19,completed,1,4
105505,207,10,completed,0,3
105505,1472,11,completed,0,3
105505,208,12,completed,0,3
105505,905,13,completed,0,3
105505,257,14,completed,0,3
104884,719,20,completed,0,5
104884,1409,21,completed,1,5
104884,1410,22,completed,1,5
104884,1411,23,completed,1,5
105505,489,15,completed,0,4
105505,79,16,completed,0,4
105505,1285,17,completed,0,4
104884,1413,25,completed,1,6
104884,1414,26,completed,1,6
104884,1415,27,completed,1,6
104884,1417,28,completed,1,6
104884,1418,29,completed,1,6
105505,1326,20,pending,0,5
105505,1600,21,pending,0,5
105505,784,22,pending,0,5
105505,1077,23,pending,0,5
105505,1118,24,pending,0,5
105505,1268,25,pending,0,6
105505,1621,26,pending,0,6
105505,691,27,pending,0,6
105505,942,28,pending,0,6
105505,331,29,pending,0,6
105505,525,30,pending,0,7
105505,1372,31,pending,0,7
105505,449,32,pending,0,7
105505,41,18,completed,0,4
105505,185,19,completed,0,4
105505,347,33,pending,0,7
105505,352,34,pending,0,7
105505,972,35,pending,0,8
105505,1660,36,pending,0,8
105505,547,37,pending,0,8
105505,362,38,pending,0,8
105505,1560,39,pending,0,8
104902,325,30,pending,0,7
104902,1137,31,pending,1,7
104902,435,32,pending,0,7
104902,1241,33,pending,1,7
104902,1147,34,pending,1,7
104902,341,35,pending,0,8
104902,1151,36,pending,1,8
104902,450,37,pending,0,8
104902,618,38,pending,0,8
104902,1162,39,pending,1,8
104902,1245,5,completed,1,2
104902,1250,6,completed,1,2
104902,1200,7,completed,1,2
104902,1096,8,completed,1,2
104902,275,9,completed,0,2
104905,986,5,completed,0,2
104905,1049,6,completed,0,2
104905,1250,7,completed,1,2
104905,1197,8,completed,1,2
104902,1203,15,completed,1,4
104902,1254,16,completed,1,4
104902,45,17,completed,0,4
104902,1216,18,completed,1,4
104902,887,19,completed,0,4
104905,67,15,completed,0,4
104905,1204,16,completed,1,4
104905,492,17,completed,0,4
104902,1273,25,completed,1,6
104902,1512,26,completed,0,6
104902,1128,27,completed,1,6
104902,1130,28,completed,1,6
104902,1131,29,completed,1,6
104905,1138,30,pending,1,7
104905,1141,31,pending,1,7
104905,1143,32,pending,1,7
104905,1148,33,pending,1,7
104905,1648,34,pending,0,7
104905,1159,35,pending,1,8
104905,355,36,pending,0,8
104905,1174,37,pending,1,8
104905,1175,38,pending,1,8
104905,1189,39,pending,1,8
104905,1135,28,completed,1,6
104905,1236,29,completed,1,6
104915,1321,5,completed,1,2
104915,1325,15,completed,1,4
104915,1367,30,pending,1,7
104915,1370,31,pending,1,7
104915,606,32,pending,0,7
104915,1372,33,pending,1,7
104915,1376,34,pending,1,7
104915,1378,35,pending,1,8
104915,1380,36,pending,1,8
104915,1545,37,pending,0,8
104915,364,38,pending,0,8
104915,855,39,pending,0,8
104919,1418,30,pending,1,7
104919,1420,31,pending,1,7
104919,1421,32,pending,1,7
104919,1422,33,pending,1,7
104919,803,34,pending,0,7
104919,533,35,pending,0,8
104919,1058,5,completed,0,2
104919,1095,6,completed,0,2
104919,1391,7,completed,1,2
104919,1404,8,completed,1,2
104919,1400,15,completed,1,4
104919,1408,16,completed,1,4
104919,1401,17,completed,1,4
104919,1409,18,completed,1,4
104915,1339,20,completed,1,5
104915,725,21,completed,0,5
104915,1343,22,completed,1,5
104915,1346,23,completed,1,5
104915,1349,25,completed,1,6
104915,1353,26,completed,1,6
104915,1132,27,completed,0,6
104915,1363,28,completed,1,6
104915,1365,29,completed,1,6
104919,456,36,pending,0,8
104919,835,37,pending,0,8
104919,144,38,pending,0,8
104919,362,39,pending,0,8
104925,1533,30,pending,0,7
104925,1372,31,pending,0,7
104925,1157,32,pending,1,7
104925,1161,33,pending,1,7
104925,1167,34,pending,1,7
104925,363,35,pending,0,8
104925,1174,36,pending,1,8
104925,1177,37,pending,1,8
104925,1182,38,pending,1,8
104925,1185,39,pending,1,8
104926,1373,30,pending,1,7
104926,1374,31,pending,1,7
104926,1376,32,pending,1,7
104926,1377,33,pending,1,7
104926,455,34,pending,0,7
104926,1381,35,pending,1,8
104926,352,36,pending,0,8
104926,617,37,pending,0,8
104926,1386,38,pending,1,8
104926,1185,39,pending,0,8
104925,1099,5,completed,1,2
104925,869,6,completed,0,2
104925,1246,7,completed,1,2
104925,476,8,completed,0,2
104925,1247,9,completed,1,2
104926,1329,5,completed,1,2
104926,1318,6,completed,1,2
104926,1323,7,completed,1,2
104926,1319,8,completed,1,2
104926,219,9,completed,0,2
104925,1262,15,completed,1,4
104925,1115,16,completed,1,4
104925,1216,17,completed,1,4
104925,1267,18,completed,1,4
104925,1016,19,completed,0,4
104926,1337,15,completed,1,4
104926,1339,16,completed,1,4
104926,1341,17,completed,1,4
104926,316,18,completed,0,4
104926,1346,19,completed,1,4
104925,1231,25,completed,1,6
104925,1240,26,completed,1,6
104925,1142,27,completed,1,6
104925,121,28,completed,0,6
104925,753,29,completed,0,6
104926,1366,25,completed,1,6
104926,1367,26,completed,1,6
104957,758,30,pending,0,7
104957,1161,31,pending,1,7
104957,1166,32,pending,1,7
104957,1167,33,pending,1,7
104957,143,34,pending,0,7
104957,466,35,pending,0,8
104957,977,36,pending,0,8
104957,1172,37,pending,1,8
104957,1174,38,pending,1,8
104957,1175,39,pending,1,8
104957,13,5,completed,0,2
104957,999,6,completed,0,2
104957,1596,7,completed,0,2
104957,766,8,completed,0,2
104964,1520,30,pending,0,7
104964,811,31,pending,0,7
104964,1145,32,pending,0,7
104964,1532,33,pending,0,7
104964,129,34,pending,0,7
104964,1539,35,pending,0,8
104964,141,36,pending,0,8
104964,462,37,pending,0,8
104964,1168,38,pending,0,8
104964,1183,39,pending,0,8
104964,1199,5,completed,0,2
104964,8,6,completed,0,2
104964,702,7,completed,0,2
104964,1207,8,completed,0,2
104964,1055,9,completed,0,2
104964,218,10,completed,0,3
104964,1439,11,completed,0,3
104964,1043,12,completed,0,3
104964,1486,13,completed,0,3
104964,1432,15,completed,0,4
104964,1319,16,completed,0,4
104964,27,17,completed,0,4
104964,909,18,completed,0,4
104964,250,19,completed,0,4
104964,1612,25,completed,0,6
104964,1616,26,completed,0,6
104964,98,27,completed,0,6
104964,736,28,completed,0,6
104964,1025,29,completed,0,6
104977,1524,30,pending,0,7
104977,1239,31,pending,0,7
104977,598,32,pending,0,7
104977,521,33,pending,0,7
104977,453,34,pending,0,7
104977,470,35,pending,0,8
104977,1670,36,pending,0,8
104977,633,37,pending,0,8
104977,638,38,pending,0,8
104977,851,39,pending,0,8
104977,1321,5,completed,0,2
104977,702,6,completed,0,2
104977,1318,7,completed,0,2
104977,553,8,completed,0,2
104977,1067,9,completed,0,2
104977,1251,10,completed,0,3
104977,920,15,completed,0,4
104977,1335,16,completed,0,4
104977,670,17,completed,0,4
104977,676,18,completed,0,4
104977,1121,19,completed,0,4
104977,1625,25,completed,0,6
104977,1520,26,completed,0,6
104977,1135,27,completed,0,6
104977,1523,28,completed,0,6
104977,517,29,completed,0,6
104984,605,30,pending,0,7
104984,454,31,pending,0,7
104984,828,32,pending,0,7
104984,1545,33,pending,0,7
104984,1546,34,pending,0,7
104984,972,35,pending,0,8
104984,1669,36,pending,0,8
104984,844,37,pending,0,8
104984,1179,38,pending,0,8
104984,1566,39,pending,0,8
104984,254,5,completed,0,2
104984,63,6,completed,0,2
104984,657,7,completed,0,2
104984,1290,8,completed,0,2
104984,1039,9,completed,0,2
104984,570,15,completed,0,4
104984,884,16,completed,0,4
104984,786,17,completed,0,4
104984,94,18,completed,0,4
104984,887,19,completed,0,4
104984,325,25,completed,0,6
104984,743,26,completed,0,6
104984,746,27,completed,0,6
104984,1638,28,completed,0,6
104984,336,29,completed,0,6
104997,1277,5,completed,1,2
104997,1290,6,completed,1,2
104997,1283,7,completed,1,2
104997,733,30,pending,0,7
104997,1309,31,pending,1,7
104997,1310,32,pending,1,7
104997,1312,33,pending,1,7
104997,1313,34,pending,1,7
104997,1238,35,pending,0,8
104997,134,36,pending,0,8
104997,153,37,pending,0,8
104997,1181,38,pending,0,8
104997,860,39,pending,0,8
101994,854,38,completed,0,8
101994,1189,39,completed,1,8
104997,1292,12,completed,1,3
104997,1285,13,completed,1,3
104997,1286,14,completed,1,3
104997,1294,15,completed,1,4
104997,1287,16,completed,1,4
104997,1295,17,completed,1,4
104997,1113,18,completed,0,4
104997,1296,19,completed,1,4
104997,1115,20,completed,0,5
104997,1297,21,completed,1,5
104997,1299,22,completed,1,5
104997,1301,23,completed,1,5
104997,1302,24,completed,1,5
104997,500,25,completed,0,6
104997,1304,26,completed,1,6
104997,1305,27,completed,1,6
104997,1306,28,completed,1,6
103000,1292,15,completed,1,4
104498,916,6,completed,0,2
104498,212,7,completed,0,2
104671,1330,8,completed,1,2
103929,1118,17,completed,1,4
103929,577,18,completed,0,4
102318,1304,28,completed,1,6
102318,1305,29,completed,1,6
101058,1353,35,completed,0,8
101058,461,36,completed,0,8
101089,1373,35,completed,1,8
101150,369,39,completed,0,8
101187,457,35,completed,0,8
101245,646,39,completed,0,8
101266,133,35,completed,0,8
101273,1161,35,completed,0,8
101306,978,35,completed,0,8
101336,349,35,completed,0,8
101358,1238,35,completed,0,8
101392,838,35,completed,0,8
101392,1558,36,completed,0,8
101392,367,37,completed,0,8
101392,155,38,completed,0,8
101392,642,39,completed,0,8
101431,1565,39,completed,0,8
101505,1142,35,completed,0,8
101563,145,35,completed,0,8
101582,1228,35,completed,0,8
101617,370,35,completed,0,8
101621,642,39,completed,0,8
101650,134,35,completed,0,8
101650,1382,36,completed,0,8
101650,1549,37,completed,0,8
101650,1176,38,completed,1,8
101650,1191,39,completed,1,8
101690,1374,35,completed,1,8
101721,538,35,completed,0,8
101721,836,36,completed,0,8
101721,1167,37,completed,1,8
101721,1170,38,completed,1,8
101721,1183,39,completed,1,8
101739,1312,35,completed,1,8
101739,591,36,completed,0,8
101739,1159,37,completed,0,8
101739,470,38,completed,0,8
101739,380,39,completed,0,8
101814,1372,35,completed,1,8
101814,1373,36,completed,1,8
101814,1375,37,completed,1,8
101814,1376,38,completed,1,8
101814,1381,39,completed,1,8
101826,1172,35,completed,1,8
101852,1172,35,completed,0,8
102003,1373,29,completed,1,6
101862,365,35,completed,0,8
101862,370,36,completed,0,8
101999,1162,35,completed,1,8
101999,1166,36,completed,1,8
101999,142,37,completed,0,8
101999,982,38,completed,0,8
101999,638,39,completed,0,8
102012,1310,29,completed,1,6
102018,580,28,completed,0,6
102018,1420,29,completed,1,6
101862,1179,37,completed,0,8
101862,638,38,completed,0,8
101862,1567,39,completed,0,8
102126,1304,26,completed,1,6
101868,1171,35,completed,1,8
101868,1172,36,completed,1,8
102139,1526,29,completed,0,6
101868,149,37,completed,0,8
101868,1175,38,completed,1,8
101868,1180,39,completed,1,8
102225,1142,29,completed,1,6
101873,1383,35,completed,1,8
101873,1165,36,completed,0,8
101873,1667,37,completed,0,8
102331,941,29,completed,0,6
101873,1176,38,completed,0,8
101873,855,39,completed,0,8
102365,1304,26,completed,1,6
102365,1305,27,completed,1,6
102415,1417,29,completed,1,6
102452,1418,26,completed,1,6
102452,1420,27,completed,1,6
102464,1415,28,completed,1,6
102464,1417,29,completed,1,6
102510,962,29,completed,0,6
102605,444,29,completed,0,6
102610,1307,28,completed,1,6
102610,1309,29,completed,1,6
102663,790,26,completed,0,6
102663,1304,27,completed,1,6
102725,1363,29,completed,1,6
102739,1527,28,completed,0,6
102739,1528,29,completed,0,6
102748,1241,26,completed,1,6
102748,1151,27,completed,1,6
102809,694,28,completed,0,6
102809,1239,29,completed,0,6
102818,1115,26,completed,0,6
102818,1299,27,completed,1,6
102854,197,29,completed,0,6
101891,1371,35,completed,1,8
102884,1633,28,completed,0,6
102884,747,29,completed,0,6
102897,1301,26,completed,1,6
102897,1302,27,completed,1,6
101891,1373,36,completed,1,8
101891,1382,37,completed,1,8
101891,1383,38,completed,1,8
101891,642,39,completed,0,8
102946,1411,26,completed,1,6
102946,1075,27,completed,0,6
103010,668,19,completed,0,4
103066,893,19,completed,0,4
103120,1118,19,completed,1,4
103134,1407,18,completed,1,4
103134,1400,19,completed,1,4
101898,1313,35,completed,1,8
101898,438,36,completed,0,8
103191,1221,19,completed,1,4
101898,1143,37,completed,0,8
101898,962,38,completed,0,8
103213,1613,19,completed,0,4
101898,544,39,completed,0,8
103257,1401,19,completed,1,4
103367,1116,18,completed,0,4
103367,1506,19,completed,0,4
103448,1087,19,completed,0,4
103496,45,19,completed,0,4
101916,1382,35,completed,0,8
101916,978,36,completed,0,8
101916,847,37,completed,0,8
103507,710,19,completed,0,4
103512,1296,18,completed,1,4
103512,1265,19,completed,0,4
101916,1187,38,completed,0,8
101916,381,39,completed,0,8
101919,1166,35,completed,1,8
101919,1171,36,completed,1,8
101919,845,37,completed,0,8
101919,637,38,completed,0,8
101919,1180,39,completed,1,8
103636,797,19,completed,0,4
103646,575,19,completed,0,4
103665,496,19,completed,0,4
103672,1213,18,completed,1,4
103672,283,19,completed,0,4
103681,401,19,completed,0,4
103695,1347,18,completed,1,4
103695,1353,19,completed,1,4
103720,1123,18,completed,1,4
103720,1223,19,completed,1,4
103784,1225,19,completed,1,4
101931,1370,35,completed,1,8
101931,1371,36,completed,1,8
101931,1375,37,completed,1,8
101931,1377,38,completed,1,8
101931,363,39,completed,0,8
103828,198,19,completed,0,4
103847,1116,19,completed,1,4
101941,1658,35,completed,0,8
101941,837,36,completed,0,8
101941,1170,37,completed,0,8
103948,1345,19,completed,1,4
101941,634,38,completed,0,8
101941,375,39,completed,0,8
103975,1408,19,completed,1,4
103980,1273,19,completed,1,4
101943,698,35,completed,0,8
101943,441,36,completed,0,8
101943,1533,37,completed,0,8
103990,1400,19,completed,1,4
104020,1404,8,completed,1,2
104020,1393,9,completed,1,2
101943,615,38,completed,0,8
101943,160,39,completed,0,8
104094,219,9,completed,0,2
104197,272,9,completed,0,2
104346,1404,8,completed,1,2
104346,1405,9,completed,1,2
101963,1379,35,completed,1,8
101963,456,36,completed,0,8
101963,1161,37,completed,0,8
104409,1392,9,completed,1,2
101963,976,38,completed,0,8
101963,839,39,completed,0,8
104436,1259,8,completed,1,2
104436,33,9,completed,0,2
104442,57,9,completed,0,2
104484,1403,8,completed,1,2
104484,1392,9,completed,1,2
104515,1055,8,completed,0,2
104515,703,9,completed,0,2
101974,1167,35,completed,1,8
104561,1197,8,completed,0,2
104561,1292,9,completed,0,2
101974,1168,36,completed,1,8
101974,1169,37,completed,1,8
101974,1179,38,completed,1,8
101974,1183,39,completed,1,8
104582,1067,9,completed,0,2
104641,1439,9,completed,0,2
104645,1246,9,completed,0,2
104708,250,9,completed,0,2
104733,1284,9,completed,1,2
104800,714,9,completed,0,2
104817,1102,9,completed,0,2
104905,1487,9,completed,0,2
104919,77,9,completed,0,2
104957,1247,9,completed,1,2
101994,1176,35,completed,1,8
101994,1179,36,completed,1,8
101994,1183,37,completed,1,8
104997,1101,8,completed,0,2
104997,1043,9,completed,0,2
105522,1290,5,completed,1,2
105522,1283,6,completed,1,2
105522,1279,7,completed,1,2
105522,1115,20,pending,0,5
105522,309,21,pending,0,5
105522,1299,22,pending,1,5
105522,724,23,pending,0,5
105522,1300,24,pending,1,5
105522,1302,25,pending,1,6
105522,1304,26,pending,1,6
105522,501,27,pending,0,6
105522,196,28,pending,0,6
105522,1305,29,pending,1,6
105522,1309,30,pending,1,7
105522,507,31,pending,0,7
105522,1310,32,pending,1,7
105522,1311,33,pending,1,7
105522,1312,34,pending,1,7
105522,1313,35,pending,1,8
105522,756,36,pending,0,8
105522,453,37,pending,0,8
105522,970,38,pending,0,8
105522,838,39,pending,0,8
105522,1701,12,completed,0,3
105522,1280,13,completed,1,3
105522,1292,14,completed,1,3
105522,710,15,completed,0,4
105522,1002,16,completed,0,4
105522,1286,17,completed,1,4
105522,1295,18,completed,1,4
105522,1296,19,completed,1,4
105526,192,20,pending,0,5
105526,728,21,pending,0,5
105526,1507,22,pending,0,5
105526,1222,23,pending,0,5
105526,681,24,pending,0,5
105526,200,25,pending,0,6
105526,1229,26,pending,0,6
105526,328,27,pending,0,6
105526,1632,28,pending,0,6
105526,119,29,pending,0,6
105526,813,30,pending,0,7
105526,444,31,pending,0,7
105526,610,32,pending,0,7
105526,1542,33,pending,0,7
105526,964,34,pending,0,7
105526,967,35,pending,0,8
105526,138,36,pending,0,8
105526,152,37,pending,0,8
105526,638,38,pending,0,8
105526,1568,39,pending,0,8
105526,1474,15,completed,0,4
105526,486,5,completed,0,2
105526,1322,6,completed,0,2
105526,57,7,completed,0,2
105526,866,8,completed,0,2
105526,1688,9,completed,0,2
105526,1326,16,completed,0,4
105526,1497,17,completed,0,4
105526,190,18,completed,0,4
105526,413,19,completed,0,4
105532,1299,20,pending,1,5
105532,1302,21,pending,1,5
105532,1506,22,pending,0,5
105532,1304,23,pending,1,5
105532,1305,24,pending,1,5
105532,1309,25,pending,1,6
105532,1310,26,pending,1,6
105532,797,27,pending,0,6
105532,1311,28,pending,1,6
105532,1312,29,pending,1,6
105532,1313,30,pending,1,7
105532,1233,31,pending,0,7
105532,113,32,pending,0,7
105532,1523,33,pending,0,7
105532,454,34,pending,0,7
105532,538,35,pending,0,8
105532,834,36,pending,0,8
105532,1667,37,pending,0,8
105532,849,38,pending,0,8
105532,855,39,pending,0,8
105532,71,5,completed,0,2
105532,1289,6,completed,1,2
105532,20,7,completed,0,2
105532,1282,8,completed,1,2
105532,397,9,completed,0,2
105532,1291,10,completed,1,3
105532,1284,11,completed,1,3
105532,1280,12,completed,1,3
105532,1285,13,completed,1,3
105532,1293,14,completed,1,3
105532,1286,15,completed,1,4
105532,1294,16,completed,1,4
105532,1287,17,completed,1,4
105532,1295,18,completed,1,4
105532,1297,19,completed,1,4
105548,1403,5,completed,1,2
105548,1715,6,completed,0,2
105548,1396,7,completed,1,2
105548,712,20,pending,0,5
105548,1409,21,pending,1,5
105548,1410,22,pending,1,5
105548,1411,23,pending,1,5
105548,1413,24,pending,1,5
105548,1300,25,pending,0,6
105548,1414,26,pending,1,6
105548,1415,27,pending,1,6
105548,1416,28,pending,1,6
105548,1417,29,pending,1,6
105548,1271,30,pending,0,7
105548,1420,31,pending,1,7
105548,1421,32,pending,1,7
105548,1307,33,pending,0,7
105548,322,34,pending,0,7
105548,438,35,pending,0,8
105548,969,36,pending,0,8
105548,1168,37,pending,0,8
105548,1567,38,pending,0,8
105548,1574,39,pending,0,8
105548,1393,12,completed,1,3
105548,1398,13,completed,1,3
105548,1399,15,completed,1,4
105548,1333,16,completed,0,4
105548,1407,17,completed,1,4
105548,1400,18,completed,1,4
105548,1401,19,completed,1,4
105554,1400,20,pending,1,5
105554,1401,21,pending,1,5
105554,1436,22,pending,0,5
105554,1409,23,pending,1,5
105554,411,24,pending,0,5
105554,1410,25,pending,1,6
105554,1411,26,pending,1,6
105554,412,27,pending,0,6
105554,1413,28,pending,1,6
105554,1414,29,pending,1,6
105554,1416,30,pending,1,7
105554,1417,31,pending,1,7
105554,1420,32,pending,1,7
105554,1421,33,pending,1,7
105554,200,34,pending,0,7
105554,1233,35,pending,0,8
105554,960,36,pending,0,8
105554,544,37,pending,0,8
105554,469,38,pending,0,8
105554,1185,39,pending,0,8
105556,1354,20,pending,1,5
105556,1355,21,pending,1,5
105556,1357,22,pending,1,5
105556,1358,23,pending,1,5
105556,1364,24,pending,1,5
105556,750,25,pending,0,6
105556,1366,26,pending,1,6
105556,1375,27,pending,1,6
105556,1376,28,pending,1,6
105556,1378,29,pending,1,6
105556,1379,30,pending,1,7
105556,1380,31,pending,1,7
105556,967,32,pending,0,7
105556,1386,33,pending,1,7
105556,547,34,pending,0,7
105556,977,35,pending,0,8
105556,147,36,pending,0,8
105556,978,37,pending,0,8
105556,1558,38,pending,0,8
105556,152,39,pending,0,8
105554,1398,15,completed,1,4
105554,1395,5,completed,1,2
105554,713,6,completed,0,2
105554,1391,7,completed,1,2
105554,1403,8,completed,1,2
105554,1392,9,completed,1,2
105556,1330,5,completed,1,2
105556,394,6,completed,0,2
105556,1472,7,completed,0,2
105556,1102,8,completed,0,2
105554,1394,16,completed,1,4
105554,1406,17,completed,1,4
105554,1399,18,completed,1,4
105554,1407,19,completed,1,4
105556,1345,15,completed,1,4
105556,1346,16,completed,1,4
105556,1349,17,completed,1,4
105556,1351,18,completed,1,4
105563,190,20,pending,0,5
105563,93,21,pending,0,5
105563,1009,22,pending,0,5
105563,1302,23,pending,0,5
105563,98,24,pending,0,5
105563,1357,25,pending,0,6
105563,113,26,pending,0,6
105563,1237,27,pending,0,6
105563,1360,28,pending,0,6
105563,1240,29,pending,0,6
105563,1032,30,pending,0,7
105563,439,31,pending,0,7
105563,1152,32,pending,0,7
105563,138,33,pending,0,7
105563,1663,34,pending,0,7
105563,980,35,pending,0,8
105563,372,36,pending,0,8
105563,373,37,pending,0,8
105563,1570,38,pending,0,8
105563,1571,39,pending,0,8
105564,1228,20,pending,1,5
105564,938,21,pending,0,5
105564,1232,22,pending,1,5
105564,430,23,pending,0,5
105564,1134,24,pending,1,5
105564,1235,25,pending,1,6
105564,1238,26,pending,1,6
105564,1139,27,pending,1,6
105564,1363,28,pending,0,6
105564,1141,29,pending,1,6
105564,438,30,pending,0,7
105564,1142,31,pending,1,7
105564,1143,32,pending,1,7
105564,1368,33,pending,0,7
105564,1151,34,pending,1,7
105564,1152,35,pending,1,8
105564,609,36,pending,0,8
105564,1155,37,pending,1,8
105564,1167,38,pending,1,8
105564,1175,39,pending,1,8
105563,1407,15,completed,0,4
105563,1403,5,completed,0,2
105563,1043,6,completed,0,2
105563,1279,7,completed,0,2
105563,73,8,completed,0,2
105563,1102,9,completed,0,2
105564,1199,5,completed,1,2
105564,1585,6,completed,0,2
105564,218,7,completed,0,2
105564,268,8,completed,0,2
105564,1482,9,completed,0,2
105563,67,16,completed,0,4
105563,1408,17,completed,0,4
105563,569,18,completed,0,4
105563,1412,19,completed,0,4
105564,1221,15,completed,1,4
105564,1122,16,completed,1,4
105564,1420,17,completed,0,4
105564,1125,18,completed,1,4
105564,1126,19,completed,1,4
105584,804,20,pending,0,5
105584,1238,21,pending,1,5
105584,1142,22,pending,1,5
105584,749,23,pending,0,5
105584,813,24,pending,0,5
105584,1532,25,pending,0,6
105584,1147,26,pending,1,6
105584,1148,27,pending,1,6
105584,125,28,pending,0,6
105584,1538,29,pending,0,6
105584,1155,30,pending,1,7
105584,1379,31,pending,0,7
105584,1161,32,pending,1,7
105584,1175,33,pending,1,7
105584,1176,34,pending,1,7
105584,1180,35,pending,1,8
105584,851,36,pending,0,8
105584,1183,37,pending,1,8
105584,1570,38,pending,0,8
105584,1189,39,pending,1,8
105585,1286,20,pending,0,5
105585,1408,21,pending,0,5
105585,1205,22,pending,0,5
105585,1608,23,pending,0,5
105585,410,24,pending,0,5
105585,1445,25,pending,0,6
105585,926,26,pending,0,6
105585,498,27,pending,0,6
105585,728,28,pending,0,6
105585,892,29,pending,0,6
105585,200,30,pending,0,7
105585,321,31,pending,0,7
105585,898,32,pending,0,7
105585,805,33,pending,0,7
105585,1031,34,pending,0,7
105585,439,35,pending,0,8
105585,606,36,pending,0,8
105585,1371,37,pending,0,8
105585,359,38,pending,0,8
105585,364,39,pending,0,8
105584,1118,10,completed,1,3
105584,1102,5,completed,1,2
105584,1103,6,completed,1,2
105584,1255,7,completed,1,2
105584,1296,8,completed,0,2
105584,1339,9,completed,0,2
105585,997,5,completed,0,2
105585,1403,6,completed,0,2
105585,1715,7,completed,0,2
105585,1585,8,completed,0,2
105585,263,9,completed,0,2
105587,1391,5,completed,1,2
105584,101,15,completed,0,4
105584,1510,16,completed,0,4
105584,1228,17,completed,1,4
105584,1230,18,completed,1,4
105584,110,19,completed,0,4
105585,488,15,completed,0,4
105585,40,16,completed,0,4
105585,872,17,completed,0,4
105585,1407,18,completed,0,4
105585,1442,19,completed,0,4
105587,1407,20,pending,1,5
105587,1408,21,pending,1,5
105587,1401,22,pending,1,5
105587,1411,23,pending,1,5
105587,1412,24,pending,1,5
105587,1413,25,pending,1,6
105587,674,26,pending,0,6
105587,1414,27,pending,1,6
105587,1417,28,pending,1,6
105587,1418,29,pending,1,6
105587,1420,30,pending,1,7
105587,1421,31,pending,1,7
105587,1422,32,pending,1,7
105587,805,33,pending,0,7
105587,751,34,pending,0,7
105587,1531,35,pending,0,8
105587,612,36,pending,0,8
105587,452,37,pending,0,8
105587,539,38,pending,0,8
105587,1176,39,pending,0,8
105599,1287,20,pending,1,5
105599,1295,21,pending,1,5
105599,1297,22,pending,1,5
105599,1299,23,pending,1,5
105599,1300,24,pending,1,5
105599,1301,25,pending,1,6
105599,1302,26,pending,1,6
105599,1012,27,pending,0,6
105599,1403,5,completed,0,2
105599,1282,6,completed,1,2
105599,76,7,completed,0,2
105599,714,8,completed,0,2
105599,1474,15,completed,0,4
105599,278,16,completed,0,4
105599,1293,17,completed,1,4
105599,1305,28,pending,1,6
105599,1346,29,pending,0,6
105599,1307,30,pending,1,7
105599,1310,31,pending,1,7
105599,1351,32,pending,0,7
105599,1312,33,pending,1,7
105599,1313,34,pending,1,7
105599,962,35,pending,0,8
105599,544,36,pending,0,8
105599,630,37,pending,0,8
105599,847,38,pending,0,8
105599,1572,39,pending,0,8
105600,576,20,pending,0,5
105600,100,21,pending,0,5
105600,733,22,pending,0,5
105600,1514,23,pending,0,5
105600,1022,24,pending,0,5
105600,324,25,pending,0,6
105600,944,26,pending,0,6
105600,1143,27,pending,0,6
105600,349,28,pending,0,6
105600,541,29,pending,0,6
105600,621,30,pending,0,7
105600,974,31,pending,0,7
105600,1168,32,pending,0,7
105600,145,33,pending,0,7
105600,468,34,pending,0,7
105600,1670,35,pending,0,8
105600,155,36,pending,0,8
105600,1187,37,pending,0,8
105600,164,38,pending,0,8
105600,1190,39,pending,0,8
105600,769,5,completed,0,2
105600,869,6,completed,0,2
105600,1463,7,completed,0,2
105600,182,8,completed,0,2
105600,716,9,completed,0,2
105600,74,10,completed,0,3
105600,667,11,completed,0,3
105600,1003,12,completed,0,3
105600,1497,13,completed,0,3
105600,81,15,completed,0,4
105600,1476,16,completed,0,4
105600,283,17,completed,0,4
105600,192,18,completed,0,4
105600,95,19,completed,0,4
105614,1411,20,pending,1,5
105614,1412,21,pending,1,5
105614,1413,22,pending,1,5
105614,1415,23,pending,1,5
105614,1416,24,pending,1,5
105614,1417,25,pending,1,6
105614,1418,26,pending,1,6
105614,99,27,pending,0,6
105614,1420,28,pending,1,6
105614,1422,29,pending,1,6
105614,506,30,pending,0,7
105614,808,31,pending,0,7
105614,1145,32,pending,0,7
105614,452,33,pending,0,7
105614,1654,34,pending,0,7
105614,1545,35,pending,0,8
105614,354,36,pending,0,8
105614,462,37,pending,0,8
105614,152,38,pending,0,8
105614,374,39,pending,0,8
105614,1482,10,completed,0,3
105614,205,5,completed,0,2
105614,1391,6,completed,1,2
105614,1396,7,completed,1,2
105614,1392,8,completed,1,2
105614,1404,9,completed,1,2
105618,30,5,completed,0,2
105618,1067,6,completed,0,2
105618,566,7,completed,0,2
105614,1407,15,completed,1,4
105614,1400,16,completed,1,4
105614,1401,17,completed,1,4
105614,1409,18,completed,1,4
105614,1410,19,completed,1,4
105618,282,20,pending,0,5
105618,1115,21,pending,0,5
105618,1008,22,pending,0,5
105618,94,23,pending,0,5
105618,580,24,pending,0,5
105618,197,25,pending,0,6
105618,425,26,pending,0,6
105618,1360,27,pending,0,6
105618,1368,28,pending,0,6
105618,1148,29,pending,0,6
105618,531,30,pending,0,7
105618,1539,31,pending,0,7
105618,964,32,pending,0,7
105618,143,33,pending,0,7
105618,1662,34,pending,0,7
105618,977,35,pending,0,8
105618,1170,36,pending,0,8
105618,981,37,pending,0,8
105618,370,38,pending,0,8
105618,856,39,pending,0,8
105618,561,15,completed,0,4
105621,1344,20,pending,1,5
105621,1346,21,pending,1,5
105621,1347,22,pending,1,5
105621,1352,23,pending,1,5
105621,1357,24,pending,1,5
105621,115,25,pending,0,6
105621,746,26,pending,0,6
105621,696,27,pending,0,6
105621,1277,5,completed,0,2
105621,1318,6,completed,1,2
105621,1208,7,completed,0,2
105621,301,8,completed,0,2
105618,1599,16,completed,0,4
105618,1334,17,completed,0,4
105618,1436,18,completed,0,4
105618,712,19,completed,0,4
105621,1336,15,completed,1,4
105621,1337,16,completed,1,4
105621,1341,17,completed,1,4
105621,1363,28,pending,1,6
105621,1365,29,pending,1,6
105621,1530,30,pending,0,7
105621,1369,31,pending,1,7
105621,1373,32,pending,1,7
105621,1374,33,pending,1,7
105621,1375,34,pending,1,7
105621,1377,35,pending,1,8
105621,1379,36,pending,1,8
105621,355,37,pending,0,8
105621,975,38,pending,0,8
105621,851,39,pending,0,8
105639,1287,20,pending,1,5
105639,1295,21,pending,1,5
105639,1296,22,pending,1,5
105639,1297,23,pending,1,5
105639,1299,24,pending,1,5
105639,1300,25,pending,1,6
105639,1301,26,pending,1,6
105639,1302,27,pending,1,6
105639,315,28,pending,0,6
105639,1305,29,pending,1,6
105639,1307,30,pending,1,7
105639,1309,31,pending,1,7
105639,1310,32,pending,1,7
105639,1311,33,pending,1,7
105639,1312,34,pending,1,7
105639,1313,35,pending,1,8
105639,963,36,pending,0,8
105639,1163,37,pending,0,8
105639,1172,38,pending,0,8
105639,1670,39,pending,0,8
105640,195,20,pending,0,5
105640,1454,21,pending,0,5
105640,316,22,pending,0,5
105640,733,23,pending,0,5
105640,588,24,pending,0,5
105640,1029,25,pending,0,6
105640,747,26,pending,0,6
105640,950,27,pending,0,6
105640,337,28,pending,0,6
105640,527,29,pending,0,6
105640,758,30,pending,0,7
105640,536,31,pending,0,7
105640,1161,32,pending,0,7
105640,149,33,pending,0,7
105640,843,34,pending,0,7
105640,845,35,pending,0,8
105640,635,36,pending,0,8
105640,372,37,pending,0,8
105640,375,38,pending,0,8
105640,1575,39,pending,0,8
105639,1277,5,completed,1,2
105639,56,6,completed,0,2
105639,1282,7,completed,1,2
105639,1679,8,completed,0,2
105639,1290,9,completed,1,2
105640,36,5,completed,0,2
105640,1469,6,completed,0,2
105640,1484,7,completed,0,2
105640,776,8,completed,0,2
105640,1431,9,completed,0,2
105639,909,15,completed,0,4
105639,395,16,completed,0,4
105639,1280,17,completed,1,4
105639,1606,18,completed,0,4
105639,1286,19,completed,1,4
105640,10,15,completed,0,4
105640,569,16,completed,0,4
105640,42,17,completed,0,4
105640,1476,18,completed,0,4
105642,1270,20,pending,1,5
105642,1220,21,pending,1,5
105642,1123,22,pending,1,5
105642,1223,23,pending,1,5
105642,1124,24,pending,1,5
105642,1306,25,pending,0,6
105642,1226,26,pending,1,6
105642,1227,27,pending,1,6
105642,1128,28,pending,1,6
105642,1229,29,pending,1,6
105642,1233,30,pending,1,7
105642,1134,31,pending,1,7
105642,1357,32,pending,0,7
105642,1136,33,pending,1,7
105642,1137,34,pending,1,7
105642,1140,35,pending,1,8
105642,1143,36,pending,1,8
105642,447,37,pending,0,8
105642,342,38,pending,0,8
105642,1190,39,pending,1,8
105642,1247,5,completed,1,2
105642,704,6,completed,0,2
105642,666,7,completed,0,2
105642,302,8,completed,0,2
105642,1260,9,completed,1,2
105642,568,10,completed,0,3
105642,1212,15,completed,1,4
105642,1205,16,completed,1,4
105642,1263,17,completed,1,4
105642,1216,18,completed,1,4
105642,924,19,completed,0,4
105651,1300,20,pending,1,5
105651,1302,21,pending,1,5
105651,1304,22,pending,1,5
105651,1306,23,pending,1,5
105651,893,24,pending,0,5
105651,1307,25,pending,1,6
105651,1309,26,pending,1,6
105651,1310,27,pending,1,6
105651,1312,28,pending,1,6
105651,1354,29,pending,0,6
105651,515,30,pending,0,7
105651,1236,31,pending,0,7
105651,751,32,pending,0,7
105651,345,33,pending,0,7
105651,136,34,pending,0,7
105651,353,35,pending,0,8
105651,1660,36,pending,0,8
105651,1172,37,pending,0,8
105651,369,38,pending,0,8
105651,857,39,pending,0,8
105651,1290,5,completed,1,2
105651,1279,6,completed,1,2
105651,1291,7,completed,1,2
105651,1284,8,completed,1,2
105651,1280,9,completed,1,2
105651,305,15,completed,0,4
105651,1296,16,completed,1,4
105651,1297,17,completed,1,4
105651,46,18,completed,0,4
105651,1299,19,completed,1,4
105662,1099,5,completed,0,2
105662,223,6,completed,0,2
105662,274,7,completed,0,2
105662,88,20,pending,0,5
105662,297,21,pending,0,5
105662,1074,22,pending,0,5
105662,885,23,pending,0,5
105662,924,24,pending,0,5
105662,1219,25,pending,0,6
105662,1453,26,pending,0,6
105662,1227,27,pending,0,6
105662,748,28,pending,0,6
105662,753,29,pending,0,6
105662,444,30,pending,0,7
105662,606,31,pending,0,7
105662,130,32,pending,0,7
105662,452,33,pending,0,7
105662,356,34,pending,0,7
105662,629,35,pending,0,8
105662,149,36,pending,0,8
105662,1563,37,pending,0,8
105662,1180,38,pending,0,8
105662,1185,39,pending,0,8
105666,1502,20,pending,0,5
105666,1120,21,pending,1,5
105666,1221,22,pending,1,5
105666,1225,23,pending,1,5
105666,1229,24,pending,1,5
105666,1230,25,pending,1,6
105666,588,26,pending,0,6
105666,1231,27,pending,1,6
105666,1590,5,completed,0,2
105666,1096,6,completed,1,2
105666,1196,7,completed,1,2
105666,219,8,completed,0,2
105662,1324,12,completed,0,3
105662,1332,13,completed,0,3
105662,567,14,completed,0,3
105662,302,15,completed,0,4
105662,667,16,completed,0,4
105662,1210,17,completed,0,4
105662,660,18,completed,0,4
105662,1294,19,completed,0,4
105666,326,28,pending,0,6
105666,695,29,pending,0,6
105666,1147,30,pending,1,7
105666,1150,31,pending,1,7
105666,342,32,pending,0,7
105666,344,33,pending,0,7
105666,1152,34,pending,1,7
105666,1153,35,pending,1,8
105666,1159,36,pending,1,8
105666,1162,37,pending,1,8
105666,1177,38,pending,1,8
105666,853,39,pending,0,8
105681,1269,20,pending,1,5
105681,889,21,pending,0,5
105681,1273,22,pending,1,5
105681,1126,23,pending,1,5
105681,1228,24,pending,1,5
105681,1353,25,pending,0,6
105681,1232,26,pending,1,6
105681,1028,27,pending,0,6
105681,438,28,pending,0,6
105681,1241,29,pending,1,6
105681,1142,30,pending,1,7
105681,1150,31,pending,1,7
105681,1537,32,pending,0,7
105681,1155,33,pending,1,7
105681,1157,34,pending,1,7
105681,536,35,pending,0,8
105681,836,36,pending,0,8
105681,1167,37,pending,1,8
105681,1172,38,pending,1,8
105681,1190,39,pending,1,8
105681,665,5,completed,0,2
105681,1428,6,completed,0,2
105681,1252,7,completed,1,2
105681,1202,8,completed,1,2
105681,1483,9,completed,0,2
105681,1255,15,completed,1,4
105681,1113,16,completed,1,4
105681,1115,17,completed,1,4
105681,1117,18,completed,1,4
105681,496,19,completed,0,4
105691,1005,20,pending,0,5
105691,1339,21,pending,0,5
105691,675,22,pending,0,5
105691,1271,23,pending,0,5
105691,1507,24,pending,0,5
105691,197,25,pending,0,6
105691,799,26,pending,0,6
105691,330,27,pending,0,6
105691,1523,28,pending,0,6
105691,1141,29,pending,0,6
105691,605,30,pending,0,7
105691,755,31,pending,0,7
105691,1373,32,pending,0,7
105691,1646,33,pending,0,7
105691,827,34,pending,0,7
105691,136,35,pending,0,8
105691,1169,36,pending,0,8
105691,1668,37,pending,0,8
105691,854,38,pending,0,8
105691,855,39,pending,0,8
105691,1316,5,completed,0,2
105691,914,6,completed,0,2
105691,1592,7,completed,0,2
105691,264,8,completed,0,2
105691,406,9,completed,0,2
105691,232,15,completed,0,4
105691,484,16,completed,0,4
105691,996,17,completed,0,4
105691,1409,18,completed,0,4
105691,281,19,completed,0,4
105730,1125,20,pending,1,5
105730,1228,21,pending,1,5
105730,898,22,pending,0,5
105730,1230,23,pending,1,5
105730,1132,24,pending,1,5
105730,804,25,pending,0,6
105730,1238,26,pending,1,6
105730,1526,27,pending,0,6
105730,1535,28,pending,0,6
105730,1373,29,pending,0,6
105730,1154,30,pending,1,7
105730,1156,31,pending,1,7
105730,826,32,pending,0,7
105730,540,33,pending,0,7
105730,1163,34,pending,1,7
105730,1663,35,pending,0,8
105730,393,5,completed,0,2
105730,1202,6,completed,1,2
105730,238,7,completed,0,2
105730,1103,8,completed,1,2
105730,1270,15,completed,1,4
105730,1220,16,completed,1,4
105730,1343,17,completed,0,4
105730,1272,18,completed,1,4
105730,1169,36,pending,1,8
105730,376,37,pending,0,8
105730,163,38,pending,0,8
105730,1189,39,pending,1,8
106470,1606,10,pending,0,3
106470,1333,11,pending,1,3
106470,1326,12,pending,1,3
106470,1321,5,completed,1,2
106470,1323,6,completed,1,2
106470,1331,7,completed,1,2
106470,1466,8,completed,0,2
106470,994,9,completed,0,2
106470,1286,13,pending,0,3
106470,1334,14,pending,1,3
106470,1327,15,pending,1,4
106470,1337,16,pending,1,4
106470,923,17,pending,0,4
106470,1343,18,pending,1,4
106470,1221,19,pending,0,4
106470,1344,20,pending,1,5
106470,794,21,pending,0,5
106470,1347,22,pending,1,5
106470,505,23,pending,0,5
106470,1354,24,pending,1,5
106470,1520,25,pending,0,6
106470,1358,26,pending,1,6
106470,1360,27,pending,1,6
106470,1361,28,pending,1,6
106470,747,29,pending,0,6
106470,1531,30,pending,0,7
106470,1368,31,pending,1,7
106470,1372,32,pending,1,7
106470,1373,33,pending,1,7
106470,1375,34,pending,1,7
106470,1382,35,pending,1,8
106470,1383,36,pending,1,8
106470,374,37,pending,0,8
106470,1572,38,pending,0,8
106470,380,39,pending,0,8
105752,102,20,pending,0,5
105752,1353,21,pending,1,5
105752,1355,22,pending,1,5
105752,1360,23,pending,1,5
105752,118,24,pending,0,5
105752,441,25,pending,0,6
105752,1368,26,pending,1,6
105752,1369,27,pending,1,6
105752,754,28,pending,0,6
105752,1370,29,pending,1,6
105752,1371,30,pending,1,7
105752,1372,31,pending,1,7
105752,1373,32,pending,1,7
105752,1374,33,pending,1,7
105752,345,34,pending,0,7
105752,760,35,pending,0,8
105752,1378,36,pending,1,8
105752,1379,37,pending,1,8
105752,372,38,pending,0,8
105752,860,39,pending,0,8
105752,1331,5,completed,1,2
105752,58,6,completed,0,2
105752,1677,7,completed,0,2
105752,1332,8,completed,1,2
105752,1702,9,completed,0,2
105752,1339,15,completed,1,4
105752,725,16,completed,0,4
105752,1341,17,completed,1,4
105752,1344,18,completed,1,4
105752,1345,19,completed,1,4
105757,1005,20,pending,0,5
105757,1297,21,pending,1,5
105757,887,22,pending,0,5
105757,1300,23,pending,1,5
105757,1301,24,pending,1,5
105757,1505,25,pending,0,6
105757,1305,26,pending,1,6
105757,1306,27,pending,1,6
105757,1310,28,pending,1,6
105757,1311,29,pending,1,6
105757,1312,30,pending,1,7
105757,1313,31,pending,1,7
105757,1025,32,pending,0,7
105757,518,33,pending,0,7
105757,342,34,pending,0,7
105757,533,35,pending,0,8
105757,1552,36,pending,0,8
105757,148,37,pending,0,8
105757,153,38,pending,0,8
105757,1182,39,pending,0,8
105757,1290,5,completed,1,2
105757,1283,6,completed,1,2
105757,1279,7,completed,1,2
105757,1582,8,completed,0,2
105757,1597,9,completed,0,2
105762,1012,20,pending,0,5
105762,1272,21,pending,0,5
105762,1123,22,pending,0,5
105762,1510,23,pending,0,5
105762,1020,24,pending,0,5
105762,1357,25,pending,0,6
105762,595,26,pending,0,6
105762,518,27,pending,0,6
105762,814,28,pending,0,6
105762,342,29,pending,0,6
105762,133,30,pending,0,7
105762,1545,31,pending,0,7
105762,1548,32,pending,0,7
105762,357,33,pending,0,7
105762,362,34,pending,0,7
105762,978,35,pending,0,8
105762,470,36,pending,0,8
105762,1177,37,pending,0,8
105762,854,38,pending,0,8
105762,856,39,pending,0,8
106472,250,10,pending,0,3
106472,208,11,pending,0,3
106472,1399,12,pending,0,3
106472,177,13,pending,0,3
106472,231,14,pending,0,3
106472,881,15,pending,0,4
106472,1047,16,pending,0,4
106472,1409,17,pending,0,4
106472,1115,18,pending,0,4
106472,924,19,pending,0,4
105762,1458,5,completed,0,2
105762,63,6,completed,0,2
105762,1207,7,completed,0,2
105762,1200,8,completed,0,2
105762,398,9,completed,0,2
105762,1060,10,completed,0,3
105762,1482,11,completed,0,3
105762,1701,12,completed,0,3
106472,83,5,completed,0,2
106472,268,6,completed,0,2
106472,53,7,completed,0,2
106472,1279,8,completed,0,2
106472,1433,9,completed,0,2
105762,297,15,completed,0,4
105762,721,16,completed,0,4
105762,922,17,completed,0,4
105762,926,18,completed,0,4
105762,1079,19,completed,0,4
106472,576,20,pending,0,5
106472,1119,21,pending,0,5
106472,97,22,pending,0,5
106472,796,23,pending,0,5
106472,508,24,pending,0,5
106472,429,25,pending,0,6
106472,1521,26,pending,0,6
106472,330,27,pending,0,6
106472,811,28,pending,0,6
106472,529,29,pending,0,6
106472,447,30,pending,0,7
106472,1538,31,pending,0,7
106472,533,32,pending,0,7
106472,536,33,pending,0,7
106472,1546,34,pending,0,7
106472,1548,35,pending,0,8
106472,152,36,pending,0,8
106472,1562,37,pending,0,8
106472,850,38,pending,0,8
106472,381,39,pending,0,8
105778,1215,20,pending,1,5
105778,1219,21,pending,1,5
105778,1271,22,pending,1,5
105778,793,23,pending,0,5
105778,1125,24,pending,1,5
105778,1227,25,pending,1,6
105778,1236,26,pending,1,6
105778,438,27,pending,0,6
105778,1528,28,pending,0,6
105778,603,29,pending,0,6
105778,753,30,pending,0,7
105778,455,31,pending,0,7
105778,354,32,pending,0,7
105778,1165,33,pending,1,7
105778,1554,34,pending,0,7
105778,1171,35,pending,1,8
105778,1177,36,pending,1,8
105778,1180,37,pending,1,8
105778,1187,38,pending,1,8
105778,1189,39,pending,1,8
105778,1199,5,completed,1,2
105778,1282,6,completed,0,2
105778,1207,7,completed,1,2
105778,1096,8,completed,1,2
105778,1687,9,completed,0,2
105778,1260,15,completed,1,4
105778,1210,16,completed,1,4
105778,1112,17,completed,1,4
105778,571,18,completed,0,4
105781,200,20,pending,0,5
105781,1349,21,pending,1,5
105781,201,22,pending,0,5
105781,1351,23,pending,1,5
105781,1353,24,pending,1,5
105781,1628,25,pending,0,6
105781,1357,26,pending,1,6
105781,113,27,pending,0,6
105781,1634,28,pending,0,6
105781,1364,29,pending,1,6
105781,1365,30,pending,1,7
105781,1366,31,pending,1,7
105781,1368,32,pending,1,7
105781,1369,33,pending,1,7
105781,1376,34,pending,1,7
105781,828,35,pending,0,8
105781,351,36,pending,0,8
105781,1383,37,pending,1,8
105781,1386,38,pending,1,8
105781,1563,39,pending,0,8
105781,1318,5,completed,1,2
105781,1330,6,completed,1,2
105781,1319,7,completed,1,2
105781,27,8,completed,0,2
105781,1440,9,completed,0,2
105781,1324,10,completed,1,3
105781,1327,15,completed,1,4
105781,1335,16,completed,1,4
105781,920,17,completed,0,4
105781,1341,18,completed,1,4
105781,1346,19,completed,1,4
105787,1295,20,pending,1,5
105787,1296,21,pending,1,5
105787,671,22,pending,0,5
105787,1299,23,pending,1,5
105787,1301,24,pending,1,5
105787,416,25,pending,0,6
105787,1219,26,pending,0,6
105787,1302,27,pending,1,6
105787,1304,28,pending,1,6
105787,1306,29,pending,1,6
105787,1309,30,pending,1,7
105787,1310,31,pending,1,7
105787,1311,32,pending,1,7
105787,1352,33,pending,0,7
105787,1313,34,pending,1,7
105787,326,35,pending,0,8
105787,605,36,pending,0,8
105787,1162,37,pending,0,8
105787,542,38,pending,0,8
105787,545,39,pending,0,8
105787,1281,5,completed,1,2
105787,1277,6,completed,1,2
105787,1480,7,completed,0,2
105787,1282,8,completed,1,2
105787,1292,15,completed,1,4
105787,1285,16,completed,1,4
105805,97,20,pending,0,5
105805,1344,21,pending,1,5
105805,1352,22,pending,1,5
105805,1353,23,pending,1,5
105805,1023,24,pending,0,5
105805,1355,25,pending,1,6
105805,803,26,pending,0,6
105805,1360,27,pending,1,6
105805,945,28,pending,0,6
105805,1364,29,pending,1,6
105805,439,30,pending,0,7
105805,1367,31,pending,1,7
105805,815,32,pending,0,7
105805,124,33,pending,0,7
105805,1374,34,pending,1,7
105805,1375,35,pending,1,8
105805,456,36,pending,0,8
105805,1382,37,pending,1,8
105805,1550,38,pending,0,8
105805,374,39,pending,0,8
105805,1322,5,completed,1,2
105805,1318,6,completed,1,2
105805,1330,7,completed,1,2
105805,1290,8,completed,0,2
105805,1323,9,completed,1,2
105805,1320,10,completed,1,3
105805,1327,15,completed,1,4
105805,1336,16,completed,1,4
105805,1337,17,completed,1,4
105805,1341,18,completed,1,4
105805,1343,19,completed,1,4
106478,993,10,pending,0,3
106478,212,11,pending,0,3
106478,877,5,completed,0,2
106478,1439,6,completed,0,2
106478,275,7,completed,0,2
106478,715,8,completed,0,2
106478,1097,9,completed,1,2
106478,1202,12,pending,1,3
106478,1253,13,pending,1,3
106478,1261,14,pending,1,3
106478,1204,15,pending,1,4
106478,1212,16,pending,1,4
106478,574,17,pending,0,4
106478,1272,18,pending,1,4
106478,1222,19,pending,1,4
106478,1123,20,pending,1,5
106478,730,21,pending,0,5
106478,1124,22,pending,1,5
106478,1128,23,pending,1,5
106478,1129,24,pending,1,5
106478,1130,25,pending,1,6
106478,1230,26,pending,1,6
106478,1231,27,pending,1,6
106478,1232,28,pending,1,6
106478,1135,29,pending,1,6
106478,1526,30,pending,0,7
106478,441,31,pending,0,7
106478,953,32,pending,0,7
106478,1150,33,pending,1,7
106478,458,34,pending,0,7
106478,1162,35,pending,1,8
106478,1164,36,pending,1,8
105824,1296,20,pending,0,5
105824,1410,21,pending,1,5
105824,1411,22,pending,1,5
105824,1413,23,pending,1,5
105824,1414,24,pending,1,5
105824,94,25,pending,0,6
105824,1415,26,pending,1,6
105824,1416,27,pending,1,6
105824,1343,28,pending,0,6
105824,1418,29,pending,1,6
105824,1420,30,pending,1,7
105824,1421,31,pending,1,7
105824,1313,32,pending,0,7
105824,109,33,pending,0,7
105824,1633,34,pending,0,7
105824,807,35,pending,0,8
105824,746,36,pending,0,8
105824,1527,37,pending,0,8
105824,1371,38,pending,0,8
105824,1372,39,pending,0,8
106478,1166,37,pending,1,8
106478,1167,38,pending,1,8
106478,1191,39,pending,1,8
105824,1395,5,completed,1,2
105824,1256,6,completed,0,2
105824,1066,7,completed,0,2
105824,1403,8,completed,1,2
105824,1392,9,completed,1,2
105824,1406,15,completed,1,4
105824,1399,16,completed,1,4
105824,1407,17,completed,1,4
105824,1401,18,completed,1,4
105824,1409,19,completed,1,4
105850,1297,20,pending,1,5
105850,1447,21,pending,0,5
105850,1076,22,pending,0,5
105850,1299,23,pending,1,5
105850,1300,24,pending,1,5
105850,1301,25,pending,1,6
105850,1304,26,pending,1,6
105850,1508,27,pending,0,6
105850,1305,28,pending,1,6
105850,316,29,pending,0,6
105850,1307,30,pending,1,7
105850,1309,31,pending,1,7
105850,1310,32,pending,1,7
105850,1311,33,pending,1,7
105850,1313,34,pending,1,7
105850,1022,35,pending,0,8
105850,1143,36,pending,0,8
105850,525,37,pending,0,8
105850,969,38,pending,0,8
105850,378,39,pending,0,8
105850,1289,5,completed,1,2
105850,288,6,completed,0,2
105850,21,7,completed,0,2
105850,1279,8,completed,1,2
105850,237,9,completed,0,2
105850,1293,15,completed,1,4
105850,1294,16,completed,1,4
105850,1287,17,completed,1,4
105850,1295,18,completed,1,4
106484,1684,5,completed,0,2
106484,1289,6,completed,1,2
106484,1602,7,completed,0,2
106484,269,10,pending,0,3
106484,1284,11,pending,1,3
106484,32,12,pending,0,3
106484,709,13,pending,0,3
106484,1280,14,pending,1,3
106484,1292,15,pending,1,4
106484,1285,16,pending,1,4
106484,16,17,pending,0,4
106484,1293,18,pending,1,4
106484,1286,19,pending,1,4
106484,1294,20,pending,1,5
106484,1287,21,pending,1,5
106484,1296,22,pending,1,5
106484,1297,23,pending,1,5
106484,1299,24,pending,1,5
106484,1300,25,pending,1,6
105867,1426,5,completed,0,2
106484,1290,8,completed,1,2
106484,1279,9,completed,1,2
105867,1399,15,completed,1,4
105867,1400,16,completed,1,4
105867,1410,20,pending,1,5
105867,1411,21,pending,1,5
105867,1414,22,pending,1,5
105867,1415,23,pending,1,5
105867,1416,24,pending,1,5
105867,1417,25,pending,1,6
105867,1418,26,pending,1,6
105867,1420,27,pending,1,6
105867,1421,28,pending,1,6
105867,1422,29,pending,1,6
105867,797,30,pending,0,7
105867,436,31,pending,0,7
105867,520,32,pending,0,7
105867,122,33,pending,0,7
105867,1371,34,pending,0,7
105867,1537,35,pending,0,8
105867,1154,36,pending,0,8
105867,1553,37,pending,0,8
105867,1554,38,pending,0,8
105867,860,39,pending,0,8
106484,1302,26,pending,1,6
106484,1343,27,pending,0,6
106484,313,28,pending,0,6
106484,1304,29,pending,1,6
106484,1305,30,pending,1,7
106484,1306,31,pending,1,7
106484,1309,32,pending,1,7
106484,1310,33,pending,1,7
106484,1313,34,pending,1,7
106484,749,35,pending,0,8
105869,1399,20,pending,1,5
105869,1407,21,pending,1,5
105869,1400,22,pending,1,5
105869,1408,23,pending,1,5
105869,88,24,pending,0,5
105869,1401,25,pending,1,6
105869,782,26,pending,0,6
105869,1410,27,pending,1,6
105869,1413,28,pending,1,6
105869,1415,29,pending,1,6
105869,1417,30,pending,1,7
105869,1418,31,pending,1,7
105869,579,32,pending,0,7
105869,1420,33,pending,1,7
105869,1421,34,pending,1,7
105869,1422,35,pending,1,8
105869,810,36,pending,0,8
105869,1378,37,pending,0,8
105869,1380,38,pending,0,8
105869,618,39,pending,0,8
106484,1638,36,pending,0,8
106484,1537,37,pending,0,8
106484,129,38,pending,0,8
106484,454,39,pending,0,8
105869,1479,5,completed,0,2
105869,1402,6,completed,1,2
105869,82,7,completed,0,2
105869,1395,8,completed,1,2
105869,1391,9,completed,1,2
105869,1405,15,completed,1,4
105869,1394,16,completed,1,4
105869,172,17,completed,0,4
105869,54,18,completed,0,4
105869,1406,19,completed,1,4
105872,1132,20,pending,0,5
105872,1357,21,pending,1,5
105872,1520,22,pending,0,5
105872,1358,23,pending,1,5
105872,1360,24,pending,1,5
105872,1361,25,pending,1,6
105872,947,26,pending,0,6
105872,1365,27,pending,1,6
105872,1366,28,pending,1,6
105872,1367,29,pending,1,6
105872,1369,30,pending,1,7
105872,1374,31,pending,1,7
105872,1375,32,pending,1,7
105872,1376,33,pending,1,7
105872,827,34,pending,0,7
105872,1381,35,pending,1,8
105872,149,36,pending,0,8
105872,981,37,pending,0,8
105872,1562,38,pending,0,8
105872,1185,39,pending,0,8
106485,300,10,pending,0,3
106485,1283,11,pending,1,3
106485,394,12,pending,0,3
106485,1291,13,pending,1,3
106485,654,14,pending,0,3
106485,1284,15,pending,1,4
106485,1280,16,pending,1,4
106485,28,17,pending,0,4
106485,1292,18,pending,1,4
106485,1285,19,pending,1,4
106485,408,20,pending,0,5
105872,778,5,completed,0,2
105872,1324,6,completed,1,2
105872,1320,7,completed,1,2
105872,1332,8,completed,1,2
105872,16,9,completed,0,2
105872,1325,10,completed,1,3
105872,1326,11,completed,1,3
105872,712,12,completed,0,3
105872,673,13,completed,0,3
106485,243,5,completed,0,2
106485,1289,6,completed,1,2
106485,1282,7,completed,1,2
106485,664,8,completed,0,2
106485,1290,9,completed,1,2
105872,1344,15,completed,1,4
105872,1346,16,completed,1,4
105872,422,17,completed,0,4
105872,1351,18,completed,1,4
105872,1352,19,completed,1,4
106485,1286,21,pending,1,5
106485,1287,22,pending,1,5
106485,1295,23,pending,1,5
106485,1445,24,pending,0,5
106485,1296,25,pending,1,6
106485,1297,26,pending,1,6
106485,786,27,pending,0,6
106485,1301,28,pending,1,6
106485,1302,29,pending,1,6
106485,1305,30,pending,1,7
106485,1307,31,pending,1,7
106485,733,32,pending,0,7
106485,1309,33,pending,1,7
106485,1310,34,pending,1,7
106485,507,35,pending,0,8
106485,1311,36,pending,1,8
106485,1313,37,pending,1,8
106485,803,38,pending,0,8
106485,532,39,pending,0,8
105895,673,20,pending,0,5
105895,1301,21,pending,1,5
105895,1302,22,pending,1,5
105895,195,23,pending,0,5
105895,1271,24,pending,0,5
105895,1304,25,pending,1,6
105895,1305,26,pending,1,6
105895,198,27,pending,0,6
105895,1346,28,pending,0,6
105895,1306,29,pending,1,6
105895,1309,30,pending,1,7
105895,319,31,pending,0,7
105895,1310,32,pending,1,7
105895,1311,33,pending,1,7
105895,1312,34,pending,1,7
105895,1313,35,pending,1,8
105895,747,36,pending,0,8
105895,357,37,pending,0,8
105895,1662,38,pending,0,8
105895,645,39,pending,0,8
105895,1289,5,completed,1,2
105895,56,6,completed,0,2
105895,1101,7,completed,0,2
105895,14,8,completed,0,2
105895,1283,9,completed,1,2
105895,1292,15,completed,1,4
105895,1285,16,completed,1,4
105895,1293,17,completed,1,4
105895,1287,18,completed,1,4
105895,1295,19,completed,1,4
105906,1296,20,pending,1,5
105906,1297,21,pending,1,5
105906,1299,22,pending,1,5
105906,1300,23,pending,1,5
105906,1301,24,pending,1,5
105906,1302,25,pending,1,6
105906,793,26,pending,0,6
105906,1306,27,pending,1,6
105906,1310,28,pending,1,6
105906,1311,29,pending,1,6
105906,1312,30,pending,1,7
105906,1313,31,pending,1,7
105906,1636,32,pending,0,7
105906,521,33,pending,0,7
105906,1378,34,pending,0,7
105906,1654,35,pending,0,8
105906,540,36,pending,0,8
105906,144,37,pending,0,8
105906,633,38,pending,0,8
105906,860,39,pending,0,8
105906,1321,5,completed,0,2
105906,1289,6,completed,1,2
105906,1471,7,completed,0,2
105906,1290,8,completed,1,2
105906,1283,9,completed,1,2
105906,1294,15,completed,1,4
105906,1295,16,completed,1,4
105906,570,17,completed,0,4
105906,411,18,completed,0,4
105925,674,20,pending,0,5
105925,1118,21,pending,1,5
105925,1119,22,pending,1,5
105925,1121,23,pending,1,5
105925,1123,24,pending,1,5
105925,1273,25,pending,1,6
105925,1125,26,pending,1,6
105925,1227,27,pending,1,6
105925,740,28,pending,0,6
105925,1134,29,pending,1,6
105925,432,30,pending,0,7
105925,1630,31,pending,0,7
105925,1139,32,pending,1,7
105925,1239,33,pending,1,7
105925,1147,34,pending,1,7
105925,1534,35,pending,0,8
105925,1153,36,pending,1,8
105925,1154,37,pending,1,8
105925,1169,38,pending,1,8
105925,1170,39,pending,1,8
105927,1295,20,pending,1,5
105927,43,21,pending,0,5
105927,1296,22,pending,1,5
105927,1297,23,pending,1,5
105927,1300,24,pending,1,5
105927,1301,25,pending,1,6
105927,1219,26,pending,0,6
105927,728,27,pending,0,6
105925,1245,5,completed,1,2
105925,486,6,completed,0,2
105925,1580,7,completed,0,2
105925,1200,8,completed,1,2
105925,1246,9,completed,1,2
105927,1282,5,completed,1,2
105927,1471,6,completed,0,2
105927,1283,7,completed,1,2
105927,175,8,completed,0,2
105925,711,15,completed,0,4
105925,1262,16,completed,1,4
105925,1295,17,completed,0,4
105925,1412,18,completed,0,4
105927,1304,28,pending,1,6
105927,1305,29,pending,1,6
105927,581,30,pending,0,7
105927,1307,31,pending,1,7
105927,1309,32,pending,1,7
105927,797,33,pending,0,7
105927,1310,34,pending,1,7
105927,1311,35,pending,1,8
105927,321,36,pending,0,8
105927,1313,37,pending,1,8
105927,1238,38,pending,0,8
105927,836,39,pending,0,8
106493,564,5,completed,0,2
106493,479,6,completed,0,2
106493,1291,10,pending,0,3
106493,1681,11,pending,0,3
106493,1702,12,pending,0,3
106493,67,13,pending,0,3
106493,186,14,pending,0,3
106493,272,15,pending,0,4
106493,1608,16,pending,0,4
106493,670,17,pending,0,4
106493,784,18,pending,0,4
106493,1339,19,pending,0,4
106493,1612,20,pending,0,5
106493,47,21,pending,0,5
106493,263,7,completed,0,2
106493,1676,8,completed,0,2
106493,73,9,completed,0,2
106493,577,22,pending,0,5
106493,500,23,pending,0,5
106493,1221,24,pending,0,5
106493,319,25,pending,0,6
106493,800,26,pending,0,6
105944,735,20,pending,0,5
105944,1514,21,pending,0,5
105944,1233,22,pending,1,5
105944,591,23,pending,0,5
105944,804,24,pending,0,5
105944,1235,25,pending,1,6
105944,1137,26,pending,1,6
105944,1239,27,pending,1,6
105944,1241,28,pending,1,6
105944,1142,29,pending,1,6
105944,1143,30,pending,1,7
105944,337,31,pending,0,7
105944,1148,32,pending,1,7
105944,1153,33,pending,1,7
105944,1164,34,pending,1,7
105944,1165,35,pending,1,8
105944,1174,36,pending,1,8
105944,1177,37,pending,1,8
105944,851,38,pending,0,8
105944,1190,39,pending,1,8
106493,588,27,pending,0,6
106493,1357,28,pending,0,6
106493,515,29,pending,0,6
106493,946,30,pending,0,7
106493,532,31,pending,0,7
106493,455,32,pending,0,7
106493,543,33,pending,0,7
106493,1550,34,pending,0,7
106493,147,35,pending,0,8
106493,841,36,pending,0,8
105946,1407,20,pending,1,5
105946,178,21,pending,0,5
105946,1408,22,pending,1,5
105946,1401,23,pending,1,5
105946,1410,24,pending,1,5
105946,1412,25,pending,1,6
105946,1413,26,pending,1,6
105946,94,27,pending,0,6
105946,1414,28,pending,1,6
105946,1416,29,pending,1,6
105946,1418,30,pending,1,7
105946,1420,31,pending,1,7
105946,595,32,pending,0,7
105946,1142,33,pending,0,7
105946,1365,34,pending,0,7
105946,1534,35,pending,0,8
105946,1152,36,pending,0,8
105946,1546,37,pending,0,8
105946,831,38,pending,0,8
105946,544,39,pending,0,8
106493,151,37,pending,0,8
106493,633,38,pending,0,8
106493,376,39,pending,0,8
105944,1443,15,completed,0,4
105944,1262,16,completed,1,4
105944,1107,5,completed,1,2
105944,1207,6,completed,1,2
105944,244,7,completed,0,2
105944,1251,8,completed,1,2
105944,1201,9,completed,1,2
105946,913,5,completed,0,2
105946,1395,6,completed,1,2
105946,1391,7,completed,1,2
105946,776,8,completed,0,2
105946,1403,9,completed,1,2
105944,1197,10,completed,1,3
105944,15,11,completed,0,3
105944,1269,17,completed,1,4
105944,1416,18,completed,0,4
105944,1223,19,completed,1,4
105946,1592,15,completed,0,4
105946,1405,16,completed,1,4
105946,1394,17,completed,1,4
105946,1406,18,completed,1,4
105950,1299,20,pending,0,5
105950,1339,21,pending,0,5
105950,309,22,pending,0,5
105950,94,23,pending,0,5
105950,1120,24,pending,0,5
105950,1506,25,pending,0,6
105950,1507,26,pending,0,6
105950,1625,27,pending,0,6
105950,1352,28,pending,0,6
105950,1131,29,pending,0,6
105950,1532,30,pending,0,7
105950,344,31,pending,0,7
105950,609,32,pending,0,7
105950,449,33,pending,0,7
105950,1540,34,pending,0,7
105950,350,35,pending,0,8
105950,1660,36,pending,0,8
105950,361,37,pending,0,8
105950,147,38,pending,0,8
105950,382,39,pending,0,8
105951,1266,20,pending,1,5
105951,1117,21,pending,1,5
105951,1267,22,pending,1,5
105951,1119,23,pending,1,5
105951,1124,24,pending,1,5
105951,796,25,pending,0,6
105951,797,26,pending,0,6
105951,1129,27,pending,1,6
105950,1458,5,completed,0,2
105950,902,6,completed,0,2
105950,777,7,completed,0,2
105950,1581,8,completed,0,2
105950,1432,9,completed,0,2
105951,1107,5,completed,1,2
105951,1329,6,completed,0,2
105951,1250,7,completed,1,2
105951,236,8,completed,0,2
105950,1205,15,completed,0,4
105950,492,16,completed,0,4
105950,1409,17,completed,0,4
105950,411,18,completed,0,4
105951,321,28,pending,0,6
105951,1238,29,pending,1,6
105951,1241,30,pending,1,7
105951,1148,31,pending,1,7
105951,1151,32,pending,1,7
105951,531,33,pending,0,7
105951,821,34,pending,0,7
105951,1166,35,pending,1,8
105951,1179,36,pending,1,8
105951,155,37,pending,0,8
105951,642,38,pending,0,8
105951,860,39,pending,0,8
104019,1090,0,completed,1,1
104019,1683,1,completed,0,1
104019,1091,2,completed,1,1
104019,1690,3,completed,0,1
104019,1099,4,completed,0,1
104020,1388,0,completed,1,1
104020,1390,1,completed,1,1
104020,24,2,completed,0,1
104020,1402,3,completed,1,1
104020,1395,4,completed,1,1
104046,48,0,completed,0,1
104046,1315,1,completed,1,1
104046,986,2,completed,0,1
104046,181,3,completed,0,1
104046,1329,4,completed,1,1
104057,1315,0,completed,1,1
104057,1316,1,completed,1,1
104057,1328,2,completed,1,1
104057,764,3,completed,0,1
104057,1463,4,completed,0,1
104066,1316,0,completed,1,1
104066,1200,1,completed,0,1
104066,765,2,completed,0,1
104066,1675,3,completed,0,1
104066,1330,4,completed,1,1
104070,549,0,completed,0,1
104070,252,1,completed,0,1
104070,1315,2,completed,1,1
104070,203,3,completed,0,1
104070,1321,4,completed,1,1
104094,1274,0,completed,1,1
104094,1402,1,completed,0,1
104094,1281,2,completed,1,1
104094,1277,3,completed,1,1
104094,1289,4,completed,1,1
104105,284,0,completed,0,1
104105,1274,1,completed,0,1
104105,1090,2,completed,1,1
104105,1091,3,completed,1,1
104105,655,4,completed,0,1
104109,1275,0,completed,1,1
104109,261,1,completed,0,1
104109,1594,2,completed,0,1
104109,1281,3,completed,1,1
104109,1289,4,completed,1,1
104121,1274,0,completed,1,1
104121,1275,1,completed,1,1
104121,776,2,completed,0,1
104121,1282,3,completed,1,1
104121,1290,4,completed,1,1
104161,1192,0,completed,1,1
104161,1256,1,completed,1,1
104161,664,2,completed,0,1
104161,707,3,completed,0,1
104161,1055,4,completed,0,1
104167,1274,0,completed,1,1
104167,663,1,completed,0,1
104167,1277,2,completed,1,1
104167,1037,3,completed,0,1
104167,1289,4,completed,1,1
104176,1455,0,completed,0,1
104176,1274,1,completed,1,1
104176,761,2,completed,0,1
104176,1281,3,completed,1,1
104176,8,4,completed,0,1
104189,68,0,completed,0,1
104189,1328,1,completed,1,1
104189,1321,2,completed,1,1
104189,1318,3,completed,1,1
104189,1290,4,completed,0,1
104197,1192,0,completed,1,1
104197,273,1,completed,0,1
104197,1194,2,completed,1,1
104197,8,3,completed,0,1
104197,486,4,completed,0,1
104206,1314,0,completed,1,1
104206,1578,1,completed,0,1
104206,1583,2,completed,0,1
104206,1316,3,completed,1,1
104206,1328,4,completed,1,1
104231,1193,0,completed,1,1
104231,1316,1,completed,0,1
104231,1107,2,completed,1,1
104231,479,3,completed,0,1
104231,1200,4,completed,1,1
104245,1248,0,completed,1,1
104245,1094,1,completed,1,1
104245,997,2,completed,0,1
104245,1037,3,completed,0,1
104245,287,4,completed,0,1
104257,1090,0,completed,1,1
104257,1091,1,completed,1,1
104257,663,2,completed,0,1
104257,1584,3,completed,0,1
104257,914,4,completed,0,1
104270,1388,0,completed,1,1
104270,1577,1,completed,0,1
104270,1684,2,completed,0,1
104270,1390,3,completed,1,1
104270,7,4,completed,0,1
104278,1193,0,completed,1,1
104278,1583,1,completed,0,1
104278,273,2,completed,0,1
104278,173,3,completed,0,1
104278,1206,4,completed,1,1
104297,1274,0,completed,1,1
104297,1242,1,completed,0,1
104297,1577,2,completed,0,1
104297,1275,3,completed,1,1
104297,1194,4,completed,0,1
104299,1388,0,completed,1,1
104299,1093,1,completed,0,1
104299,1389,2,completed,1,1
104299,650,3,completed,0,1
104299,1390,4,completed,1,1
104319,1242,0,completed,1,1
104319,7,1,completed,0,1
104319,1194,2,completed,1,1
104319,713,3,completed,0,1
104319,1206,4,completed,1,1
104331,1388,0,completed,1,1
104331,69,1,completed,0,1
104331,1389,2,completed,1,1
104331,1053,3,completed,0,1
104331,1390,4,completed,1,1
104346,1388,0,completed,1,1
104346,1389,1,completed,1,1
104346,1390,2,completed,1,1
104346,1402,3,completed,1,1
104346,1395,4,completed,1,1
104354,1090,0,completed,1,1
104354,1314,1,completed,0,1
104354,1092,2,completed,0,1
104354,1091,3,completed,1,1
104354,650,4,completed,0,1
104362,1388,0,completed,1,1
104362,1389,1,completed,1,1
104362,1094,2,completed,0,1
104362,1390,3,completed,1,1
104362,1402,4,completed,1,1
104387,1455,0,completed,0,1
104387,1389,1,completed,1,1
104387,167,2,completed,0,1
104387,1390,3,completed,1,1
104387,391,4,completed,0,1
104393,1274,0,completed,1,1
104393,1093,1,completed,0,1
104393,1053,2,completed,0,1
104393,1281,3,completed,1,1
104393,1277,4,completed,1,1
104399,1090,0,completed,1,1
104399,384,1,completed,0,1
104399,1091,2,completed,1,1
104399,258,3,completed,0,1
104399,1686,4,completed,0,1
104409,1388,0,completed,1,1
104409,1390,1,completed,1,1
104409,1402,2,completed,1,1
104409,1395,3,completed,1,1
104409,1321,4,completed,0,1
104423,390,0,completed,0,1
104423,868,1,completed,0,1
104423,1277,2,completed,1,1
104423,1245,3,completed,0,1
104423,1485,4,completed,0,1
104425,1090,0,completed,1,1
104425,49,1,completed,0,1
104425,1091,2,completed,1,1
104425,222,3,completed,0,1
104425,875,4,completed,0,1
104434,49,0,completed,0,1
104434,1390,1,completed,1,1
104434,1402,2,completed,1,1
104434,1395,3,completed,1,1
104434,1391,4,completed,1,1
104436,1193,0,completed,1,1
104436,1248,1,completed,1,1
104436,1095,2,completed,1,1
104436,1038,3,completed,0,1
104436,1039,4,completed,0,1
104442,1274,0,completed,1,1
104442,1275,1,completed,1,1
104442,1709,2,completed,0,1
104442,1673,3,completed,0,1
104442,1714,4,completed,0,1
104446,1316,0,completed,1,1
104446,1321,1,completed,1,1
104446,1426,2,completed,0,1
104446,998,3,completed,0,1
104446,1322,4,completed,1,1
104448,1090,0,completed,1,1
104448,68,1,completed,0,1
104448,1091,2,completed,1,1
104448,1093,3,completed,0,1
104448,261,4,completed,0,1
104449,1274,0,completed,1,1
104449,1275,1,completed,1,1
104449,1457,2,completed,0,1
104449,1721,3,completed,0,1
104449,1054,4,completed,0,1
104453,1274,0,completed,1,1
104453,1275,1,completed,1,1
104453,1281,2,completed,1,1
104453,1277,3,completed,1,1
104453,776,4,completed,0,1
104466,1388,0,completed,0,1
104466,1090,1,completed,1,1
104466,1091,2,completed,1,1
104466,551,3,completed,0,1
104466,1705,4,completed,0,1
104468,6,0,completed,0,1
104468,1193,1,completed,1,1
104468,1099,2,completed,1,1
104468,1199,3,completed,1,1
104468,205,4,completed,0,1
104483,1314,0,completed,1,1
104483,1692,1,completed,0,1
104483,1316,2,completed,1,1
104483,875,3,completed,0,1
104483,1318,4,completed,1,1
104484,1388,0,completed,1,1
104484,1389,1,completed,1,1
104484,762,2,completed,0,1
104484,1390,3,completed,1,1
104484,1402,4,completed,1,1
104488,1316,0,completed,1,1
104488,1328,1,completed,1,1
104488,1256,2,completed,0,1
104488,1329,3,completed,1,1
104488,1470,4,completed,0,1
104491,1274,0,completed,1,1
104491,1275,1,completed,1,1
104491,1583,2,completed,0,1
104491,1281,3,completed,1,1
104491,1277,4,completed,1,1
104495,1389,0,completed,1,1
104495,1672,1,completed,0,1
104495,1390,2,completed,1,1
104495,1402,3,completed,1,1
104495,75,4,completed,0,1
104498,1314,0,completed,1,1
104498,1316,1,completed,1,1
104498,50,2,completed,0,1
104498,914,3,completed,0,1
104498,37,4,completed,0,1
104507,1389,0,completed,1,1
104507,1390,1,completed,1,1
104507,1402,2,completed,1,1
104507,1469,3,completed,0,1
104507,1395,4,completed,1,1
104515,1274,0,completed,1,1
104515,1275,1,completed,1,1
104515,391,2,completed,0,1
104515,1281,3,completed,1,1
104515,1277,4,completed,1,1
104517,1314,0,completed,1,1
104517,1328,1,completed,1,1
104517,1395,2,completed,0,1
104517,396,3,completed,0,1
104517,287,4,completed,0,1
104527,1437,0,completed,0,1
104527,1328,1,completed,1,1
104527,72,2,completed,0,1
104527,1330,3,completed,1,1
104527,1319,4,completed,1,1
104528,166,0,completed,0,1
104528,1090,1,completed,1,1
104528,861,2,completed,0,1
104528,1683,3,completed,0,1
104528,1091,4,completed,1,1
104546,1092,0,completed,1,1
104546,1243,1,completed,1,1
104546,298,2,completed,0,1
104546,12,3,completed,0,1
104546,656,4,completed,0,1
104547,1274,0,completed,1,1
104547,1275,1,completed,1,1
104547,985,2,completed,0,1
104547,1281,3,completed,1,1
104547,1277,4,completed,1,1
104551,1242,0,completed,1,1
104551,649,1,completed,0,1
104551,1094,2,completed,1,1
104551,1678,3,completed,0,1
104551,1249,4,completed,1,1
104561,1090,0,completed,1,1
104561,1091,1,completed,1,1
104561,906,2,completed,0,1
104561,486,3,completed,0,1
104561,1396,4,completed,0,1
104578,1314,0,completed,1,1
104578,23,1,completed,0,1
104578,168,2,completed,0,1
104578,1321,3,completed,1,1
104578,1329,4,completed,1,1
104582,1090,0,completed,1,1
104582,649,1,completed,0,1
104582,1091,2,completed,1,1
104582,50,3,completed,0,1
104582,62,4,completed,0,1
104590,389,0,completed,0,1
104590,1090,1,completed,1,1
104590,1091,2,completed,1,1
104590,49,3,completed,0,1
104590,24,4,completed,0,1
104597,1090,0,completed,1,1
104597,390,1,completed,0,1
104597,1672,2,completed,0,1
104597,1091,3,completed,1,1
104597,50,4,completed,0,1
104607,1587,0,completed,0,1
104607,1192,1,completed,1,1
104607,1093,2,completed,1,1
104607,241,3,completed,0,1
104607,1673,4,completed,0,1
104620,1314,0,completed,0,1
104620,1092,1,completed,1,1
104620,1249,2,completed,1,1
104620,1095,3,completed,1,1
104620,25,4,completed,0,1
104626,1691,0,completed,0,1
104626,1707,1,completed,0,1
104626,1090,2,completed,1,1
104626,1091,3,completed,1,1
104626,385,4,completed,0,1
104637,1274,0,completed,1,1
104637,1588,1,completed,0,1
104637,1275,2,completed,1,1
104637,701,3,completed,0,1
104637,1469,4,completed,0,1
104641,1274,0,completed,1,1
104641,1275,1,completed,1,1
104641,1206,2,completed,0,1
104641,1277,3,completed,1,1
104641,71,4,completed,0,1
104645,761,0,completed,0,1
104645,1691,1,completed,0,1
104645,1090,2,completed,1,1
104645,1091,3,completed,1,1
104645,985,4,completed,0,1
104647,23,0,completed,0,1
104647,1275,1,completed,1,1
104647,1281,2,completed,1,1
104647,37,3,completed,0,1
104647,1282,4,completed,1,1
104654,1275,0,completed,1,1
104654,1281,1,completed,1,1
104654,1690,2,completed,0,1
104654,1199,3,completed,0,1
104654,1277,4,completed,1,1
104657,1090,0,completed,1,1
104657,240,1,completed,0,1
104657,1,2,completed,0,1
104657,1091,3,completed,1,1
104657,298,4,completed,0,1
104671,1314,0,completed,1,1
104671,204,1,completed,0,1
104671,1328,2,completed,1,1
104671,1321,3,completed,1,1
104671,986,4,completed,0,1
104672,1274,0,completed,1,1
104672,1281,1,completed,1,1
104672,1277,2,completed,1,1
104672,1431,3,completed,0,1
104672,1290,4,completed,1,1
104690,1388,0,completed,1,1
104690,983,1,completed,0,1
104690,203,2,completed,0,1
104690,1389,3,completed,1,1
104690,1402,4,completed,1,1
104699,1577,0,completed,0,1
104699,1402,1,completed,1,1
104699,1391,2,completed,1,1
104699,552,3,completed,0,1
104699,1403,4,completed,1,1
104706,1388,0,completed,0,1
104706,24,1,completed,0,1
104706,234,2,completed,0,1
104706,206,3,completed,0,1
104706,1319,4,completed,1,1
104708,1388,0,completed,1,1
104708,1390,1,completed,1,1
104708,1395,2,completed,1,1
104708,287,3,completed,0,1
104708,1396,4,completed,1,1
104724,1388,0,completed,1,1
104724,1243,1,completed,0,1
104724,1390,2,completed,1,1
104724,1402,3,completed,1,1
104724,1395,4,completed,1,1
104733,1050,0,completed,0,1
104733,1275,1,completed,1,1
104733,298,2,completed,0,1
104733,1281,3,completed,1,1
104733,1602,4,completed,0,1
104740,1274,0,completed,1,1
104740,1708,1,completed,0,1
104740,1275,2,completed,1,1
104740,286,3,completed,0,1
104740,204,4,completed,0,1
104743,1683,0,completed,0,1
104743,1093,1,completed,1,1
104743,1243,2,completed,1,1
104743,1390,3,completed,0,1
104743,1437,4,completed,0,1
104774,1388,0,completed,1,1
104774,1050,1,completed,0,1
104774,1389,2,completed,1,1
104774,1390,3,completed,1,1
104774,1402,4,completed,1,1
104776,203,0,completed,0,1
104776,247,1,completed,0,1
104776,287,2,completed,0,1
104776,1715,3,completed,0,1
104776,1318,4,completed,1,1
104794,1,0,completed,0,1
104794,1389,1,completed,1,1
104794,1672,2,completed,0,1
104794,1390,3,completed,1,1
104794,1395,4,completed,1,1
104800,1388,0,completed,1,1
104800,202,1,completed,0,1
104800,1389,2,completed,1,1
104800,1390,3,completed,1,1
104800,253,4,completed,0,1
104807,1274,0,completed,1,1
104807,1275,1,completed,1,1
104807,1058,2,completed,0,1
104807,1277,3,completed,1,1
104807,243,4,completed,0,1
104817,1388,0,completed,1,1
104817,1390,1,completed,1,1
104817,1402,2,completed,1,1
104817,1395,3,completed,1,1
104817,1403,4,completed,1,1
104851,1707,0,completed,0,1
104851,1314,1,completed,0,1
104851,1402,2,completed,1,1
104851,1395,3,completed,1,1
104851,706,4,completed,0,1
104878,1314,0,completed,1,1
104878,1315,1,completed,1,1
104878,3,2,completed,0,1
104878,775,3,completed,0,1
104878,71,4,completed,0,1
104884,1390,0,completed,1,1
104884,3,1,completed,0,1
104884,1402,2,completed,1,1
104884,1328,3,completed,0,1
104884,868,4,completed,0,1
104902,1051,0,completed,0,1
104902,1423,1,completed,0,1
104902,1242,2,completed,1,1
104902,75,3,completed,0,1
104902,1206,4,completed,1,1
104905,1316,0,completed,0,1
104905,1094,1,completed,1,1
104905,713,2,completed,0,1
104905,1206,3,completed,1,1
104905,1249,4,completed,1,1
104915,1683,0,completed,0,1
104915,202,1,completed,0,1
104915,1242,2,completed,0,1
104915,1315,3,completed,1,1
104915,1194,4,completed,0,1
104919,1388,0,completed,1,1
104919,1389,1,completed,1,1
104919,650,2,completed,0,1
104919,1390,3,completed,1,1
104919,1402,4,completed,1,1
104925,1092,0,completed,1,1
104925,1672,1,completed,0,1
104925,49,2,completed,0,1
104925,1248,3,completed,1,1
104925,701,4,completed,0,1
104926,1315,0,completed,1,1
104926,1316,1,completed,1,1
104926,1579,2,completed,0,1
104926,1321,3,completed,1,1
104926,1590,4,completed,0,1
104957,240,0,completed,0,1
104957,1193,1,completed,1,1
104957,1248,2,completed,1,1
104957,70,3,completed,0,1
104957,205,4,completed,0,1
104964,861,0,completed,0,1
104964,1090,1,completed,1,1
104964,1091,2,completed,1,1
104964,252,3,completed,0,1
104964,1256,4,completed,0,1
104977,1090,0,completed,1,1
104977,1091,1,completed,1,1
104977,701,2,completed,0,1
104977,563,3,completed,0,1
104977,775,4,completed,0,1
104984,1090,0,completed,1,1
104984,1091,1,completed,1,1
104984,168,2,completed,0,1
104984,1053,3,completed,0,1
104984,768,4,completed,0,1
104997,1683,0,completed,0,1
104997,1274,1,completed,1,1
104997,1672,2,completed,0,1
104997,650,3,completed,0,1
104997,1491,4,completed,0,1
103000,1291,13,completed,1,3
103000,1284,14,completed,1,3
103005,662,10,completed,0,3
103005,1205,11,completed,1,3
103005,1115,12,completed,1,3
103005,413,13,completed,0,3
103005,1119,14,completed,1,3
103007,288,10,completed,0,3
103007,1055,11,completed,0,3
103007,1680,12,completed,0,3
103007,1201,13,completed,0,3
103007,909,14,completed,0,3
103009,1283,10,completed,1,3
103009,1279,11,completed,1,3
103009,1284,12,completed,1,3
103009,1713,13,completed,0,3
103009,1280,14,completed,1,3
103010,57,10,completed,0,3
103010,1700,11,completed,0,3
103010,476,12,completed,0,3
103010,1279,13,completed,0,3
103010,1068,14,completed,0,3
103011,1112,10,completed,1,3
103011,484,11,completed,0,3
103011,1262,12,completed,1,3
103011,1255,13,completed,1,3
103011,1265,14,completed,1,3
103012,1405,10,completed,1,3
103012,395,11,completed,0,3
103012,1394,12,completed,1,3
103012,246,13,completed,0,3
103012,1399,14,completed,1,3
103037,218,10,completed,0,3
103037,1323,11,completed,1,3
103037,1068,12,completed,0,3
103037,15,13,completed,0,3
103037,1320,14,completed,1,3
103039,52,10,completed,0,3
103039,182,11,completed,0,3
103039,171,12,completed,0,3
103039,406,13,completed,0,3
103039,771,14,completed,0,3
103055,1097,10,completed,1,3
103055,1712,11,completed,0,3
103055,1247,12,completed,1,3
103055,1702,13,completed,0,3
103055,16,14,completed,0,3
103066,1071,10,completed,0,3
103066,35,11,completed,0,3
103066,570,12,completed,0,3
103066,281,13,completed,0,3
103066,1297,14,completed,0,3
103068,1291,10,completed,1,3
103068,1324,11,completed,0,3
103068,1280,12,completed,1,3
103068,1045,13,completed,0,3
103068,1062,14,completed,0,3
103070,1203,10,completed,1,3
103070,1606,11,completed,0,3
103070,1599,12,completed,0,3
103070,1497,13,completed,0,3
103070,1255,14,completed,1,3
103087,1258,10,completed,1,3
103087,654,11,completed,0,3
103087,1102,12,completed,1,3
103087,1280,13,completed,0,3
103087,1260,14,completed,1,3
103097,1335,10,completed,1,3
103097,1006,11,completed,0,3
103097,1007,12,completed,0,3
103097,1266,13,completed,0,3
103097,1008,14,completed,0,3
103108,1200,10,completed,1,3
103108,244,11,completed,0,3
103108,1196,12,completed,1,3
103108,1323,13,completed,0,3
103108,1582,14,completed,0,3
103110,1480,10,completed,0,3
103110,1706,11,completed,0,3
103110,1403,12,completed,1,3
103110,1392,13,completed,1,3
103110,1404,14,completed,1,3
103116,1252,10,completed,1,3
103116,1399,11,completed,0,3
103116,1260,12,completed,1,3
103116,1261,13,completed,1,3
103116,35,14,completed,0,3
103120,1497,10,completed,0,3
103120,1205,11,completed,1,3
103120,1263,12,completed,1,3
103120,1499,13,completed,0,3
103120,1214,14,completed,1,3
103129,1001,10,completed,0,3
103129,1488,11,completed,0,3
103129,560,12,completed,0,3
103129,178,13,completed,0,3
103129,674,14,completed,0,3
103134,1392,10,completed,1,3
103134,1404,11,completed,1,3
103134,1196,12,completed,0,3
103134,1393,13,completed,1,3
103134,1405,14,completed,1,3
103135,1284,10,completed,1,3
103135,1280,11,completed,1,3
103135,1292,12,completed,1,3
103135,1285,13,completed,1,3
103135,1293,14,completed,1,3
103140,1279,10,completed,1,3
103140,566,11,completed,0,3
103140,1604,12,completed,0,3
103140,1284,13,completed,1,3
103140,28,14,completed,0,3
103148,1279,10,completed,1,3
103148,1291,11,completed,1,3
103148,1061,12,completed,0,3
103148,1280,13,completed,1,3
103148,40,14,completed,0,3
103171,178,10,completed,0,3
103171,1327,11,completed,1,3
103171,1336,12,completed,1,3
103171,1337,13,completed,1,3
103171,1339,14,completed,1,3
103191,1251,10,completed,1,3
103191,1428,11,completed,0,3
103191,1097,12,completed,1,3
103191,771,13,completed,0,3
103191,994,14,completed,0,3
103202,1334,10,completed,1,3
103202,1608,11,completed,0,3
103202,1072,12,completed,0,3
103202,1411,13,completed,0,3
103202,1337,14,completed,1,3
103213,17,10,completed,0,3
103213,279,11,completed,0,3
103213,81,12,completed,0,3
103213,402,13,completed,0,3
103213,669,14,completed,0,3
103227,907,10,completed,0,3
103227,228,11,completed,0,3
103227,15,12,completed,0,3
103227,666,13,completed,0,3
103227,232,14,completed,0,3
103234,1097,10,completed,0,3
103234,1056,11,completed,0,3
103234,1440,12,completed,0,3
103234,1068,13,completed,0,3
103234,1069,14,completed,0,3
103249,1327,10,completed,1,3
103249,1287,11,completed,0,3
103249,1448,12,completed,0,3
103249,726,13,completed,0,3
103249,1086,14,completed,0,3
103257,1398,10,completed,1,3
103257,1259,11,completed,0,3
103257,1394,12,completed,1,3
103257,1406,13,completed,1,3
103257,1399,14,completed,1,3
103258,866,10,completed,0,3
103258,709,11,completed,0,3
103258,208,12,completed,0,3
103258,33,13,completed,0,3
103258,41,14,completed,0,3
103263,1676,10,completed,0,3
103263,1604,11,completed,0,3
103263,654,12,completed,0,3
103263,1465,13,completed,0,3
103263,1259,14,completed,0,3
103275,488,10,completed,0,3
103275,1098,11,completed,0,3
103275,917,12,completed,0,3
103275,1045,13,completed,0,3
103275,880,14,completed,0,3
103297,711,10,completed,0,3
103297,1294,11,completed,0,3
103297,781,12,completed,0,3
103297,1600,13,completed,0,3
103297,297,14,completed,0,3
103300,1210,10,completed,1,3
103300,1204,11,completed,1,3
103300,88,12,completed,0,3
103300,1327,13,completed,0,3
103300,1255,14,completed,1,3
103307,85,10,completed,0,3
103307,1284,11,completed,1,3
103307,1280,12,completed,1,3
103307,1292,13,completed,1,3
103307,1285,14,completed,1,3
103339,905,10,completed,0,3
103339,767,11,completed,0,3
103339,1254,12,completed,0,3
103339,996,13,completed,0,3
103339,1262,14,completed,0,3
103340,568,10,completed,0,3
103340,1063,11,completed,0,3
103340,1261,12,completed,0,3
103340,1445,13,completed,0,3
103340,1266,14,completed,0,3
103359,1290,10,completed,1,3
103359,1283,11,completed,1,3
103359,1279,12,completed,1,3
103359,1056,13,completed,0,3
103359,1291,14,completed,1,3
103367,236,10,completed,0,3
103367,256,11,completed,0,3
103367,1712,12,completed,0,3
103367,277,13,completed,0,3
103367,710,14,completed,0,3
103381,659,10,completed,0,3
103381,1202,11,completed,0,3
103381,1292,12,completed,0,3
103381,1103,13,completed,0,3
103381,1475,14,completed,0,3
103385,1333,10,completed,1,3
103385,408,11,completed,0,3
103385,41,12,completed,0,3
103385,61,13,completed,0,3
103385,874,14,completed,0,3
103400,1201,10,completed,1,3
103400,1197,11,completed,1,3
103400,1103,12,completed,1,3
103400,177,13,completed,0,3
103400,1210,14,completed,1,3
103403,1285,10,completed,0,3
103403,1203,11,completed,1,3
103403,1326,12,completed,0,3
103403,1204,13,completed,1,3
103403,1475,14,completed,0,3
103448,767,10,completed,0,3
103448,567,11,completed,0,3
103448,780,12,completed,0,3
103448,718,13,completed,0,3
103448,402,14,completed,0,3
103450,488,10,completed,0,3
103450,1320,11,completed,1,3
103450,1333,12,completed,1,3
103450,41,13,completed,0,3
103450,1335,14,completed,1,3
103468,1292,10,completed,1,3
103468,1293,11,completed,1,3
103468,1286,12,completed,1,3
103468,1294,13,completed,1,3
103468,1287,14,completed,1,3
103469,1211,10,completed,0,3
103469,1327,11,completed,1,3
103469,1335,12,completed,1,3
103469,1263,13,completed,0,3
103469,1336,14,completed,1,3
103476,488,10,completed,0,3
103476,778,11,completed,0,3
103476,395,12,completed,0,3
103476,80,13,completed,0,3
103476,1287,14,completed,0,3
103496,72,10,completed,0,3
103496,1043,11,completed,0,3
103496,1208,12,completed,1,3
103496,219,13,completed,0,3
103496,1057,14,completed,0,3
103503,1279,10,completed,1,3
103503,1291,11,completed,1,3
103503,1284,12,completed,1,3
103503,1292,13,completed,1,3
103503,1285,14,completed,1,3
103507,1458,10,completed,0,3
103507,1049,11,completed,0,3
103507,1289,12,completed,0,3
103507,288,13,completed,0,3
103507,777,14,completed,0,3
103512,1284,10,completed,1,3
103512,1280,11,completed,1,3
103512,395,12,completed,0,3
103512,1292,13,completed,1,3
103512,1285,14,completed,1,3
103520,1396,10,completed,1,3
103520,1695,11,completed,0,3
103520,1392,12,completed,1,3
103520,487,13,completed,0,3
103520,394,14,completed,0,3
103527,1259,10,completed,1,3
103527,1098,11,completed,1,3
103527,1062,12,completed,0,3
103527,1719,13,completed,0,3
103527,1113,14,completed,1,3
103535,666,10,completed,0,3
103535,1292,11,completed,1,3
103535,1285,12,completed,1,3
103535,994,13,completed,0,3
103535,278,14,completed,0,3
103544,80,10,completed,0,3
103544,1112,11,completed,1,3
103544,1262,12,completed,1,3
103544,1205,13,completed,1,3
103544,410,14,completed,0,3
103554,475,10,completed,0,3
103554,1432,11,completed,0,3
103554,394,12,completed,0,3
103554,1324,13,completed,0,3
103554,1677,14,completed,0,3
103555,1676,10,completed,0,3
103555,1103,11,completed,1,3
103555,1253,12,completed,1,3
103555,1254,13,completed,1,3
103555,1112,14,completed,1,3
103562,1324,10,completed,1,3
103562,709,11,completed,0,3
103562,1332,12,completed,1,3
103562,1325,13,completed,1,3
103562,1326,14,completed,1,3
103596,659,10,completed,0,3
103596,1280,11,completed,1,3
103596,40,12,completed,0,3
103596,1292,13,completed,1,3
103596,1293,14,completed,1,3
103597,1404,10,completed,1,3
103597,14,11,completed,0,3
103597,866,12,completed,0,3
103597,1405,13,completed,1,3
103597,1398,14,completed,1,3
103601,1283,10,completed,1,3
103601,268,11,completed,0,3
103601,1279,12,completed,1,3
103601,1291,13,completed,1,3
103601,1284,14,completed,1,3
103621,1404,10,completed,1,3
103621,1393,11,completed,1,3
103621,1405,12,completed,1,3
103621,1398,13,completed,1,3
103621,1394,14,completed,1,3
103635,1279,10,completed,1,3
103635,1291,11,completed,1,3
103635,1284,12,completed,1,3
103635,1280,13,completed,1,3
103635,1285,14,completed,1,3
103636,1335,10,completed,1,3
103636,496,11,completed,0,3
103636,1009,12,completed,0,3
103636,1341,13,completed,1,3
103636,1343,14,completed,1,3
103646,1250,10,completed,1,3
103646,1196,11,completed,1,3
103646,1043,12,completed,0,3
103646,1592,13,completed,0,3
103646,1292,14,completed,0,3
103649,1396,10,completed,1,3
103649,275,11,completed,0,3
103649,1404,12,completed,1,3
103649,1393,13,completed,1,3
103649,1394,14,completed,1,3
103651,1101,10,completed,0,3
103651,1393,11,completed,1,3
103651,1405,12,completed,1,3
103651,1394,13,completed,1,3
103651,905,14,completed,0,3
103657,1396,10,completed,1,3
103657,267,11,completed,0,3
103657,1042,12,completed,0,3
103657,1392,13,completed,1,3
103657,1290,14,completed,0,3
103665,237,10,completed,0,3
103665,1466,11,completed,0,3
103665,1286,12,completed,0,3
103665,409,13,completed,0,3
103665,88,14,completed,0,3
103667,1493,10,completed,0,3
103667,84,11,completed,0,3
103667,708,12,completed,0,3
103667,1098,13,completed,0,3
103667,1408,14,completed,0,3
103672,1097,10,completed,1,3
103672,1259,11,completed,1,3
103672,1252,12,completed,1,3
103672,1202,13,completed,1,3
103672,59,14,completed,0,3
103681,1392,10,completed,1,3
103681,1404,11,completed,1,3
103681,406,12,completed,0,3
103681,1405,13,completed,1,3
103681,1394,14,completed,1,3
103685,1403,10,completed,1,3
103685,1463,11,completed,0,3
103685,1392,12,completed,1,3
103685,1404,13,completed,1,3
103685,300,14,completed,0,3
103695,1325,10,completed,1,3
103695,660,11,completed,0,3
103695,1327,12,completed,1,3
103695,1335,13,completed,1,3
103695,1265,14,completed,0,3
103706,907,10,completed,0,3
103706,38,11,completed,0,3
103706,300,12,completed,0,3
103706,1581,13,completed,0,3
103706,230,14,completed,0,3
103713,1116,10,completed,1,3
103713,1122,11,completed,1,3
103713,1618,12,completed,0,3
103713,1124,13,completed,1,3
103713,199,14,completed,0,3
103720,409,10,completed,0,3
103720,1064,11,completed,0,3
103720,1263,12,completed,1,3
103720,1213,13,completed,1,3
103720,283,14,completed,0,3
103729,1404,10,completed,1,3
103729,1067,11,completed,0,3
103729,1393,12,completed,1,3
103729,1405,13,completed,1,3
103729,916,14,completed,0,3
103740,1283,10,completed,1,3
103740,1291,11,completed,1,3
103740,716,12,completed,0,3
103740,659,13,completed,0,3
103740,1280,14,completed,1,3
103743,1284,10,completed,1,3
103743,1202,11,completed,0,3
103743,1285,12,completed,1,3
103743,1293,13,completed,1,3
103743,1286,14,completed,1,3
103747,301,10,completed,0,3
103747,1398,11,completed,1,3
103747,1057,12,completed,0,3
103747,1394,13,completed,1,3
103747,1406,14,completed,1,3
103761,1255,10,completed,1,3
103761,1113,11,completed,1,3
103761,411,12,completed,0,3
103761,1215,13,completed,1,3
103761,1219,14,completed,1,3
103784,1202,10,completed,1,3
103784,41,11,completed,0,3
103784,1104,12,completed,1,3
103784,1262,13,completed,1,3
103784,305,14,completed,0,3
103798,710,10,completed,0,3
103798,1442,11,completed,0,3
103798,1104,12,completed,1,3
103798,491,13,completed,0,3
103798,1212,14,completed,1,3
103799,652,10,completed,0,3
103799,1431,11,completed,0,3
103799,218,12,completed,0,3
103799,394,13,completed,0,3
103799,65,14,completed,0,3
103812,1474,10,completed,0,3
103812,34,11,completed,0,3
103812,1268,12,completed,1,3
103812,1119,13,completed,1,3
103812,1121,14,completed,1,3
103818,1208,10,completed,0,3
103818,225,11,completed,0,3
103818,1319,12,completed,1,3
103818,1332,13,completed,1,3
103818,1325,14,completed,1,3
103828,1332,10,completed,1,3
103828,59,11,completed,0,3
103828,1325,12,completed,1,3
103828,1489,13,completed,0,3
103828,996,14,completed,0,3
103836,1326,10,completed,1,3
103836,1063,11,completed,0,3
103836,1334,12,completed,1,3
103836,1327,13,completed,1,3
103836,1335,14,completed,1,3
103847,567,10,completed,0,3
103847,1103,11,completed,1,3
103847,232,12,completed,0,3
103847,1211,13,completed,1,3
103847,1003,14,completed,0,3
103852,1101,10,completed,0,3
103852,1097,11,completed,0,3
103852,1324,12,completed,1,3
103852,1332,13,completed,1,3
103852,213,14,completed,0,3
103856,1331,10,completed,1,3
103856,1320,11,completed,1,3
103856,1332,12,completed,1,3
103856,1071,13,completed,0,3
103856,1335,14,completed,1,3
103857,1405,10,completed,1,3
103857,1398,11,completed,1,3
103857,1593,12,completed,0,3
103857,257,13,completed,0,3
103857,1394,14,completed,1,3
103863,398,10,completed,0,3
103863,1393,11,completed,1,3
103863,1472,12,completed,0,3
103863,1405,13,completed,1,3
103863,1398,14,completed,1,3
103891,182,10,completed,0,3
103891,77,11,completed,0,3
103891,73,12,completed,0,3
103891,1259,13,completed,0,3
103891,1483,14,completed,0,3
103904,1682,10,completed,0,3
103904,1294,11,completed,0,3
103904,1600,12,completed,0,3
103904,1214,13,completed,0,3
103904,496,14,completed,0,3
103924,771,10,completed,0,3
103924,250,11,completed,0,3
103924,1280,12,completed,1,3
103924,477,13,completed,0,3
103924,1285,14,completed,1,3
103928,1320,10,completed,1,3
103928,1332,11,completed,1,3
103928,231,12,completed,0,3
103928,1333,13,completed,1,3
103928,919,14,completed,0,3
103929,1101,10,completed,1,3
103929,1251,11,completed,1,3
103929,1252,12,completed,1,3
103929,1677,13,completed,0,3
103929,1211,14,completed,1,3
103939,1258,10,completed,1,3
103939,1252,11,completed,1,3
103939,213,12,completed,0,3
103939,1210,13,completed,1,3
103939,1253,14,completed,1,3
103942,1254,10,completed,1,3
103942,1490,11,completed,0,3
103942,1448,12,completed,0,3
103942,1449,13,completed,0,3
103942,1220,14,completed,1,3
103943,1097,10,completed,1,3
103943,1252,11,completed,1,3
103943,28,12,completed,0,3
103943,1483,13,completed,0,3
103943,1488,14,completed,0,3
103948,1325,10,completed,1,3
103948,1261,11,completed,0,3
103948,1263,12,completed,0,3
103948,1445,13,completed,0,3
103948,1337,14,completed,1,3
103952,1392,10,completed,1,3
103952,1323,11,completed,0,3
103952,1393,12,completed,1,3
103952,1405,13,completed,1,3
103952,1406,14,completed,1,3
103955,877,10,completed,0,3
103955,1283,11,completed,1,3
103955,268,12,completed,0,3
103955,1279,13,completed,1,3
103955,1291,14,completed,1,3
103975,999,10,completed,0,3
103975,249,11,completed,0,3
103975,175,12,completed,0,3
103975,1393,13,completed,1,3
103975,1405,14,completed,1,3
103980,1103,10,completed,1,3
103980,1260,11,completed,1,3
103980,1104,12,completed,1,3
103980,1262,13,completed,1,3
103980,282,14,completed,0,3
103989,1320,10,completed,1,3
103989,277,11,completed,0,3
103989,87,12,completed,0,3
103989,1336,13,completed,1,3
103989,1339,14,completed,1,3
103990,1392,10,completed,1,3
103990,1290,11,completed,0,3
103990,1393,12,completed,1,3
103990,916,13,completed,0,3
103990,1398,14,completed,1,3
102000,1136,20,completed,1,5
102000,1241,21,completed,1,5
102000,337,22,completed,0,5
102000,1530,23,completed,0,5
102000,1532,24,completed,0,5
102003,1352,20,completed,1,5
102003,1353,21,completed,1,5
102003,1354,22,completed,1,5
102003,1135,23,completed,0,5
102003,1361,24,completed,1,5
102012,1300,20,completed,1,5
102012,1301,21,completed,1,5
102012,1302,22,completed,1,5
102012,1506,23,completed,0,5
102012,1304,24,completed,1,5
102013,1129,20,completed,1,5
102013,736,21,completed,0,5
102013,1229,22,completed,1,5
102013,1236,23,completed,1,5
102013,1145,24,completed,1,5
102018,1263,20,completed,0,5
102018,1410,21,completed,1,5
102018,411,22,completed,0,5
102018,1412,23,completed,1,5
102018,1413,24,completed,1,5
102031,1116,20,completed,0,5
102031,1266,21,completed,0,5
102031,196,22,completed,0,5
102031,316,23,completed,0,5
102031,1124,24,completed,0,5
102068,1296,20,completed,1,5
102068,1297,21,completed,1,5
102068,1299,22,completed,1,5
102068,1301,23,completed,1,5
102068,1302,24,completed,1,5
102070,1354,20,completed,1,5
102070,1355,21,completed,1,5
102070,1356,22,completed,1,5
102070,1357,23,completed,1,5
102070,1358,24,completed,1,5
102098,719,20,completed,0,5
102098,662,21,completed,0,5
102098,90,22,completed,0,5
102098,1410,23,completed,1,5
102098,1411,24,completed,1,5
102109,1005,20,completed,0,5
102109,1297,21,completed,1,5
102109,1412,22,completed,0,5
102109,1299,23,completed,1,5
102109,1300,24,completed,1,5
102120,1225,20,completed,1,5
102120,1229,21,completed,1,5
102120,1230,22,completed,1,5
102120,1238,23,completed,1,5
102120,1142,24,completed,1,5
102126,673,20,completed,0,5
102126,1299,21,completed,1,5
102126,575,22,completed,0,5
102126,1300,23,completed,1,5
102126,1301,24,completed,1,5
102130,91,20,completed,0,5
102130,1412,21,completed,1,5
102130,1612,22,completed,0,5
102130,1413,23,completed,1,5
102130,1414,24,completed,1,5
102137,1410,20,completed,1,5
102137,1411,21,completed,1,5
102137,1412,22,completed,1,5
102137,1413,23,completed,1,5
102137,1448,24,completed,0,5
102138,792,20,completed,0,5
102138,1223,21,completed,1,5
102138,102,22,completed,0,5
102138,1129,23,completed,1,5
102138,322,24,completed,0,5
102139,498,20,completed,0,5
102139,1273,21,completed,0,5
102139,102,22,completed,0,5
102139,1622,23,completed,0,5
102139,425,24,completed,0,5
102141,1410,20,completed,1,5
102141,1412,21,completed,1,5
102141,674,22,completed,0,5
102141,1414,23,completed,1,5
102141,1416,24,completed,1,5
102164,1238,20,completed,1,5
102164,1637,21,completed,0,5
102164,1142,22,completed,1,5
102164,336,23,completed,0,5
102164,1145,24,completed,1,5
102185,1400,20,completed,1,5
102185,1408,21,completed,1,5
102185,1401,22,completed,1,5
102185,1409,23,completed,1,5
102185,1410,24,completed,1,5
102213,1343,20,completed,1,5
102213,1417,21,completed,0,5
102213,100,22,completed,0,5
102213,1347,23,completed,1,5
102213,1351,24,completed,1,5
102225,1125,20,completed,1,5
102225,797,21,completed,0,5
102225,736,22,completed,0,5
102225,1230,23,completed,1,5
102225,1231,24,completed,1,5
102230,1295,20,completed,1,5
102230,93,21,completed,0,5
102230,1299,22,completed,1,5
102230,415,23,completed,0,5
102230,1301,24,completed,1,5
102233,1295,20,completed,1,5
102233,1296,21,completed,1,5
102233,1297,22,completed,1,5
102233,923,23,completed,0,5
102233,1299,24,completed,1,5
102247,887,20,completed,0,5
102247,725,21,completed,0,5
102247,1450,22,completed,0,5
102247,1123,23,completed,0,5
102247,318,24,completed,0,5
102256,304,20,completed,0,5
102256,1064,21,completed,0,5
102256,712,22,completed,0,5
102256,1410,23,completed,1,5
102256,1411,24,completed,1,5
102273,1135,20,completed,0,5
102273,742,21,completed,0,5
102273,1527,22,completed,0,5
102273,1372,23,completed,0,5
102273,1645,24,completed,0,5
102278,422,20,completed,0,5
102278,1226,21,completed,1,5
102278,1128,22,completed,1,5
102278,1129,23,completed,1,5
102278,1020,24,completed,0,5
102285,1401,20,completed,0,5
102285,1295,21,completed,1,5
102285,1296,22,completed,1,5
102285,46,23,completed,0,5
102285,1299,24,completed,1,5
102316,305,20,completed,0,5
102316,1213,21,completed,0,5
102316,1297,22,completed,1,5
102316,1007,23,completed,0,5
102316,1301,24,completed,1,5
102318,569,20,completed,0,5
102318,1287,21,completed,1,5
102318,1296,22,completed,1,5
102318,1297,23,completed,1,5
102318,1299,24,completed,1,5
102320,1287,20,completed,1,5
102320,1295,21,completed,1,5
102320,1296,22,completed,1,5
102320,1297,23,completed,1,5
102320,1299,24,completed,1,5
102331,309,20,completed,0,5
102331,578,21,completed,0,5
102331,928,22,completed,0,5
102331,579,23,completed,0,5
102331,1619,24,completed,0,5
102363,1351,20,completed,1,5
102363,1354,21,completed,1,5
102363,1355,22,completed,1,5
102363,1356,23,completed,1,5
102363,1357,24,completed,1,5
102365,1076,20,completed,0,5
102365,191,21,completed,0,5
102365,1299,22,completed,1,5
102365,1300,23,completed,1,5
102365,1301,24,completed,1,5
102368,1409,20,completed,1,5
102368,1410,21,completed,1,5
102368,1411,22,completed,1,5
102368,1413,23,completed,1,5
102368,1415,24,completed,1,5
102369,1490,20,completed,0,5
102369,90,21,completed,0,5
102369,1074,22,completed,0,5
102369,1008,23,completed,0,5
102369,312,24,completed,0,5
102390,1409,20,completed,1,5
102390,1410,21,completed,1,5
102390,1411,22,completed,1,5
102390,1412,23,completed,1,5
102390,674,24,completed,0,5
102392,1415,20,completed,0,5
102392,1344,21,completed,1,5
102392,1345,22,completed,1,5
102392,794,23,completed,0,5
102392,1085,24,completed,0,5
102396,1346,20,completed,1,5
102396,1347,21,completed,1,5
102396,1352,22,completed,1,5
102396,1231,23,completed,0,5
102396,1354,24,completed,1,5
102399,1224,20,completed,1,5
102399,101,21,completed,0,5
102399,1227,22,completed,1,5
102399,1229,23,completed,1,5
102399,1354,24,completed,0,5
102415,1400,20,completed,1,5
102415,1408,21,completed,1,5
102415,1287,22,completed,0,5
102415,1444,23,completed,0,5
102415,1411,24,completed,1,5
102443,1297,20,completed,1,5
102443,1299,21,completed,1,5
102443,1448,22,completed,0,5
102443,1502,23,completed,0,5
102443,1301,24,completed,1,5
102449,591,20,completed,0,5
102449,1358,21,completed,1,5
102449,1360,22,completed,1,5
102449,1363,23,completed,1,5
102449,949,24,completed,0,5
102452,282,20,completed,0,5
102452,1412,21,completed,1,5
102452,1413,22,completed,1,5
102452,1414,23,completed,1,5
102452,1415,24,completed,1,5
102454,718,20,completed,0,5
102454,1408,21,completed,1,5
102454,1287,22,completed,0,5
102454,1401,23,completed,1,5
102454,1409,24,completed,1,5
102461,1272,20,completed,1,5
102461,1224,21,completed,1,5
102461,1312,22,completed,0,5
102461,1022,23,completed,0,5
102461,1133,24,completed,1,5
102464,1607,20,completed,0,5
102464,1401,21,completed,1,5
102464,1295,22,completed,0,5
102464,1409,23,completed,1,5
102464,1410,24,completed,1,5
102465,196,20,completed,0,5
102465,1346,21,completed,1,5
102465,1352,22,completed,1,5
102465,1353,23,completed,1,5
102465,804,24,completed,0,5
102475,1295,20,completed,1,5
102475,1296,21,completed,1,5
102475,1297,22,completed,1,5
102475,1299,23,completed,1,5
102475,1008,24,completed,0,5
102480,793,20,completed,0,5
102480,1346,21,completed,1,5
102480,1420,22,completed,0,5
102480,1347,23,completed,1,5
102480,1352,24,completed,1,5
102505,1223,20,completed,1,5
102505,1226,21,completed,1,5
102505,1622,22,completed,0,5
102505,1229,23,completed,1,5
102505,1312,24,completed,0,5
102510,1620,20,completed,0,5
102510,897,21,completed,0,5
102510,1310,22,completed,0,5
102510,1311,23,completed,0,5
102510,1351,24,completed,0,5
102515,1411,20,completed,1,5
102515,1412,21,completed,1,5
102515,1413,22,completed,1,5
102515,1448,23,completed,0,5
102515,1613,24,completed,0,5
102521,492,20,completed,0,5
102521,1297,21,completed,1,5
102521,885,22,completed,0,5
102521,1299,23,completed,1,5
102521,1448,24,completed,0,5
102522,577,20,completed,0,5
102522,1122,21,completed,1,5
102522,419,22,completed,0,5
102522,795,23,completed,0,5
102522,1130,24,completed,1,5
102536,1346,20,completed,1,5
102536,198,21,completed,0,5
102536,733,22,completed,0,5
102536,1351,23,completed,1,5
102536,1352,24,completed,1,5
102588,1612,20,completed,0,5
102588,1119,21,completed,1,5
102588,1511,22,completed,0,5
102588,1126,23,completed,1,5
102588,1513,24,completed,0,5
102595,1448,20,completed,0,5
102595,1343,21,completed,1,5
102595,1346,22,completed,1,5
102595,1347,23,completed,1,5
102595,1351,24,completed,1,5
102603,1411,20,completed,1,5
102603,1412,21,completed,1,5
102603,415,22,completed,0,5
102603,1414,23,completed,1,5
102603,1416,24,completed,1,5
102604,1297,20,completed,1,5
102604,1299,21,completed,1,5
102604,1009,22,completed,0,5
102604,1301,23,completed,1,5
102604,95,24,completed,0,5
102605,498,20,completed,0,5
102605,314,21,completed,0,5
102605,198,22,completed,0,5
102605,508,23,completed,0,5
102605,322,24,completed,0,5
102607,888,20,completed,0,5
102607,1119,21,completed,1,5
102607,1120,22,completed,1,5
102607,1122,23,completed,1,5
102607,420,24,completed,0,5
102610,1300,20,completed,1,5
102610,1009,21,completed,0,5
102610,1301,22,completed,1,5
102610,1304,23,completed,1,5
102610,891,24,completed,0,5
102621,1287,20,completed,1,5
102621,1295,21,completed,1,5
102621,784,22,completed,0,5
102621,1297,23,completed,1,5
102621,1299,24,completed,1,5
102623,1134,20,completed,1,5
102623,1137,21,completed,1,5
102623,1138,22,completed,1,5
102623,695,23,completed,0,5
102623,1140,24,completed,1,5
102624,1506,20,completed,0,5
102624,1221,21,completed,1,5
102624,1224,22,completed,1,5
102624,1226,23,completed,1,5
102624,1227,24,completed,1,5
102636,1326,20,completed,1,5
102636,562,21,completed,0,5
102636,1335,22,completed,1,5
102636,1336,23,completed,1,5
102636,1341,24,completed,1,5
102648,1265,20,completed,1,5
102648,1215,21,completed,1,5
102648,885,22,completed,0,5
102648,1116,23,completed,1,5
102648,1501,24,completed,0,5
102650,1408,20,completed,1,5
102650,1401,21,completed,1,5
102650,1409,22,completed,1,5
102650,1410,23,completed,1,5
102650,922,24,completed,0,5
102657,1400,20,completed,1,5
102657,1408,21,completed,1,5
102657,1401,22,completed,1,5
102657,1409,23,completed,1,5
102657,1005,24,completed,0,5
102663,1476,20,completed,0,5
102663,920,21,completed,0,5
102663,1295,22,completed,1,5
102663,1299,23,completed,1,5
102663,1300,24,completed,1,5
102665,783,20,completed,0,5
102665,1410,21,completed,1,5
102665,1412,22,completed,1,5
102665,1413,23,completed,1,5
102665,1414,24,completed,1,5
102716,1409,20,completed,1,5
102716,1263,21,completed,0,5
102716,1410,22,completed,1,5
102716,1411,23,completed,1,5
102716,1413,24,completed,1,5
102719,1299,20,completed,1,5
102719,1301,21,completed,1,5
102719,1302,22,completed,1,5
102719,1012,23,completed,0,5
102719,1506,24,completed,0,5
102725,1346,20,completed,1,5
102725,1349,21,completed,1,5
102725,684,22,completed,0,5
102725,1351,23,completed,1,5
102725,1354,24,completed,1,5
102726,881,20,completed,0,5
102726,1287,21,completed,1,5
102726,1295,22,completed,1,5
102726,1296,23,completed,1,5
102726,573,24,completed,0,5
102739,683,20,completed,0,5
102739,1022,21,completed,0,5
102739,511,22,completed,0,5
102739,690,23,completed,0,5
102739,804,24,completed,0,5
102745,1225,20,completed,1,5
102745,797,21,completed,0,5
102745,1088,22,completed,0,5
102745,1229,23,completed,1,5
102745,1133,24,completed,1,5
102748,792,20,completed,0,5
102748,1232,21,completed,1,5
102748,740,22,completed,0,5
102748,1135,23,completed,1,5
102748,1237,24,completed,1,5
102753,1410,20,completed,1,5
102753,1412,21,completed,1,5
102753,1413,22,completed,1,5
102753,1414,23,completed,1,5
102753,1077,24,completed,0,5
102755,1296,20,completed,1,5
102755,494,21,completed,0,5
102755,1299,22,completed,1,5
102755,1300,23,completed,1,5
102755,1301,24,completed,1,5
102769,1409,20,completed,1,5
102769,281,21,completed,0,5
102769,1410,22,completed,1,5
102769,1411,23,completed,1,5
102769,1075,24,completed,0,5
102781,1335,20,completed,1,5
102781,1448,21,completed,0,5
102781,1341,22,completed,1,5
102781,1344,23,completed,1,5
102781,1345,24,completed,1,5
102783,573,20,completed,0,5
102783,1266,21,completed,1,5
102783,1077,22,completed,0,5
102783,1270,23,completed,1,5
102783,1013,24,completed,0,5
102802,492,20,completed,0,5
102802,1411,21,completed,0,5
102802,1616,22,completed,0,5
102802,1128,23,completed,0,5
102802,426,24,completed,0,5
102805,1135,20,completed,0,5
102805,1523,21,completed,0,5
102805,1526,22,completed,0,5
102805,335,23,completed,0,5
102805,121,24,completed,0,5
102809,1117,20,completed,0,5
102809,415,21,completed,0,5
102809,97,22,completed,0,5
102809,799,23,completed,0,5
102809,937,24,completed,0,5
102818,1287,20,completed,1,5
102818,570,21,completed,0,5
102818,1295,22,completed,1,5
102818,1296,23,completed,1,5
102818,1006,24,completed,0,5
102840,1344,20,completed,1,5
102840,730,21,completed,0,5
102840,1627,22,completed,0,5
102840,1358,23,completed,1,5
102840,112,24,completed,0,5
102854,1295,20,completed,1,5
102854,1296,21,completed,1,5
102854,46,22,completed,0,5
102854,1299,23,completed,1,5
102854,1448,24,completed,0,5
102864,412,20,completed,0,5
102864,1299,21,completed,1,5
102864,1300,22,completed,1,5
102864,1304,23,completed,1,5
102864,501,24,completed,0,5
102865,1299,20,completed,1,5
102865,1301,21,completed,1,5
102865,1302,22,completed,1,5
102865,500,23,completed,0,5
102865,1305,24,completed,1,5
102871,1616,20,completed,0,5
102871,1222,21,completed,1,5
102871,1123,22,completed,1,5
102871,1227,23,completed,1,5
102871,799,24,completed,0,5
102884,1122,20,completed,1,5
102884,422,21,completed,0,5
102884,1225,22,completed,1,5
102884,1136,23,completed,1,5
102884,433,24,completed,0,5
102888,505,20,completed,0,5
102888,1129,21,completed,1,5
102888,1088,22,completed,0,5
102888,1229,23,completed,1,5
102888,1134,24,completed,1,5
102897,1294,20,completed,1,5
102897,920,21,completed,0,5
102897,1295,22,completed,1,5
102897,1296,23,completed,1,5
102897,1297,24,completed,1,5
102901,1287,20,completed,1,5
102901,1608,21,completed,0,5
102901,1295,22,completed,1,5
102901,1296,23,completed,1,5
102901,1297,24,completed,1,5
102902,1299,20,completed,1,5
102902,1300,21,completed,1,5
102902,1301,22,completed,1,5
102902,1302,23,completed,1,5
102902,419,24,completed,0,5
102905,1344,20,completed,0,5
102905,99,21,completed,0,5
102905,793,22,completed,0,5
102905,200,23,completed,0,5
102905,1352,24,completed,0,5
102907,1286,20,completed,1,5
102907,1287,21,completed,1,5
102907,305,22,completed,0,5
102907,1297,23,completed,1,5
102907,1299,24,completed,1,5
102917,1233,20,completed,1,5
102917,1134,21,completed,1,5
102917,1136,22,completed,1,5
102917,1140,23,completed,1,5
102917,812,24,completed,0,5
102930,722,20,completed,0,5
102930,1118,21,completed,0,5
102930,1343,22,completed,1,5
102930,1344,23,completed,1,5
102930,1345,24,completed,1,5
102936,279,20,completed,0,5
102936,774,21,completed,0,5
102936,494,22,completed,0,5
102936,887,23,completed,0,5
102936,1309,24,completed,0,5
102946,1407,20,completed,1,5
102946,1408,21,completed,1,5
102946,1401,22,completed,1,5
102946,1409,23,completed,1,5
102946,1410,24,completed,1,5
102963,573,20,completed,0,5
102963,1080,21,completed,0,5
102963,314,22,completed,0,5
102963,1227,23,completed,0,5
102963,1351,24,completed,0,5
102969,411,20,completed,0,5
102969,1336,21,completed,1,5
102969,1337,22,completed,1,5
102969,1339,23,completed,1,5
102969,1343,24,completed,1,5
102985,569,20,completed,0,5
102985,1401,21,completed,1,5
102985,1409,22,completed,1,5
102985,1410,23,completed,1,5
102985,1412,24,completed,1,5
102994,1220,20,completed,1,5
102994,500,21,completed,0,5
102994,1271,22,completed,1,5
102994,1221,23,completed,1,5
102994,1222,24,completed,1,5
101003,1377,30,completed,1,7
101003,1378,31,completed,1,7
101003,1379,32,completed,1,7
101003,1380,33,completed,1,7
101003,1381,34,completed,1,7
101019,1361,30,completed,1,7
101019,1364,31,completed,1,7
101019,439,32,completed,0,7
101019,1365,33,completed,1,7
101019,1371,34,completed,1,7
101024,520,30,completed,0,7
101024,1365,31,completed,1,7
101024,1373,32,completed,1,7
101024,1374,33,completed,1,7
101024,1379,34,completed,1,7
101026,1416,30,completed,1,7
101026,1418,31,completed,1,7
101026,1421,32,completed,1,7
101026,516,33,completed,0,7
101026,1522,34,completed,0,7
101035,342,30,completed,0,7
101035,1537,31,completed,0,7
101035,1163,32,completed,0,7
101035,1174,33,completed,0,7
101035,843,34,completed,0,7
101036,1522,30,completed,0,7
101036,1237,31,completed,0,7
101036,436,32,completed,0,7
101036,604,33,completed,0,7
101036,816,34,completed,0,7
101055,1310,30,completed,1,7
101055,1311,31,completed,1,7
101055,898,32,completed,0,7
101055,1312,33,completed,1,7
101055,112,34,completed,0,7
101056,1365,30,completed,1,7
101056,1366,31,completed,1,7
101056,1529,32,completed,0,7
101056,1367,33,completed,1,7
101056,338,34,completed,0,7
101058,891,30,completed,0,7
101058,1420,31,completed,1,7
101058,1421,32,completed,1,7
101058,1422,33,completed,1,7
101058,1625,34,completed,0,7
101077,1166,30,completed,1,7
101077,142,31,completed,0,7
101077,1553,32,completed,0,7
101077,1170,33,completed,1,7
101077,1171,34,completed,1,7
101083,340,30,completed,0,7
101083,529,31,completed,0,7
101083,1151,32,completed,0,7
101083,826,33,completed,0,7
101083,1161,34,completed,0,7
101089,696,30,completed,0,7
101089,1366,31,completed,1,7
101089,1367,32,completed,1,7
101089,1368,33,completed,1,7
101089,756,34,completed,0,7
101147,1368,30,completed,1,7
101147,1371,31,completed,1,7
101147,1372,32,completed,1,7
101147,343,33,completed,0,7
101147,1374,34,completed,1,7
101148,1373,30,completed,1,7
101148,1536,31,completed,0,7
101148,1374,32,completed,1,7
101148,453,33,completed,0,7
101148,1380,34,completed,1,7
101150,580,30,completed,0,7
101150,1420,31,completed,1,7
101150,1421,32,completed,1,7
101150,1422,33,completed,1,7
101150,1029,34,completed,0,7
101158,963,30,completed,0,7
101158,455,31,completed,0,7
101158,1653,32,completed,0,7
101158,831,33,completed,0,7
101158,466,34,completed,0,7
101164,691,30,completed,0,7
101164,1138,31,completed,1,7
101164,746,32,completed,0,7
101164,1142,33,completed,1,7
101164,521,34,completed,0,7
101165,1224,30,completed,0,7
101165,1421,31,completed,1,7
101165,1422,32,completed,1,7
101165,1625,33,completed,0,7
101165,430,34,completed,0,7
101187,1152,30,completed,0,7
101187,610,31,completed,0,7
101187,131,32,completed,0,7
101187,1543,33,completed,0,7
101187,829,34,completed,0,7
101188,1646,30,completed,0,7
101188,1153,31,completed,0,7
101188,1541,32,completed,0,7
101188,965,33,completed,0,7
101188,832,34,completed,0,7
101200,1148,30,completed,0,7
101200,1370,31,completed,0,7
101200,1535,32,completed,0,7
101200,1373,33,completed,0,7
101200,759,34,completed,0,7
101211,826,30,completed,0,7
101211,1652,31,completed,0,7
101211,537,32,completed,0,7
101211,352,33,completed,0,7
101211,1547,34,completed,0,7
101215,944,30,completed,0,7
101215,436,31,completed,0,7
101215,749,32,completed,0,7
101215,1147,33,completed,1,7
101215,1159,34,completed,1,7
101238,1309,30,completed,1,7
101238,1310,31,completed,1,7
101238,1311,32,completed,1,7
101238,1312,33,completed,1,7
101238,1313,34,completed,1,7
101245,335,30,completed,0,7
101245,120,31,completed,0,7
101245,758,32,completed,0,7
101245,1381,33,completed,0,7
101245,1656,34,completed,0,7
101266,1373,30,completed,1,7
101266,1374,31,completed,1,7
101266,1376,32,completed,1,7
101266,1378,33,completed,1,7
101266,1379,34,completed,1,7
101268,448,30,completed,0,7
101268,609,31,completed,0,7
101268,824,32,completed,0,7
101268,352,33,completed,0,7
101268,469,34,completed,0,7
101273,328,30,completed,0,7
101273,439,31,completed,0,7
101273,824,32,completed,0,7
101273,1159,33,completed,0,7
101273,353,34,completed,0,7
101275,1421,30,completed,1,7
101275,1422,31,completed,1,7
101275,737,32,completed,0,7
101275,431,33,completed,0,7
101275,946,34,completed,0,7
101278,1354,30,completed,1,7
101278,1356,31,completed,1,7
101278,1370,32,completed,1,7
101278,1375,33,completed,1,7
101278,131,34,completed,0,7
101282,953,30,completed,0,7
101282,340,31,completed,0,7
101282,124,32,completed,0,7
101282,531,33,completed,0,7
101282,830,34,completed,0,7
101290,439,30,completed,0,7
101290,1366,31,completed,1,7
101290,1372,32,completed,1,7
101290,1151,33,completed,0,7
101290,1156,34,completed,0,7
101293,1222,30,completed,0,7
101293,734,31,completed,0,7
101293,1351,32,completed,0,7
101293,1088,33,completed,0,7
101293,1145,34,completed,0,7
101306,1646,30,completed,0,7
101306,758,31,completed,0,7
101306,1539,32,completed,0,7
101306,618,33,completed,0,7
101306,356,34,completed,0,7
101329,1143,30,completed,1,7
101329,1148,31,completed,1,7
101329,1153,32,completed,1,7
101329,533,33,completed,0,7
101329,1155,34,completed,1,7
101336,1083,30,completed,0,7
101336,1421,31,completed,1,7
101336,684,32,completed,0,7
101336,441,33,completed,0,7
101336,1650,34,completed,0,7
101347,1417,30,completed,1,7
101347,195,31,completed,0,7
101347,1421,32,completed,1,7
101347,1422,33,completed,1,7
101347,588,34,completed,0,7
101358,1306,30,completed,0,7
101358,1421,31,completed,1,7
101358,201,32,completed,0,7
101358,107,33,completed,0,7
101358,690,34,completed,0,7
101376,1155,30,completed,1,7
101376,824,31,completed,0,7
101376,137,32,completed,0,7
101376,1161,33,completed,1,7
101376,1163,34,completed,1,7
101381,964,30,completed,0,7
101381,1659,31,completed,0,7
101381,362,32,completed,0,7
101381,146,33,completed,0,7
101381,1174,34,completed,0,7
101382,814,30,completed,0,7
101382,338,31,completed,0,7
101382,126,32,completed,0,7
101382,128,33,completed,0,7
101382,452,34,completed,0,7
101385,335,30,completed,0,7
101385,336,31,completed,0,7
101385,1154,32,completed,0,7
101385,1376,33,completed,0,7
101385,1650,34,completed,0,7
101387,1372,30,completed,1,7
101387,1373,31,completed,1,7
101387,822,32,completed,0,7
101387,1377,33,completed,1,7
101387,1378,34,completed,1,7
101392,964,30,completed,0,7
101392,829,31,completed,0,7
101392,1657,32,completed,0,7
101392,461,33,completed,0,7
101392,1169,34,completed,0,7
101398,520,30,completed,0,7
101398,522,31,completed,0,7
101398,337,32,completed,0,7
101398,1370,33,completed,0,7
101398,755,34,completed,0,7
101399,1142,30,completed,1,7
101399,608,31,completed,0,7
101399,1157,32,completed,1,7
101399,355,33,completed,0,7
101399,1168,34,completed,1,7
101431,1651,30,completed,0,7
101431,140,31,completed,0,7
101431,834,32,completed,0,7
101431,1661,33,completed,0,7
101431,142,34,completed,0,7
101438,1309,30,completed,1,7
101438,1310,31,completed,1,7
101438,1311,32,completed,1,7
101438,736,33,completed,0,7
101438,322,34,completed,0,7
101483,799,30,completed,0,7
101483,691,31,completed,0,7
101483,115,32,completed,0,7
101483,949,33,completed,0,7
101483,448,34,completed,0,7
101491,1309,30,completed,1,7
101491,1310,31,completed,1,7
101491,1313,32,completed,1,7
101491,1520,33,completed,0,7
101491,443,34,completed,0,7
101505,1310,30,completed,1,7
101505,1311,31,completed,1,7
101505,1313,32,completed,1,7
101505,1517,33,completed,0,7
101505,327,34,completed,0,7
101519,1373,30,completed,1,7
101519,1374,31,completed,1,7
101519,959,32,completed,0,7
101519,1376,33,completed,1,7
101519,1378,34,completed,1,7
101536,337,30,completed,0,7
101536,449,31,completed,0,7
101536,345,32,completed,0,7
101536,1539,33,completed,0,7
101536,1377,34,completed,0,7
101563,1141,30,completed,0,7
101563,1642,31,completed,0,7
101563,965,32,completed,0,7
101563,350,33,completed,0,7
101563,357,34,completed,0,7
101582,1418,30,completed,1,7
101582,315,31,completed,0,7
101582,1420,32,completed,1,7
101582,1347,33,completed,0,7
101582,1422,34,completed,1,7
101583,1368,30,completed,1,7
101583,822,31,completed,0,7
101583,1377,32,completed,1,7
101583,1379,33,completed,1,7
101583,1380,34,completed,1,7
101596,747,30,completed,0,7
101596,120,31,completed,0,7
101596,343,32,completed,0,7
101596,1375,33,completed,0,7
101596,611,34,completed,0,7
101603,749,30,completed,0,7
101603,1638,31,completed,0,7
101603,1537,32,completed,0,7
101603,616,33,completed,0,7
101603,1159,34,completed,1,7
101606,949,30,completed,0,7
101606,812,31,completed,0,7
101606,343,32,completed,0,7
101606,350,33,completed,0,7
101606,137,34,completed,0,7
101616,1159,30,completed,1,7
101616,1162,31,completed,1,7
101616,1166,32,completed,1,7
101616,364,33,completed,0,7
101616,1175,34,completed,1,7
101617,351,30,completed,0,7
101617,617,31,completed,0,7
101617,1161,32,completed,1,7
101617,1166,33,completed,1,7
101617,1176,34,completed,1,7
101618,1312,30,completed,1,7
101618,1313,31,completed,1,7
101618,694,32,completed,0,7
101618,436,33,completed,0,7
101618,1142,34,completed,0,7
101621,1521,30,completed,0,7
101621,746,31,completed,0,7
101621,598,32,completed,0,7
101621,600,33,completed,0,7
101621,1536,34,completed,0,7
101635,752,30,completed,0,7
101635,1370,31,completed,1,7
101635,340,32,completed,0,7
101635,1373,33,completed,1,7
101635,1374,34,completed,1,7
101650,446,30,completed,0,7
101650,343,31,completed,0,7
101650,1152,32,completed,1,7
101650,1153,33,completed,1,7
101650,1155,34,completed,1,7
101667,1366,30,completed,0,7
101667,815,31,completed,0,7
101667,754,32,completed,0,7
101667,124,33,completed,0,7
101667,529,34,completed,0,7
101680,753,30,completed,0,7
101680,532,31,completed,0,7
101680,825,32,completed,0,7
101680,353,33,completed,0,7
101680,1162,34,completed,1,7
101681,1539,30,completed,0,7
101681,533,31,completed,0,7
101681,825,32,completed,0,7
101681,1157,33,completed,0,7
101681,353,34,completed,0,7
101688,1306,30,completed,1,7
101688,1309,31,completed,1,7
101688,1312,32,completed,1,7
101688,1313,33,completed,1,7
101688,430,34,completed,0,7
101690,1363,30,completed,1,7
101690,748,31,completed,0,7
101690,1364,32,completed,1,7
101690,1367,33,completed,1,7
101690,1370,34,completed,1,7
101694,1358,30,completed,0,7
101694,1031,31,completed,0,7
101694,336,32,completed,0,7
101694,1641,33,completed,0,7
101694,821,34,completed,0,7
101699,794,30,completed,0,7
101699,1510,31,completed,0,7
101699,1349,32,completed,0,7
101699,1309,33,completed,1,7
101699,684,34,completed,0,7
101721,1240,30,completed,1,7
101721,1241,31,completed,1,7
101721,1530,32,completed,0,7
101721,447,33,completed,0,7
101721,349,34,completed,0,7
101723,1156,30,completed,1,7
101723,539,31,completed,0,7
101723,1165,32,completed,1,7
101723,468,33,completed,0,7
101723,1175,34,completed,1,7
101739,1305,30,completed,1,7
101739,316,31,completed,0,7
101739,1307,32,completed,1,7
101739,1310,33,completed,1,7
101739,1311,34,completed,1,7
101747,1156,30,completed,1,7
101747,1543,31,completed,0,7
101747,351,32,completed,0,7
101747,136,33,completed,0,7
101747,1161,34,completed,1,7
101752,1368,30,completed,1,7
101752,340,31,completed,0,7
101752,1373,32,completed,1,7
101752,1374,33,completed,1,7
101752,1375,34,completed,1,7
101759,1366,30,completed,1,7
101759,1367,31,completed,1,7
101759,1532,32,completed,0,7
101759,1370,33,completed,1,7
101759,1644,34,completed,0,7
101762,698,30,completed,0,7
101762,1533,31,completed,0,7
101762,1151,32,completed,1,7
101762,128,33,completed,0,7
101762,1153,34,completed,1,7
101772,516,30,completed,0,7
101772,948,31,completed,0,7
101772,450,32,completed,0,7
101772,825,33,completed,0,7
101772,135,34,completed,0,7
101783,1529,30,completed,0,7
101783,1366,31,completed,0,7
101783,1532,32,completed,0,7
101783,817,33,completed,0,7
101783,958,34,completed,0,7
101788,451,30,completed,0,7
101788,827,31,completed,0,7
101788,1159,32,completed,0,7
101788,1658,33,completed,0,7
101788,834,34,completed,0,7
101808,1151,30,completed,1,7
101808,1373,31,completed,0,7
101808,1374,32,completed,0,7
101808,1380,33,completed,0,7
101808,1162,34,completed,1,7
101814,1364,30,completed,1,7
101814,439,31,completed,0,7
101814,1367,32,completed,1,7
101814,443,33,completed,0,7
101814,1369,34,completed,1,7
101820,120,30,completed,0,7
101820,348,31,completed,0,7
101820,616,32,completed,0,7
101820,460,33,completed,0,7
101820,833,34,completed,0,7
101826,958,30,completed,0,7
101826,1156,31,completed,1,7
101826,1161,32,completed,1,7
101826,356,33,completed,0,7
101826,1165,34,completed,1,7
101838,1155,30,completed,1,7
101838,453,31,completed,0,7
101838,1379,32,completed,0,7
101838,1161,33,completed,1,7
101838,1166,34,completed,1,7
101840,1365,30,completed,1,7
101840,1369,31,completed,1,7
101840,1371,32,completed,1,7
101840,533,33,completed,0,7
101840,1377,34,completed,1,7
101852,828,30,completed,0,7
101852,830,31,completed,0,7
101852,1167,32,completed,0,7
101852,837,33,completed,0,7
101852,841,34,completed,0,7
101862,325,30,completed,0,7
101862,742,31,completed,0,7
101862,948,32,completed,0,7
101862,1533,33,completed,0,7
101862,125,34,completed,0,7
101868,352,30,completed,0,7
101868,1161,31,completed,1,7
101868,460,32,completed,0,7
101868,1166,33,completed,1,7
101868,1168,34,completed,1,7
101873,1371,30,completed,1,7
101873,1376,31,completed,1,7
101873,1377,32,completed,1,7
101873,1378,33,completed,1,7
101873,454,34,completed,0,7
101891,1358,30,completed,1,7
101891,1364,31,completed,1,7
101891,750,32,completed,0,7
101891,604,33,completed,0,7
101891,1369,34,completed,1,7
101898,1306,30,completed,1,7
101898,1307,31,completed,1,7
101898,1421,32,completed,0,7
101898,1310,33,completed,1,7
101898,1312,34,completed,1,7
101916,1422,30,completed,1,7
101916,1355,31,completed,0,7
101916,1632,32,completed,0,7
101916,1364,33,completed,0,7
101916,334,34,completed,0,7
101919,1145,30,completed,1,7
101919,1536,31,completed,0,7
101919,1152,32,completed,1,7
101919,1382,33,completed,0,7
101919,1162,34,completed,1,7
101931,1358,30,completed,1,7
101931,330,31,completed,0,7
101931,1364,32,completed,1,7
101931,1368,33,completed,1,7
101931,1369,34,completed,1,7
101941,128,30,completed,0,7
101941,959,31,completed,0,7
101941,760,32,completed,0,7
101941,1381,33,completed,0,7
101941,1656,34,completed,0,7
101943,1421,30,completed,1,7
101943,1084,31,completed,0,7
101943,1422,32,completed,1,7
101943,738,33,completed,0,7
101943,596,34,completed,0,7
101963,1363,30,completed,1,7
101963,521,31,completed,0,7
101963,1364,32,completed,1,7
101963,1367,33,completed,1,7
101963,125,34,completed,0,7
101974,1136,30,completed,1,7
101974,946,31,completed,0,7
101974,1239,32,completed,1,7
101974,1147,33,completed,1,7
101974,1535,34,completed,0,7
101994,119,30,completed,0,7
101994,445,31,completed,0,7
101994,1654,32,completed,0,7
101994,830,33,completed,0,7
101994,468,34,completed,0,7
105965,1223,20,pending,1,5
105965,201,21,pending,0,5
105965,1352,22,pending,0,5
105965,1133,23,pending,1,5
105965,690,24,pending,0,5
105965,431,25,pending,0,6
105965,1238,26,pending,1,6
105965,1139,27,pending,1,6
105965,1239,28,pending,1,6
105965,1240,29,pending,1,6
105965,120,30,pending,0,7
105965,1153,31,pending,1,7
105965,1155,32,pending,1,7
105965,1162,33,pending,1,7
105965,545,34,pending,0,7
105965,360,35,pending,0,8
105965,1170,36,pending,1,8
105965,1177,37,pending,1,8
105965,1182,38,pending,1,8
105965,1189,39,pending,1,8
105965,1680,5,completed,0,2
105965,1323,6,completed,0,2
105965,1208,7,completed,1,2
105965,1251,8,completed,1,2
105965,1270,15,completed,1,4
105965,1121,16,completed,1,4
105967,1270,20,pending,1,5
105967,1012,21,pending,0,5
105967,1225,22,pending,1,5
105967,1512,23,pending,0,5
105967,1626,24,pending,0,5
105967,1232,25,pending,1,6
105967,1133,26,pending,1,6
105967,1134,27,pending,1,6
105967,1137,28,pending,1,6
105967,1138,29,pending,1,6
105967,1238,30,pending,1,7
105967,1142,31,pending,1,7
105967,337,32,pending,0,7
105967,1159,33,pending,1,7
105967,1655,34,pending,0,7
105967,1168,35,pending,1,8
105967,1169,36,pending,1,8
105967,1174,37,pending,1,8
105967,1185,38,pending,1,8
105967,1573,39,pending,0,8
105967,288,5,completed,0,2
105967,553,6,completed,0,2
105967,1201,7,completed,1,2
105967,1097,8,completed,1,2
105967,1440,9,completed,0,2
105967,1327,15,completed,0,4
105967,1263,16,completed,1,4
105967,1115,17,completed,1,4
105967,1266,18,completed,1,4
105967,1117,19,completed,1,4
105972,1285,20,pending,1,5
105972,278,21,pending,0,5
105972,1286,22,pending,1,5
105972,491,23,pending,0,5
105972,1287,24,pending,1,5
105972,1295,25,pending,1,6
105972,1297,26,pending,1,6
105972,1300,27,pending,1,6
105972,1301,28,pending,1,6
105972,1302,29,pending,1,6
105972,1305,30,pending,1,7
105972,1306,31,pending,1,7
105972,795,32,pending,0,7
105972,1310,33,pending,1,7
105972,1312,34,pending,1,7
105972,1022,35,pending,0,8
105972,1313,36,pending,1,8
105972,326,37,pending,0,8
105972,617,38,pending,0,8
105972,155,39,pending,0,8
105974,1344,20,pending,1,5
105974,1347,21,pending,1,5
105974,1126,22,pending,0,5
105974,1351,23,pending,1,5
105974,1625,24,pending,0,5
105974,1353,25,pending,1,6
105974,1355,26,pending,1,6
105974,325,27,pending,0,6
105974,1356,28,pending,1,6
105974,1136,29,pending,0,6
105974,1365,30,pending,1,7
105974,1369,31,pending,1,7
105974,1371,32,pending,1,7
105974,1372,33,pending,1,7
105974,1373,34,pending,1,7
105974,1377,35,pending,1,8
105974,348,36,pending,0,8
105974,1378,37,pending,1,8
105974,1379,38,pending,1,8
105974,374,39,pending,0,8
105972,1289,5,completed,1,2
105972,1282,6,completed,1,2
105972,1059,7,completed,0,2
105972,21,8,completed,0,2
105972,1439,9,completed,0,2
105974,1066,5,completed,0,2
105974,486,6,completed,0,2
105974,557,7,completed,0,2
105974,1101,8,completed,0,2
105974,1320,9,completed,1,2
105972,1279,10,completed,1,3
105972,264,11,completed,0,3
105972,1291,12,completed,1,3
105972,1440,13,completed,0,3
105972,1284,15,completed,1,4
105972,1280,16,completed,1,4
105972,172,17,completed,0,4
105972,1320,18,completed,0,4
105972,1292,19,completed,1,4
105974,1327,15,completed,1,4
105974,670,16,completed,0,4
105974,1445,17,completed,0,4
105974,1336,18,completed,1,4
105989,1296,20,pending,1,5
105989,1297,21,pending,1,5
105989,1299,22,pending,1,5
105989,1300,23,pending,1,5
105989,1301,24,pending,1,5
105989,1010,25,pending,0,6
105989,1304,26,pending,1,6
105989,1306,27,pending,1,6
105989,1307,28,pending,1,6
105989,1309,29,pending,1,6
105989,1310,30,pending,1,7
105989,1311,31,pending,1,7
105989,1312,32,pending,1,7
105989,588,33,pending,0,7
105989,1313,34,pending,1,7
105989,1023,35,pending,0,8
105989,592,36,pending,0,8
105989,747,37,pending,0,8
105989,451,38,pending,0,8
105989,631,39,pending,0,8
105989,1277,5,completed,1,2
105989,864,6,completed,0,2
105989,1706,7,completed,0,2
105989,1282,8,completed,1,2
105989,1326,15,completed,0,4
105993,1096,5,completed,1,2
105993,308,15,completed,0,4
105993,1116,16,completed,1,4
105993,1448,17,completed,0,4
105993,310,18,completed,0,4
105993,1219,20,pending,1,5
105993,1271,21,pending,1,5
105993,1223,22,pending,1,5
105993,1510,23,pending,0,5
105993,1126,24,pending,1,5
105993,797,25,pending,0,6
105993,1131,26,pending,1,6
105993,1235,27,pending,1,6
105993,1141,28,pending,1,6
105993,1148,29,pending,1,6
105993,1150,30,pending,1,7
105993,531,31,pending,0,7
105993,533,32,pending,0,7
105993,1156,33,pending,1,7
105993,827,34,pending,0,7
105993,1166,35,pending,1,8
105993,363,36,pending,0,8
105993,468,37,pending,0,8
105993,1172,38,pending,1,8
105993,647,39,pending,0,8
105999,1401,20,pending,1,5
105999,1409,21,pending,1,5
105999,1410,22,pending,1,5
105999,1411,23,pending,1,5
105999,1412,24,pending,1,5
105999,1413,25,pending,1,6
105999,1415,26,pending,1,6
105999,1416,27,pending,1,6
105999,1417,28,pending,1,6
105999,1420,29,pending,1,6
105999,1421,30,pending,1,7
105999,583,31,pending,0,7
105999,1422,32,pending,1,7
105999,201,33,pending,0,7
105999,807,34,pending,0,7
105999,343,35,pending,0,8
105999,535,36,pending,0,8
105999,1662,37,pending,0,8
105999,841,38,pending,0,8
105999,369,39,pending,0,8
105999,1066,5,completed,0,2
105999,1329,6,completed,0,2
105999,13,7,completed,0,2
105999,1392,8,completed,1,2
105999,1393,9,completed,1,2
102985,1547,35,completed,0,8
102985,970,36,completed,0,8
102985,1659,37,completed,0,8
102985,546,38,completed,0,8
102985,635,39,completed,0,8
105999,1247,10,completed,0,3
105999,488,11,completed,0,3
105999,1405,12,completed,1,3
105999,1398,13,completed,1,3
102994,1155,35,completed,1,8
102994,1653,36,completed,0,8
102994,1171,37,completed,1,8
102994,151,38,completed,0,8
102994,369,39,completed,0,8
106502,54,10,pending,0,3
106502,257,11,pending,0,3
106502,302,12,pending,0,3
106502,1286,13,pending,0,3
106502,304,14,pending,0,3
106502,1444,15,pending,0,4
106502,1611,16,pending,0,4
106502,574,17,pending,0,4
106502,311,18,pending,0,4
106502,926,19,pending,0,4
106502,1120,20,pending,0,5
106502,790,21,pending,0,5
106502,196,22,pending,0,5
106502,317,23,pending,0,5
106502,321,24,pending,0,5
106502,322,25,pending,0,6
106502,1089,26,pending,0,6
106502,1522,27,pending,0,6
106502,812,28,pending,0,6
106502,1644,29,pending,0,6
106502,1376,30,pending,0,7
106502,353,31,pending,0,7
106502,545,32,pending,0,7
106502,143,33,pending,0,7
106502,1554,34,pending,0,7
106502,1668,35,pending,0,8
106502,155,36,pending,0,8
106502,642,37,pending,0,8
106502,1187,38,pending,0,8
106502,1574,39,pending,0,8
106502,763,5,completed,0,2
106502,169,6,completed,0,2
106502,998,7,completed,0,2
106502,1096,8,completed,0,2
106502,1432,9,completed,0,2
105011,663,6,completed,0,2
105011,907,7,completed,0,2
105011,1485,8,completed,0,2
105011,9,9,completed,0,2
105014,1289,6,completed,1,2
105014,1282,7,completed,1,2
105014,907,8,completed,0,2
105014,1290,9,completed,1,2
105050,1428,9,completed,0,2
105051,1404,6,completed,1,2
105051,1330,7,completed,0,2
105051,249,8,completed,0,2
105051,1393,9,completed,1,2
105050,553,8,completed,0,2
105054,703,8,completed,0,2
105054,770,9,completed,0,2
105064,1258,6,completed,1,2
105064,183,7,completed,0,2
105064,185,8,completed,0,2
105064,271,9,completed,0,2
105065,237,9,completed,0,2
105078,1320,9,completed,1,2
105097,1392,8,completed,1,2
105097,1404,9,completed,1,2
105104,1291,9,completed,1,2
105109,1319,8,completed,1,2
105109,73,9,completed,0,2
105111,1404,7,completed,1,2
105111,1405,8,completed,1,2
105111,1398,9,completed,1,2
105127,486,7,completed,0,2
105127,1602,8,completed,0,2
105127,1289,9,completed,1,2
102000,1176,35,completed,1,8
103000,1302,25,completed,1,6
103000,1304,26,completed,1,6
103000,1014,27,completed,0,6
105867,1391,6,completed,1,2
105867,1396,7,completed,1,2
105867,1404,8,completed,1,2
105867,1393,9,completed,1,2
102013,1179,35,completed,1,8
102013,1564,36,completed,0,8
102013,1182,37,completed,1,8
102013,158,38,completed,0,8
102013,1187,39,completed,1,8
104197,1273,18,completed,1,4
104197,1306,19,completed,0,4
103975,1416,27,completed,1,6
103975,1417,28,completed,1,6
103975,1506,29,completed,0,6
102126,531,35,completed,0,8
102126,1374,36,completed,0,8
102126,964,37,completed,0,8
102126,832,38,completed,0,8
102126,1187,39,completed,0,8
102012,1171,37,completed,0,8
102012,1174,38,completed,0,8
102012,164,39,completed,0,8
102141,944,35,completed,0,8
102141,1241,36,completed,0,8
102031,638,37,completed,0,8
102098,1531,36,completed,0,8
102138,1179,38,completed,1,8
102164,470,35,completed,0,8
102164,1177,36,completed,1,8
102164,371,37,completed,0,8
102164,1180,38,completed,1,8
102164,378,39,completed,0,8
102247,1377,35,completed,0,8
102247,1381,36,completed,0,8
102247,469,37,completed,0,8
102247,1181,38,completed,0,8
102278,1177,36,completed,1,8
102278,1180,37,completed,1,8
102285,1137,35,completed,0,8
102285,594,36,completed,0,8
102452,1547,35,completed,0,8
102452,1549,36,completed,0,8
102452,631,37,completed,0,8
102452,373,38,completed,0,8
102452,645,39,completed,0,8
102363,1379,35,completed,1,8
102461,1171,35,completed,1,8
102461,1172,36,completed,1,8
102461,633,37,completed,0,8
102461,644,38,completed,0,8
102461,1189,39,completed,1,8
102369,470,38,completed,0,8
102480,1545,35,completed,0,8
102480,354,36,completed,0,8
102480,1164,37,completed,0,8
102480,1386,38,completed,1,8
102480,1564,39,completed,0,8
102390,1530,35,completed,0,8
102521,813,35,completed,0,8
102521,756,36,completed,0,8
102521,958,37,completed,0,8
102521,1651,38,completed,0,8
102521,365,39,completed,0,8
102443,1574,39,completed,0,8
102449,1379,35,completed,1,8
102449,1381,36,completed,1,8
102449,354,37,completed,0,8
102464,1157,37,completed,0,8
102588,1165,35,completed,1,8
102607,1162,35,completed,1,8
102607,1166,36,completed,1,8
102607,1168,37,completed,1,8
102505,1175,35,completed,1,8
102515,1569,39,completed,0,8
102636,1374,35,completed,1,8
102636,345,36,completed,0,8
102636,1376,37,completed,1,8
102636,1379,38,completed,1,8
102650,1422,35,completed,1,8
102650,327,36,completed,0,8
102650,113,37,completed,0,8
102650,122,38,completed,0,8
102650,461,39,completed,0,8
102605,379,39,completed,0,8
102624,1190,39,completed,1,8
102739,1191,39,completed,0,8
102648,148,38,completed,0,8
102748,1168,35,completed,1,8
102748,1176,36,completed,1,8
102748,1182,37,completed,1,8
102748,851,38,completed,0,8
102748,1576,39,completed,0,8
102657,1179,39,completed,0,8
102783,362,35,completed,0,8
102783,843,36,completed,0,8
102783,1175,37,completed,1,8
102783,1181,38,completed,1,8
102783,1187,39,completed,1,8
102805,158,35,completed,0,8
102805,1185,36,completed,0,8
102805,1571,37,completed,0,8
102805,645,38,completed,0,8
102805,165,39,completed,0,8
102719,629,39,completed,0,8
102725,1376,35,completed,1,8
102725,1381,36,completed,1,8
102725,545,37,completed,0,8
102840,1376,35,completed,1,8
102840,1379,36,completed,1,8
102840,1382,37,completed,1,8
102840,1168,38,completed,0,8
102840,1556,39,completed,0,8
102864,1527,35,completed,0,8
102884,1191,39,completed,1,8
102897,326,35,completed,0,8
102897,1534,36,completed,0,8
102897,1157,37,completed,0,8
102897,138,38,completed,0,8
102897,362,39,completed,0,8
102905,634,35,completed,0,8
102802,375,39,completed,0,8
102946,1508,35,completed,0,8
102946,1421,36,completed,1,8
103005,1535,29,completed,0,6
103010,946,29,completed,0,6
102888,469,37,completed,0,8
102888,1182,38,completed,1,8
102888,1190,39,completed,1,8
103070,1239,29,completed,1,6
103097,1357,25,completed,1,6
103097,515,26,completed,0,6
103097,328,27,completed,0,6
103097,330,28,completed,0,6
103097,1033,29,completed,0,6
103116,1130,25,completed,1,6
103116,1231,26,completed,1,6
103116,1233,27,completed,1,6
103116,1025,28,completed,0,6
103116,1238,29,completed,1,6
103120,1131,28,completed,1,6
103120,1133,29,completed,1,6
103191,1139,29,completed,1,6
103213,103,25,completed,0,6
103213,433,26,completed,0,6
103213,1140,27,completed,0,6
103213,1032,28,completed,0,6
103263,1134,29,completed,0,6
103297,942,25,completed,0,6
103297,433,26,completed,0,6
103297,808,27,completed,0,6
103297,696,28,completed,0,6
103297,1143,29,completed,0,6
103307,1299,25,completed,1,6
103307,1301,26,completed,1,6
103307,677,27,completed,0,6
103307,419,28,completed,0,6
103307,1305,29,completed,1,6
102901,540,35,completed,0,8
102901,151,36,completed,0,8
102901,371,37,completed,0,8
103340,605,29,completed,0,6
102901,1571,38,completed,0,8
102901,165,39,completed,0,8
102902,1151,35,completed,0,8
102902,531,36,completed,0,8
103359,1310,29,completed,1,6
102902,353,37,completed,0,8
102902,548,38,completed,0,8
102902,636,39,completed,0,8
103450,1371,29,completed,1,6
102905,1563,36,completed,0,8
102905,162,37,completed,0,8
102905,1189,38,completed,0,8
102905,1191,39,completed,0,8
103496,1155,29,completed,1,6
103503,1302,25,completed,1,6
103503,889,26,completed,0,6
103503,1304,27,completed,1,6
103503,1305,28,completed,1,6
103503,1306,29,completed,1,6
103507,1516,29,completed,0,6
102907,1313,35,completed,1,8
102907,518,36,completed,0,8
103555,939,26,completed,0,6
103555,1235,27,completed,1,6
103555,1236,28,completed,1,6
103555,1138,29,completed,1,6
102907,604,37,completed,0,8
102907,978,38,completed,0,8
102907,1572,39,completed,0,8
103562,1365,29,completed,1,6
103636,1361,25,completed,1,6
103636,335,26,completed,0,6
103636,1367,27,completed,1,6
103636,1370,28,completed,1,6
103636,1371,29,completed,1,6
103649,1412,25,completed,1,6
103649,1413,26,completed,1,6
103649,1077,27,completed,0,6
103649,1414,28,completed,1,6
103649,1415,29,completed,1,6
103657,1414,29,completed,1,6
103665,738,25,completed,0,6
103665,945,26,completed,0,6
103665,436,27,completed,0,6
103665,126,28,completed,0,6
103665,1375,29,completed,0,6
103681,1416,26,completed,1,6
103681,1302,27,completed,0,6
103681,1080,28,completed,0,6
103681,1417,29,completed,1,6
103743,1307,29,completed,1,6
103747,1414,25,completed,1,6
103747,1415,26,completed,1,6
103747,889,27,completed,0,6
103747,1416,28,completed,1,6
103747,1417,29,completed,1,6
102917,1164,35,completed,1,8
102917,1165,36,completed,1,8
102917,975,37,completed,0,8
102917,1170,38,completed,1,8
102917,1181,39,completed,1,8
103784,1023,25,completed,0,6
103784,1238,26,completed,1,6
103784,1140,27,completed,1,6
103784,1241,28,completed,1,6
103799,741,29,completed,0,6
103812,1137,25,completed,1,6
103812,945,26,completed,0,6
103812,1139,27,completed,1,6
103812,814,28,completed,0,6
103812,124,29,completed,0,6
103818,1366,28,completed,1,6
103818,813,29,completed,0,6
103828,1370,29,completed,1,6
103856,1532,28,completed,0,6
103856,1369,29,completed,1,6
103863,1417,29,completed,1,6
103928,1369,29,completed,1,6
103929,1137,25,completed,1,6
103929,1138,26,completed,1,6
103929,1240,27,completed,1,6
103929,333,28,completed,0,6
103929,438,29,completed,0,6
103939,1136,29,completed,1,6
103948,1363,28,completed,1,6
103948,1365,29,completed,1,6
103975,1415,26,completed,1,6
103980,1133,25,completed,1,6
103980,1134,26,completed,1,6
103980,326,27,completed,0,6
103980,1135,28,completed,1,6
103980,1239,29,completed,1,6
103989,1355,25,completed,1,6
103989,1358,26,completed,1,6
103989,520,27,completed,0,6
103989,1364,28,completed,1,6
103989,1366,29,completed,1,6
103990,784,25,completed,0,6
103990,1413,26,completed,1,6
103990,1415,27,completed,1,6
103990,1417,28,completed,1,6
103990,1418,29,completed,1,6
102930,1369,35,completed,1,8
102930,1372,36,completed,1,8
104019,880,15,completed,0,4
104019,492,16,completed,0,4
104019,1215,17,completed,0,4
104019,786,18,completed,0,4
104019,1267,19,completed,0,4
102930,1375,37,completed,1,8
102930,1379,38,completed,1,8
104046,885,15,completed,0,4
104046,1339,16,completed,1,4
104046,888,17,completed,0,4
104046,503,18,completed,0,4
104046,1347,19,completed,1,4
102930,1383,39,completed,1,8
104066,1346,19,completed,1,4
104070,1341,19,completed,1,4
104094,1287,15,completed,1,4
104094,662,16,completed,0,4
104094,1295,17,completed,1,4
104094,1476,18,completed,0,4
102936,1667,35,completed,0,8
102936,1562,36,completed,0,8
102936,851,37,completed,0,8
102936,380,38,completed,0,8
104167,1293,15,completed,1,4
104167,1286,16,completed,1,4
104167,1294,17,completed,1,4
104167,1287,18,completed,1,4
104167,1401,19,completed,0,4
102936,1189,39,completed,0,8
104176,1296,19,completed,1,4
104245,1454,19,completed,0,4
104257,1010,19,completed,0,4
104319,1513,19,completed,0,4
104387,1408,19,completed,1,4
104393,1295,19,completed,1,4
104442,1286,19,completed,1,4
104448,1503,19,completed,0,4
104449,1292,15,completed,1,4
104449,489,16,completed,0,4
104449,1285,17,completed,1,4
104449,1293,18,completed,1,4
104449,1294,19,completed,1,4
104483,1205,15,completed,0,4
104483,883,16,completed,0,4
104483,1336,17,completed,1,4
104483,1339,18,completed,1,4
104483,1420,19,completed,0,4
104491,1287,19,completed,1,4
104498,1345,18,completed,1,4
104498,1346,19,completed,1,4
104547,1287,19,completed,1,4
104582,489,16,completed,0,4
104582,277,17,completed,0,4
104582,177,18,completed,0,4
104582,1497,19,completed,0,4
102946,1087,37,completed,0,8
102946,426,38,completed,0,8
102946,1312,39,completed,0,8
104626,722,19,completed,0,4
104645,406,15,completed,0,4
104645,301,16,completed,0,4
104645,716,17,completed,0,4
104645,1001,18,completed,0,4
104645,1325,19,completed,0,4
104654,1295,19,completed,1,4
104657,771,15,completed,0,4
104657,1292,16,completed,0,4
104657,482,17,completed,0,4
104657,278,18,completed,0,4
104657,1720,19,completed,0,4
104671,1344,19,completed,1,4
104708,41,15,completed,0,4
104708,1400,16,completed,1,4
104708,1287,17,completed,0,4
104733,402,19,completed,0,4
104740,1284,15,completed,1,4
104740,1280,16,completed,1,4
104740,33,17,completed,0,4
104740,1286,18,completed,1,4
104740,1294,19,completed,1,4
104774,1393,15,completed,1,4
104774,1405,16,completed,1,4
104774,1398,17,completed,1,4
104774,1202,18,completed,0,4
104774,477,19,completed,0,4
104800,1401,19,completed,1,4
104807,1286,15,completed,1,4
104807,561,16,completed,0,4
104807,1294,17,completed,1,4
104807,1047,18,completed,0,4
104807,1295,19,completed,1,4
104817,1401,15,completed,1,4
104817,1409,16,completed,1,4
104817,1412,17,completed,1,4
104817,1413,18,completed,1,4
104817,1414,19,completed,1,4
104915,1335,16,completed,1,4
104915,1113,17,completed,0,4
104915,1336,18,completed,1,4
104915,1005,19,completed,0,4
104919,305,19,completed,0,4
104957,1287,15,completed,0,4
104957,1262,16,completed,1,4
104957,1205,17,completed,1,4
104957,1214,18,completed,1,4
105522,1291,8,completed,1,2
105522,1472,9,completed,0,2
105548,657,8,completed,0,2
105548,1392,9,completed,1,2
105556,1332,9,completed,1,2
105599,1290,9,completed,1,2
105618,654,8,completed,0,2
105618,1597,9,completed,0,2
105621,1324,9,completed,1,2
105662,1687,8,completed,0,2
105662,553,9,completed,0,2
105666,1597,9,completed,0,2
102963,152,35,completed,0,8
102963,371,36,completed,0,8
102963,855,37,completed,0,8
102963,1573,38,completed,0,8
102963,647,39,completed,0,8
105730,1253,9,completed,1,2
105787,1290,9,completed,1,2
102969,1371,35,completed,1,8
102969,1376,36,completed,1,8
102969,1379,37,completed,1,8
102969,617,38,completed,0,8
102969,373,39,completed,0,8
105927,1279,9,completed,1,2
105951,1251,9,completed,1,2
105965,1097,9,completed,1,2
105989,1283,9,completed,1,2
106518,1279,10,pending,0,3
106518,269,11,pending,0,3
106518,905,12,pending,0,3
106518,270,13,pending,0,3
106518,660,14,pending,0,3
106518,307,15,pending,0,4
106518,308,16,pending,0,4
106518,1611,17,pending,0,4
106518,191,18,pending,0,4
106518,1080,19,pending,0,4
106518,891,20,pending,0,5
106518,1081,21,pending,0,5
106518,792,22,pending,0,5
106518,1020,23,pending,0,5
106518,1311,24,pending,0,5
106518,687,25,pending,0,6
106518,803,26,pending,0,6
106518,594,27,pending,0,6
106518,1637,28,pending,0,6
106518,1641,29,pending,0,6
106518,340,30,pending,0,7
106518,1644,31,pending,0,7
106518,450,32,pending,0,7
106518,1650,33,pending,0,7
106518,1653,34,pending,0,7
106518,1654,35,pending,0,8
106518,141,36,pending,0,8
106518,374,37,pending,0,8
106518,1569,38,pending,0,8
106518,165,39,pending,0,8
106518,1698,5,completed,0,2
106518,706,6,completed,0,2
106518,1706,7,completed,0,2
106518,235,8,completed,0,2
106518,1319,9,completed,0,2
106521,21,10,pending,0,3
106521,1486,11,pending,0,3
106521,1056,12,pending,0,3
106521,1247,13,pending,0,3
106521,177,14,pending,0,3
106521,872,15,pending,0,4
106521,232,16,pending,0,4
106521,1063,17,pending,0,4
106521,1489,18,pending,0,4
106521,1294,19,pending,0,4
106521,1436,20,pending,0,5
106521,1339,21,pending,0,5
106521,924,22,pending,0,5
106521,419,23,pending,0,5
106521,1224,24,pending,0,5
106521,1621,25,pending,0,6
106521,897,26,pending,0,6
106521,509,27,pending,0,6
106521,1516,28,pending,0,6
106521,1518,29,pending,0,6
106521,1133,30,pending,0,7
106521,109,31,pending,0,7
106521,112,32,pending,0,7
106521,697,33,pending,0,7
106521,1032,34,pending,0,7
106521,750,35,pending,0,8
106521,825,36,pending,0,8
106521,1544,37,pending,0,8
106521,850,38,pending,0,8
106521,646,39,pending,0,8
106521,1402,5,completed,0,2
106521,12,6,completed,0,2
106521,56,7,completed,0,2
106521,475,8,completed,0,2
106521,1038,9,completed,0,2
106527,774,10,pending,0,3
106527,1335,11,pending,1,3
106527,1337,12,pending,1,3
106527,1339,13,pending,1,3
106527,1345,14,pending,1,3
106527,731,15,pending,0,4
106527,422,16,pending,0,4
106527,1349,17,pending,1,4
106527,684,18,pending,0,4
106527,685,19,pending,0,4
106527,1353,20,pending,1,5
106527,1354,21,pending,1,5
106527,1356,22,pending,1,5
106527,1358,23,pending,1,5
106527,746,24,pending,0,5
106527,948,25,pending,0,6
106527,1364,26,pending,1,6
106527,1528,27,pending,0,6
106527,1366,28,pending,1,6
106527,1367,29,pending,1,6
106527,337,30,pending,0,7
106527,1372,31,pending,1,7
106527,1373,32,pending,1,7
106527,1374,33,pending,1,7
106527,345,34,pending,0,7
106527,1375,35,pending,1,8
106527,1377,36,pending,1,8
106527,1542,37,pending,0,8
106527,616,38,pending,0,8
106527,1383,39,pending,1,8
106527,907,5,completed,0,2
106527,1330,6,completed,1,2
106527,1323,7,completed,1,2
106527,1324,8,completed,1,2
106527,1332,9,completed,1,2
106542,84,10,pending,0,3
106542,476,11,pending,0,3
106542,1393,12,pending,0,3
106542,406,13,pending,0,3
106542,1260,14,pending,0,3
106542,1286,15,pending,0,4
106542,874,16,pending,0,4
106542,784,17,pending,0,4
106542,94,18,pending,0,4
106542,192,19,pending,0,4
106542,1417,20,pending,0,5
106542,1307,21,pending,0,5
106542,583,22,pending,0,5
106542,427,23,pending,0,5
106542,1230,24,pending,0,5
106542,1022,25,pending,0,6
106542,107,26,pending,0,6
106542,112,27,pending,0,6
106542,1521,28,pending,0,6
106542,696,29,pending,0,6
106542,1530,30,pending,0,7
106542,752,31,pending,0,7
106542,445,32,pending,0,7
106542,1539,33,pending,0,7
106542,533,34,pending,0,7
106542,1155,35,pending,0,8
106542,538,36,pending,0,8
106542,834,37,pending,0,8
106542,841,38,pending,0,8
106542,373,39,pending,0,8
106542,1437,5,completed,0,2
106542,1194,6,completed,0,2
106542,1579,7,completed,0,2
106542,1066,8,completed,0,2
106542,263,9,completed,0,2
106585,1096,10,pending,1,3
106585,1196,11,pending,1,3
106585,225,12,pending,0,3
106585,1247,13,pending,1,3
106585,39,14,pending,0,3
106585,1472,15,pending,0,4
106585,993,16,pending,0,4
106585,277,17,pending,0,4
106585,1253,18,pending,1,4
106585,1204,19,pending,1,4
106585,1608,20,pending,0,5
106585,1213,21,pending,1,5
106585,1336,22,pending,0,5
106585,1214,23,pending,1,5
106585,1215,24,pending,1,5
106585,1269,25,pending,1,6
106585,1421,26,pending,0,6
106585,1227,27,pending,1,6
106585,1230,28,pending,1,6
106585,1132,29,pending,1,6
106585,324,30,pending,0,7
106585,1237,31,pending,1,7
106585,1361,32,pending,0,7
106585,1139,33,pending,1,7
106585,1241,34,pending,1,7
106585,1145,35,pending,1,8
106585,344,36,pending,0,8
106585,1154,37,pending,1,8
106585,1175,38,pending,1,8
106585,1176,39,pending,1,8
106585,1095,5,completed,1,2
106585,1245,6,completed,1,2
106585,1282,7,completed,0,2
106585,1207,8,completed,1,2
106585,1200,9,completed,1,2
106592,665,10,pending,0,3
106592,1208,11,pending,1,3
106592,73,12,pending,0,3
106592,238,13,pending,0,3
106592,302,14,pending,0,3
106592,1399,15,pending,0,4
106592,660,16,pending,0,4
106592,1606,17,pending,0,4
106592,402,18,pending,0,4
106592,1215,19,pending,1,4
106592,1216,20,pending,1,5
106592,1120,21,pending,1,5
106592,1270,22,pending,1,5
106592,1222,23,pending,1,5
106592,1224,24,pending,1,5
106592,1125,25,pending,1,6
106592,1226,26,pending,1,6
106592,1133,27,pending,1,6
106592,742,28,pending,0,6
106592,1238,29,pending,1,6
106592,808,30,pending,0,7
106592,1241,31,pending,1,7
106592,1153,32,pending,1,7
106592,1156,33,pending,1,7
106592,1163,34,pending,1,7
106592,1171,35,pending,1,8
106592,1172,36,pending,1,8
106592,1561,37,pending,0,8
106592,1177,38,pending,1,8
106592,1185,39,pending,1,8
106592,1480,5,completed,0,2
106592,1067,6,completed,0,2
106592,565,7,completed,0,2
106592,1323,8,completed,0,2
106592,1258,9,completed,1,2
106598,1332,10,pending,1,3
106598,1293,11,pending,0,3
106598,1335,12,pending,1,3
106598,281,13,pending,0,3
106598,1337,14,pending,1,3
106598,674,15,pending,0,4
106598,1009,16,pending,0,4
106598,1345,17,pending,1,4
106598,1273,18,pending,0,4
106598,1346,19,pending,1,4
106598,1349,20,pending,1,5
106598,1351,21,pending,1,5
106598,1353,22,pending,1,5
106598,1354,23,pending,1,5
106598,1358,24,pending,1,5
106598,695,25,pending,0,6
106598,1364,26,pending,1,6
106598,1528,27,pending,0,6
106598,1367,28,pending,1,6
106598,816,29,pending,0,6
106598,1370,30,pending,1,7
106598,1373,31,pending,1,7
106598,1375,32,pending,1,7
106598,825,33,pending,0,7
106598,1541,34,pending,0,7
106598,134,35,pending,0,8
106598,1381,36,pending,1,8
106598,1383,37,pending,1,8
106598,1555,38,pending,0,8
106598,1172,39,pending,0,8
106598,1322,5,completed,1,2
106598,1331,6,completed,1,2
106598,39,7,completed,0,2
106598,1324,8,completed,1,2
106598,1394,9,completed,0,2
106616,570,10,pending,0,3
106616,1268,11,pending,1,3
106616,1120,12,pending,1,3
106616,1220,13,pending,1,3
106616,1272,14,pending,1,3
106616,792,15,pending,0,4
106616,1223,16,pending,1,4
106616,1224,17,pending,1,4
106616,1125,18,pending,1,4
106616,1225,19,pending,1,4
106616,1128,20,pending,1,5
106616,1228,21,pending,1,5
106616,1351,22,pending,0,5
106616,1233,23,pending,1,5
106616,1134,24,pending,1,5
106616,592,25,pending,0,6
106616,1238,26,pending,1,6
106616,1239,27,pending,1,6
106616,1143,28,pending,1,6
106616,813,29,pending,0,6
106616,1145,30,pending,1,7
106616,457,31,pending,0,7
106616,1165,32,pending,1,7
106616,465,33,pending,0,7
106616,1169,34,pending,1,7
106616,1170,35,pending,1,8
106616,1181,36,pending,1,8
106616,1187,37,pending,1,8
106616,1190,38,pending,1,8
106616,1576,39,pending,0,8
106616,1463,5,completed,0,2
106616,73,6,completed,0,2
106616,1202,7,completed,1,2
106616,185,8,completed,0,2
106616,1261,9,completed,1,2
106632,1404,10,pending,1,3
106632,1208,11,pending,0,3
106632,1393,12,pending,1,3
106632,237,13,pending,0,3
106632,1405,14,pending,1,3
106632,1398,15,pending,1,4
106632,1713,16,pending,0,4
106632,567,17,pending,0,4
106632,1406,18,pending,1,4
106632,1104,19,pending,0,4
106632,1400,20,pending,1,5
106632,81,21,pending,0,5
106632,1401,22,pending,1,5
106632,61,23,pending,0,5
106632,1409,24,pending,1,5
106632,1411,25,pending,1,6
106632,1412,26,pending,1,6
106632,1413,27,pending,1,6
106632,1414,28,pending,1,6
106632,1415,29,pending,1,6
106632,1416,30,pending,1,7
106632,1417,31,pending,1,7
106632,1420,32,pending,1,7
106632,1421,33,pending,1,7
106632,1086,34,pending,0,7
106632,1130,35,pending,0,8
106632,748,36,pending,0,8
106632,526,37,pending,0,8
106632,1645,38,pending,0,8
106632,533,39,pending,0,8
106632,1710,5,completed,0,2
106632,1391,6,completed,1,2
106632,776,7,completed,0,2
106632,1396,8,completed,1,2
106632,1392,9,completed,1,2
106651,1394,10,pending,1,3
106651,1407,11,pending,1,3
106651,1599,12,pending,0,3
106651,1408,13,pending,1,3
106651,402,14,pending,0,3
106651,1401,15,pending,1,4
106651,1409,16,pending,1,4
106651,1113,17,pending,0,4
106651,43,18,pending,0,4
106651,1410,19,pending,1,4
106651,1411,20,pending,1,5
106651,1447,21,pending,0,5
106651,1501,22,pending,0,5
106651,1412,23,pending,1,5
106651,1413,24,pending,1,5
106651,1414,25,pending,1,6
106651,675,26,pending,0,6
106651,498,27,pending,0,6
106651,1415,28,pending,1,6
106651,1416,29,pending,1,6
106651,1417,30,pending,1,7
106651,1391,5,completed,1,2
106651,1403,6,completed,1,2
106651,1392,7,completed,1,2
106651,1404,8,completed,1,2
106651,1418,31,pending,1,7
106651,1420,32,pending,1,7
106651,1421,33,pending,1,7
106651,796,34,pending,0,7
106651,800,35,pending,0,8
106651,743,36,pending,0,8
106651,341,37,pending,0,8
106651,837,38,pending,0,8
106651,636,39,pending,0,8
106660,32,10,pending,0,3
106660,1320,11,pending,1,3
106660,1332,12,pending,1,3
106660,1327,13,pending,1,3
106660,924,14,pending,0,3
106660,1339,15,pending,1,4
106660,94,16,pending,0,4
106660,1341,17,pending,1,4
106660,1343,18,pending,1,4
106660,1344,19,pending,1,4
106660,1228,20,pending,0,5
106660,1353,21,pending,1,5
106660,1363,22,pending,1,5
106660,1365,23,pending,1,5
106660,815,24,pending,0,5
106660,443,25,pending,0,6
106660,1369,26,pending,1,6
106660,1370,27,pending,1,6
106660,1371,28,pending,1,6
106660,1373,29,pending,1,6
106660,449,30,pending,0,7
106660,1374,31,pending,1,7
106660,1375,32,pending,1,7
106660,1376,33,pending,1,7
106660,1378,34,pending,1,7
106660,1380,35,pending,1,8
106660,1654,36,pending,0,8
106660,1382,37,pending,1,8
106660,356,38,pending,0,8
106660,1170,39,pending,0,8
106660,77,5,completed,0,2
106660,1323,6,completed,1,2
106660,1319,7,completed,1,2
106660,10,8,completed,0,2
106660,1712,9,completed,0,2
106673,1609,10,pending,0,3
106673,1116,11,pending,1,3
106673,1266,12,pending,1,3
106673,1268,13,pending,1,3
106673,1272,14,pending,1,3
106673,1273,15,pending,1,4
106673,1126,16,pending,1,4
106673,1226,17,pending,1,4
106673,1513,18,pending,0,4
106673,735,19,pending,0,4
106673,1229,20,pending,1,5
106673,1230,21,pending,1,5
106673,938,22,pending,0,5
106673,1143,23,pending,1,5
106673,522,24,pending,0,5
106673,1147,25,pending,1,6
106673,1151,26,pending,1,6
106673,1152,27,pending,1,6
106673,1153,28,pending,1,6
106673,133,29,pending,0,6
106673,1157,30,pending,1,7
106673,1161,31,pending,1,7
106673,139,32,pending,0,7
106673,355,33,pending,0,7
106673,1163,34,pending,1,7
106673,1165,35,pending,1,8
106673,834,36,pending,0,8
106673,978,37,pending,0,8
106673,1176,38,pending,1,8
106673,1182,39,pending,1,8
106673,1096,5,completed,1,2
106673,1258,6,completed,1,2
106673,1201,7,completed,1,2
106673,1252,8,completed,1,2
106673,278,9,completed,0,2
106677,715,10,pending,0,3
106677,1291,11,pending,0,3
106677,1681,12,pending,0,3
106677,16,13,pending,0,3
106677,1260,14,pending,0,3
106677,1407,15,pending,0,4
106677,874,16,pending,0,4
106677,1297,17,pending,0,4
106677,572,18,pending,0,4
106677,413,19,pending,0,4
106677,1077,20,pending,0,5
106677,1011,21,pending,0,5
106677,1125,22,pending,0,5
106677,1347,23,pending,0,5
106677,1132,24,pending,0,5
106677,807,25,pending,0,6
106677,1241,26,pending,0,6
106677,129,27,pending,0,6
106677,1163,28,pending,0,6
106677,542,29,pending,0,6
106677,1164,30,pending,0,7
106677,838,31,pending,0,7
106677,1665,32,pending,0,7
106677,977,33,pending,0,7
106677,149,34,pending,0,7
106677,1669,35,pending,0,8
106677,636,36,pending,0,8
106677,373,37,pending,0,8
106677,850,38,pending,0,8
106677,853,39,pending,0,8
106677,701,5,completed,0,2
106677,234,6,completed,0,2
106677,209,7,completed,0,2
106677,8,8,completed,0,2
106677,228,9,completed,0,2
106699,1262,10,pending,1,3
106699,1255,11,pending,1,3
106699,1263,12,pending,1,3
106699,1115,13,pending,1,3
106699,1271,14,pending,1,3
106699,1221,15,pending,1,4
106699,579,16,pending,0,4
106699,1085,17,pending,0,4
106699,1129,18,pending,1,4
106699,322,19,pending,0,4
106699,1230,20,pending,1,5
106699,1231,21,pending,1,5
106699,946,22,pending,0,5
106699,818,23,pending,0,5
106699,1151,24,pending,1,5
106699,1152,25,pending,1,6
106699,1153,26,pending,1,6
106699,1375,27,pending,0,6
106699,453,28,pending,0,6
106699,133,29,pending,0,6
106699,1159,30,pending,1,7
106699,1161,31,pending,1,7
106699,1163,32,pending,1,7
106699,1166,33,pending,1,7
106699,149,34,pending,0,7
106699,1176,35,pending,1,8
106699,1177,36,pending,1,8
106699,1182,37,pending,1,8
106699,379,38,pending,0,8
106699,380,39,pending,0,8
106699,907,5,completed,0,2
106699,1101,6,completed,1,2
106699,1259,7,completed,1,2
106699,1103,8,completed,1,2
106699,1253,9,completed,1,2
106706,1676,10,pending,0,3
106706,1331,11,pending,0,3
106706,237,12,pending,0,3
106706,1701,13,pending,0,3
106706,54,14,pending,0,3
106706,1682,15,pending,0,4
106706,710,16,pending,0,4
106706,80,17,pending,0,4
106706,1490,18,pending,0,4
106706,1216,19,pending,0,4
106706,924,20,pending,0,5
106706,195,21,pending,0,5
106706,1272,22,pending,0,5
106706,197,23,pending,0,5
106706,1273,24,pending,0,5
106706,422,25,pending,0,6
106706,1087,26,pending,0,6
106706,1514,27,pending,0,6
106706,1313,28,pending,0,6
106706,107,29,pending,0,6
106706,1356,30,pending,0,7
106706,436,31,pending,0,7
106706,947,32,pending,0,7
106706,598,33,pending,0,7
106706,615,34,pending,0,7
106706,972,35,pending,0,8
106706,1168,36,pending,0,8
106706,361,37,pending,0,8
106706,372,38,pending,0,8
106706,157,39,pending,0,8
106706,1194,5,completed,0,2
106706,663,6,completed,0,2
106706,8,7,completed,0,2
106706,1680,8,completed,0,2
106706,1251,9,completed,0,2
106713,1279,10,pending,1,3
106713,1291,11,pending,1,3
106713,1284,12,pending,1,3
106713,1280,13,pending,1,3
106713,1285,14,pending,1,3
106713,667,15,pending,0,4
106713,1293,16,pending,1,4
106713,271,17,pending,0,4
106713,1286,18,pending,1,4
106713,1294,19,pending,1,4
106713,1287,20,pending,1,5
106713,1335,21,pending,0,5
106713,1296,22,pending,1,5
106713,713,5,completed,0,2
106713,1277,6,completed,1,2
106713,1116,23,pending,0,5
106713,1299,24,pending,1,5
106713,1301,25,pending,1,6
106713,1302,26,pending,1,6
106713,1417,27,pending,0,6
106713,1344,28,pending,0,6
106713,1304,29,pending,1,6
106713,1305,30,pending,1,7
106713,794,31,pending,0,7
106713,1307,32,pending,1,7
106713,505,33,pending,0,7
106713,1311,34,pending,1,7
106713,1312,35,pending,1,8
106713,939,36,pending,0,8
106713,1631,37,pending,0,8
106713,345,38,pending,0,8
106713,1551,39,pending,0,8
106714,1291,10,pending,1,3
106714,1292,11,pending,1,3
106714,1285,12,pending,1,3
106714,1466,13,pending,0,3
106714,1293,14,pending,1,3
106714,1286,15,pending,1,4
106714,1294,16,pending,1,4
106714,1287,17,pending,1,4
106714,1262,18,pending,0,4
106714,1295,19,pending,1,4
106714,492,20,pending,0,5
106714,1297,21,pending,1,5
106714,1299,22,pending,1,5
106714,1300,23,pending,1,5
106714,1304,24,pending,1,5
106714,1305,25,pending,1,6
106714,1306,26,pending,1,6
106714,1307,27,pending,1,6
106714,1512,28,pending,0,6
106714,1309,29,pending,1,6
106714,1311,30,pending,1,7
106714,1312,31,pending,1,7
106714,745,32,pending,0,7
106714,119,33,pending,0,7
106714,527,34,pending,0,7
106714,1644,35,pending,0,8
106714,836,36,pending,0,8
106714,1663,37,pending,0,8
106714,160,38,pending,0,8
106714,380,39,pending,0,8
106718,1215,10,pending,1,3
106718,1448,11,pending,0,3
106718,1118,12,pending,1,3
106718,888,13,pending,0,3
106718,1119,14,pending,1,3
106718,1120,15,pending,1,4
106718,578,16,pending,0,4
106718,1343,17,pending,0,4
106718,1122,18,pending,1,4
106718,892,19,pending,0,4
106718,1273,20,pending,1,5
106718,1124,21,pending,1,5
106718,1307,22,pending,0,5
106718,507,23,pending,0,5
106718,1129,24,pending,1,5
106718,1132,25,pending,1,6
106718,1354,26,pending,0,6
106718,1133,27,pending,1,6
106718,1239,28,pending,1,6
106718,947,29,pending,0,6
106718,1140,30,pending,1,7
106718,1141,31,pending,1,7
106718,751,32,pending,0,7
106718,1148,33,pending,1,7
106718,1375,34,pending,0,7
106718,1154,35,pending,1,8
106718,1168,36,pending,1,8
106718,1172,37,pending,1,8
106718,1180,38,pending,1,8
106714,1289,5,completed,1,2
106714,1282,6,completed,1,2
106714,987,7,completed,0,2
106714,249,8,completed,0,2
106714,1279,9,completed,1,2
106718,1463,5,completed,0,2
106718,1103,6,completed,1,2
106718,1211,7,completed,1,2
106718,305,8,completed,0,2
106718,1189,39,pending,1,8
106725,406,10,pending,0,3
106725,872,11,pending,0,3
106725,560,12,pending,0,3
106725,1719,13,pending,0,3
106725,304,14,pending,0,3
106725,1255,15,pending,0,4
106725,494,16,pending,0,4
106725,1115,17,pending,0,4
106725,1074,18,pending,0,4
106725,1216,19,pending,0,4
106725,1502,20,pending,0,5
106725,575,21,pending,0,5
106725,1013,22,pending,0,5
106725,421,23,pending,0,5
106725,681,24,pending,0,5
106725,1225,25,pending,0,6
106725,583,26,pending,0,6
106725,797,27,pending,0,6
106725,1130,28,pending,0,6
106725,1626,29,pending,0,6
106725,949,30,pending,0,7
106725,180,5,completed,0,2
106725,1431,6,completed,0,2
106725,1060,7,completed,0,2
106725,225,8,completed,0,2
106725,818,31,pending,0,7
106725,449,32,pending,0,7
106725,1152,33,pending,0,7
106725,455,34,pending,0,7
106725,1163,35,pending,0,8
106725,834,36,pending,0,8
106725,545,37,pending,0,8
106725,977,38,pending,0,8
106725,843,39,pending,0,8
106730,12,5,completed,0,2
106730,658,10,pending,0,3
106730,1597,11,pending,0,3
106730,771,12,pending,0,3
106730,1252,13,pending,0,3
106730,1495,14,pending,0,3
106730,482,15,pending,0,4
106730,1703,16,pending,0,4
106730,661,17,pending,0,4
106730,1112,18,pending,0,4
106730,571,19,pending,0,4
106730,189,20,pending,0,5
106730,503,21,pending,0,5
106730,1421,22,pending,0,5
106730,199,23,pending,0,5
106730,507,24,pending,0,5
106730,105,25,pending,0,6
106730,591,26,pending,0,6
106730,1241,27,pending,0,6
106730,1641,28,pending,0,6
106730,344,29,pending,0,6
106730,959,30,pending,0,7
106730,1537,31,pending,0,7
106730,1651,32,pending,0,7
106730,1543,33,pending,0,7
106730,1661,34,pending,0,7
106730,359,35,pending,0,8
106730,975,36,pending,0,8
106730,1175,37,pending,0,8
106730,158,38,pending,0,8
106730,1572,39,pending,0,8
106732,1327,10,pending,1,3
106732,1336,11,pending,1,3
106732,1337,12,pending,1,3
106732,1411,13,pending,0,3
106732,1341,14,pending,1,3
106732,1506,15,pending,0,4
106732,1345,16,pending,1,4
106732,1346,17,pending,1,4
106732,1306,18,pending,0,4
106732,1349,19,pending,1,4
106732,1351,20,pending,1,5
106732,1311,21,pending,0,5
106732,1352,22,pending,1,5
106732,323,23,pending,0,5
106732,1353,24,pending,1,5
106732,1354,25,pending,1,6
106732,1355,26,pending,1,6
106732,691,27,pending,0,6
106732,1135,28,pending,0,6
106732,1360,29,pending,1,6
106732,1361,30,pending,1,7
106732,1366,31,pending,1,7
106732,1372,32,pending,1,7
106732,1373,33,pending,1,7
106732,1374,34,pending,1,7
106732,1376,35,pending,1,8
106732,1380,36,pending,1,8
106732,1546,37,pending,0,8
106732,1660,38,pending,0,8
106732,1189,39,pending,0,8
106730,63,7,completed,0,2
106730,1322,8,completed,0,2
106730,999,9,completed,0,2
106732,63,5,completed,0,2
106732,991,6,completed,0,2
106732,1322,7,completed,1,2
106732,1203,8,completed,0,2
106732,1719,9,completed,0,2
106740,398,10,pending,0,3
106740,1258,11,pending,1,3
106740,1208,12,pending,1,3
106740,1251,13,pending,1,3
106740,1263,14,pending,1,3
106740,392,5,completed,0,2
106740,1245,6,completed,1,2
106740,1096,7,completed,1,2
106740,1005,15,pending,0,4
106740,1006,16,pending,0,4
106740,315,17,pending,0,4
106740,1124,18,pending,1,4
106740,1224,19,pending,1,4
106740,1228,20,pending,1,5
106740,1351,21,pending,0,5
106740,1131,22,pending,1,5
106740,1627,23,pending,0,5
106740,1232,24,pending,1,5
106740,1134,25,pending,1,6
106740,1235,26,pending,1,6
106740,1137,27,pending,1,6
106740,528,28,pending,0,6
106740,1150,29,pending,1,6
106740,1380,30,pending,0,7
106740,828,31,pending,0,7
106740,1161,32,pending,1,7
106740,139,33,pending,0,7
106740,1170,34,pending,1,7
106740,1171,35,pending,1,8
106740,150,36,pending,0,8
106740,1182,37,pending,1,8
106740,1183,38,pending,1,8
106740,860,39,pending,0,8
106744,1251,10,pending,1,3
106744,1102,11,pending,1,3
106744,1252,12,pending,1,3
106744,1103,13,pending,1,3
106744,1260,14,pending,1,3
106744,178,15,pending,0,4
106744,1113,16,pending,1,4
106744,1215,17,pending,1,4
106744,1503,18,pending,0,4
106744,1119,19,pending,1,4
106744,1080,20,pending,0,5
106744,1123,21,pending,1,5
106744,792,22,pending,0,5
106744,892,23,pending,0,5
106744,1125,24,pending,1,5
106744,1225,25,pending,1,6
106744,1126,26,pending,1,6
106744,1135,27,pending,1,6
106744,1137,28,pending,1,6
106744,1237,29,pending,1,6
106744,1141,30,pending,1,7
106744,810,31,pending,0,7
106744,1162,32,pending,1,7
106744,138,33,pending,0,7
106744,1665,34,pending,0,7
106744,1179,35,pending,1,8
106744,1182,36,pending,1,8
106744,376,37,pending,0,8
106744,1185,38,pending,1,8
106744,1190,39,pending,1,8
106745,1680,10,pending,0,3
106745,558,11,pending,0,3
106745,225,12,pending,0,3
106745,212,13,pending,0,3
106745,709,14,pending,0,3
106745,1202,15,pending,1,4
106745,489,16,pending,0,4
106745,178,17,pending,0,4
106745,718,18,pending,0,4
106745,1212,19,pending,1,4
106745,1215,20,pending,1,5
106745,46,21,pending,0,5
106745,1220,22,pending,1,5
106745,1272,23,pending,1,5
106745,1123,24,pending,1,5
106745,1223,25,pending,1,6
106745,584,26,pending,0,6
106745,1229,27,pending,1,6
106745,1231,28,pending,1,6
106745,1237,29,pending,1,6
106745,1141,30,pending,1,7
106744,913,5,completed,0,2
106744,1066,6,completed,0,2
106744,1246,7,completed,1,2
106744,77,8,completed,0,2
106744,14,9,completed,0,2
106745,1249,5,completed,1,2
106745,1059,6,completed,0,2
106745,1200,7,completed,1,2
106745,1096,8,completed,1,2
106745,121,31,pending,0,7
106745,602,32,pending,0,7
106745,1147,33,pending,1,7
106745,1148,34,pending,1,7
106745,1152,35,pending,1,8
106745,1155,36,pending,1,8
106745,1165,37,pending,1,8
106745,372,38,pending,0,8
106745,1183,39,pending,1,8
106754,1113,10,pending,1,3
106754,89,11,pending,0,3
106754,1213,12,pending,1,3
106754,282,13,pending,0,3
106754,1216,14,pending,1,3
106754,1448,15,pending,0,4
106754,1219,16,pending,1,4
106754,1120,17,pending,1,4
106754,793,18,pending,0,4
106754,1347,19,pending,0,4
106754,1126,20,pending,1,5
106754,1128,21,pending,1,5
106754,1228,22,pending,1,5
106754,1399,5,completed,0,2
106754,1260,6,completed,1,2
106754,1230,23,pending,1,5
106754,1131,24,pending,1,5
106754,323,25,pending,0,6
106754,1231,26,pending,1,6
106754,1133,27,pending,1,6
106754,1233,28,pending,1,6
106754,515,29,pending,0,6
106754,1633,30,pending,0,7
106754,1147,31,pending,1,7
106754,1534,32,pending,0,7
106754,1156,33,pending,1,7
106754,136,34,pending,0,7
106754,465,35,pending,0,8
106754,1555,36,pending,0,8
106754,1172,37,pending,1,8
106754,1179,38,pending,1,8
106754,647,39,pending,0,8
106755,1392,10,pending,1,3
106755,1404,11,pending,1,3
106755,1061,12,pending,0,3
106755,1394,13,pending,1,3
106755,66,14,pending,0,3
106755,1406,15,pending,1,4
106755,1399,16,pending,1,4
106755,1407,17,pending,1,4
106755,1400,18,pending,1,4
106755,1408,19,pending,1,4
106755,1401,20,pending,1,5
106755,1411,21,pending,1,5
106755,494,22,pending,0,5
106755,573,23,pending,0,5
106755,1414,24,pending,1,5
106755,1415,25,pending,1,6
106755,926,26,pending,0,6
106755,1416,27,pending,1,6
106755,1417,28,pending,1,6
106755,1418,29,pending,1,6
106755,316,30,pending,0,7
106755,1420,31,pending,1,7
106755,731,32,pending,0,7
106755,1421,33,pending,1,7
106755,1422,34,pending,1,7
106755,733,35,pending,0,8
106755,1631,36,pending,0,8
106755,1366,37,pending,0,8
106755,1159,38,pending,0,8
106755,982,39,pending,0,8
106756,715,10,pending,0,3
106756,477,11,pending,0,3
106756,231,12,pending,0,3
106756,780,13,pending,0,3
106756,408,14,pending,0,3
106756,1261,15,pending,0,4
106756,1071,16,pending,0,4
106756,1401,17,pending,0,4
106756,882,18,pending,0,4
106756,305,19,pending,0,4
106756,670,20,pending,0,5
106756,571,21,pending,0,5
106756,1005,22,pending,0,5
106756,922,23,pending,0,5
106756,574,24,pending,0,5
106756,498,25,pending,0,6
106756,1121,26,pending,0,6
106756,1421,27,pending,0,6
106756,1347,28,pending,0,6
106756,1516,29,pending,0,6
106756,738,30,pending,0,7
106756,1231,31,pending,0,7
106756,1360,32,pending,0,7
106756,531,33,pending,0,7
106756,1652,34,pending,0,7
106756,1162,35,pending,0,8
106756,140,36,pending,0,8
106756,143,37,pending,0,8
106756,1182,38,pending,0,8
106756,1569,39,pending,0,8
106755,1058,5,completed,0,2
106755,1391,6,completed,1,2
106755,702,7,completed,0,2
106755,1403,8,completed,1,2
106755,1396,9,completed,1,2
106756,7,5,completed,0,2
106756,222,6,completed,0,2
106756,8,7,completed,0,2
106756,288,8,completed,0,2
106756,1687,9,completed,0,2
106759,1280,10,pending,1,3
106759,1069,11,pending,0,3
106759,1285,12,pending,1,3
106759,79,13,pending,0,3
106759,1203,14,pending,0,3
106759,1606,15,pending,0,4
106759,1293,16,pending,1,4
106759,1295,17,pending,1,4
106759,1299,18,pending,1,4
106759,1300,19,pending,1,4
106759,1301,20,pending,1,5
106759,1302,21,pending,1,5
106759,1305,22,pending,1,5
106759,1306,23,pending,1,5
106759,1307,24,pending,1,5
106759,1309,25,pending,1,6
106759,1310,26,pending,1,6
106759,1311,27,pending,1,6
106759,1312,28,pending,1,6
106759,1313,29,pending,1,6
106759,742,30,pending,0,7
106759,438,31,pending,0,7
106759,1637,32,pending,0,7
106759,525,33,pending,0,7
106759,128,34,pending,0,7
106759,1175,35,pending,0,8
106759,634,36,pending,0,8
106759,156,37,pending,0,8
106759,162,38,pending,0,8
106759,1189,39,pending,0,8
106762,1320,10,pending,1,3
106762,1406,11,pending,0,3
106762,1002,12,pending,0,3
106762,1326,13,pending,1,3
106762,1074,14,pending,0,3
106759,1282,5,completed,1,2
106759,1290,6,completed,1,2
106759,1283,7,completed,1,2
106759,1291,8,completed,1,2
106759,1284,9,completed,1,2
106762,564,5,completed,0,2
106762,1330,6,completed,1,2
106762,1323,7,completed,1,2
106762,1344,15,pending,1,4
106762,1345,16,pending,1,4
106762,1224,17,pending,0,4
106762,1347,18,pending,1,4
106762,1355,19,pending,1,4
106762,1356,20,pending,1,5
106762,1357,21,pending,1,5
106762,1360,22,pending,1,5
106762,1366,23,pending,1,5
106762,444,24,pending,0,5
106762,1369,25,pending,1,6
106762,445,26,pending,0,6
106762,1373,27,pending,1,6
106762,1375,28,pending,1,6
106762,1376,29,pending,1,6
106762,1377,30,pending,1,7
106762,1378,31,pending,1,7
106762,1379,32,pending,1,7
106762,1380,33,pending,1,7
106762,617,34,pending,0,7
106762,1382,35,pending,1,8
106762,1383,36,pending,1,8
106762,545,37,pending,0,8
106762,839,38,pending,0,8
106762,367,39,pending,0,8
106788,1485,10,pending,0,3
106788,1396,11,pending,1,3
106788,1392,12,pending,1,3
106788,1404,13,pending,1,3
106788,1405,14,pending,1,3
106788,666,15,pending,0,4
106788,1394,16,pending,1,4
106788,1406,17,pending,1,4
106788,1399,18,pending,1,4
106788,994,19,pending,0,4
106788,1400,20,pending,1,5
106788,1401,21,pending,1,5
106788,1295,22,pending,0,5
106788,1409,23,pending,1,5
106788,1410,24,pending,1,5
106788,1411,25,pending,1,6
106788,1412,26,pending,1,6
106788,1413,27,pending,1,6
106788,1010,28,pending,0,6
106788,1416,29,pending,1,6
106788,1417,30,pending,1,7
106788,1316,5,completed,0,2
106788,1402,6,completed,1,2
106788,1395,7,completed,1,2
106788,1391,8,completed,1,2
106788,1418,31,pending,1,7
106788,1421,32,pending,1,7
106788,607,33,pending,0,7
106788,1542,34,pending,0,7
106788,1544,35,pending,0,8
106788,836,36,pending,0,8
106788,361,37,pending,0,8
106788,148,38,pending,0,8
106788,370,39,pending,0,8
106792,1325,10,pending,1,3
106792,1254,11,pending,0,3
106792,1336,12,pending,1,3
106792,1337,13,pending,1,3
106792,673,14,pending,0,3
106792,1341,15,pending,1,4
106792,579,16,pending,0,4
106792,1344,17,pending,1,4
106792,1346,18,pending,1,4
106792,1351,19,pending,1,4
106792,1130,20,pending,0,5
106792,1352,21,pending,1,5
106792,511,22,pending,0,5
106792,1355,23,pending,1,5
106792,1356,24,pending,1,5
106792,327,25,pending,0,6
106792,1358,26,pending,1,6
106792,1241,27,pending,0,6
106792,1365,28,pending,1,6
106792,1366,29,pending,1,6
106792,1368,30,pending,1,7
106792,1369,31,pending,1,7
106792,1370,32,pending,1,7
106792,529,33,pending,0,7
106792,1372,34,pending,1,7
106792,1373,35,pending,1,8
106792,1376,36,pending,1,8
106792,829,37,pending,0,8
106792,1383,38,pending,1,8
106792,1386,39,pending,1,8
106792,1330,5,completed,1,2
106792,1319,6,completed,1,2
106792,1259,7,completed,0,2
106792,1677,8,completed,0,2
106792,1682,9,completed,0,2
106795,476,10,pending,0,3
106795,566,11,pending,0,3
106795,993,12,pending,0,3
106795,1001,13,pending,0,3
106795,489,14,pending,0,3
106795,1606,15,pending,0,4
106795,780,16,pending,0,4
106795,272,17,pending,0,4
106795,281,18,pending,0,4
106795,721,19,pending,0,4
106795,1339,20,pending,0,5
106795,1118,21,pending,0,5
106795,891,22,pending,0,5
106795,1346,23,pending,0,5
106795,198,24,pending,0,5
106795,505,25,pending,0,6
106795,1086,26,pending,0,6
106795,685,27,pending,0,6
106795,1129,28,pending,0,6
106795,736,29,pending,0,6
106795,590,30,pending,0,7
106795,1361,31,pending,0,7
106795,525,32,pending,0,7
106795,1644,33,pending,0,7
106795,341,34,pending,0,7
106795,1547,35,pending,0,8
106795,544,36,pending,0,8
106795,144,37,pending,0,8
106795,1669,38,pending,0,8
106795,857,39,pending,0,8
106795,1469,5,completed,0,2
106795,12,6,completed,0,2
106795,1699,7,completed,0,2
106795,1208,8,completed,0,2
106795,1097,9,completed,0,2
106818,1201,10,pending,0,3
106818,207,11,pending,0,3
106818,1252,12,pending,0,3
106818,1406,13,pending,0,3
106818,1407,14,pending,0,3
106818,1286,15,pending,0,4
106818,1212,16,pending,0,4
106818,712,17,pending,0,4
106818,782,18,pending,0,4
106818,1214,19,pending,0,4
106818,572,20,pending,0,5
106818,885,21,pending,0,5
106818,94,22,pending,0,5
106818,1301,23,pending,0,5
106818,1269,24,pending,0,5
106818,579,25,pending,0,6
106818,1618,26,pending,0,6
106818,1620,27,pending,0,6
106818,508,28,pending,0,6
106818,509,29,pending,0,6
106818,1232,30,pending,0,7
106818,694,31,pending,0,7
106818,814,32,pending,0,7
106818,753,33,pending,0,7
106818,124,34,pending,0,7
106818,527,35,pending,0,8
106818,960,36,pending,0,8
106818,1376,37,pending,0,8
106818,141,38,pending,0,8
106818,1183,39,pending,0,8
106818,169,5,completed,0,2
106818,13,6,completed,0,2
106818,1200,7,completed,0,2
106818,206,8,completed,0,2
106818,715,9,completed,0,2
106835,1280,10,pending,1,3
106835,1292,11,pending,1,3
106835,1293,12,pending,1,3
106835,1474,13,pending,0,3
106835,278,14,pending,0,3
106835,185,15,pending,0,4
106835,1286,16,pending,1,4
106835,1294,17,pending,1,4
106835,1287,18,pending,1,4
106835,1295,19,pending,1,4
106835,1296,20,pending,1,5
106835,572,21,pending,0,5
106835,1300,22,pending,1,5
106835,1302,23,pending,1,5
106835,1304,24,pending,1,5
106835,98,25,pending,0,6
106835,1305,26,pending,1,6
106835,1620,27,pending,0,6
106835,1307,28,pending,1,6
106835,1422,29,pending,0,6
106835,1309,30,pending,1,7
106835,1290,5,completed,1,2
106835,1283,6,completed,1,2
106835,1279,7,completed,1,2
106835,488,8,completed,0,2
106835,1311,31,pending,1,7
106835,736,32,pending,0,7
106835,1312,33,pending,1,7
106835,1313,34,pending,1,7
106835,942,35,pending,0,8
106835,804,36,pending,0,8
106835,539,37,pending,0,8
106835,1551,38,pending,0,8
106835,1187,39,pending,0,8
106838,255,10,pending,0,3
106838,1404,11,pending,1,3
106838,21,12,pending,0,3
106838,1405,13,pending,1,3
106838,1394,14,pending,1,3
106838,1406,15,pending,1,4
106838,1702,16,pending,0,4
106838,1399,17,pending,1,4
106838,1407,18,pending,1,4
106838,1408,19,pending,1,4
106838,1401,20,pending,1,5
106838,1409,21,pending,1,5
106838,1410,22,pending,1,5
106838,1411,23,pending,1,5
106838,1414,24,pending,1,5
106838,925,25,pending,0,6
106838,1415,26,pending,1,6
106838,1416,27,pending,1,6
106838,1417,28,pending,1,6
106838,791,29,pending,0,6
106838,1418,30,pending,1,7
106838,317,31,pending,0,7
106838,1422,32,pending,1,7
106838,1227,33,pending,0,7
106838,898,34,pending,0,7
106838,1539,35,pending,0,8
106838,962,36,pending,0,8
106838,972,37,pending,0,8
106838,362,38,pending,0,8
106838,853,39,pending,0,8
106838,1395,5,completed,1,2
106838,1391,6,completed,1,2
106838,1403,7,completed,1,2
106838,1396,8,completed,1,2
106838,13,9,completed,0,2
106839,1249,5,completed,1,2
106839,1098,10,pending,1,3
106839,1070,11,pending,0,3
106839,1204,12,pending,1,3
106839,42,13,pending,0,3
106839,1255,14,pending,1,3
106839,1215,15,pending,1,4
106839,673,16,pending,0,4
106839,1449,17,pending,0,4
106839,1268,18,pending,1,4
106839,1120,19,pending,1,4
106839,1220,20,pending,1,5
106839,1221,21,pending,1,5
106839,1122,22,pending,1,5
106839,580,23,pending,0,5
106839,1224,24,pending,1,5
106839,1353,25,pending,0,6
106839,1134,26,pending,1,6
106839,1235,27,pending,1,6
106839,112,28,pending,0,6
106839,1238,29,pending,1,6
106839,1239,30,pending,1,7
106839,1140,31,pending,1,7
106839,337,32,pending,0,7
106839,605,33,pending,0,7
106839,1163,34,pending,1,7
106839,847,35,pending,0,8
106839,851,36,pending,0,8
106839,1569,37,pending,0,8
106839,1185,38,pending,1,8
106839,1191,39,pending,1,8
106839,1250,7,completed,1,2
106839,26,8,completed,0,2
106839,1196,9,completed,1,2
105011,1090,0,completed,1,1
105011,1091,1,completed,1,1
105011,69,2,completed,0,1
105011,50,3,completed,0,1
105011,1094,4,completed,0,1
105014,1274,0,completed,1,1
105014,1671,1,completed,0,1
105014,1707,2,completed,0,1
105014,1275,3,completed,1,1
105014,1281,4,completed,1,1
105050,1090,0,completed,1,1
105050,1242,1,completed,0,1
105050,1672,2,completed,0,1
105050,1091,3,completed,1,1
105050,655,4,completed,0,1
105051,1389,0,completed,1,1
105051,863,1,completed,0,1
105051,1402,2,completed,1,1
105051,1395,3,completed,1,1
105051,1584,4,completed,0,1
105054,549,0,completed,0,1
105054,1090,1,completed,1,1
105054,1242,2,completed,0,1
105054,762,3,completed,0,1
105054,6,4,completed,0,1
105064,82,0,completed,0,1
105064,1194,1,completed,1,1
105064,392,2,completed,0,1
105064,1699,3,completed,0,1
105064,1200,4,completed,1,1
105065,203,0,completed,0,1
105065,1094,1,completed,0,1
105065,1316,2,completed,1,1
105065,1321,3,completed,1,1
105065,1590,4,completed,0,1
105078,1314,0,completed,1,1
105078,1315,1,completed,1,1
105078,50,2,completed,0,1
105078,403,3,completed,0,1
105078,1322,4,completed,1,1
105097,1388,0,completed,1,1
105097,1389,1,completed,1,1
105097,1673,2,completed,0,1
105097,1390,3,completed,1,1
105097,1395,4,completed,1,1
105104,1274,0,completed,1,1
105104,1275,1,completed,1,1
105104,1093,2,completed,0,1
105104,1673,3,completed,0,1
105104,1277,4,completed,1,1
105109,1315,0,completed,1,1
105109,1316,1,completed,1,1
105109,50,2,completed,0,1
105109,1690,3,completed,0,1
105109,1322,4,completed,1,1
105111,1389,0,completed,1,1
105111,1395,1,completed,1,1
105111,1206,2,completed,0,1
105111,1391,3,completed,1,1
105111,83,4,completed,0,1
105127,1274,0,completed,1,1
105127,1275,1,completed,1,1
105127,705,2,completed,0,1
105127,1678,3,completed,0,1
105127,1281,4,completed,1,1
105131,1090,0,completed,1,1
105131,1092,1,completed,0,1
105131,1192,2,completed,0,1
105131,1091,3,completed,1,1
105131,563,4,completed,0,1
105144,1090,0,completed,1,1
105144,1587,1,completed,0,1
105144,384,2,completed,0,1
105144,1091,3,completed,1,1
105144,551,4,completed,0,1
105157,1583,0,completed,0,1
105157,75,1,completed,0,1
105157,1395,2,completed,0,1
105157,1206,3,completed,1,1
105157,1249,4,completed,1,1
105179,1683,0,completed,0,1
105179,5,1,completed,0,1
105179,705,2,completed,0,1
105179,1256,3,completed,1,1
105179,1206,4,completed,1,1
105198,1314,0,completed,0,1
105198,862,1,completed,0,1
105198,1207,2,completed,1,1
105198,65,3,completed,0,1
105198,1102,4,completed,1,1
105212,1090,0,completed,1,1
105212,1091,1,completed,1,1
105212,234,2,completed,0,1
105212,775,3,completed,0,1
105212,990,4,completed,0,1
105214,1274,0,completed,1,1
105214,1275,1,completed,1,1
105214,863,2,completed,0,1
105214,1199,3,completed,0,1
105214,552,4,completed,0,1
105226,1090,0,completed,1,1
105226,389,1,completed,0,1
105226,1091,2,completed,1,1
105226,391,3,completed,0,1
105226,663,4,completed,0,1
105236,1274,0,completed,1,1
105236,1275,1,completed,1,1
105236,253,2,completed,0,1
105236,1602,3,completed,0,1
105236,1289,4,completed,1,1
105257,549,0,completed,0,1
105257,1275,1,completed,1,1
105257,173,2,completed,0,1
105257,1277,3,completed,1,1
105257,1289,4,completed,1,1
105266,1388,0,completed,1,1
105266,1423,1,completed,0,1
105266,1389,2,completed,1,1
105266,2,3,completed,0,1
105266,1390,4,completed,1,1
105267,1274,0,completed,1,1
105267,1389,1,completed,0,1
105267,1275,2,completed,1,1
105267,7,3,completed,0,1
105267,1036,4,completed,0,1
105288,1090,0,completed,1,1
105288,1707,1,completed,0,1
105288,1091,2,completed,1,1
105288,204,3,completed,0,1
105288,403,4,completed,0,1
105302,1274,0,completed,0,1
105302,1709,1,completed,0,1
105302,1194,2,completed,1,1
105302,75,3,completed,0,1
105302,1206,4,completed,1,1
105307,1090,0,completed,1,1
105307,549,1,completed,0,1
105307,983,2,completed,0,1
105307,1242,3,completed,0,1
105307,1091,4,completed,1,1
105309,1050,0,completed,0,1
105309,1090,1,completed,1,1
105309,1707,2,completed,0,1
105309,1091,3,completed,1,1
105309,75,4,completed,0,1
105313,68,0,completed,0,1
105313,1274,1,completed,1,1
105313,1275,2,completed,1,1
105313,1589,3,completed,0,1
105313,234,4,completed,0,1
105315,1314,0,completed,1,1
105315,285,1,completed,0,1
105315,1315,2,completed,1,1
105315,1328,3,completed,1,1
105315,1321,4,completed,1,1
105317,983,0,completed,0,1
105317,1314,1,completed,1,1
105317,1315,2,completed,1,1
105317,1243,3,completed,0,1
105317,261,4,completed,0,1
105351,1388,0,completed,1,1
105351,1423,1,completed,0,1
105351,862,2,completed,0,1
105351,1389,3,completed,1,1
105351,1402,4,completed,1,1
105368,1388,0,completed,0,1
105368,700,1,completed,0,1
105368,1322,2,completed,1,1
105368,1330,3,completed,1,1
105368,480,4,completed,0,1
105371,1388,0,completed,1,1
105371,48,1,completed,0,1
105371,1192,2,completed,0,1
105371,1389,3,completed,1,1
105371,234,4,completed,0,1
105387,1314,0,completed,1,1
105387,1315,1,completed,1,1
105387,1316,2,completed,1,1
105387,1328,3,completed,1,1
105387,180,4,completed,0,1
105388,1578,0,completed,0,1
105388,1094,1,completed,1,1
105388,1249,2,completed,1,1
105388,1277,3,completed,0,1
105388,769,4,completed,0,1
105411,1388,0,completed,1,1
105411,1389,1,completed,1,1
105411,36,2,completed,0,1
105411,1395,3,completed,1,1
105411,1391,4,completed,1,1
105418,1242,0,completed,0,1
105418,1389,1,completed,1,1
105418,1248,2,completed,0,1
105418,1390,3,completed,1,1
105418,563,4,completed,0,1
105419,1242,0,completed,1,1
105419,1093,1,completed,1,1
105419,1315,2,completed,0,1
105419,385,3,completed,0,1
105419,1430,4,completed,0,1
105420,1090,0,completed,1,1
105420,550,1,completed,0,1
105420,1091,2,completed,1,1
105420,273,3,completed,0,1
105420,266,4,completed,0,1
105425,384,0,completed,0,1
105425,1672,1,completed,0,1
105425,1277,2,completed,1,1
105425,1492,3,completed,0,1
105425,20,4,completed,0,1
105431,1,0,completed,0,1
105431,1090,1,completed,1,1
105431,1314,2,completed,0,1
105431,1477,3,completed,0,1
105431,1050,4,completed,0,1
105434,259,0,completed,0,1
105434,1090,1,completed,1,1
105434,1051,2,completed,0,1
105434,1091,3,completed,1,1
105434,1709,4,completed,0,1
105453,389,0,completed,0,1
105453,1092,1,completed,1,1
105453,775,2,completed,0,1
105453,1099,3,completed,1,1
105453,1095,4,completed,1,1
105473,1691,0,completed,0,1
105473,1242,1,completed,0,1
105473,1315,2,completed,1,1
105473,763,3,completed,0,1
105473,701,4,completed,0,1
105497,1455,0,completed,0,1
105497,1090,1,completed,1,1
105497,1091,2,completed,1,1
105497,167,3,completed,0,1
105497,986,4,completed,0,1
105505,761,0,completed,0,1
105505,1090,1,completed,1,1
105505,285,2,completed,0,1
105505,1091,3,completed,1,1
105505,273,4,completed,0,1
105522,1274,0,completed,1,1
105522,1036,1,completed,0,1
105522,1281,2,completed,1,1
105522,1289,3,completed,1,1
105522,1282,4,completed,1,1
105526,1092,0,completed,0,1
105526,1090,1,completed,1,1
105526,1091,2,completed,1,1
105526,23,3,completed,0,1
105526,713,4,completed,0,1
105532,1274,0,completed,1,1
105532,1281,1,completed,1,1
105532,713,2,completed,0,1
105532,287,3,completed,0,1
105532,1277,4,completed,1,1
105548,1388,0,completed,1,1
105548,985,1,completed,0,1
105548,1402,2,completed,1,1
105548,902,3,completed,0,1
105548,1391,4,completed,1,1
105554,1389,0,completed,1,1
105554,1390,1,completed,1,1
105554,1402,2,completed,1,1
105554,1065,3,completed,0,1
105554,1194,4,completed,0,1
105556,1314,0,completed,1,1
105556,22,1,completed,0,1
105556,1321,2,completed,1,1
105556,4,3,completed,0,1
105556,26,4,completed,0,1
105563,1090,0,completed,1,1
105563,1091,1,completed,1,1
105563,7,2,completed,0,1
105563,19,3,completed,0,1
105563,1107,4,completed,0,1
105564,983,0,completed,0,1
105564,1274,1,completed,0,1
105564,655,2,completed,0,1
105564,1206,3,completed,1,1
105564,1249,4,completed,1,1
105584,1093,0,completed,1,1
105584,1438,1,completed,0,1
105584,1250,2,completed,1,1
105584,1096,3,completed,1,1
105584,1197,4,completed,1,1
105585,1090,0,completed,1,1
105585,241,1,completed,0,1
105585,1091,2,completed,1,1
105585,550,3,completed,0,1
105585,763,4,completed,0,1
105587,1389,0,completed,1,1
105587,1193,1,completed,0,1
105587,1390,2,completed,1,1
105587,1402,3,completed,1,1
105587,1395,4,completed,1,1
105599,1274,0,completed,1,1
105599,1402,1,completed,0,1
105599,1281,2,completed,1,1
105599,1277,3,completed,1,1
105599,169,4,completed,0,1
105600,1090,0,completed,1,1
105600,1091,1,completed,1,1
105600,1684,2,completed,0,1
105600,701,3,completed,0,1
105600,864,4,completed,0,1
105614,1389,0,completed,1,1
105614,1390,1,completed,1,1
105614,1402,2,completed,1,1
105614,1395,3,completed,1,1
105614,656,4,completed,0,1
105618,1090,0,completed,1,1
105618,1091,1,completed,1,1
105618,563,2,completed,0,1
105618,1579,3,completed,0,1
105618,1277,4,completed,0,1
105621,1315,0,completed,1,1
105621,1316,1,completed,1,1
105621,234,2,completed,0,1
105621,1395,3,completed,0,1
105621,1321,4,completed,1,1
105639,1274,0,completed,1,1
105639,23,1,completed,0,1
105639,168,2,completed,0,1
105639,656,3,completed,0,1
105639,1674,4,completed,0,1
105640,1090,0,completed,1,1
105640,1314,1,completed,0,1
105640,1423,2,completed,0,1
105640,1091,3,completed,1,1
105640,168,4,completed,0,1
105642,1594,0,completed,0,1
105642,1249,1,completed,1,1
105642,987,2,completed,0,1
105642,487,3,completed,0,1
105642,27,4,completed,0,1
105651,1093,0,completed,0,1
105651,1281,1,completed,1,1
105651,1289,2,completed,1,1
105651,1107,3,completed,0,1
105651,1282,4,completed,1,1
105662,5,0,completed,0,1
105662,1090,1,completed,1,1
105662,1091,2,completed,1,1
105662,261,3,completed,0,1
105662,997,4,completed,0,1
105666,1684,0,completed,0,1
105666,1248,1,completed,1,1
105666,1328,2,completed,0,1
105666,1206,3,completed,1,1
105666,1095,4,completed,1,1
105681,985,0,completed,0,1
105681,551,1,completed,0,1
105681,1430,2,completed,0,1
105681,1256,3,completed,1,1
105681,1101,4,completed,1,1
105691,1090,0,completed,1,1
105691,1692,1,completed,0,1
105691,1091,2,completed,1,1
105691,1672,3,completed,0,1
105691,3,4,completed,0,1
105730,1094,0,completed,1,1
105730,1194,1,completed,1,1
105730,1099,2,completed,1,1
105730,1256,3,completed,1,1
105730,1391,4,completed,0,1
105752,167,0,completed,0,1
105752,1321,1,completed,1,1
105752,1059,2,completed,0,1
105752,26,3,completed,0,1
105752,1330,4,completed,1,1
105757,1275,0,completed,1,1
105757,3,1,completed,0,1
105757,1281,2,completed,1,1
105757,1277,3,completed,1,1
105757,1282,4,completed,1,1
105762,1090,0,completed,1,1
105762,1093,1,completed,0,1
105762,49,2,completed,0,1
105762,1091,3,completed,1,1
105762,1036,4,completed,0,1
105778,240,0,completed,0,1
105778,1192,1,completed,1,1
105778,1093,2,completed,1,1
105778,1094,3,completed,1,1
105778,204,4,completed,0,1
105781,1315,0,completed,1,1
105781,24,1,completed,0,1
105781,1321,2,completed,1,1
105781,1438,3,completed,0,1
105781,13,4,completed,0,1
105787,1707,0,completed,0,1
105787,1275,1,completed,1,1
105787,1091,2,completed,0,1
105787,1478,3,completed,0,1
105787,204,4,completed,0,1
105805,48,0,completed,0,1
105805,23,1,completed,0,1
105805,1316,2,completed,1,1
105805,1328,3,completed,1,1
105805,1329,4,completed,1,1
105824,1090,0,completed,0,1
105824,1389,1,completed,1,1
105824,1390,2,completed,1,1
105824,1601,3,completed,0,1
105824,1402,4,completed,1,1
105850,1274,0,completed,1,1
105850,6,1,completed,0,1
105850,273,2,completed,0,1
105850,216,3,completed,0,1
105850,1277,4,completed,1,1
105867,389,0,completed,0,1
105867,1193,1,completed,0,1
105867,1390,2,completed,1,1
105867,1402,3,completed,1,1
105867,1281,4,completed,0,1
105869,220,0,completed,0,1
105869,167,1,completed,0,1
105869,1389,2,completed,1,1
105869,705,3,completed,0,1
105869,1390,4,completed,1,1
105872,1316,0,completed,1,1
105872,8,1,completed,0,1
105872,1322,2,completed,1,1
105872,1427,3,completed,0,1
105872,866,4,completed,0,1
105895,1275,0,completed,1,1
105895,1281,1,completed,1,1
105895,29,2,completed,0,1
105895,1199,3,completed,0,1
105895,1277,4,completed,1,1
105906,1274,0,completed,1,1
105906,1275,1,completed,1,1
105906,1425,2,completed,0,1
105906,386,3,completed,0,1
105906,1281,4,completed,1,1
105925,1242,0,completed,1,1
105925,1192,1,completed,1,1
105925,247,2,completed,0,1
105925,478,3,completed,0,1
105925,287,4,completed,0,1
105927,1275,0,completed,1,1
105927,1277,1,completed,1,1
105927,169,2,completed,0,1
105927,205,3,completed,0,1
105927,557,4,completed,0,1
105944,1242,0,completed,1,1
105944,1684,1,completed,0,1
105944,875,2,completed,0,1
105944,1705,3,completed,0,1
105944,775,4,completed,0,1
105946,1388,0,completed,1,1
105946,1389,1,completed,1,1
105946,1390,2,completed,1,1
105946,1402,3,completed,1,1
105946,62,4,completed,0,1
105950,1090,0,completed,1,1
105950,1091,1,completed,1,1
105950,1036,2,completed,0,1
105950,990,3,completed,0,1
105950,71,4,completed,0,1
105951,1691,0,completed,0,1
105951,1192,1,completed,1,1
105951,1243,2,completed,1,1
105951,1698,3,completed,0,1
105951,768,4,completed,0,1
105965,284,0,completed,0,1
105965,1492,1,completed,0,1
105965,30,2,completed,0,1
105965,1250,3,completed,1,1
105965,1200,4,completed,1,1
105967,2,0,completed,0,1
105967,391,1,completed,0,1
105967,234,2,completed,0,1
105967,1206,3,completed,1,1
105967,1245,4,completed,1,1
105972,1274,0,completed,1,1
105972,1275,1,completed,1,1
105972,1425,2,completed,0,1
105972,1281,3,completed,1,1
105972,1277,4,completed,1,1
105974,1314,0,completed,1,1
105974,1315,1,completed,1,1
105974,1316,2,completed,1,1
105974,216,3,completed,0,1
105974,1321,4,completed,1,1
105989,1274,0,completed,1,1
105989,1275,1,completed,1,1
105989,1194,2,completed,0,1
105989,1281,3,completed,1,1
105989,55,4,completed,0,1
105993,550,0,completed,0,1
105993,1193,1,completed,1,1
105993,1248,2,completed,1,1
105993,266,3,completed,0,1
105993,1207,4,completed,1,1
105999,1388,0,completed,1,1
105999,985,1,completed,0,1
105999,1321,2,completed,0,1
105999,1391,3,completed,1,1
105999,1403,4,completed,1,1
104019,1712,10,completed,0,3
104019,65,11,completed,0,3
104019,1495,12,completed,0,3
104019,1062,13,completed,0,3
104019,1103,14,completed,0,3
104020,1405,10,completed,1,3
104020,1398,11,completed,1,3
104020,666,12,completed,0,3
104020,1394,13,completed,1,3
104020,1689,14,completed,0,3
104046,66,10,completed,0,3
104046,1325,11,completed,1,3
104046,1326,12,completed,1,3
104046,1327,13,completed,1,3
104046,1336,14,completed,1,3
104057,1341,14,completed,1,3
104066,1325,10,completed,1,3
104066,1334,11,completed,1,3
104066,1287,12,completed,0,3
104066,1262,13,completed,0,3
104066,1336,14,completed,1,3
104070,1405,10,completed,0,3
104070,1597,11,completed,0,3
104070,1098,12,completed,0,3
104070,1326,13,completed,1,3
104070,42,14,completed,0,3
104094,1465,10,completed,0,3
104094,1280,11,completed,1,3
104094,1285,12,completed,1,3
104094,1210,13,completed,0,3
104094,1286,14,completed,1,3
104109,1280,10,completed,1,3
104109,1292,11,completed,1,3
104109,1285,12,completed,1,3
104109,185,13,completed,0,3
104109,1293,14,completed,1,3
104121,1280,10,completed,1,3
104121,1260,11,completed,0,3
104121,1286,12,completed,1,3
104121,711,13,completed,0,3
104121,1294,14,completed,1,3
104161,1399,10,completed,0,3
104161,1443,11,completed,0,3
104161,1205,12,completed,1,3
104161,43,13,completed,0,3
104161,1213,14,completed,1,3
104167,85,10,completed,0,3
104167,1291,11,completed,1,3
104167,1604,12,completed,0,3
104167,1398,13,completed,0,3
104167,1280,14,completed,1,3
104176,1284,10,completed,1,3
104176,1280,11,completed,1,3
104176,1292,12,completed,1,3
104176,1285,13,completed,1,3
104176,1293,14,completed,1,3
104189,1326,10,completed,1,3
104189,1445,11,completed,0,3
104189,1341,12,completed,1,3
104189,1344,13,completed,1,3
104189,1345,14,completed,1,3
104197,492,10,completed,0,3
104197,1214,11,completed,1,3
104197,282,12,completed,0,3
104197,1120,13,completed,1,3
104197,1220,14,completed,1,3
104206,1323,10,completed,1,3
104206,1331,11,completed,1,3
104206,1487,12,completed,0,3
104206,395,13,completed,0,3
104206,1325,14,completed,1,3
104231,1488,10,completed,0,3
104231,1261,11,completed,1,3
104231,1490,12,completed,0,3
104231,662,13,completed,0,3
104231,1498,14,completed,0,3
104245,407,10,completed,0,3
104245,1285,11,completed,0,3
104245,1104,12,completed,1,3
104245,1267,13,completed,1,3
104245,726,14,completed,0,3
104257,33,10,completed,0,3
104257,1210,11,completed,0,3
104257,1442,12,completed,0,3
104257,87,13,completed,0,3
104257,669,14,completed,0,3
104270,1392,10,completed,1,3
104270,1404,11,completed,1,3
104270,53,12,completed,0,3
104270,1393,13,completed,1,3
104270,1039,14,completed,0,3
104278,1208,10,completed,1,3
104278,1676,11,completed,0,3
104278,1247,12,completed,1,3
104278,1197,13,completed,1,3
104278,1259,14,completed,1,3
104297,1290,10,completed,1,3
104297,1283,11,completed,1,3
104297,1279,12,completed,1,3
104297,1291,13,completed,1,3
104297,1280,14,completed,1,3
104299,1399,14,completed,1,3
104319,1210,10,completed,1,3
104319,1112,11,completed,1,3
104319,1214,12,completed,1,3
104319,1266,13,completed,1,3
104319,1120,14,completed,1,3
104331,1403,10,completed,1,3
104331,1396,11,completed,1,3
104331,769,12,completed,0,3
104331,1715,13,completed,0,3
104331,393,14,completed,0,3
104346,1681,10,completed,0,3
104346,1398,11,completed,1,3
104354,558,10,completed,0,3
104354,1472,11,completed,0,3
104354,58,12,completed,0,3
104354,1441,13,completed,0,3
104354,1001,14,completed,0,3
104362,1392,10,completed,1,3
104362,1404,11,completed,1,3
104362,1393,12,completed,1,3
104362,225,13,completed,0,3
104362,1712,14,completed,0,3
104387,275,10,completed,0,3
104387,1393,11,completed,1,3
104387,1405,12,completed,1,3
104387,32,13,completed,0,3
104387,1398,14,completed,1,3
104393,1472,10,completed,0,3
104393,1284,11,completed,1,3
104393,74,12,completed,0,3
104393,1292,13,completed,1,3
104393,1293,14,completed,1,3
104399,717,10,completed,0,3
104399,1467,11,completed,0,3
104399,42,12,completed,0,3
104399,402,13,completed,0,3
104399,44,14,completed,0,3
104409,1603,10,completed,0,3
104409,1067,11,completed,0,3
104409,1404,12,completed,1,3
104409,1464,13,completed,0,3
104409,1393,14,completed,1,3
104423,1286,14,completed,1,3
104425,711,10,completed,0,3
104425,1262,11,completed,0,3
104425,712,12,completed,0,3
104425,1076,13,completed,0,3
104425,1448,14,completed,0,3
104434,487,10,completed,0,3
104434,1393,11,completed,1,3
104434,1405,12,completed,1,3
104434,909,13,completed,0,3
104434,1398,14,completed,1,3
104436,1333,10,completed,0,3
104436,1261,11,completed,1,3
104436,721,12,completed,0,3
104442,1283,10,completed,1,3
104442,1279,11,completed,1,3
104442,1291,12,completed,1,3
104442,1284,13,completed,1,3
104442,659,14,completed,0,3
104446,1327,14,completed,1,3
104448,65,10,completed,0,3
104448,40,11,completed,0,3
104448,489,12,completed,0,3
104448,717,13,completed,0,3
104448,1703,14,completed,0,3
104449,1283,10,completed,1,3
104449,1291,11,completed,1,3
104449,1284,12,completed,1,3
104449,395,13,completed,0,3
104449,1280,14,completed,1,3
104466,1464,10,completed,0,3
104466,268,11,completed,0,3
104466,1596,12,completed,0,3
104466,219,13,completed,0,3
104466,85,14,completed,0,3
104468,908,11,completed,0,3
104468,1258,12,completed,1,3
104468,1428,13,completed,0,3
104468,1247,14,completed,1,3
104483,59,10,completed,0,3
104483,1333,11,completed,1,3
104483,1435,12,completed,0,3
104483,1326,13,completed,1,3
104483,1327,14,completed,1,3
104484,1404,10,completed,1,3
104484,1060,11,completed,0,3
104484,73,12,completed,0,3
104484,1393,13,completed,1,3
104484,1405,14,completed,1,3
104488,1320,10,completed,1,3
104488,1467,11,completed,0,3
104488,43,12,completed,0,3
104488,1341,13,completed,1,3
104488,1418,14,completed,0,3
104491,1291,10,completed,1,3
104491,1284,11,completed,1,3
104491,172,12,completed,0,3
104491,1280,13,completed,1,3
104491,184,14,completed,0,3
104495,704,10,completed,0,3
104495,1405,11,completed,1,3
104495,1252,12,completed,0,3
104495,1394,13,completed,1,3
104495,1406,14,completed,1,3
104498,1327,10,completed,1,3
104498,81,11,completed,0,3
104498,1335,12,completed,1,3
104498,1263,13,completed,0,3
104498,90,14,completed,0,3
104507,1688,11,completed,0,3
104507,1405,12,completed,1,3
104507,1398,13,completed,1,3
104507,1394,14,completed,1,3
104515,275,10,completed,0,3
104515,1290,11,completed,1,3
104515,1283,12,completed,1,3
104515,1279,13,completed,1,3
104515,1291,14,completed,1,3
104517,1325,10,completed,1,3
104517,1333,11,completed,1,3
104517,1326,12,completed,1,3
104517,1327,13,completed,1,3
104517,1336,14,completed,1,3
104527,1333,10,completed,1,3
104527,1336,11,completed,1,3
104527,1214,12,completed,0,3
104527,1339,13,completed,1,3
104527,1341,14,completed,1,3
104528,914,10,completed,0,3
104528,1207,11,completed,0,3
104528,877,12,completed,0,3
104528,1592,13,completed,0,3
104528,250,14,completed,0,3
104546,1202,12,completed,1,3
104546,905,13,completed,0,3
104546,1103,14,completed,1,3
104547,1279,10,completed,1,3
104547,1291,11,completed,1,3
104547,1284,12,completed,1,3
104547,54,13,completed,0,3
104547,1292,14,completed,1,3
104551,1586,10,completed,0,3
104551,394,11,completed,0,3
104551,909,12,completed,0,3
104551,659,13,completed,0,3
104551,1203,14,completed,1,3
104561,667,10,completed,0,3
104561,561,11,completed,0,3
104578,1332,10,completed,1,3
104578,16,11,completed,0,3
104578,1325,12,completed,1,3
104578,919,13,completed,0,3
104578,1327,14,completed,1,3
104582,558,10,completed,0,3
104582,289,11,completed,0,3
104582,269,12,completed,0,3
104582,58,13,completed,0,3
104582,28,14,completed,0,3
104590,902,10,completed,0,3
104590,557,11,completed,0,3
104590,1056,12,completed,0,3
104590,1061,13,completed,0,3
104590,399,14,completed,0,3
104597,275,10,completed,0,3
104597,1208,11,completed,0,3
104597,1332,12,completed,0,3
104597,1467,13,completed,0,3
104597,35,14,completed,0,3
104620,1261,10,completed,1,3
104620,1443,11,completed,0,3
104620,1213,12,completed,1,3
104620,1445,13,completed,0,3
104620,1502,14,completed,0,3
104626,1055,10,completed,0,3
104626,1471,11,completed,0,3
104626,665,12,completed,0,3
104626,1061,13,completed,0,3
104626,80,14,completed,0,3
104637,1038,10,completed,0,3
104637,1290,11,completed,1,3
104637,1283,12,completed,1,3
104637,1279,13,completed,1,3
104637,1291,14,completed,1,3
104641,1283,10,completed,1,3
104641,1279,11,completed,1,3
104641,212,12,completed,0,3
104641,1284,13,completed,1,3
104641,1280,14,completed,1,3
104645,1716,10,completed,0,3
104645,908,11,completed,0,3
104645,1680,12,completed,0,3
104645,476,13,completed,0,3
104645,1319,14,completed,0,3
104647,1292,10,completed,1,3
104647,1285,11,completed,1,3
104647,1293,12,completed,1,3
104647,1286,13,completed,1,3
104647,1294,14,completed,1,3
104654,276,10,completed,0,3
104654,1061,11,completed,0,3
104654,1280,12,completed,1,3
104654,1292,13,completed,1,3
104654,1103,14,completed,0,3
104657,169,10,completed,0,3
104657,1485,11,completed,0,3
104657,1250,12,completed,0,3
104657,1712,13,completed,0,3
104657,65,14,completed,0,3
104671,1320,10,completed,1,3
104671,1332,11,completed,1,3
104671,1326,12,completed,1,3
104671,1254,13,completed,0,3
104671,1336,14,completed,1,3
104672,1294,14,completed,1,3
104690,1404,12,completed,1,3
104690,1398,13,completed,1,3
104690,1406,14,completed,1,3
104699,1393,10,completed,1,3
104699,1097,11,completed,0,3
104699,1405,12,completed,1,3
104699,1398,13,completed,1,3
104699,395,14,completed,0,3
104706,1332,11,completed,1,3
104706,400,12,completed,0,3
104706,213,13,completed,0,3
104706,1326,14,completed,1,3
104708,1394,10,completed,1,3
104708,1406,11,completed,1,3
104708,1045,12,completed,0,3
104708,1399,13,completed,1,3
104708,1407,14,completed,1,3
104724,1606,14,completed,0,3
104733,1677,10,completed,0,3
104733,1057,11,completed,0,3
104733,1292,12,completed,1,3
104733,1285,13,completed,1,3
104733,1293,14,completed,1,3
104740,1318,10,completed,0,3
104740,64,11,completed,0,3
104740,1279,12,completed,1,3
104740,1291,13,completed,1,3
104740,65,14,completed,0,3
104743,401,10,completed,0,3
104743,232,11,completed,0,3
104743,1400,12,completed,0,3
104743,1211,13,completed,1,3
104743,1254,14,completed,1,3
104774,1392,10,completed,1,3
104774,72,11,completed,0,3
104774,765,12,completed,0,3
104774,1404,13,completed,1,3
104774,1196,14,completed,0,3
104776,34,10,completed,0,3
104776,1334,11,completed,1,3
104776,1337,12,completed,1,3
104776,1339,13,completed,1,3
104776,677,14,completed,0,3
104794,1400,14,completed,1,3
104800,1392,10,completed,1,3
104800,487,11,completed,0,3
104800,1404,12,completed,1,3
104800,1393,13,completed,1,3
104800,1394,14,completed,1,3
104807,1291,10,completed,1,3
104807,1284,11,completed,1,3
104807,1292,12,completed,1,3
104807,33,13,completed,0,3
104807,1285,14,completed,1,3
104817,1394,10,completed,1,3
104817,1399,11,completed,1,3
104817,1407,12,completed,1,3
104817,1400,13,completed,1,3
104817,1408,14,completed,1,3
104851,1279,10,completed,0,3
104851,1393,11,completed,1,3
104851,1405,12,completed,1,3
104851,1398,13,completed,1,3
104851,1394,14,completed,1,3
104878,81,10,completed,0,3
104878,1335,11,completed,1,3
104878,1336,12,completed,1,3
104878,1337,13,completed,1,3
104878,1411,14,completed,0,3
104902,487,10,completed,0,3
104902,10,11,completed,0,3
104902,1247,12,completed,1,3
104902,1252,13,completed,1,3
104902,1320,14,completed,0,3
104905,1259,10,completed,1,3
104905,1441,11,completed,0,3
104905,16,12,completed,0,3
104905,1103,13,completed,1,3
104905,1203,14,completed,1,3
104915,1318,10,completed,1,3
104915,1330,11,completed,1,3
104915,1323,12,completed,1,3
104915,57,13,completed,0,3
104915,1332,14,completed,1,3
104919,1486,10,completed,0,3
104919,1393,11,completed,1,3
104919,1405,12,completed,1,3
104919,1394,13,completed,1,3
104919,1406,14,completed,1,3
104925,41,10,completed,0,3
104925,1407,11,completed,0,3
104925,1104,12,completed,1,3
104925,1261,13,completed,1,3
104925,1071,14,completed,0,3
104926,237,10,completed,0,3
104926,74,11,completed,0,3
104926,231,12,completed,0,3
104926,880,13,completed,0,3
104926,1327,14,completed,1,3
104957,1197,10,completed,1,3
104957,1259,11,completed,1,3
104957,1103,12,completed,1,3
104957,1260,13,completed,1,3
104957,17,14,completed,0,3
104964,1101,14,completed,0,3
104977,1466,11,completed,0,3
104977,660,12,completed,0,3
104977,80,13,completed,0,3
104977,669,14,completed,0,3
104984,704,10,completed,0,3
104984,1406,11,completed,0,3
104984,270,12,completed,0,3
104984,1435,13,completed,0,3
104984,1489,14,completed,0,3
104997,1279,10,completed,1,3
104997,1280,11,completed,1,3
103005,1345,20,completed,0,5
103005,682,21,completed,0,5
103005,1126,22,completed,1,5
103005,1227,23,completed,1,5
103005,1129,24,completed,1,5
103007,1295,20,completed,0,5
103007,494,21,completed,0,5
103007,1265,22,completed,0,5
103007,1008,23,completed,0,5
103007,314,24,completed,0,5
103009,1294,20,completed,1,5
103009,1287,21,completed,1,5
103009,570,22,completed,0,5
103009,1295,23,completed,1,5
103009,1296,24,completed,1,5
103010,1337,20,completed,0,5
103010,1299,21,completed,0,5
103010,1343,22,completed,0,5
103010,728,23,completed,0,5
103010,1222,24,completed,0,5
103012,1412,20,completed,1,5
103012,1414,21,completed,1,5
103012,725,22,completed,0,5
103012,1415,23,completed,1,5
103012,1416,24,completed,1,5
103037,721,20,completed,0,5
103037,926,21,completed,0,5
103037,1341,22,completed,1,5
103037,1418,23,completed,0,5
103037,1349,24,completed,1,5
103055,1117,20,completed,1,5
103055,1220,21,completed,1,5
103055,1223,22,completed,1,5
103055,794,23,completed,0,5
103055,1230,24,completed,1,5
103066,101,20,completed,0,5
103066,1307,21,completed,0,5
103066,201,22,completed,0,5
103066,735,23,completed,0,5
103066,426,24,completed,0,5
103070,1120,20,completed,1,5
103070,1220,21,completed,1,5
103070,1123,22,completed,1,5
103070,1226,23,completed,1,5
103070,1128,24,completed,1,5
103087,1231,20,completed,1,5
103087,1236,21,completed,1,5
103087,1137,22,completed,1,5
103087,517,23,completed,0,5
103087,695,24,completed,0,5
103097,684,20,completed,0,5
103097,1351,21,completed,1,5
103097,587,22,completed,0,5
103097,1354,23,completed,1,5
103097,1355,24,completed,1,5
103108,1112,20,completed,1,5
103108,1064,21,completed,0,5
103108,1287,22,completed,0,5
103108,1262,23,completed,1,5
103108,1072,24,completed,0,5
103110,1400,23,completed,1,5
103110,1334,24,completed,0,5
103116,1117,20,completed,1,5
103116,1221,21,completed,1,5
103116,1124,22,completed,1,5
103116,796,23,completed,0,5
103116,1129,24,completed,1,5
103120,1269,20,completed,1,5
103120,1219,21,completed,1,5
103120,1120,22,completed,1,5
103120,1220,23,completed,1,5
103120,1222,24,completed,1,5
103129,1620,20,completed,0,5
103129,734,21,completed,0,5
103129,507,22,completed,0,5
103129,1229,23,completed,0,5
103129,1133,24,completed,0,5
103134,1411,23,completed,1,5
103134,1337,24,completed,0,5
103135,923,20,completed,0,5
103135,1301,21,completed,1,5
103135,1302,22,completed,1,5
103135,1305,23,completed,1,5
103135,1306,24,completed,1,5
103140,1296,22,completed,1,5
103140,1299,23,completed,1,5
103140,1300,24,completed,1,5
103148,1296,24,completed,1,5
103171,503,22,completed,0,5
103171,1627,23,completed,0,5
103171,1354,24,completed,1,5
103191,1272,20,completed,1,5
103191,1222,21,completed,1,5
103191,1223,22,completed,1,5
103191,1016,23,completed,0,5
103191,794,24,completed,0,5
103202,1349,20,completed,1,5
103202,685,21,completed,0,5
103202,1351,22,completed,1,5
103202,1311,23,completed,0,5
103202,687,24,completed,0,5
103213,1269,20,completed,0,5
103213,194,21,completed,0,5
103213,1306,22,completed,0,5
103213,318,23,completed,0,5
103213,1512,24,completed,0,5
103227,310,20,completed,0,5
103227,725,21,completed,0,5
103227,928,22,completed,0,5
103227,1273,23,completed,0,5
103227,1085,24,completed,0,5
103234,1267,20,completed,0,5
103234,1080,21,completed,0,5
103234,1506,22,completed,0,5
103234,1417,23,completed,0,5
103234,1345,24,completed,0,5
103249,1357,20,completed,1,5
103249,1358,21,completed,1,5
103249,1360,22,completed,1,5
103249,698,23,completed,0,5
103249,1367,24,completed,1,5
103257,1409,20,completed,1,5
103257,1410,21,completed,1,5
103257,1411,22,completed,1,5
103257,1412,23,completed,1,5
103257,1415,24,completed,1,5
103263,1047,20,completed,0,5
103263,1296,21,completed,0,5
103263,1411,22,completed,0,5
103263,282,23,completed,0,5
103263,416,24,completed,0,5
103275,892,20,completed,0,5
103275,316,21,completed,0,5
103275,684,22,completed,0,5
103275,690,23,completed,0,5
103275,432,24,completed,0,5
103297,579,20,completed,0,5
103297,1273,21,completed,0,5
103297,583,22,completed,0,5
103297,1310,23,completed,0,5
103297,1129,24,completed,0,5
103300,1347,20,completed,0,5
103300,682,21,completed,0,5
103300,1130,22,completed,1,5
103300,1233,23,completed,1,5
103300,1137,24,completed,1,5
103307,1287,20,completed,1,5
103307,1295,21,completed,1,5
103307,1296,22,completed,1,5
103307,1005,23,completed,0,5
103307,1297,24,completed,1,5
103339,1020,24,completed,0,5
103340,1125,20,completed,0,5
103340,1085,21,completed,0,5
103340,322,22,completed,0,5
103340,800,23,completed,0,5
103340,1028,24,completed,0,5
103359,1286,20,completed,1,5
103359,1287,21,completed,1,5
103359,1295,22,completed,1,5
103359,1296,23,completed,1,5
103359,1299,24,completed,1,5
103367,1345,20,completed,0,5
103367,1346,21,completed,0,5
103367,1309,22,completed,0,5
103381,1514,20,completed,0,5
103381,105,21,completed,0,5
103381,1130,22,completed,0,5
103381,1353,23,completed,0,5
103381,511,24,completed,0,5
103385,1341,20,completed,1,5
103385,499,21,completed,0,5
103385,1344,22,completed,1,5
103385,422,23,completed,0,5
103385,1347,24,completed,1,5
103400,1413,20,completed,0,5
103400,1269,21,completed,1,5
103400,501,22,completed,0,5
103400,1272,23,completed,1,5
103400,1123,24,completed,1,5
103403,1216,20,completed,1,5
103403,724,21,completed,0,5
103403,1269,22,completed,1,5
103403,1224,23,completed,1,5
103403,1228,24,completed,1,5
103448,1129,20,completed,0,5
103448,1628,21,completed,0,5
103448,109,22,completed,0,5
103448,1633,23,completed,0,5
103448,595,24,completed,0,5
103450,1233,20,completed,0,5
103450,1357,21,completed,1,5
103450,1358,22,completed,1,5
103450,594,23,completed,0,5
103450,1361,24,completed,1,5
103468,1305,22,completed,1,5
103468,421,23,completed,0,5
103468,1306,24,completed,1,5
103469,325,20,completed,0,5
103469,1355,21,completed,1,5
103469,1358,22,completed,1,5
103469,805,23,completed,0,5
103469,1525,24,completed,0,5
103476,1138,24,completed,0,5
103496,1265,20,completed,1,5
103496,1268,21,completed,1,5
103496,1224,22,completed,1,5
103496,1515,23,completed,0,5
103496,328,24,completed,0,5
103503,721,20,completed,0,5
103503,1297,21,completed,1,5
103503,1299,22,completed,1,5
103503,1414,23,completed,0,5
103503,1301,24,completed,1,5
103507,41,20,completed,0,5
103507,1286,21,completed,0,5
103507,718,22,completed,0,5
103507,189,23,completed,0,5
103507,1414,24,completed,0,5
103512,1117,20,completed,0,5
103512,1299,21,completed,1,5
103512,1612,22,completed,0,5
103512,1300,23,completed,1,5
103512,1301,24,completed,1,5
103520,1406,20,completed,1,5
103520,1399,21,completed,1,5
103520,1407,22,completed,1,5
103520,1703,23,completed,0,5
103520,1408,24,completed,1,5
103527,1221,20,completed,1,5
103527,1124,21,completed,1,5
103527,1224,22,completed,1,5
103527,1225,23,completed,1,5
103527,937,24,completed,0,5
103535,1295,20,completed,1,5
103535,1410,21,completed,0,5
103535,1297,22,completed,1,5
103535,1300,23,completed,1,5
103535,1301,24,completed,1,5
103544,195,20,completed,0,5
103544,1271,21,completed,1,5
103544,729,22,completed,0,5
103544,1223,23,completed,1,5
103544,1420,24,completed,0,5
103554,790,20,completed,0,5
103554,1515,21,completed,0,5
103554,1230,22,completed,0,5
103554,428,23,completed,0,5
103554,591,24,completed,0,5
103555,1305,20,completed,0,5
103555,1273,21,completed,1,5
103555,1125,22,completed,1,5
103555,1310,23,completed,0,5
103555,1088,24,completed,0,5
103562,1341,20,completed,1,5
103562,1344,21,completed,1,5
103562,1349,22,completed,1,5
103562,1311,23,completed,0,5
103562,1352,24,completed,1,5
103597,1401,20,completed,1,5
103597,1409,21,completed,1,5
103597,573,22,completed,0,5
103597,1414,23,completed,1,5
103597,1450,24,completed,0,5
103601,1295,20,completed,1,5
103601,1296,21,completed,1,5
103601,1299,22,completed,1,5
103601,1300,23,completed,1,5
103601,196,24,completed,0,5
103621,1409,20,completed,1,5
103621,1410,21,completed,1,5
103621,1411,22,completed,1,5
103621,675,23,completed,0,5
103621,888,24,completed,0,5
103635,1297,20,completed,1,5
103635,1299,21,completed,1,5
103635,575,22,completed,0,5
103635,1009,23,completed,0,5
103635,1119,24,completed,0,5
103636,1354,20,completed,1,5
103636,1355,21,completed,1,5
103636,326,22,completed,0,5
103636,1356,23,completed,1,5
103636,1360,24,completed,1,5
103646,1220,20,completed,1,5
103646,1121,21,completed,1,5
103646,1345,22,completed,0,5
103646,1082,23,completed,0,5
103646,1124,24,completed,1,5
103649,912,20,completed,0,5
103649,1263,21,completed,0,5
103649,1410,22,completed,1,5
103649,1411,23,completed,1,5
103649,1337,24,completed,0,5
103651,1411,20,completed,1,5
103651,1265,21,completed,0,5
103651,1447,22,completed,0,5
103651,1413,23,completed,1,5
103651,1414,24,completed,1,5
103657,1399,20,completed,1,5
103657,1063,21,completed,0,5
103657,1400,22,completed,1,5
103657,1408,23,completed,1,5
103657,1401,24,completed,1,5
103665,574,20,completed,0,5
103665,93,21,completed,0,5
103665,1415,22,completed,0,5
103665,1514,23,completed,0,5
103665,937,24,completed,0,5
103667,1499,20,completed,0,5
103667,1120,21,completed,0,5
103667,1418,22,completed,0,5
103667,314,23,completed,0,5
103667,792,24,completed,0,5
103672,1267,20,completed,1,5
103672,1271,21,completed,1,5
103672,1122,22,completed,1,5
103681,1400,20,completed,1,5
103681,1408,21,completed,1,5
103681,1409,22,completed,1,5
103681,1410,23,completed,1,5
103681,282,24,completed,0,5
103685,1400,20,completed,1,5
103685,1410,21,completed,1,5
103685,1074,22,completed,0,5
103685,1411,23,completed,1,5
103685,308,24,completed,0,5
103695,1356,20,completed,1,5
103695,941,21,completed,0,5
103695,1357,22,completed,1,5
103706,738,24,completed,0,5
103713,1134,20,completed,1,5
103713,741,21,completed,0,5
103713,1135,22,completed,1,5
103713,1522,23,completed,0,5
103713,1139,24,completed,1,5
103720,581,20,completed,0,5
103720,1227,21,completed,1,5
103720,1128,22,completed,1,5
103720,1129,23,completed,1,5
103720,1131,24,completed,1,5
103729,1400,20,completed,1,5
103729,718,21,completed,0,5
103729,1211,22,completed,0,5
103729,661,23,completed,0,5
103729,1408,24,completed,1,5
103740,721,20,completed,0,5
103740,1297,21,completed,1,5
103740,1299,22,completed,1,5
103740,1301,23,completed,1,5
103740,726,24,completed,0,5
103743,1300,20,completed,1,5
103743,1301,21,completed,1,5
103743,312,22,completed,0,5
103743,1304,23,completed,1,5
103743,891,24,completed,0,5
103747,1410,20,completed,1,5
103747,307,21,completed,0,5
103747,1411,22,completed,1,5
103747,1412,23,completed,1,5
103747,1413,24,completed,1,5
103761,1352,20,completed,0,5
103761,1517,21,completed,0,5
103761,1518,22,completed,0,5
103761,1134,23,completed,1,5
103761,1236,24,completed,1,5
103784,1621,20,completed,0,5
103784,1227,21,completed,1,5
103784,507,22,completed,0,5
103784,1228,23,completed,1,5
103784,1229,24,completed,1,5
103798,1512,22,completed,0,5
103798,1129,23,completed,1,5
103798,1230,24,completed,1,5
103799,281,20,completed,0,5
103799,282,21,completed,0,5
103799,784,22,completed,0,5
103799,313,23,completed,0,5
103799,793,24,completed,0,5
103812,1131,20,completed,1,5
103812,1231,21,completed,1,5
103812,1132,22,completed,1,5
103812,1134,23,completed,1,5
103812,594,24,completed,0,5
103818,311,20,completed,0,5
103818,1345,21,completed,1,5
103818,1346,22,completed,1,5
103818,795,23,completed,0,5
103818,897,24,completed,0,5
103828,1346,20,completed,1,5
103828,1349,21,completed,1,5
103828,1515,22,completed,0,5
103828,1354,23,completed,1,5
103828,1627,24,completed,0,5
103836,97,20,completed,0,5
103836,1351,21,completed,1,5
103836,937,22,completed,0,5
103836,1021,23,completed,0,5
103836,1356,24,completed,1,5
103847,1220,20,completed,1,5
103847,1012,21,completed,0,5
103847,1126,22,completed,1,5
103847,1228,23,completed,1,5
103847,1229,24,completed,1,5
103852,1339,20,completed,1,5
103852,1343,21,completed,1,5
103852,1345,22,completed,1,5
103852,505,23,completed,0,5
103852,733,24,completed,0,5
103856,1354,20,completed,1,5
103856,1355,21,completed,1,5
103856,1356,22,completed,1,5
103856,433,23,completed,0,5
103856,1361,24,completed,1,5
103857,1412,23,completed,1,5
103857,1413,24,completed,1,5
103863,1409,20,completed,1,5
103863,1410,21,completed,1,5
103863,1411,22,completed,1,5
103863,722,23,completed,0,5
103863,1412,24,completed,1,5
103891,584,22,completed,0,5
103891,1227,23,completed,0,5
103891,1088,24,completed,0,5
103904,1226,20,completed,0,5
103904,1311,21,completed,0,5
103904,898,22,completed,0,5
103904,430,23,completed,0,5
103904,752,24,completed,0,5
103924,1299,20,completed,1,5
103924,1301,21,completed,1,5
103924,1302,22,completed,1,5
103924,1451,23,completed,0,5
103924,1304,24,completed,1,5
103928,1345,20,completed,1,5
103928,1349,21,completed,1,5
103928,1353,22,completed,1,5
103928,1356,23,completed,1,5
103928,1357,24,completed,1,5
103929,1272,20,completed,1,5
103929,1123,21,completed,1,5
103929,1223,22,completed,1,5
103929,1226,23,completed,1,5
103929,1231,24,completed,1,5
103939,1263,20,completed,1,5
103939,1220,21,completed,1,5
103939,1221,22,completed,1,5
103939,1273,23,completed,1,5
103939,1124,24,completed,1,5
103942,1123,20,completed,1,5
103942,1273,21,completed,1,5
103942,1224,22,completed,1,5
103942,1125,23,completed,1,5
103942,1226,24,completed,1,5
103943,1216,20,completed,1,5
103943,1271,21,completed,1,5
103943,1273,22,completed,1,5
103943,1346,23,completed,0,5
103943,1224,24,completed,1,5
103948,1273,20,completed,0,5
103948,1347,21,completed,1,5
103948,1349,22,completed,1,5
103948,1356,23,completed,1,5
103948,1136,24,completed,0,5
103952,1410,20,completed,1,5
103952,1412,21,completed,1,5
103952,1266,22,completed,0,5
103952,1413,23,completed,1,5
103952,1414,24,completed,1,5
103955,1287,20,completed,1,5
103955,1295,21,completed,1,5
103955,1296,22,completed,1,5
103955,1297,23,completed,1,5
103955,1302,24,completed,1,5
103975,774,20,completed,0,5
103975,1335,21,completed,0,5
103975,1411,22,completed,1,5
103975,1412,23,completed,1,5
103975,1413,24,completed,1,5
103980,1228,20,completed,1,5
103980,1130,21,completed,1,5
103980,687,22,completed,0,5
103980,1131,23,completed,1,5
103980,1627,24,completed,0,5
103989,733,20,completed,0,5
103989,1128,21,completed,0,5
103989,507,22,completed,0,5
103989,687,23,completed,0,5
103989,1022,24,completed,0,5
103990,42,20,completed,0,5
103990,1408,21,completed,1,5
103990,1401,22,completed,1,5
103990,1409,23,completed,1,5
103990,1410,24,completed,1,5
102000,1156,30,completed,1,7
102000,1159,31,completed,1,7
102000,542,32,completed,0,7
102000,837,33,completed,0,7
102000,1172,34,completed,1,7
102003,1374,30,completed,1,7
102003,1375,31,completed,1,7
102003,1376,32,completed,1,7
102003,1377,33,completed,1,7
102003,1379,34,completed,1,7
102012,1311,30,completed,1,7
102012,1312,31,completed,1,7
102012,1313,32,completed,1,7
102012,334,33,completed,0,7
102012,446,34,completed,0,7
102013,1171,32,completed,1,7
102013,1174,33,completed,1,7
102013,1176,34,completed,1,7
102018,1306,30,completed,0,7
102018,1421,31,completed,1,7
102018,797,32,completed,0,7
102018,107,33,completed,0,7
102018,511,34,completed,0,7
102031,1140,30,completed,0,7
102031,333,31,completed,0,7
102031,811,32,completed,0,7
102031,760,33,completed,0,7
102031,537,34,completed,0,7
102068,1310,30,completed,1,7
102068,799,31,completed,0,7
102068,1312,32,completed,1,7
102068,1627,33,completed,0,7
102068,332,34,completed,0,7
102070,1369,30,completed,1,7
102070,1370,31,completed,1,7
102070,1373,32,completed,1,7
102070,129,33,completed,0,7
102070,533,34,completed,0,7
102098,1417,30,completed,1,7
102098,730,31,completed,0,7
102098,1421,32,completed,1,7
102098,1422,33,completed,1,7
102098,1514,34,completed,0,7
102109,1307,30,completed,1,7
102109,1309,31,completed,1,7
102109,1310,32,completed,1,7
102109,509,33,completed,0,7
102109,1313,34,completed,1,7
102120,1381,31,completed,0,7
102120,1159,32,completed,1,7
102120,1167,33,completed,1,7
102120,547,34,completed,0,7
102126,1313,33,completed,1,7
102126,950,34,completed,0,7
102130,1224,30,completed,0,7
102130,1421,31,completed,1,7
102130,1422,32,completed,1,7
102130,1513,33,completed,0,7
102130,1231,34,completed,0,7
102137,599,34,completed,0,7
102138,1145,30,completed,1,7
102138,128,31,completed,0,7
102138,1154,32,completed,1,7
102138,1157,33,completed,1,7
102138,827,34,completed,0,7
102139,118,30,completed,0,7
102139,812,31,completed,0,7
102139,338,32,completed,0,7
102139,445,33,completed,0,7
102139,348,34,completed,0,7
102141,1422,30,completed,1,7
102141,318,31,completed,0,7
102141,1021,32,completed,0,7
102141,1520,33,completed,0,7
102141,328,34,completed,0,7
102164,141,30,completed,0,7
102164,1165,31,completed,1,7
102164,1168,32,completed,1,7
102164,149,33,completed,0,7
102164,365,34,completed,0,7
102185,1420,30,completed,1,7
102185,794,31,completed,0,7
102185,425,32,completed,0,7
102185,1131,33,completed,0,7
102185,1153,34,completed,0,7
102213,747,30,completed,0,7
102213,1364,31,completed,1,7
102213,1372,32,completed,1,7
102213,1373,33,completed,1,7
102213,1153,34,completed,0,7
102225,334,30,completed,0,7
102225,1143,31,completed,1,7
102225,1148,32,completed,1,7
102225,1150,33,completed,1,7
102225,1373,34,completed,0,7
102230,1309,30,completed,1,7
102230,1310,31,completed,1,7
102230,1311,32,completed,1,7
102230,1312,33,completed,1,7
102230,1313,34,completed,1,7
102233,1307,30,completed,1,7
102233,1309,31,completed,1,7
102233,684,32,completed,0,7
102233,1313,33,completed,1,7
102233,522,34,completed,0,7
102247,327,30,completed,0,7
102247,1631,31,completed,0,7
102247,1638,32,completed,0,7
102247,1532,33,completed,0,7
102247,533,34,completed,0,7
102256,1415,30,completed,1,7
102256,1416,31,completed,1,7
102256,418,32,completed,0,7
102256,1418,33,completed,1,7
102256,1420,34,completed,1,7
102273,136,30,completed,0,7
102273,1657,31,completed,0,7
102273,1658,32,completed,0,7
102273,970,33,completed,0,7
102273,360,34,completed,0,7
102278,606,30,completed,0,7
102278,1157,31,completed,1,7
102278,1159,32,completed,1,7
102278,1546,33,completed,0,7
102278,1161,34,completed,1,7
102285,1306,30,completed,1,7
102285,1307,31,completed,1,7
102285,1309,32,completed,1,7
102285,1513,33,completed,0,7
102285,1311,34,completed,1,7
102316,1309,30,completed,1,7
102316,1310,31,completed,1,7
102316,1087,32,completed,0,7
102316,1311,33,completed,1,7
102316,1312,34,completed,1,7
102318,1310,30,completed,1,7
102318,1311,31,completed,1,7
102318,1312,32,completed,1,7
102318,1313,33,completed,1,7
102318,938,34,completed,0,7
102320,1304,30,completed,1,7
102320,1305,31,completed,1,7
102320,1307,32,completed,1,7
102320,103,33,completed,0,7
102320,1312,34,completed,1,7
102331,1145,30,completed,0,7
102331,1533,31,completed,0,7
102331,611,32,completed,0,7
102331,347,33,completed,0,7
102331,135,34,completed,0,7
102363,1366,30,completed,1,7
102363,526,31,completed,0,7
102363,124,32,completed,0,7
102363,1372,33,completed,1,7
102363,1373,34,completed,1,7
102365,681,30,completed,0,7
102365,1311,31,completed,1,7
102365,1312,32,completed,1,7
102365,1313,33,completed,1,7
102365,531,34,completed,0,7
102368,1422,30,completed,1,7
102368,1020,31,completed,0,7
102368,938,32,completed,0,7
102368,112,33,completed,0,7
102368,1152,34,completed,0,7
102369,937,30,completed,0,7
102369,1516,31,completed,0,7
102369,1518,32,completed,0,7
102369,1134,33,completed,0,7
102369,1142,34,completed,0,7
102390,1421,30,completed,1,7
102390,1233,31,completed,0,7
102390,945,32,completed,0,7
102390,810,33,completed,0,7
102390,335,34,completed,0,7
102392,1364,30,completed,1,7
102392,1365,31,completed,1,7
102392,1368,32,completed,1,7
102392,1371,33,completed,1,7
102392,1372,34,completed,1,7
102396,1367,30,completed,1,7
102396,1368,31,completed,1,7
102396,1369,32,completed,1,7
102396,1537,33,completed,0,7
102396,1375,34,completed,1,7
102399,1157,34,completed,1,7
102415,1420,30,completed,1,7
102415,1421,31,completed,1,7
102415,1422,32,completed,1,7
102415,1309,33,completed,0,7
102415,797,34,completed,0,7
102443,1307,30,completed,1,7
102443,1309,31,completed,1,7
102443,1311,32,completed,1,7
102443,1312,33,completed,1,7
102443,1313,34,completed,1,7
102449,1373,31,completed,1,7
102449,343,32,completed,0,7
102449,1376,33,completed,1,7
102449,1377,34,completed,1,7
102452,1371,33,completed,0,7
102452,608,34,completed,0,7
102454,1418,30,completed,1,7
102454,1273,31,completed,0,7
102454,1421,32,completed,1,7
102454,1422,33,completed,1,7
102454,1227,34,completed,0,7
102464,1418,30,completed,1,7
102464,1345,31,completed,0,7
102464,794,32,completed,0,7
102464,592,33,completed,0,7
102464,443,34,completed,0,7
102465,1368,30,completed,1,7
102465,1371,31,completed,1,7
102465,1372,32,completed,1,7
102465,607,33,completed,0,7
102465,1375,34,completed,1,7
102475,1307,30,completed,1,7
102475,1309,31,completed,1,7
102475,799,32,completed,0,7
102475,1313,33,completed,1,7
102475,1233,34,completed,0,7
102505,1143,30,completed,1,7
102505,1163,31,completed,1,7
102505,142,32,completed,0,7
102505,468,33,completed,0,7
102505,1171,34,completed,1,7
102510,963,30,completed,0,7
102510,348,31,completed,0,7
102510,1381,32,completed,0,7
102510,970,33,completed,0,7
102510,1660,34,completed,0,7
102515,1013,30,completed,0,7
102515,1421,31,completed,1,7
102515,1422,32,completed,1,7
102515,120,33,completed,0,7
102515,1156,34,completed,0,7
102522,1148,30,completed,1,7
102522,1151,31,completed,1,7
102522,828,32,completed,0,7
102522,1162,33,completed,1,7
102522,1658,34,completed,0,7
102536,599,30,completed,0,7
102536,125,31,completed,0,7
102536,1372,32,completed,1,7
102536,1374,33,completed,1,7
102536,1376,34,completed,1,7
102588,1159,33,completed,1,7
102588,1162,34,completed,1,7
102595,1367,30,completed,1,7
102595,1368,31,completed,1,7
102595,1147,32,completed,0,7
102595,1370,33,completed,1,7
102595,1372,34,completed,1,7
102603,897,30,completed,0,7
102603,1522,31,completed,0,7
102603,1138,32,completed,0,7
102603,1527,33,completed,0,7
102603,119,34,completed,0,7
102604,1511,30,completed,0,7
102604,1311,31,completed,1,7
102604,427,32,completed,0,7
102604,327,33,completed,0,7
102604,594,34,completed,0,7
102605,1147,30,completed,0,7
102605,526,31,completed,0,7
102605,963,32,completed,0,7
102605,833,33,completed,0,7
102605,544,34,completed,0,7
102610,1312,30,completed,1,7
102610,1313,31,completed,1,7
102610,592,32,completed,0,7
102610,1357,33,completed,0,7
102610,1378,34,completed,0,7
102621,1307,30,completed,1,7
102621,1309,31,completed,1,7
102621,1310,32,completed,1,7
102621,1087,33,completed,0,7
102621,1311,34,completed,1,7
102623,1161,30,completed,1,7
102623,1162,31,completed,1,7
102623,832,32,completed,0,7
102623,1659,33,completed,0,7
102623,462,34,completed,0,7
102624,1155,30,completed,1,7
102624,1651,31,completed,0,7
102624,970,32,completed,0,7
102624,465,33,completed,0,7
102624,151,34,completed,0,7
102648,1627,30,completed,0,7
102648,1518,31,completed,0,7
102648,1139,32,completed,1,7
102648,1154,33,completed,1,7
102648,1653,34,completed,0,7
102657,1416,30,completed,1,7
102657,1417,31,completed,1,7
102657,790,32,completed,0,7
102657,1418,33,completed,1,7
102657,587,34,completed,0,7
102663,1622,30,completed,0,7
102663,1311,31,completed,1,7
102663,1313,32,completed,1,7
102663,336,33,completed,0,7
102663,338,34,completed,0,7
102665,1346,30,completed,0,7
102665,1421,31,completed,1,7
102665,582,32,completed,0,7
102665,1422,33,completed,1,7
102665,1139,34,completed,0,7
102716,1345,30,completed,0,7
102716,1422,31,completed,1,7
102716,742,32,completed,0,7
102716,595,33,completed,0,7
102716,748,34,completed,0,7
102719,1307,30,completed,1,7
102719,1309,31,completed,1,7
102719,796,32,completed,0,7
102719,1312,33,completed,1,7
102719,799,34,completed,0,7
102725,1365,30,completed,1,7
102725,1366,31,completed,1,7
102725,1368,32,completed,1,7
102725,339,33,completed,0,7
102725,1374,34,completed,1,7
102726,1306,30,completed,1,7
102726,1125,31,completed,0,7
102726,101,32,completed,0,7
102726,1309,33,completed,1,7
102726,1086,34,completed,0,7
102739,1529,30,completed,0,7
102739,523,31,completed,0,7
102739,337,32,completed,0,7
102739,1150,33,completed,0,7
102739,356,34,completed,0,7
102745,1239,30,completed,1,7
102745,127,31,completed,0,7
102745,1156,32,completed,1,7
102745,1157,33,completed,1,7
102745,1161,34,completed,1,7
102748,1164,34,completed,1,7
102753,1420,30,completed,1,7
102753,581,31,completed,0,7
102753,1421,32,completed,1,7
102753,1349,33,completed,0,7
102753,897,34,completed,0,7
102755,1306,30,completed,1,7
102755,1309,31,completed,1,7
102755,1311,32,completed,1,7
102755,1021,33,completed,0,7
102755,1312,34,completed,1,7
102781,812,30,completed,0,7
102781,121,31,completed,0,7
102781,443,32,completed,0,7
102781,1370,33,completed,1,7
102781,1371,34,completed,1,7
102802,459,32,completed,0,7
102802,460,33,completed,0,7
102802,1548,34,completed,0,7
102805,1565,33,completed,0,7
102805,851,34,completed,0,7
102809,1031,30,completed,0,7
102809,947,31,completed,0,7
102809,1364,32,completed,0,7
102809,439,33,completed,0,7
102809,347,34,completed,0,7
102818,196,30,completed,0,7
102818,1306,31,completed,1,7
102818,1307,32,completed,1,7
102818,1309,33,completed,1,7
102818,1310,34,completed,1,7
102840,448,32,completed,0,7
102840,1375,33,completed,1,7
102840,345,34,completed,0,7
102854,1305,30,completed,1,7
102854,1083,31,completed,0,7
102854,1311,32,completed,1,7
102854,1312,33,completed,1,7
102854,737,34,completed,0,7
102864,1310,30,completed,1,7
102864,1312,31,completed,1,7
102864,1313,32,completed,1,7
102864,592,33,completed,0,7
102864,516,34,completed,0,7
102865,1309,30,completed,1,7
102865,1310,31,completed,1,7
102865,1311,32,completed,1,7
102865,1312,33,completed,1,7
102865,743,34,completed,0,7
102871,960,30,completed,0,7
102871,1154,31,completed,1,7
102871,130,32,completed,0,7
102871,964,33,completed,0,7
102871,1164,34,completed,1,7
102884,1538,30,completed,0,7
102884,1545,31,completed,0,7
102884,1161,32,completed,1,7
102884,1162,33,completed,1,7
102884,1165,34,completed,1,7
102888,1148,30,completed,1,7
102888,1151,31,completed,1,7
102888,1152,32,completed,1,7
102888,535,33,completed,0,7
102888,1549,34,completed,0,7
102897,1312,34,completed,1,7
102901,1310,30,completed,1,7
102901,1313,31,completed,1,7
102901,109,32,completed,0,7
102901,963,33,completed,0,7
102901,1159,34,completed,0,7
102902,1313,30,completed,1,7
102902,1638,31,completed,0,7
102902,121,32,completed,0,7
102902,604,33,completed,0,7
102902,339,34,completed,0,7
102907,1306,30,completed,1,7
102907,1307,31,completed,1,7
102907,1309,32,completed,1,7
102907,1310,33,completed,1,7
102907,321,34,completed,0,7
102917,1155,30,completed,1,7
102917,1157,31,completed,1,7
102917,1161,32,completed,1,7
102917,1162,33,completed,1,7
102917,1163,34,completed,1,7
102930,1354,30,completed,1,7
102930,805,31,completed,0,7
102930,1361,32,completed,1,7
102930,1363,33,completed,1,7
102930,117,34,completed,0,7
102936,750,30,completed,0,7
102936,1543,31,completed,0,7
102936,828,32,completed,0,7
102936,616,33,completed,0,7
102936,147,34,completed,0,7
102946,1416,30,completed,1,7
102946,1616,31,completed,0,7
102946,1221,32,completed,0,7
102946,1418,33,completed,1,7
102946,1618,34,completed,0,7
102963,1152,30,completed,0,7
102963,453,31,completed,0,7
102963,541,32,completed,0,7
102963,1666,33,completed,0,7
102963,1669,34,completed,0,7
102969,200,30,completed,0,7
102969,1352,31,completed,1,7
102969,799,32,completed,0,7
102969,1356,33,completed,1,7
102969,1358,34,completed,1,7
102985,793,30,completed,0,7
102985,1420,31,completed,1,7
102985,1422,32,completed,1,7
102985,324,33,completed,0,7
102985,120,34,completed,0,7
102994,1232,30,completed,1,7
102994,945,31,completed,0,7
102994,1634,32,completed,0,7
102994,1139,33,completed,1,7
102994,749,34,completed,0,7
106865,1392,10,pending,1,3
106865,1404,11,pending,1,3
106865,1056,12,pending,0,3
106865,1393,13,pending,1,3
106865,1394,14,pending,1,3
106865,1406,15,pending,1,4
106865,1399,16,pending,1,4
106865,1407,17,pending,1,4
106865,1703,18,pending,0,4
106865,1400,19,pending,1,4
106865,1071,20,pending,0,5
106865,1409,21,pending,1,5
106865,1412,22,pending,1,5
106865,1414,23,pending,1,5
106865,1415,24,pending,1,5
106865,1416,25,pending,1,6
106865,1270,26,pending,0,6
106865,1417,27,pending,1,6
106865,1418,28,pending,1,6
106865,315,29,pending,0,6
106865,1420,30,pending,1,7
106865,1422,31,pending,1,7
106865,1088,32,pending,0,7
106865,945,33,pending,0,7
106865,608,34,pending,0,7
106865,1536,35,pending,0,8
106865,832,36,pending,0,8
106865,143,37,pending,0,8
106865,150,38,pending,0,8
106865,1564,39,pending,0,8
106865,1395,5,completed,1,2
106865,1690,6,completed,0,2
106865,392,7,completed,0,2
106865,1391,8,completed,1,2
106865,1396,9,completed,1,2
106867,1718,10,pending,0,3
106867,1333,11,pending,1,3
106867,1327,12,pending,1,3
106867,89,13,pending,0,3
106867,1335,14,pending,1,3
106867,1336,15,pending,1,4
106867,1337,16,pending,1,4
106867,1339,17,pending,1,4
106867,1118,18,pending,0,4
106867,1414,19,pending,0,4
106867,312,20,pending,0,5
106867,1344,21,pending,1,5
106867,1346,22,pending,1,5
106867,1349,23,pending,1,5
106867,509,24,pending,0,5
106867,1355,25,pending,1,6
106867,1360,26,pending,1,6
106867,1361,27,pending,1,6
106867,746,28,pending,0,6
106867,1365,29,pending,1,6
106867,1370,30,pending,1,7
106867,1372,31,pending,1,7
106867,1373,32,pending,1,7
106867,1374,33,pending,1,7
106867,1379,34,pending,1,7
106867,1381,35,pending,1,8
106867,1659,36,pending,0,8
106867,833,37,pending,0,8
106867,1573,38,pending,0,8
106867,858,39,pending,0,8
106868,279,10,pending,0,3
106868,1327,11,pending,1,3
106868,1336,12,pending,1,3
106868,1337,13,pending,1,3
106868,415,14,pending,0,3
106868,1343,15,pending,1,4
106868,1271,16,pending,0,4
106868,1345,17,pending,1,4
106868,101,18,pending,0,4
106868,1352,19,pending,1,4
106868,1356,20,pending,1,5
106868,329,21,pending,0,5
106868,330,22,pending,0,5
106868,1360,23,pending,1,5
106868,115,24,pending,0,5
106868,1363,25,pending,1,6
106868,1365,26,pending,1,6
106868,1367,27,pending,1,6
106868,1371,28,pending,1,6
106868,1372,29,pending,1,6
106868,1376,30,pending,1,7
106868,1378,31,pending,1,7
106868,1379,32,pending,1,7
106868,1381,33,pending,1,7
106868,135,34,pending,0,7
106868,1383,35,pending,1,8
106868,1386,36,pending,1,8
106868,359,37,pending,0,8
106868,1170,38,pending,0,8
106868,847,39,pending,0,8
106867,565,5,completed,0,2
106867,1319,6,completed,1,2
106867,916,7,completed,0,2
106867,1320,8,completed,1,2
106867,16,9,completed,0,2
106868,1330,5,completed,1,2
106868,1283,6,completed,0,2
106868,1319,7,completed,1,2
106868,1324,8,completed,1,2
106868,1326,9,completed,1,2
106871,1290,10,pending,1,3
106871,1283,11,pending,1,3
106871,1279,12,pending,1,3
106871,704,13,pending,0,3
106871,1280,14,pending,1,3
106871,1292,15,pending,1,4
106871,1285,16,pending,1,4
106871,16,17,pending,0,4
106871,1496,18,pending,0,4
106871,1293,19,pending,1,4
106871,1286,20,pending,1,5
106871,1287,21,pending,1,5
106871,1295,22,pending,1,5
106871,1299,23,pending,1,5
106871,1300,24,pending,1,5
106871,1302,25,pending,1,6
106871,1305,26,pending,1,6
106871,1307,27,pending,1,6
106871,682,28,pending,0,6
106871,1310,29,pending,1,6
106871,1311,30,pending,1,7
106871,1312,31,pending,1,7
106871,1313,32,pending,1,7
106871,435,33,pending,0,7
106871,1240,34,pending,0,7
106871,1531,35,pending,0,8
106871,757,36,pending,0,8
106871,538,37,pending,0,8
106871,1551,38,pending,0,8
106871,838,39,pending,0,8
106871,1277,5,completed,1,2
106871,1289,6,completed,1,2
106871,1282,7,completed,1,2
106871,1585,8,completed,0,2
106871,1471,9,completed,0,2
106879,184,10,pending,0,3
106879,1335,11,pending,1,3
106879,1337,12,pending,1,3
106879,1339,13,pending,1,3
106879,1341,14,pending,1,3
106879,1343,15,pending,1,4
106879,1345,16,pending,1,4
106879,581,17,pending,0,4
106879,422,18,pending,0,4
106879,201,19,pending,0,4
106879,1351,20,pending,1,5
106879,1353,21,pending,1,5
106879,802,22,pending,0,5
106879,1364,23,pending,1,5
106879,337,24,pending,0,5
106879,1368,25,pending,1,6
106879,1374,26,pending,1,6
106879,1375,27,pending,1,6
106879,1376,28,pending,1,6
106879,1377,29,pending,1,6
106879,1318,5,completed,1,2
106879,765,6,completed,0,2
106879,1247,7,completed,0,2
106879,301,8,completed,0,2
106879,1156,30,pending,0,7
106879,1380,31,pending,1,7
106879,1381,32,pending,1,7
106879,352,33,pending,0,7
106879,1383,34,pending,1,7
106879,1386,35,pending,1,8
106879,1167,36,pending,0,8
106879,631,37,pending,0,8
106879,982,38,pending,0,8
106879,369,39,pending,0,8
106883,175,10,pending,0,3
106883,1717,11,pending,0,3
106883,79,12,pending,0,3
106883,1703,13,pending,0,3
106883,569,14,pending,0,3
106883,1071,15,pending,0,4
106883,1475,16,pending,0,4
106883,1072,17,pending,0,4
106883,885,18,pending,0,4
106883,192,19,pending,0,4
106883,1453,20,pending,0,5
106883,314,21,pending,0,5
106883,1124,22,pending,0,5
106883,103,23,pending,0,5
106883,1088,24,pending,0,5
106883,1312,25,pending,0,6
106883,590,26,pending,0,6
106883,1376,27,pending,0,6
106883,1651,28,pending,0,6
106883,1543,29,pending,0,6
106883,1657,30,pending,0,7
106883,1180,31,pending,0,7
106883,374,32,pending,0,7
106883,1568,33,pending,0,7
106883,1571,34,pending,0,7
106883,162,35,pending,0,8
106883,379,36,pending,0,8
106883,381,37,pending,0,8
106883,1190,38,pending,0,8
106883,383,39,pending,0,8
106883,75,5,completed,0,2
106883,902,6,completed,0,2
106883,393,7,completed,0,2
106883,877,8,completed,0,2
106883,236,9,completed,0,2
106891,1398,10,pending,1,3
106891,1433,11,pending,0,3
106891,1394,12,pending,1,3
106891,1406,13,pending,1,3
106891,1399,14,pending,1,3
106891,1407,15,pending,1,4
106891,1496,16,pending,0,4
106891,1400,17,pending,1,4
106891,1408,18,pending,1,4
106891,1409,19,pending,1,4
106891,1410,20,pending,1,5
106891,721,21,pending,0,5
106891,1411,22,pending,1,5
106891,923,23,pending,0,5
106891,1413,24,pending,1,5
106891,496,25,pending,0,6
106891,1414,26,pending,1,6
106891,1417,27,pending,1,6
106891,1420,28,pending,1,6
106891,1421,29,pending,1,6
106891,1422,30,pending,1,7
106891,322,31,pending,0,7
106891,437,32,pending,0,7
106891,698,33,pending,0,7
106891,751,34,pending,0,7
106891,604,35,pending,0,8
106891,448,36,pending,0,8
106891,1537,37,pending,0,8
106891,1169,38,pending,0,8
106891,152,39,pending,0,8
106891,1396,5,completed,1,2
106891,1711,6,completed,0,2
106891,1392,7,completed,1,2
106891,1428,8,completed,0,2
106891,1393,9,completed,1,2
106903,704,10,pending,0,3
106903,1398,11,pending,1,3
106903,1394,12,pending,1,3
106903,54,13,pending,0,3
106903,1406,14,pending,1,3
106903,1399,15,pending,1,4
106903,1407,16,pending,1,4
106903,1408,17,pending,1,4
106903,1401,18,pending,1,4
106903,1409,19,pending,1,4
106903,1411,20,pending,1,5
106903,1611,21,pending,0,5
106903,1413,22,pending,1,5
106903,1267,23,pending,0,5
106903,1415,24,pending,1,5
106903,1416,25,pending,1,6
106903,677,26,pending,0,6
106903,1417,27,pending,1,6
106903,1418,28,pending,1,6
106903,198,29,pending,0,6
106903,1420,30,pending,1,7
106903,1421,31,pending,1,7
106903,1511,32,pending,0,7
106903,1422,33,pending,1,7
106903,942,34,pending,0,7
106903,1522,35,pending,0,8
106903,117,36,pending,0,8
106903,1142,37,pending,0,8
106903,829,38,pending,0,8
106903,833,39,pending,0,8
106904,1319,10,pending,0,3
106904,207,11,pending,0,3
106904,85,12,pending,0,3
106904,1259,13,pending,1,3
106904,54,14,pending,0,3
106904,1103,15,pending,1,4
106904,1253,16,pending,1,4
106904,1104,17,pending,1,4
106904,1064,18,pending,0,4
106904,1214,19,pending,1,4
106904,1117,20,pending,1,5
106904,1120,21,pending,1,5
106904,1121,22,pending,1,5
106904,1221,23,pending,1,5
106904,1512,24,pending,0,5
106904,426,25,pending,0,6
106904,427,26,pending,0,6
106904,1131,27,pending,1,6
106904,1237,28,pending,1,6
106904,807,29,pending,0,6
106904,1241,30,pending,1,7
106904,447,31,pending,0,7
106904,451,32,pending,0,7
106904,1159,33,pending,1,7
106904,1165,34,pending,1,7
106904,1166,35,pending,1,8
106904,1171,36,pending,1,8
106904,1175,37,pending,1,8
106904,372,38,pending,0,8
106904,1191,39,pending,1,8
106903,1403,5,completed,1,2
106903,1396,6,completed,1,2
106903,1392,7,completed,1,2
106903,84,8,completed,0,2
106903,1676,9,completed,0,2
106904,1095,5,completed,1,2
106904,1037,6,completed,0,2
106904,652,7,completed,0,2
106904,1101,8,completed,1,2
106904,1201,9,completed,1,2
106916,1197,10,pending,1,3
106916,1202,11,pending,1,3
106916,667,12,pending,0,3
106916,1203,13,pending,1,3
106916,1719,14,pending,0,3
106916,1204,15,pending,1,4
106916,1003,16,pending,0,4
106916,1263,17,pending,1,4
106916,1115,18,pending,1,4
106916,1219,19,pending,1,4
106916,1122,20,pending,1,5
106916,1621,21,pending,0,5
106916,428,22,pending,0,5
106916,1131,23,pending,1,5
106916,1133,24,pending,1,5
106916,1135,25,pending,1,6
106916,1238,26,pending,1,6
106916,1143,27,pending,1,6
106916,338,28,pending,0,6
106916,755,29,pending,0,6
106916,1150,30,pending,1,7
106916,1162,31,pending,1,7
106916,969,32,pending,0,7
106916,1170,33,pending,1,7
106916,1171,34,pending,1,7
106916,1668,35,pending,0,8
106916,1176,36,pending,1,8
106916,849,37,pending,0,8
106916,1182,38,pending,1,8
106916,1190,39,pending,1,8
106916,387,5,completed,0,2
106916,1250,6,completed,1,2
106916,1200,7,completed,1,2
106916,553,8,completed,0,2
106916,1393,9,completed,0,2
106931,54,10,pending,0,3
106931,1483,11,pending,0,3
106931,1285,12,pending,0,3
106931,881,13,pending,0,3
106931,782,14,pending,0,3
106931,1337,15,pending,0,4
106931,283,16,pending,0,4
106931,192,17,pending,0,4
106931,1504,18,pending,0,4
106931,1079,19,pending,0,4
106931,194,20,pending,0,5
106931,1273,21,pending,0,5
106931,794,22,pending,0,5
106931,1126,23,pending,0,5
106931,736,24,pending,0,5
106931,107,25,pending,0,6
106931,511,26,pending,0,6
106931,1133,27,pending,0,6
106931,1355,28,pending,0,6
106931,1630,29,pending,0,6
106931,1235,30,pending,0,7
106931,1139,31,pending,0,7
106931,1646,32,pending,0,7
106931,1161,33,pending,0,7
106931,1162,34,pending,0,7
106931,357,35,pending,0,8
106931,1667,36,pending,0,8
106931,1569,37,pending,0,8
106931,1189,38,pending,0,8
106931,165,39,pending,0,8
106931,1485,5,completed,0,2
106931,1207,6,completed,0,2
106931,1711,7,completed,0,2
106931,1581,8,completed,0,2
106931,1689,9,completed,0,2
106939,1487,10,pending,0,3
106939,1280,11,pending,1,3
106939,1292,12,pending,1,3
106939,1285,13,pending,1,3
106939,1427,5,completed,0,2
106939,1481,6,completed,0,2
106939,1290,7,completed,1,2
106939,1286,14,pending,1,3
106939,1294,15,pending,1,4
106939,1287,16,pending,1,4
106939,272,17,pending,0,4
106939,1296,18,pending,1,4
106939,1297,19,pending,1,4
106939,190,20,pending,0,5
106939,1007,21,pending,0,5
106939,1299,22,pending,1,5
106939,1301,23,pending,1,5
106939,1302,24,pending,1,5
106939,499,25,pending,0,6
106939,1270,26,pending,0,6
106939,1304,27,pending,1,6
106939,1453,28,pending,0,6
106939,1305,29,pending,1,6
106939,1306,30,pending,1,7
106939,1307,31,pending,1,7
106939,1309,32,pending,1,7
106939,1310,33,pending,1,7
106939,1311,34,pending,1,7
106939,1312,35,pending,1,8
106939,940,36,pending,0,8
106939,457,37,pending,0,8
106939,357,38,pending,0,8
106939,1171,39,pending,0,8
106975,1072,10,pending,0,3
106975,307,11,pending,0,3
106975,1611,12,pending,0,3
106975,1339,13,pending,1,3
106975,1120,14,pending,0,3
106975,1346,15,pending,1,4
106975,1347,16,pending,1,4
106975,1349,17,pending,1,4
106975,1021,18,pending,0,4
106975,1352,19,pending,1,4
106975,1353,20,pending,1,5
106975,1628,21,pending,0,5
106975,1355,22,pending,1,5
106975,590,23,pending,0,5
106975,1358,24,pending,1,5
106975,1522,25,pending,0,6
106975,434,26,pending,0,6
106975,1360,27,pending,1,6
106975,1361,28,pending,1,6
106975,1363,29,pending,1,6
106975,1365,30,pending,1,7
106975,1366,31,pending,1,7
106975,1367,32,pending,1,7
106975,1641,33,pending,0,7
106975,1368,34,pending,1,7
106975,527,35,pending,0,8
106975,1371,36,pending,1,8
106975,1376,37,pending,1,8
106975,1380,38,pending,1,8
106975,1179,39,pending,0,8
106975,1324,6,completed,1,2
106975,709,7,completed,0,2
106975,1325,8,completed,1,2
106975,1326,9,completed,1,2
106993,991,10,pending,0,3
106993,664,11,pending,0,3
106993,182,12,pending,0,3
106993,1464,13,pending,0,3
106993,708,14,pending,0,3
106993,277,15,pending,0,4
106993,1261,16,pending,0,4
106993,279,17,pending,0,4
106993,574,18,pending,0,4
106993,498,19,pending,0,4
106993,1302,20,pending,0,5
106993,1271,21,pending,0,5
106993,1082,22,pending,0,5
106993,1421,23,pending,0,5
106993,735,24,pending,0,5
106993,1351,25,pending,0,6
106993,322,26,pending,0,6
106993,949,27,pending,0,6
106993,1638,28,pending,0,6
106993,533,29,pending,0,6
106993,456,30,pending,0,7
106993,351,31,pending,0,7
106993,828,32,pending,0,7
106993,542,33,pending,0,7
106993,1554,34,pending,0,7
106993,154,35,pending,0,8
106993,372,36,pending,0,8
106993,853,37,pending,0,8
106993,645,38,pending,0,8
106993,380,39,pending,0,8
106993,12,5,completed,0,2
106993,299,6,completed,0,2
106993,20,7,completed,0,2
106993,56,8,completed,0,2
106993,1322,9,completed,0,2
106001,1389,0,completed,1,1
106001,1390,1,completed,1,1
106001,1402,2,completed,1,1
106001,1484,3,completed,0,1
106001,1391,4,completed,1,1
106001,776,5,completed,0,2
106001,1396,6,completed,1,2
106001,1392,7,completed,1,2
106001,1471,8,completed,0,2
106001,1404,9,completed,1,2
106047,267,7,completed,0,2
106065,1283,9,completed,0,2
106087,183,9,completed,0,2
106099,1396,7,completed,1,2
106099,1392,8,completed,1,2
106099,236,9,completed,0,2
106166,1071,9,completed,0,2
106754,1255,9,completed,1,2
105054,1503,18,completed,0,4
105011,667,15,completed,0,4
105011,568,16,completed,0,4
105011,1104,17,completed,0,4
105011,1607,18,completed,0,4
105014,1293,15,completed,1,4
105014,1443,17,completed,0,4
105014,1287,18,completed,1,4
105014,1295,19,completed,1,4
105050,41,15,completed,0,4
105050,61,16,completed,0,4
105050,91,17,completed,0,4
105050,673,18,completed,0,4
105050,1453,19,completed,0,4
105054,1300,19,completed,0,4
105111,1407,15,completed,1,4
105064,1266,15,completed,1,4
105064,1216,16,completed,1,4
105064,1448,17,completed,0,4
105065,1351,17,completed,1,4
105078,1336,15,completed,1,4
105131,1411,15,completed,0,4
105131,1413,16,completed,0,4
105131,1012,17,completed,0,4
105131,1418,18,completed,0,4
106034,1282,9,completed,1,2
105078,1345,19,completed,1,4
105144,1604,15,completed,0,4
105157,1116,16,completed,1,4
105157,1299,17,completed,0,4
105157,887,18,completed,0,4
105097,1406,16,completed,1,4
105097,560,17,completed,0,4
105097,1399,18,completed,1,4
105097,1407,19,completed,1,4
106075,58,9,completed,0,2
105179,1103,15,completed,1,4
105179,667,16,completed,0,4
105179,919,17,completed,0,4
105104,1296,17,completed,1,4
105104,1297,18,completed,1,4
105109,1410,15,completed,0,4
105109,1337,16,completed,1,4
105109,1341,17,completed,1,4
105109,1347,18,completed,1,4
105109,1349,19,completed,1,4
105111,1255,19,completed,0,4
105198,928,15,completed,0,4
105127,1605,15,completed,0,4
105127,489,16,completed,0,4
106111,1097,9,completed,1,2
105131,1513,19,completed,0,4
105212,1299,16,completed,0,4
105212,1118,17,completed,0,4
105212,1451,18,completed,0,4
105212,196,19,completed,0,4
105214,1293,15,completed,1,4
105214,1286,16,completed,1,4
105214,1287,17,completed,1,4
105214,1296,18,completed,1,4
105144,1292,16,completed,0,4
105144,185,17,completed,0,4
105144,271,18,completed,0,4
105226,1412,15,completed,0,4
105226,1503,16,completed,0,4
105226,1078,17,completed,0,4
106133,1330,7,completed,1,2
105157,576,19,completed,0,4
105236,1295,15,completed,1,4
105198,418,16,completed,0,4
105198,1271,17,completed,1,4
105198,1273,18,completed,1,4
105257,1293,15,completed,1,4
105257,1286,16,completed,1,4
105257,1294,17,completed,1,4
105257,1295,18,completed,1,4
105257,1296,19,completed,1,4
103000,1528,35,completed,0,8
105226,578,18,completed,0,4
105226,1221,19,completed,0,4
103007,1167,35,completed,0,8
103011,629,35,completed,0,8
103011,1177,36,completed,1,8
103011,1183,37,completed,1,8
103011,641,38,completed,0,8
103011,856,39,completed,0,8
104046,1367,29,completed,1,6
104442,1307,29,completed,1,6
103068,1312,35,completed,1,8
103068,1370,36,completed,0,8
103068,349,37,completed,0,8
103068,1166,38,completed,0,8
103068,1551,39,completed,0,8
104626,121,29,completed,0,6
104645,1309,28,completed,0,6
104817,423,28,completed,0,6
103087,1167,35,completed,1,8
103087,1169,36,completed,1,8
103087,1179,37,completed,1,8
103087,1565,38,completed,0,8
103087,1191,39,completed,1,8
103009,1312,35,completed,1,8
103009,1022,36,completed,0,8
103009,1313,37,completed,1,8
103009,1029,38,completed,0,8
103009,1033,39,completed,0,8
103055,841,35,completed,0,8
103120,544,35,completed,0,8
103120,1179,39,completed,1,8
103213,1567,37,completed,0,8
103135,537,35,completed,0,8
103135,830,36,completed,0,8
103135,458,37,completed,0,8
103135,1548,38,completed,0,8
103135,1191,39,completed,0,8
103258,359,35,completed,0,8
103258,146,36,completed,0,8
103258,365,37,completed,0,8
103258,633,38,completed,0,8
103258,373,39,completed,0,8
103191,1167,35,completed,1,8
103191,1176,36,completed,1,8
103191,1177,37,completed,1,8
103191,1183,38,completed,1,8
103202,1377,35,completed,1,8
103202,131,36,completed,0,8
103202,1653,37,completed,0,8
103202,618,38,completed,0,8
103227,545,37,completed,0,8
103234,356,36,completed,0,8
103263,459,35,completed,0,8
103263,1661,36,completed,0,8
103263,1174,37,completed,0,8
103263,1567,38,completed,0,8
103263,645,39,completed,0,8
103297,975,35,completed,0,8
103297,150,36,completed,0,8
103297,1177,37,completed,0,8
103297,372,38,completed,0,8
103297,849,39,completed,0,8
103339,1180,38,completed,0,8
103339,383,39,completed,0,8
103340,1567,35,completed,0,8
103340,375,36,completed,0,8
103340,1570,37,completed,0,8
103448,381,39,completed,0,8
103476,375,35,completed,0,8
103476,1570,36,completed,0,8
103476,1185,37,completed,0,8
103476,1571,38,completed,0,8
103476,646,39,completed,0,8
103381,1175,39,completed,0,8
103400,528,37,completed,0,8
103400,1157,38,completed,1,8
103400,1162,39,completed,1,8
103503,347,35,completed,0,8
103503,541,36,completed,0,8
103503,1549,37,completed,0,8
103503,838,38,completed,0,8
103503,844,39,completed,0,8
103512,959,35,completed,0,8
103512,960,36,completed,0,8
103512,130,37,completed,0,8
103512,977,38,completed,0,8
103512,647,39,completed,0,8
103596,1313,36,completed,1,8
103596,1153,37,completed,0,8
103596,833,38,completed,0,8
103596,835,39,completed,0,8
103672,1174,35,completed,1,8
103672,1175,36,completed,1,8
103672,1180,37,completed,1,8
103695,1381,35,completed,1,8
103597,851,37,completed,0,8
103601,143,37,completed,0,8
103601,1554,38,completed,0,8
103706,1654,35,completed,0,8
103706,542,36,completed,0,8
103706,1169,37,completed,0,8
103706,1555,38,completed,0,8
103706,853,39,completed,0,8
103621,756,35,completed,0,8
103621,1540,36,completed,0,8
103720,832,35,completed,0,8
103720,1168,36,completed,1,8
103720,1174,37,completed,1,8
103720,1179,38,completed,1,8
103720,1190,39,completed,1,8
103646,462,35,completed,0,8
103646,1167,36,completed,1,8
103646,1169,37,completed,1,8
103646,1667,38,completed,0,8
103646,1191,39,completed,1,8
103667,1570,38,completed,0,8
103667,856,39,completed,0,8
103681,742,35,completed,0,8
103685,1241,36,completed,0,8
103812,1170,35,completed,1,8
103812,1176,36,completed,1,8
103812,1177,37,completed,1,8
103812,1181,38,completed,1,8
103812,1569,39,completed,0,8
103713,1180,37,completed,1,8
103713,376,38,completed,0,8
103713,1190,39,completed,1,8
103847,1190,39,completed,1,8
103743,324,35,completed,0,8
103852,1378,35,completed,1,8
103852,1381,36,completed,1,8
103852,1383,37,completed,1,8
103852,969,38,completed,0,8
103852,1563,39,completed,0,8
103856,134,35,completed,0,8
103856,1386,36,completed,1,8
103856,371,37,completed,0,8
103856,1179,38,completed,0,8
103856,164,39,completed,0,8
103799,641,38,completed,0,8
103818,1378,37,completed,1,8
103818,1380,38,completed,1,8
103818,364,39,completed,0,8
103929,538,35,completed,0,8
103929,1161,36,completed,1,8
103929,1162,37,completed,1,8
103828,1381,35,completed,1,8
103828,1382,36,completed,1,8
103828,1383,37,completed,1,8
103828,1165,38,completed,0,8
103836,1166,38,completed,0,8
103836,364,39,completed,0,8
103847,1169,35,completed,1,8
103847,1170,36,completed,1,8
103857,1549,38,completed,0,8
103857,859,39,completed,0,8
103975,982,39,completed,0,8
103863,457,35,completed,0,8
104019,945,26,completed,0,6
104019,946,27,completed,0,6
104019,808,28,completed,0,6
104046,1361,25,completed,1,6
104046,115,26,completed,0,6
104046,1031,27,completed,0,6
104046,1366,28,completed,1,6
104066,1139,28,completed,0,6
104066,1364,29,completed,1,6
104070,1360,25,completed,1,6
104070,1363,26,completed,1,6
104070,1366,27,completed,1,6
104070,1367,28,completed,1,6
104070,1368,29,completed,1,6
104094,1304,25,completed,1,6
104094,1305,26,completed,1,6
104094,1306,27,completed,1,6
104094,1420,28,completed,0,6
104094,1307,29,completed,1,6
104167,1302,25,completed,1,6
104167,1304,26,completed,1,6
104167,1305,27,completed,1,6
104167,1306,28,completed,1,6
104176,1310,29,completed,1,6
104189,1363,29,completed,1,6
104197,1134,25,completed,1,6
104197,1236,26,completed,1,6
104197,1238,27,completed,1,6
104206,1356,26,completed,1,6
104206,942,27,completed,0,6
104206,1358,28,completed,1,6
104206,1361,29,completed,1,6
104231,691,25,completed,0,6
104231,1237,26,completed,1,6
104231,115,27,completed,0,6
104231,520,28,completed,0,6
104231,1241,29,completed,1,6
104297,1302,27,completed,1,6
104297,1013,28,completed,0,6
104297,1306,29,completed,1,6
104319,1237,26,completed,1,6
104319,1238,27,completed,1,6
104319,810,28,completed,0,6
104319,1033,29,completed,0,6
104354,342,29,completed,0,6
104362,1447,25,completed,0,6
104362,1413,26,completed,1,6
104362,1414,27,completed,1,6
104362,887,28,completed,0,6
104362,1416,29,completed,1,6
104387,1221,29,completed,0,6
104393,501,26,completed,0,6
104393,1305,27,completed,1,6
104399,1239,29,completed,0,6
104425,1636,25,completed,0,6
104425,812,26,completed,0,6
104425,122,27,completed,0,6
104425,817,28,completed,0,6
104425,343,29,completed,0,6
104442,46,25,completed,0,6
104442,1301,26,completed,1,6
104442,1304,27,completed,1,6
104442,1305,28,completed,1,6
104448,940,25,completed,0,6
104448,942,26,completed,0,6
104448,1029,27,completed,0,6
104448,812,28,completed,0,6
104448,1530,29,completed,0,6
104483,1358,27,completed,1,6
104483,1361,28,completed,1,6
104488,1370,26,completed,1,6
104488,1371,27,completed,1,6
104488,1373,28,completed,1,6
104488,1374,29,completed,1,6
104495,1414,25,completed,1,6
104495,1415,26,completed,1,6
104495,1416,27,completed,1,6
104495,1417,28,completed,1,6
104495,1418,29,completed,1,6
104528,119,29,completed,0,6
104547,1304,25,completed,1,6
104547,1305,26,completed,1,6
104547,1306,27,completed,1,6
104547,1307,28,completed,1,6
104547,1016,29,completed,0,6
104582,577,25,completed,0,6
104582,195,26,completed,0,6
104582,1616,27,completed,0,6
104582,1230,28,completed,0,6
104582,1626,29,completed,0,6
104597,698,26,completed,0,6
104597,1364,27,completed,0,6
104597,120,28,completed,0,6
104597,817,29,completed,0,6
104620,1236,25,completed,1,6
104620,1141,26,completed,1,6
104620,1142,27,completed,1,6
104620,526,28,completed,0,6
104620,445,29,completed,0,6
104626,435,25,completed,0,6
104626,333,26,completed,0,6
104626,598,27,completed,0,6
104626,1528,28,completed,0,6
104641,1301,25,completed,1,6
104641,1078,26,completed,0,6
104641,1302,27,completed,1,6
104645,1125,26,completed,0,6
104645,200,27,completed,0,6
104647,1309,27,completed,1,6
104647,1310,28,completed,1,6
104647,1311,29,completed,1,6
104654,1304,25,completed,1,6
104654,1306,26,completed,1,6
104654,1307,27,completed,1,6
104654,1309,28,completed,1,6
104654,1310,29,completed,1,6
104657,1225,25,completed,0,6
104657,1625,26,completed,0,6
104657,109,27,completed,0,6
104657,690,28,completed,0,6
104708,1418,27,completed,1,6
104743,1139,29,completed,1,6
103891,356,35,completed,0,8
104774,1410,25,completed,1,6
104774,1411,26,completed,1,6
104774,1412,27,completed,1,6
104774,1413,28,completed,1,6
103891,1165,36,completed,0,8
103891,150,37,completed,0,8
104800,1503,25,completed,0,6
104800,1414,26,completed,1,6
104800,926,27,completed,0,6
104800,1416,28,completed,1,6
104800,1506,29,completed,0,6
104807,1302,25,completed,1,6
104807,1304,26,completed,1,6
104807,1306,27,completed,1,6
104807,1309,28,completed,1,6
104807,1310,29,completed,1,6
103891,163,38,completed,0,8
103891,645,39,completed,0,8
104817,504,25,completed,0,6
104817,1421,26,completed,1,6
104817,1422,27,completed,1,6
104878,1356,25,completed,1,6
104878,1357,26,completed,1,6
104878,695,27,completed,0,6
104878,1524,28,completed,0,6
104878,1366,29,completed,1,6
104905,795,25,completed,0,6
104905,1230,26,completed,1,6
104905,110,27,completed,0,6
104919,416,25,completed,0,6
104919,1415,26,completed,1,6
104919,1416,27,completed,1,6
104919,1220,28,completed,0,6
104919,1417,29,completed,1,6
104926,953,27,completed,0,6
104926,815,28,completed,0,6
104926,1369,29,completed,1,6
104957,1134,25,completed,1,6
104957,1136,26,completed,1,6
104997,317,29,completed,0,6
105556,1352,19,completed,1,4
105587,1398,15,completed,1,4
105587,172,16,completed,0,4
105587,1394,17,completed,1,4
105587,1406,18,completed,1,4
105587,1466,19,completed,0,4
105640,44,19,completed,0,4
105666,1115,15,completed,1,4
105666,1265,16,completed,1,4
105666,1116,17,completed,1,4
105730,1224,19,completed,1,4
105757,1104,15,completed,0,4
105757,1286,16,completed,1,4
105757,1294,17,completed,1,4
105757,1287,18,completed,1,4
105757,1295,19,completed,1,4
105778,1115,19,completed,1,4
103904,845,35,completed,0,8
105787,1294,17,completed,1,4
105787,1287,18,completed,1,4
105787,1498,19,completed,0,4
103904,633,36,completed,0,8
103904,636,37,completed,0,8
103904,849,38,completed,0,8
103904,1566,39,completed,0,8
105850,1296,19,completed,1,4
105867,1408,17,completed,1,4
105867,1401,18,completed,1,4
105867,1409,19,completed,1,4
105906,281,19,completed,0,4
105925,496,19,completed,0,4
105927,1285,15,completed,1,4
105927,1293,16,completed,1,4
105927,1333,17,completed,0,4
105946,1399,19,completed,1,4
105950,1266,19,completed,0,4
105951,1203,15,completed,1,4
105951,1104,16,completed,1,4
105974,1339,19,completed,1,4
105989,1294,16,completed,1,4
105989,774,17,completed,0,4
105989,1287,18,completed,1,4
105989,1295,19,completed,1,4
105993,1269,19,completed,1,4
105999,1394,15,completed,1,4
105999,1406,16,completed,1,4
105999,1399,17,completed,1,4
105999,1407,18,completed,1,4
105999,1400,19,completed,1,4
106651,1405,9,completed,1,2
106718,1115,9,completed,1,2
106725,207,9,completed,0,2
106730,764,6,completed,0,2
103924,755,35,completed,0,8
103924,1644,36,completed,0,8
106740,1246,8,completed,1,2
106740,1290,9,completed,0,2
106745,1101,9,completed,1,2
103924,969,37,completed,0,8
103924,978,38,completed,0,8
103924,1189,39,completed,0,8
106762,1324,8,completed,1,2
106762,15,9,completed,0,2
106788,1403,9,completed,1,2
106835,1487,9,completed,0,2
106839,474,6,completed,0,2
103928,1380,35,completed,1,8
103928,1382,36,completed,1,8
106879,11,9,completed,0,2
103928,1383,37,completed,1,8
103928,139,38,completed,0,8
103928,153,39,completed,0,8
103929,1169,38,completed,1,8
103929,1189,39,completed,1,8
106939,14,8,completed,0,2
106939,1279,9,completed,1,2
106975,1319,5,completed,1,2
103939,1157,35,completed,1,8
103939,547,36,completed,0,8
103939,1170,37,completed,1,8
103939,1185,38,completed,1,8
103939,1575,39,completed,0,8
103942,1162,35,completed,1,8
103942,1163,36,completed,1,8
103942,972,37,completed,0,8
103942,1174,38,completed,1,8
103942,1183,39,completed,1,8
103943,1162,35,completed,1,8
103943,1172,36,completed,1,8
103943,1176,37,completed,1,8
103943,1567,38,completed,0,8
103943,1187,39,completed,1,8
103948,1380,35,completed,1,8
103948,1381,36,completed,1,8
103948,628,37,completed,0,8
103948,1182,38,completed,0,8
103948,375,39,completed,0,8
103952,354,35,completed,0,8
103952,1163,36,completed,0,8
103952,1552,37,completed,0,8
103952,144,38,completed,0,8
103952,1574,39,completed,0,8
103955,1535,35,completed,0,8
103955,350,36,completed,0,8
103955,143,37,completed,0,8
103955,974,38,completed,0,8
103955,1187,39,completed,0,8
103975,958,35,completed,0,8
103975,1548,36,completed,0,8
103975,545,37,completed,0,8
103975,147,38,completed,0,8
103980,1166,35,completed,1,8
103980,843,36,completed,0,8
103980,1182,37,completed,1,8
103980,1190,38,completed,1,8
103980,1191,39,completed,1,8
103989,1378,35,completed,1,8
103989,1379,36,completed,1,8
103989,1382,37,completed,1,8
103989,1383,38,completed,1,8
103989,543,39,completed,0,8
103990,121,35,completed,0,8
103990,339,36,completed,0,8
103990,615,37,completed,0,8
103990,1655,38,completed,0,8
103990,637,39,completed,0,8
105236,912,14,completed,0,3
105999,1252,14,completed,0,3
106006,1274,0,completed,1,1
106006,1275,1,completed,1,1
106006,1281,2,completed,1,1
106006,247,3,completed,0,1
106006,1710,4,completed,0,1
106008,1090,0,completed,1,1
106008,1423,1,completed,0,1
106008,1091,2,completed,1,1
106008,19,3,completed,0,1
106008,906,4,completed,0,1
106020,1274,0,completed,1,1
106020,1281,1,completed,1,1
106020,990,2,completed,0,1
106020,1095,3,completed,0,1
106020,1277,4,completed,1,1
106025,1248,0,completed,1,1
106025,1425,1,completed,0,1
106025,262,2,completed,0,1
106025,1095,3,completed,1,1
106025,1585,4,completed,0,1
106034,1274,0,completed,1,1
106034,1389,1,completed,0,1
106034,1053,2,completed,0,1
106034,997,3,completed,0,1
106034,1690,4,completed,0,1
106038,49,0,completed,0,1
106038,1389,1,completed,1,1
106038,1390,2,completed,1,1
106038,1402,3,completed,1,1
106038,1395,4,completed,1,1
106043,49,0,completed,0,1
106043,24,1,completed,0,1
106043,1194,2,completed,1,1
106043,1199,3,completed,1,1
106043,998,4,completed,0,1
106047,1274,0,completed,1,1
106047,1281,1,completed,1,1
106047,1249,2,completed,0,1
106047,1277,3,completed,1,1
106047,63,4,completed,0,1
106059,1389,0,completed,1,1
106059,1390,1,completed,1,1
106059,1402,2,completed,1,1
106059,216,3,completed,0,1
106059,1391,4,completed,1,1
106063,1274,0,completed,1,1
106063,1707,1,completed,0,1
106063,699,2,completed,0,1
106063,1275,3,completed,1,1
106063,1588,4,completed,0,1
106065,1090,0,completed,1,1
106065,22,1,completed,0,1
106065,1091,2,completed,1,1
106065,863,3,completed,0,1
106065,20,4,completed,0,1
106067,1388,0,completed,1,1
106067,1,1,completed,0,1
106067,1389,2,completed,1,1
106067,1390,3,completed,1,1
106067,1402,4,completed,1,1
106075,1092,0,completed,1,1
106075,1708,1,completed,0,1
106075,386,2,completed,0,1
106075,1690,3,completed,0,1
106075,1107,4,completed,1,1
106087,1192,0,completed,1,1
106087,1052,1,completed,0,1
106087,1193,2,completed,1,1
106087,1248,3,completed,1,1
106087,50,4,completed,0,1
106099,1388,0,completed,1,1
106099,762,1,completed,0,1
106099,1389,2,completed,1,1
106099,1402,3,completed,1,1
106099,1395,4,completed,1,1
106106,1242,0,completed,1,1
106106,1583,1,completed,0,1
106106,1099,2,completed,1,1
106106,1698,3,completed,0,1
106106,1199,4,completed,1,1
106111,1671,0,completed,0,1
106111,1389,1,completed,0,1
106111,655,2,completed,0,1
106111,1256,3,completed,1,1
106111,1200,4,completed,1,1
106127,1315,0,completed,1,1
106127,1321,1,completed,1,1
106127,564,2,completed,0,1
106127,1329,3,completed,1,1
106127,1318,4,completed,1,1
106133,1274,0,completed,0,1
106133,1051,1,completed,0,1
106133,1316,2,completed,1,1
106133,1328,3,completed,1,1
106133,1321,4,completed,1,1
106148,1707,0,completed,0,1
106148,1274,1,completed,1,1
106148,1275,2,completed,1,1
106148,1390,3,completed,0,1
106148,1281,4,completed,1,1
106166,1707,0,completed,0,1
106166,1192,1,completed,1,1
106166,1248,2,completed,1,1
106166,1721,3,completed,0,1
106166,25,4,completed,0,1
106178,1315,0,completed,1,1
106178,1316,1,completed,1,1
106178,62,2,completed,0,1
106178,864,3,completed,0,1
106178,1107,4,completed,0,1
106191,1388,0,completed,1,1
106191,1389,1,completed,1,1
106191,1390,2,completed,1,1
106191,1402,3,completed,1,1
106191,864,4,completed,0,1
106194,1314,0,completed,1,1
106194,259,1,completed,0,1
106194,69,2,completed,0,1
106194,1095,3,completed,0,1
106194,1329,4,completed,1,1
106210,1092,0,completed,1,1
106210,1455,1,completed,0,1
106210,1093,2,completed,1,1
106210,1194,3,completed,1,1
106210,1678,4,completed,0,1
106215,1090,0,completed,1,1
106215,1477,1,completed,0,1
106215,1091,2,completed,1,1
106215,472,3,completed,0,1
106215,253,4,completed,0,1
106218,1192,0,completed,1,1
106218,1243,1,completed,1,1
106218,990,2,completed,0,1
106218,209,3,completed,0,1
106218,1245,4,completed,1,1
106233,1315,0,completed,1,1
106233,204,1,completed,0,1
106233,1714,2,completed,0,1
106233,1480,3,completed,0,1
106233,1054,4,completed,0,1
106247,1388,0,completed,1,1
106247,762,1,completed,0,1
106247,1389,2,completed,1,1
106247,1193,3,completed,0,1
106247,1390,4,completed,1,1
106251,1423,0,completed,0,1
106251,1389,1,completed,1,1
106251,204,2,completed,0,1
106251,1390,3,completed,1,1
106251,1402,4,completed,1,1
106255,252,0,completed,0,1
106255,1389,1,completed,1,1
106255,1390,2,completed,1,1
106255,261,3,completed,0,1
106255,1402,4,completed,1,1
106286,1274,0,completed,1,1
106286,1684,1,completed,0,1
106286,1601,2,completed,0,1
106286,1281,3,completed,1,1
106286,1277,4,completed,1,1
106290,1094,0,completed,1,1
106290,75,1,completed,0,1
106290,1199,2,completed,1,1
106290,1107,3,completed,1,1
106290,1246,4,completed,1,1
106311,1388,0,completed,1,1
106311,1389,1,completed,1,1
106311,700,2,completed,0,1
106311,1395,3,completed,1,1
106311,1391,4,completed,1,1
106312,1275,0,completed,1,1
106312,286,1,completed,0,1
106312,1281,2,completed,1,1
106312,1277,3,completed,1,1
106312,1463,4,completed,0,1
106321,1315,0,completed,1,1
106321,914,1,completed,0,1
106321,1322,2,completed,1,1
106321,1318,3,completed,1,1
106321,1392,4,completed,0,1
106323,1248,0,completed,1,1
106323,1099,1,completed,1,1
106323,1206,2,completed,1,1
106323,1250,3,completed,1,1
106323,1258,4,completed,1,1
106325,1707,0,completed,0,1
106325,1090,1,completed,1,1
106325,1091,2,completed,1,1
106325,1478,3,completed,0,1
106325,180,4,completed,0,1
106327,1388,0,completed,1,1
106327,1242,1,completed,0,1
106327,1389,2,completed,1,1
106327,1052,3,completed,0,1
106327,252,4,completed,0,1
106338,1683,0,completed,0,1
106338,1090,1,completed,1,1
106338,861,2,completed,0,1
106338,1577,3,completed,0,1
106338,1588,4,completed,0,1
106340,1274,0,completed,1,1
106340,1275,1,completed,1,1
106340,997,2,completed,0,1
106340,1281,3,completed,1,1
106340,1277,4,completed,1,1
106402,1388,0,completed,1,1
106402,1389,1,completed,1,1
106402,1390,2,completed,1,1
106402,234,3,completed,0,1
106402,1402,4,completed,1,1
106407,1242,0,completed,1,1
106407,1193,1,completed,1,1
106407,1457,2,completed,0,1
106407,651,3,completed,0,1
106407,206,4,completed,0,1
106424,1388,0,completed,1,1
106424,649,1,completed,0,1
106424,762,2,completed,0,1
106424,1389,3,completed,1,1
106424,1390,4,completed,1,1
106470,1314,0,completed,1,1
106470,472,1,completed,0,1
106470,1036,2,completed,0,1
106470,1316,3,completed,1,1
106470,1328,4,completed,1,1
106472,389,0,completed,0,1
106472,1090,1,completed,1,1
106472,1683,2,completed,0,1
106472,1091,3,completed,1,1
106472,1430,4,completed,0,1
106478,1672,0,completed,0,1
106478,768,1,completed,0,1
106478,1678,2,completed,0,1
106478,764,3,completed,0,1
106478,1245,4,completed,1,1
106484,259,0,completed,0,1
106484,1274,1,completed,1,1
106484,1275,2,completed,1,1
106484,49,3,completed,0,1
106484,1692,4,completed,0,1
106485,1274,0,completed,1,1
106485,1275,1,completed,1,1
106485,24,2,completed,0,1
106485,247,3,completed,0,1
106485,1395,4,completed,0,1
106493,1090,0,completed,1,1
106493,1091,1,completed,1,1
106493,204,2,completed,0,1
106493,1437,3,completed,0,1
106493,713,4,completed,0,1
106502,1274,0,completed,0,1
106502,1090,1,completed,1,1
106502,202,2,completed,0,1
106502,762,3,completed,0,1
106502,1091,4,completed,1,1
106518,1090,0,completed,1,1
106518,1091,1,completed,1,1
106518,261,2,completed,0,1
106518,70,3,completed,0,1
106518,7,4,completed,0,1
106521,861,0,completed,0,1
106521,1090,1,completed,1,1
106521,1091,2,completed,1,1
106521,1248,3,completed,0,1
106521,204,4,completed,0,1
106527,1092,0,completed,0,1
106527,1314,1,completed,1,1
106527,1479,2,completed,0,1
106527,261,3,completed,0,1
106527,1321,4,completed,1,1
106542,1477,0,completed,0,1
106542,1090,1,completed,1,1
106542,1708,2,completed,0,1
106542,1091,3,completed,1,1
106542,24,4,completed,0,1
106585,1683,0,completed,0,1
106585,390,1,completed,0,1
106585,1437,2,completed,0,1
106585,1099,3,completed,1,1
106585,1714,4,completed,0,1
106592,1092,0,completed,1,1
106592,1242,1,completed,1,1
106592,1705,2,completed,0,1
106592,1206,3,completed,1,1
106592,1249,4,completed,1,1
106598,1314,0,completed,1,1
106598,1315,1,completed,1,1
106598,1316,2,completed,1,1
106598,12,3,completed,0,1
106598,1329,4,completed,1,1
106616,861,0,completed,0,1
106616,1091,1,completed,0,1
106616,1281,2,completed,0,1
106616,209,3,completed,0,1
106616,1322,4,completed,0,1
106632,1388,0,completed,1,1
106632,1390,1,completed,1,1
106632,1402,2,completed,1,1
106632,1395,3,completed,1,1
106632,656,4,completed,0,1
106651,240,0,completed,0,1
106651,1388,1,completed,1,1
106651,1390,2,completed,1,1
106651,1402,3,completed,1,1
106651,1065,4,completed,0,1
106660,1577,0,completed,0,1
106660,1328,1,completed,1,1
106660,1690,2,completed,0,1
106660,1322,3,completed,1,1
106660,182,4,completed,0,1
106673,1314,0,completed,0,1
106673,285,1,completed,0,1
106673,1709,2,completed,0,1
106673,1425,3,completed,0,1
106673,1675,4,completed,0,1
106677,1090,0,completed,1,1
106677,1,1,completed,0,1
106677,1708,2,completed,0,1
106677,1091,3,completed,1,1
106677,69,4,completed,0,1
106699,389,0,completed,0,1
106699,1092,1,completed,1,1
106699,202,2,completed,0,1
106699,262,3,completed,0,1
106699,1054,4,completed,0,1
106706,1090,0,completed,1,1
106706,1314,1,completed,0,1
106706,471,2,completed,0,1
106706,1091,3,completed,1,1
106706,700,4,completed,0,1
106713,1274,0,completed,1,1
106713,1242,1,completed,0,1
106713,1275,2,completed,1,1
106713,1389,3,completed,0,1
106713,1281,4,completed,1,1
106714,1274,0,completed,1,1
106714,1275,1,completed,1,1
106714,1491,2,completed,0,1
106714,1281,3,completed,1,1
106714,262,4,completed,0,1
106718,1092,0,completed,1,1
106718,403,1,completed,0,1
106718,1256,2,completed,1,1
106718,4,3,completed,0,1
106718,1396,4,completed,0,1
106725,1090,0,completed,1,1
106725,1051,1,completed,0,1
106725,1091,2,completed,1,1
106725,385,3,completed,0,1
106725,273,4,completed,0,1
106730,166,0,completed,0,1
106730,1090,1,completed,1,1
106730,1577,2,completed,0,1
106730,1091,3,completed,1,1
106730,1601,4,completed,0,1
106732,862,0,completed,0,1
106732,1316,1,completed,1,1
106732,1328,2,completed,1,1
106732,1321,3,completed,1,1
106732,243,4,completed,0,1
106740,1274,0,completed,0,1
106740,1092,1,completed,1,1
106740,1242,2,completed,1,1
106740,1093,3,completed,1,1
106740,663,4,completed,0,1
106744,166,0,completed,0,1
106744,762,1,completed,0,1
106744,1243,2,completed,1,1
106744,1193,3,completed,1,1
106744,705,4,completed,0,1
106745,1092,0,completed,1,1
106745,1242,1,completed,1,1
106745,1192,2,completed,1,1
106745,1684,3,completed,0,1
106745,82,4,completed,0,1
106754,1249,0,completed,1,1
106754,1250,1,completed,1,1
106754,1096,2,completed,1,1
106754,406,3,completed,0,1
106754,1197,4,completed,1,1
106755,1388,0,completed,1,1
106755,1389,1,completed,1,1
106755,49,2,completed,0,1
106755,1390,3,completed,1,1
106755,386,4,completed,0,1
106756,1090,0,completed,1,1
106756,167,1,completed,0,1
106756,203,2,completed,0,1
106756,241,3,completed,0,1
106756,1091,4,completed,1,1
106759,1274,0,completed,1,1
106759,384,1,completed,0,1
106759,906,2,completed,0,1
106759,1281,3,completed,1,1
106759,1277,4,completed,1,1
106762,1315,0,completed,1,1
106762,49,1,completed,0,1
106762,1275,2,completed,0,1
106762,2,3,completed,0,1
106762,656,4,completed,0,1
106788,1090,0,completed,0,1
106788,761,1,completed,0,1
106788,983,2,completed,0,1
106788,1388,3,completed,1,1
106788,1389,4,completed,1,1
106792,22,0,completed,0,1
106792,1328,1,completed,1,1
106792,663,2,completed,0,1
106792,486,3,completed,0,1
106792,1404,4,completed,0,1
106795,1090,0,completed,1,1
106795,1192,1,completed,0,1
106795,1091,2,completed,1,1
106795,261,3,completed,0,1
106795,7,4,completed,0,1
106818,240,0,completed,0,1
106818,1090,1,completed,1,1
106818,6,2,completed,0,1
106818,1091,3,completed,1,1
106818,1583,4,completed,0,1
106835,1275,0,completed,1,1
106835,258,1,completed,0,1
106835,1281,2,completed,1,1
106835,1277,3,completed,1,1
106835,1289,4,completed,1,1
106838,1388,0,completed,1,1
106838,1052,1,completed,0,1
106838,1390,2,completed,1,1
106838,1457,3,completed,0,1
106838,1402,4,completed,1,1
106839,1192,0,completed,1,1
106839,762,1,completed,0,1
106839,1243,2,completed,1,1
106839,563,3,completed,0,1
106839,1206,4,completed,1,1
106865,1388,0,completed,1,1
106865,1389,1,completed,1,1
106865,2,2,completed,0,1
106865,1390,3,completed,1,1
106865,1402,4,completed,1,1
106867,1274,0,completed,0,1
106867,1314,1,completed,1,1
106867,1316,2,completed,1,1
106867,1391,3,completed,0,1
106867,1322,4,completed,1,1
106868,222,0,completed,0,1
106868,775,1,completed,0,1
106868,1328,2,completed,1,1
106868,868,3,completed,0,1
106868,1714,4,completed,0,1
106871,1274,0,completed,1,1
106871,2,1,completed,0,1
106871,1275,2,completed,1,1
106871,216,3,completed,0,1
106871,1395,4,completed,0,1
106879,1314,0,completed,1,1
106879,1315,1,completed,1,1
106879,1316,2,completed,1,1
106879,1328,3,completed,1,1
106879,1322,4,completed,1,1
106883,259,0,completed,0,1
106883,1,1,completed,0,1
106883,1090,2,completed,1,1
106883,1091,3,completed,1,1
106883,1684,4,completed,0,1
106891,1388,0,completed,1,1
106891,1390,1,completed,1,1
106891,1395,2,completed,1,1
106891,1391,3,completed,1,1
106891,1403,4,completed,1,1
106903,1388,0,completed,1,1
106903,1390,1,completed,1,1
106903,1395,2,completed,1,1
106903,1391,3,completed,1,1
106903,998,4,completed,0,1
106904,1092,0,completed,1,1
106904,1093,1,completed,1,1
106904,82,2,completed,0,1
106904,247,3,completed,0,1
106904,1206,4,completed,1,1
106916,1093,0,completed,1,1
106916,868,1,completed,0,1
106916,1099,2,completed,1,1
106916,1277,3,completed,0,1
106916,914,4,completed,0,1
106931,1051,0,completed,0,1
106931,1090,1,completed,1,1
106931,1091,2,completed,1,1
106931,1684,3,completed,0,1
106931,472,4,completed,0,1
106939,1274,0,completed,1,1
106939,985,1,completed,0,1
106939,1281,2,completed,1,1
106939,1282,3,completed,1,1
106939,26,4,completed,0,1
106975,1314,0,completed,1,1
106975,1049,1,completed,0,1
106975,72,2,completed,0,1
106975,1323,3,completed,1,1
106975,207,4,completed,0,1
106993,1090,0,completed,1,1
106993,699,1,completed,0,1
106993,1091,2,completed,1,1
106993,997,3,completed,0,1
106993,1430,4,completed,0,1
105011,1283,10,completed,0,3
105011,1596,11,completed,0,3
105011,73,12,completed,0,3
105011,1717,13,completed,0,3
105011,482,14,completed,0,3
105014,218,10,completed,0,3
105014,211,11,completed,0,3
105014,1279,12,completed,1,3
105014,1291,13,completed,1,3
105014,1284,14,completed,1,3
105050,1398,11,completed,0,3
105050,1252,12,completed,0,3
105050,395,13,completed,0,3
105050,1253,14,completed,0,3
105051,1405,10,completed,1,3
105051,1398,11,completed,1,3
105051,250,12,completed,0,3
105051,208,13,completed,0,3
105051,1394,14,completed,1,3
105054,704,10,completed,0,3
105054,183,11,completed,0,3
105054,1465,12,completed,0,3
105054,208,13,completed,0,3
105054,1070,14,completed,0,3
105064,1211,10,completed,1,3
105064,1212,11,completed,1,3
105064,1444,12,completed,0,3
105064,1263,13,completed,1,3
105064,1265,14,completed,1,3
105065,1332,10,completed,1,3
105065,1325,11,completed,1,3
105065,1411,12,completed,0,3
105065,1339,13,completed,1,3
105065,1343,14,completed,1,3
105078,1332,10,completed,1,3
105078,489,11,completed,0,3
105078,1325,12,completed,1,3
105078,1326,13,completed,1,3
105078,1443,14,completed,0,3
105097,1596,10,completed,0,3
105097,1688,11,completed,0,3
105097,1405,12,completed,1,3
105097,1398,13,completed,1,3
105097,1394,14,completed,1,3
105104,1284,10,completed,1,3
105104,1280,11,completed,1,3
105104,1293,12,completed,1,3
105104,1286,13,completed,1,3
105104,1294,14,completed,1,3
105109,1394,12,completed,0,3
105109,1332,13,completed,1,3
105109,1325,14,completed,1,3
105111,11,10,completed,0,3
105111,1394,11,completed,1,3
105111,1406,12,completed,1,3
105111,567,13,completed,0,3
105111,1399,14,completed,1,3
105127,1282,10,completed,1,3
105127,1290,11,completed,1,3
105127,1283,12,completed,1,3
105127,1279,13,completed,1,3
105127,1291,14,completed,1,3
105131,59,10,completed,0,3
105131,177,11,completed,0,3
105131,880,12,completed,0,3
105131,80,13,completed,0,3
105131,81,14,completed,0,3
105144,249,12,completed,0,3
105144,476,13,completed,0,3
105144,566,14,completed,0,3
105157,703,10,completed,0,3
105157,1196,11,completed,1,3
105157,85,12,completed,0,3
105179,1097,10,completed,1,3
105179,1102,11,completed,1,3
105179,1259,12,completed,1,3
105179,1495,13,completed,0,3
105179,994,14,completed,0,3
105212,213,10,completed,0,3
105212,303,11,completed,0,3
105212,1490,12,completed,0,3
105266,1398,13,completed,1,3
105266,767,14,completed,0,3
105267,1279,10,completed,1,3
105267,85,11,completed,0,3
105267,1284,12,completed,1,3
105267,1465,13,completed,0,3
105267,1280,14,completed,1,3
105288,1102,12,completed,0,3
105288,208,13,completed,0,3
105288,407,14,completed,0,3
105302,1259,10,completed,1,3
105302,1252,11,completed,1,3
105302,1253,12,completed,1,3
105302,1497,13,completed,0,3
105302,919,14,completed,0,3
105309,880,14,completed,0,3
105315,771,10,completed,0,3
105315,1717,11,completed,0,3
105315,1325,12,completed,1,3
105315,1334,13,completed,1,3
105315,1003,14,completed,0,3
105317,566,10,completed,0,3
105317,1320,11,completed,1,3
105317,710,12,completed,0,3
105317,1334,13,completed,1,3
105317,1336,14,completed,1,3
105411,1394,13,completed,1,3
105411,1001,14,completed,0,3
105418,1392,10,completed,1,3
105418,1393,11,completed,1,3
105418,1394,12,completed,1,3
105418,172,13,completed,0,3
105418,54,14,completed,0,3
105419,1101,10,completed,1,3
105419,1405,11,completed,0,3
105419,1197,12,completed,1,3
105419,1259,13,completed,1,3
105419,1203,14,completed,1,3
105420,263,10,completed,0,3
105420,206,11,completed,0,3
105420,1258,12,completed,0,3
105420,654,13,completed,0,3
105425,1061,12,completed,0,3
105431,1199,10,completed,0,3
105431,474,11,completed,0,3
105431,13,12,completed,0,3
105431,228,13,completed,0,3
105431,397,14,completed,0,3
105434,1433,14,completed,0,3
105453,1098,12,completed,1,3
105453,1253,13,completed,1,3
105453,1104,14,completed,1,3
105522,771,10,completed,0,3
105522,1284,11,completed,1,3
105526,1604,10,completed,0,3
105526,58,11,completed,0,3
105526,1061,12,completed,0,3
105526,230,13,completed,0,3
105526,1677,14,completed,0,3
105548,1404,10,completed,1,3
105548,877,11,completed,0,3
105548,1394,14,completed,1,3
105554,26,10,completed,0,3
105554,64,11,completed,0,3
105554,1060,12,completed,0,3
105554,398,13,completed,0,3
105554,1405,14,completed,1,3
105556,270,10,completed,0,3
105556,1293,11,completed,0,3
105556,1326,12,completed,1,3
105556,1341,13,completed,1,3
105556,1343,14,completed,1,3
105563,208,10,completed,0,3
105563,184,11,completed,0,3
105563,872,12,completed,0,3
105563,33,13,completed,0,3
105563,177,14,completed,0,3
105564,1047,10,completed,0,3
105564,1262,11,completed,1,3
105564,1255,12,completed,1,3
105564,1205,13,completed,1,3
105564,43,14,completed,0,3
105584,1270,11,completed,1,3
105584,1121,12,completed,1,3
105584,1272,13,completed,1,3
105584,502,14,completed,0,3
105585,703,10,completed,0,3
105585,1581,11,completed,0,3
105585,715,12,completed,0,3
105585,665,13,completed,0,3
105585,1440,14,completed,0,3
105587,1392,10,completed,1,3
105587,236,11,completed,0,3
105587,1393,12,completed,1,3
105587,276,13,completed,0,3
105587,1061,14,completed,0,3
105599,1279,10,completed,1,3
105599,1291,11,completed,1,3
105599,1405,12,completed,0,3
105599,1280,13,completed,1,3
105599,1285,14,completed,1,3
105600,1468,14,completed,0,3
105614,1405,11,completed,1,3
105614,1398,12,completed,1,3
105614,666,13,completed,0,3
105614,1442,14,completed,0,3
105618,709,10,completed,0,3
105618,1320,11,completed,0,3
105618,74,12,completed,0,3
105618,1689,13,completed,0,3
105618,911,14,completed,0,3
105621,1098,10,completed,0,3
105621,1320,11,completed,1,3
105621,1325,12,completed,1,3
105621,213,13,completed,0,3
105621,1333,14,completed,1,3
105639,1283,10,completed,1,3
105639,1279,11,completed,1,3
105639,1592,12,completed,0,3
105639,488,13,completed,0,3
105639,1284,14,completed,1,3
105640,21,10,completed,0,3
105640,1439,11,completed,0,3
105640,175,12,completed,0,3
105640,908,13,completed,0,3
105640,1258,14,completed,0,3
105642,780,11,completed,0,3
105642,1703,12,completed,0,3
105642,1211,13,completed,1,3
105642,1408,14,completed,0,3
105651,1292,10,completed,1,3
105651,1285,11,completed,1,3
105651,1293,12,completed,1,3
105651,1286,13,completed,1,3
105651,1287,14,completed,1,3
105662,1283,10,completed,0,3
105662,276,11,completed,0,3
105666,1202,10,completed,1,3
105666,28,11,completed,0,3
105666,67,12,completed,0,3
105666,1211,13,completed,1,3
105666,1608,14,completed,0,3
105681,1103,10,completed,1,3
105681,231,11,completed,0,3
105681,1253,12,completed,1,3
105681,1204,13,completed,1,3
105681,233,14,completed,0,3
105691,269,10,completed,0,3
105691,1259,11,completed,0,3
105691,172,12,completed,0,3
105691,1606,13,completed,0,3
105691,780,14,completed,0,3
105730,303,10,completed,0,3
105730,1112,11,completed,1,3
105730,571,12,completed,0,3
105730,1265,13,completed,1,3
105730,1119,14,completed,1,3
105752,1325,10,completed,1,3
105752,1333,11,completed,1,3
105752,1335,12,completed,1,3
105752,670,13,completed,0,3
105752,1336,14,completed,1,3
105757,1284,10,completed,1,3
105757,1280,11,completed,1,3
105757,1593,12,completed,0,3
105757,1292,13,completed,1,3
105757,1285,14,completed,1,3
105762,1496,13,completed,0,3
105762,1489,14,completed,0,3
105778,84,10,completed,0,3
105778,1101,11,completed,1,3
105778,1259,12,completed,1,3
105778,1045,13,completed,0,3
105778,231,14,completed,0,3
105781,1325,11,completed,1,3
105781,41,12,completed,0,3
105781,1333,13,completed,1,3
105781,1467,14,completed,0,3
105787,1283,10,completed,1,3
105787,1279,11,completed,1,3
105787,1291,12,completed,1,3
105787,1284,13,completed,1,3
105787,246,14,completed,0,3
105805,54,11,completed,0,3
105805,1325,12,completed,1,3
105805,1210,13,completed,0,3
105805,1063,14,completed,0,3
105824,182,10,completed,0,3
105824,1404,11,completed,1,3
105824,1393,12,completed,1,3
105824,1405,13,completed,1,3
105824,1394,14,completed,1,3
105850,250,10,completed,0,3
105850,1284,11,completed,1,3
105850,1280,12,completed,1,3
105850,1292,13,completed,1,3
105850,1285,14,completed,1,3
105867,1405,10,completed,1,3
105867,1394,11,completed,1,3
105867,1677,12,completed,0,3
105867,1483,13,completed,0,3
105867,1406,14,completed,1,3
105869,1403,10,completed,1,3
105869,1396,11,completed,1,3
105869,1392,12,completed,1,3
105869,1711,13,completed,0,3
105869,866,14,completed,0,3
105872,1339,14,completed,1,3
105895,175,10,completed,0,3
105895,1279,11,completed,1,3
105895,1291,12,completed,1,3
105895,1284,13,completed,1,3
105895,1280,14,completed,1,3
105906,1280,10,completed,1,3
105906,1292,11,completed,1,3
105906,1285,12,completed,1,3
105906,1293,13,completed,1,3
105906,1286,14,completed,1,3
105925,1208,10,completed,1,3
105925,1102,11,completed,1,3
105925,277,12,completed,0,3
105925,177,13,completed,0,3
105925,1203,14,completed,1,3
105927,1291,10,completed,1,3
105927,1284,11,completed,1,3
105927,477,12,completed,0,3
105927,184,13,completed,0,3
105927,1292,14,completed,1,3
105944,1320,12,completed,0,3
105944,1719,13,completed,0,3
105944,1261,14,completed,1,3
105946,991,10,completed,0,3
105946,1396,11,completed,1,3
105946,1687,12,completed,0,3
105946,1392,13,completed,1,3
105946,1404,14,completed,1,3
105950,1592,10,completed,0,3
105950,1440,11,completed,0,3
105950,85,12,completed,0,3
105950,477,13,completed,0,3
105950,59,14,completed,0,3
105951,1393,10,completed,0,3
105951,1197,11,completed,1,3
105951,1682,12,completed,0,3
105951,1103,13,completed,1,3
105951,1253,14,completed,1,3
105965,1428,10,completed,0,3
105965,1103,11,completed,1,3
105965,719,12,completed,0,3
105965,1266,13,completed,1,3
105965,47,14,completed,0,3
105967,1604,10,completed,0,3
105967,1061,11,completed,0,3
105967,1202,12,completed,1,3
105967,1098,13,completed,1,3
105967,66,14,completed,0,3
105972,406,14,completed,0,3
105974,1325,10,completed,1,3
105974,1203,11,completed,0,3
105974,1333,12,completed,1,3
105974,178,13,completed,0,3
105974,34,14,completed,0,3
105989,1208,10,completed,0,3
105989,1284,11,completed,1,3
105989,1252,12,completed,0,3
105989,11,13,completed,0,3
105989,1293,14,completed,1,3
105993,279,10,completed,0,3
105993,1607,11,completed,0,3
105993,1112,12,completed,1,3
105993,1212,13,completed,1,3
105993,1263,14,completed,1,3
104019,575,20,completed,0,5
104019,576,21,completed,0,5
104019,198,22,completed,0,5
104019,591,23,completed,0,5
104019,1025,24,completed,0,5
104020,1410,22,completed,1,5
104020,1411,23,completed,1,5
104020,1412,24,completed,1,5
104046,1349,20,completed,1,5
104046,1089,21,completed,0,5
104046,1355,22,completed,1,5
104046,1029,23,completed,0,5
104046,1360,24,completed,1,5
104066,1347,20,completed,1,5
104066,505,21,completed,0,5
104066,1349,22,completed,1,5
104066,584,23,completed,0,5
104066,1351,24,completed,1,5
104070,1506,20,completed,0,5
104070,578,21,completed,0,5
104070,1349,22,completed,1,5
104070,1356,23,completed,1,5
104070,1357,24,completed,1,5
104094,1296,20,completed,1,5
104094,1008,21,completed,0,5
104094,1300,22,completed,1,5
104094,1301,23,completed,1,5
104094,1302,24,completed,1,5
104105,1442,21,completed,0,5
104105,17,22,completed,0,5
104105,409,23,completed,0,5
104105,712,24,completed,0,5
104109,721,20,completed,0,5
104109,1297,21,completed,1,5
104109,494,22,completed,0,5
104109,1299,23,completed,1,5
104109,1300,24,completed,1,5
104121,1301,22,completed,1,5
104121,888,23,completed,0,5
104121,1302,24,completed,1,5
104161,1125,20,completed,1,5
104161,794,21,completed,0,5
104161,1227,22,completed,1,5
104161,736,23,completed,0,5
104161,1229,24,completed,1,5
104167,662,20,completed,0,5
104167,1296,21,completed,1,5
104167,412,22,completed,0,5
104167,1299,23,completed,1,5
104167,1301,24,completed,1,5
104176,1337,20,completed,0,5
104176,1299,21,completed,1,5
104176,925,22,completed,0,5
104176,1300,23,completed,1,5
104176,1302,24,completed,1,5
104189,1352,20,completed,1,5
104189,1517,21,completed,0,5
104189,1355,22,completed,1,5
104189,1356,23,completed,1,5
104189,1630,24,completed,0,5
104197,1225,20,completed,1,5
104197,797,21,completed,0,5
104197,1132,22,completed,1,5
104197,802,23,completed,0,5
104197,1233,24,completed,1,5
104206,571,20,completed,0,5
104206,1265,21,completed,0,5
104206,1343,22,completed,1,5
104206,1344,23,completed,1,5
104206,1345,24,completed,1,5
104231,1220,20,completed,1,5
104231,1271,21,completed,1,5
104231,1223,22,completed,1,5
104231,1133,23,completed,1,5
104231,1134,24,completed,1,5
104245,1273,20,completed,1,5
104245,1224,21,completed,1,5
104245,1232,22,completed,1,5
104245,1356,23,completed,0,5
104245,515,24,completed,0,5
104257,1271,20,completed,0,5
104257,1224,21,completed,0,5
104257,422,22,completed,0,5
104257,738,23,completed,0,5
104257,804,24,completed,0,5
104270,1407,20,completed,1,5
104270,1261,21,completed,0,5
104270,1408,22,completed,1,5
104270,1075,23,completed,0,5
104270,1412,24,completed,1,5
104278,1115,20,completed,1,5
104278,93,21,completed,0,5
104278,1120,22,completed,1,5
104278,1080,23,completed,0,5
104278,99,24,completed,0,5
104297,305,20,completed,0,5
104297,670,21,completed,0,5
104297,1296,22,completed,1,5
104297,1297,23,completed,1,5
104297,1299,24,completed,1,5
104319,1228,20,completed,1,5
104319,687,21,completed,0,5
104319,1230,22,completed,1,5
104319,1131,23,completed,1,5
104319,1135,24,completed,1,5
104346,1408,21,completed,1,5
104346,1444,22,completed,0,5
104346,1409,23,completed,1,5
104346,189,24,completed,0,5
104354,89,20,completed,0,5
104354,1299,21,completed,0,5
104354,1451,22,completed,0,5
104354,501,23,completed,0,5
104354,317,24,completed,0,5
104362,1113,20,completed,0,5
104362,1410,21,completed,1,5
104362,1411,22,completed,1,5
104362,1501,23,completed,0,5
104362,1412,24,completed,1,5
104387,1401,20,completed,1,5
104387,1409,21,completed,1,5
104387,1410,22,completed,1,5
104387,1411,23,completed,1,5
104387,1412,24,completed,1,5
104393,1296,20,completed,1,5
104393,1299,21,completed,1,5
104393,1300,22,completed,1,5
104393,1414,23,completed,0,5
104393,1301,24,completed,1,5
104409,1113,20,completed,0,5
104409,1410,21,completed,1,5
104409,1411,22,completed,1,5
104409,1265,23,completed,0,5
104409,47,24,completed,0,5
104425,102,20,completed,0,5
104425,1515,21,completed,0,5
104425,331,22,completed,0,5
104425,437,23,completed,0,5
104425,1031,24,completed,0,5
104434,1401,20,completed,1,5
104434,1409,21,completed,1,5
104434,1410,22,completed,1,5
104434,1412,23,completed,1,5
104434,1413,24,completed,1,5
104442,1408,20,completed,0,5
104442,1294,21,completed,1,5
104442,1295,22,completed,1,5
104442,1296,23,completed,1,5
104442,282,24,completed,0,5
104446,107,24,completed,0,5
104448,1414,20,completed,0,5
104448,1082,21,completed,0,5
104448,1273,22,completed,0,5
104448,1088,23,completed,0,5
104448,1130,24,completed,0,5
104449,1295,20,completed,1,5
104453,1300,20,completed,1,5
104453,1301,21,completed,1,5
104453,1269,22,completed,0,5
104453,1302,23,completed,1,5
104453,1304,24,completed,1,5
104466,1489,20,completed,0,5
104466,712,21,completed,0,5
104466,1205,22,completed,0,5
104466,1444,23,completed,0,5
104466,1265,24,completed,0,5
104483,1349,20,completed,1,5
104483,427,21,completed,0,5
104483,1352,22,completed,1,5
104483,1353,23,completed,1,5
104483,1354,24,completed,1,5
104484,774,23,completed,0,5
104484,1409,24,completed,1,5
104488,1354,20,completed,1,5
104488,1360,21,completed,1,5
104488,747,22,completed,0,5
104488,1363,23,completed,1,5
104488,1366,24,completed,1,5
104491,1295,20,completed,1,5
104491,1296,21,completed,1,5
104491,413,22,completed,0,5
104491,1007,23,completed,0,5
104491,1301,24,completed,1,5
104495,1047,20,completed,0,5
104495,1409,21,completed,1,5
104495,1410,22,completed,1,5
104495,1297,23,completed,0,5
104495,1413,24,completed,1,5
104498,1085,20,completed,0,5
104498,1351,21,completed,1,5
104498,1354,22,completed,1,5
104498,1355,23,completed,1,5
104498,1357,24,completed,1,5
104507,1411,20,completed,1,5
104507,1412,21,completed,1,5
104507,1413,22,completed,1,5
104507,1414,23,completed,1,5
104507,1415,24,completed,1,5
104515,1286,20,completed,1,5
104515,1294,21,completed,1,5
104515,1287,22,completed,1,5
104515,1295,23,completed,1,5
104515,1296,24,completed,1,5
104517,1355,20,completed,1,5
104517,1356,21,completed,1,5
104517,1358,22,completed,1,5
104517,1361,23,completed,1,5
104517,1363,24,completed,1,5
104527,199,20,completed,0,5
104527,423,21,completed,0,5
104527,1349,22,completed,1,5
104527,1360,23,completed,1,5
104527,598,24,completed,0,5
104528,1119,20,completed,0,5
104528,1504,21,completed,0,5
104528,1013,22,completed,0,5
104528,681,23,completed,0,5
104528,796,24,completed,0,5
104547,1300,20,completed,1,5
104547,192,21,completed,0,5
104547,1301,22,completed,1,5
104547,1341,23,completed,0,5
104547,1302,24,completed,1,5
104551,1118,20,completed,1,5
104551,1271,21,completed,1,5
104551,1272,22,completed,1,5
104551,1273,23,completed,1,5
104551,1223,24,completed,1,5
104561,1620,23,completed,0,5
104561,1087,24,completed,0,5
104578,1343,20,completed,1,5
104578,729,21,completed,0,5
104578,1346,22,completed,1,5
104578,1347,23,completed,1,5
104578,425,24,completed,0,5
104582,562,20,completed,0,5
104582,411,21,completed,0,5
104582,1074,22,completed,0,5
104582,412,23,completed,0,5
104582,94,24,completed,0,5
104590,574,20,completed,0,5
104590,1304,21,completed,0,5
104590,1347,22,completed,0,5
104590,102,23,completed,0,5
104590,318,24,completed,0,5
104597,505,20,completed,0,5
104597,796,21,completed,0,5
104597,1132,22,completed,0,5
104597,690,23,completed,0,5
104597,810,24,completed,0,5
104607,887,20,completed,0,5
104607,1118,21,completed,1,5
104607,1268,22,completed,1,5
104607,1119,23,completed,1,5
104607,1271,24,completed,1,5
104620,1129,20,completed,1,5
104620,1311,21,completed,0,5
104620,1131,22,completed,1,5
104620,802,23,completed,0,5
104620,1233,24,completed,1,5
104626,1339,20,completed,0,5
104626,197,21,completed,0,5
104626,1346,22,completed,0,5
104626,511,23,completed,0,5
104626,807,24,completed,0,5
104637,781,20,completed,0,5
104637,1287,21,completed,1,5
104637,1297,22,completed,1,5
104637,1300,23,completed,1,5
104637,1077,24,completed,0,5
104641,1294,20,completed,1,5
104641,1295,21,completed,1,5
104641,1297,22,completed,1,5
104641,1299,23,completed,1,5
104641,1300,24,completed,1,5
104645,231,20,completed,0,5
104645,482,21,completed,0,5
104645,874,22,completed,0,5
104645,1445,23,completed,0,5
104645,925,24,completed,0,5
104647,1302,20,completed,1,5
104647,1304,21,completed,1,5
104647,315,22,completed,0,5
104647,1305,23,completed,1,5
104647,1306,24,completed,1,5
104654,1296,20,completed,1,5
104654,1297,21,completed,1,5
104654,1300,22,completed,1,5
104654,1301,23,completed,1,5
104654,1302,24,completed,1,5
104657,1445,20,completed,0,5
104657,1118,21,completed,0,5
104657,311,22,completed,0,5
104657,790,23,completed,0,5
104657,420,24,completed,0,5
104671,1346,22,completed,1,5
104671,1354,23,completed,1,5
104671,1356,24,completed,1,5
104672,1300,20,completed,1,5
104672,1301,21,completed,1,5
104672,1302,22,completed,1,5
104672,790,23,completed,0,5
104672,1304,24,completed,1,5
104706,1084,20,completed,0,5
104706,1349,21,completed,1,5
104706,1351,22,completed,1,5
104706,1352,23,completed,1,5
104706,1355,24,completed,1,5
104708,572,20,completed,0,5
104708,1411,21,completed,1,5
104708,1412,22,completed,1,5
104708,1414,23,completed,1,5
104708,1415,24,completed,1,5
104724,912,20,completed,0,5
104724,1401,21,completed,1,5
104724,1409,22,completed,1,5
104724,1410,23,completed,1,5
104724,1411,24,completed,1,5
104733,1296,20,completed,1,5
104733,1297,21,completed,1,5
104733,1299,22,completed,1,5
104733,1448,23,completed,0,5
104733,1300,24,completed,1,5
104740,1295,20,completed,1,5
104740,1297,21,completed,1,5
104740,413,22,completed,0,5
104740,1299,23,completed,1,5
104740,1300,24,completed,1,5
104743,1223,20,completed,1,5
104743,1125,21,completed,1,5
104743,199,22,completed,0,5
104743,1084,23,completed,0,5
104743,1135,24,completed,1,5
104774,407,20,completed,0,5
104774,1399,21,completed,1,5
104774,1407,22,completed,1,5
104774,1335,23,completed,0,5
104774,1409,24,completed,1,5
104776,1347,20,completed,1,5
104776,1349,21,completed,1,5
104776,1351,22,completed,1,5
104776,1515,23,completed,0,5
104776,1353,24,completed,1,5
104794,1410,20,completed,1,5
104794,1411,21,completed,1,5
104794,1412,22,completed,1,5
104794,1413,23,completed,1,5
104794,191,24,completed,0,5
104800,1410,20,completed,1,5
104800,1214,21,completed,0,5
104800,1411,22,completed,1,5
104800,1412,23,completed,1,5
104800,1413,24,completed,1,5
104807,1296,20,completed,1,5
104807,1297,21,completed,1,5
104807,1267,22,completed,0,5
104807,675,23,completed,0,5
104807,1301,24,completed,1,5
104817,1415,20,completed,1,5
104817,1416,21,completed,1,5
104817,312,22,completed,0,5
104817,1418,23,completed,1,5
104817,1420,24,completed,1,5
104851,81,20,completed,0,5
104851,1409,21,completed,1,5
104851,1410,22,completed,1,5
104851,1412,23,completed,1,5
104851,1413,24,completed,1,5
104878,1227,20,completed,0,5
104878,507,21,completed,0,5
104878,898,22,completed,0,5
104878,1352,23,completed,1,5
104878,1353,24,completed,1,5
104884,1412,24,completed,1,5
104902,1118,20,completed,1,5
104902,1269,21,completed,1,5
104902,1270,22,completed,1,5
104902,677,23,completed,0,5
104902,1122,24,completed,1,5
104905,1120,20,completed,1,5
104905,419,21,completed,0,5
104905,1222,22,completed,1,5
104905,1016,23,completed,0,5
104905,1225,24,completed,1,5
104915,1511,24,completed,0,5
104919,1411,20,completed,1,5
104919,1412,21,completed,1,5
104919,1612,22,completed,0,5
104919,1118,23,completed,0,5
104919,1414,24,completed,1,5
104925,1349,20,completed,0,5
104925,1228,21,completed,1,5
104925,1089,22,completed,0,5
104925,1130,23,completed,1,5
104925,1230,24,completed,1,5
104926,1349,20,completed,1,5
104926,1134,21,completed,0,5
104926,691,22,completed,0,5
104926,1357,23,completed,1,5
104926,1358,24,completed,1,5
104957,1219,20,completed,1,5
104957,1416,21,completed,0,5
104957,1347,22,completed,0,5
104957,1128,23,completed,1,5
104957,1228,24,completed,1,5
104964,917,20,completed,0,5
104964,231,21,completed,0,5
104964,401,22,completed,0,5
104964,885,23,completed,0,5
104964,574,24,completed,0,5
104977,1420,20,completed,0,5
104977,681,21,completed,0,5
104977,318,22,completed,0,5
104977,1087,23,completed,0,5
104977,937,24,completed,0,5
104984,926,20,completed,0,5
104984,195,21,completed,0,5
104984,1309,22,completed,0,5
104984,1087,23,completed,0,5
104984,1128,24,completed,0,5
103005,1153,30,completed,1,7
103005,760,31,completed,0,7
103005,826,32,completed,0,7
103005,455,33,completed,0,7
103005,1159,34,completed,1,7
103007,1166,33,completed,0,7
103007,974,34,completed,0,7
103009,1304,30,completed,1,7
103009,1305,31,completed,1,7
103009,1306,32,completed,1,7
103009,1307,33,completed,1,7
103009,1310,34,completed,1,7
103010,948,30,completed,0,7
103010,814,31,completed,0,7
103010,525,32,completed,0,7
103010,124,33,completed,0,7
103010,453,34,completed,0,7
103011,1153,31,completed,1,7
103011,1154,32,completed,1,7
103011,836,33,completed,0,7
103011,976,34,completed,0,7
103012,1125,30,completed,0,7
103012,1422,31,completed,1,7
103012,1086,32,completed,0,7
103012,1524,33,completed,0,7
103012,1526,34,completed,0,7
103037,1365,30,completed,1,7
103037,1366,31,completed,1,7
103037,1368,32,completed,1,7
103037,1370,33,completed,1,7
103037,125,34,completed,0,7
103039,350,33,completed,0,7
103039,362,34,completed,0,7
103055,746,30,completed,0,7
103055,816,31,completed,0,7
103055,1159,32,completed,1,7
103055,1163,33,completed,1,7
103055,1168,34,completed,1,7
103066,1372,30,completed,0,7
103066,1152,31,completed,0,7
103066,345,32,completed,0,7
103066,960,33,completed,0,7
103066,1541,34,completed,0,7
103070,1241,30,completed,1,7
103070,1145,31,completed,1,7
103070,1535,32,completed,0,7
103070,1151,33,completed,1,7
103070,532,34,completed,0,7
103097,1364,30,completed,1,7
103097,1365,31,completed,1,7
103097,1369,32,completed,1,7
103097,1372,33,completed,1,7
103097,1373,34,completed,1,7
103108,1273,30,completed,1,7
103108,1224,31,completed,1,7
103108,1226,32,completed,1,7
103108,1311,33,completed,0,7
103108,107,34,completed,0,7
103110,1416,30,completed,1,7
103110,1304,31,completed,0,7
103110,893,32,completed,0,7
103110,1420,33,completed,1,7
103110,1421,34,completed,1,7
103116,1140,30,completed,1,7
103116,1141,31,completed,1,7
103116,1142,32,completed,1,7
103116,1143,33,completed,1,7
103116,120,34,completed,0,7
103120,590,30,completed,0,7
103120,1357,31,completed,0,7
103120,516,32,completed,0,7
103120,1139,33,completed,1,7
103120,129,34,completed,0,7
103129,817,30,completed,0,7
103129,1646,31,completed,0,7
103129,131,32,completed,0,7
103129,1547,33,completed,0,7
103129,544,34,completed,0,7
103134,1422,32,completed,1,7
103134,592,33,completed,0,7
103134,697,34,completed,0,7
103135,1312,30,completed,1,7
103135,1238,31,completed,0,7
103135,753,32,completed,0,7
103135,959,33,completed,0,7
103135,536,34,completed,0,7
103148,1304,30,completed,1,7
103148,1306,31,completed,1,7
103148,1307,32,completed,1,7
103148,1311,33,completed,1,7
103148,1313,34,completed,1,7
103171,1372,30,completed,1,7
103171,822,31,completed,0,7
103171,1377,32,completed,1,7
103171,962,33,completed,0,7
103171,1651,34,completed,0,7
103191,1143,30,completed,1,7
103191,1147,31,completed,1,7
103191,1153,32,completed,1,7
103191,1164,33,completed,1,7
103191,1550,34,completed,0,7
103202,1364,30,completed,1,7
103202,1366,31,completed,1,7
103202,1371,32,completed,1,7
103202,1372,33,completed,1,7
103202,1374,34,completed,1,7
103213,121,30,completed,0,7
103213,1153,31,completed,0,7
103213,351,32,completed,0,7
103213,144,33,completed,0,7
103213,148,34,completed,0,7
103227,436,30,completed,0,7
103227,810,31,completed,0,7
103227,1367,32,completed,0,7
103227,953,33,completed,0,7
103227,604,34,completed,0,7
103234,1365,30,completed,0,7
103234,443,31,completed,0,7
103234,816,32,completed,0,7
103234,124,33,completed,0,7
103234,531,34,completed,0,7
103249,1374,30,completed,1,7
103249,1376,31,completed,1,7
103249,1378,32,completed,1,7
103249,1381,33,completed,1,7
103249,1382,34,completed,1,7
103257,1421,30,completed,1,7
103257,1621,31,completed,0,7
103257,1422,32,completed,1,7
103257,1086,33,completed,0,7
103257,107,34,completed,0,7
103263,327,30,completed,0,7
103263,695,31,completed,0,7
103263,947,32,completed,0,7
103263,1033,33,completed,0,7
103263,604,34,completed,0,7
103275,1381,30,completed,0,7
103275,1658,31,completed,0,7
103275,970,32,completed,0,7
103275,144,33,completed,0,7
103275,976,34,completed,0,7
103297,759,30,completed,0,7
103297,1539,31,completed,0,7
103297,827,32,completed,0,7
103297,830,33,completed,0,7
103297,354,34,completed,0,7
103300,948,30,completed,0,7
103300,1241,31,completed,1,7
103300,1156,32,completed,1,7
103300,359,33,completed,0,7
103300,1168,34,completed,1,7
103307,420,30,completed,0,7
103307,1307,31,completed,1,7
103307,318,32,completed,0,7
103307,683,33,completed,0,7
103307,1309,34,completed,1,7
103339,1657,33,completed,0,7
103339,138,34,completed,0,7
103340,759,30,completed,0,7
103340,612,31,completed,0,7
103340,142,32,completed,0,7
103340,463,33,completed,0,7
103340,1553,34,completed,0,7
103359,1536,34,completed,0,7
103367,128,31,completed,0,7
103367,1647,32,completed,0,7
103367,1152,33,completed,0,7
103367,618,34,completed,0,7
103381,1142,30,completed,0,7
103381,521,31,completed,0,7
103381,1145,32,completed,0,7
103381,127,33,completed,0,7
103381,1538,34,completed,0,7
103385,1366,30,completed,1,7
103385,814,31,completed,0,7
103385,1145,32,completed,0,7
103385,1368,33,completed,1,7
103385,1369,34,completed,1,7
103400,1229,30,completed,1,7
103400,1130,31,completed,1,7
103400,738,32,completed,0,7
103400,1236,33,completed,1,7
103400,1142,34,completed,1,7
103403,124,30,completed,0,7
103403,1150,31,completed,1,7
103403,760,32,completed,0,7
103403,1546,33,completed,0,7
103403,1170,34,completed,1,7
103448,1153,30,completed,0,7
103448,129,31,completed,0,7
103448,1648,32,completed,0,7
103448,1540,33,completed,0,7
103448,539,34,completed,0,7
103450,1372,30,completed,1,7
103450,1374,31,completed,1,7
103450,450,32,completed,0,7
103450,1375,33,completed,1,7
103450,1376,34,completed,1,7
103468,1311,30,completed,1,7
103468,1312,31,completed,1,7
103468,1021,32,completed,0,7
103468,1313,33,completed,1,7
103468,1360,34,completed,0,7
103469,1375,30,completed,1,7
103469,1380,31,completed,1,7
103469,457,32,completed,0,7
103469,1383,33,completed,1,7
103469,460,34,completed,0,7
103476,369,33,completed,0,7
103476,638,34,completed,0,7
103496,1156,30,completed,1,7
103496,1159,31,completed,1,7
103496,1161,32,completed,1,7
103496,1162,33,completed,1,7
103496,1664,34,completed,0,7
103503,1307,30,completed,1,7
103503,953,34,completed,0,7
103507,821,30,completed,0,7
103507,131,31,completed,0,7
103507,1658,32,completed,0,7
103507,833,33,completed,0,7
103507,462,34,completed,0,7
103520,1413,30,completed,1,7
103520,192,31,completed,0,7
103520,1414,32,completed,1,7
103520,1415,33,completed,1,7
103520,1417,34,completed,1,7
103527,1237,30,completed,1,7
103527,330,31,completed,0,7
103527,1238,32,completed,1,7
103527,1239,33,completed,1,7
103527,1531,34,completed,0,7
103535,1310,30,completed,1,7
103535,1311,31,completed,1,7
103535,1312,32,completed,1,7
103535,1516,33,completed,0,7
103535,1313,34,completed,1,7
103544,1236,30,completed,1,7
103544,1137,31,completed,1,7
103544,1239,32,completed,1,7
103544,1240,33,completed,1,7
103544,1159,34,completed,1,7
103554,346,30,completed,0,7
103554,827,31,completed,0,7
103554,353,32,completed,0,7
103554,463,33,completed,0,7
103554,147,34,completed,0,7
103555,595,30,completed,0,7
103555,1139,31,completed,1,7
103555,1240,32,completed,1,7
103555,1373,33,completed,0,7
103555,1152,34,completed,1,7
103562,1638,30,completed,0,7
103562,1372,31,completed,1,7
103562,1373,32,completed,1,7
103562,1374,33,completed,1,7
103562,1376,34,completed,1,7
103597,1418,30,completed,1,7
103597,581,31,completed,0,7
103597,1420,32,completed,1,7
103597,1421,33,completed,1,7
103597,1422,34,completed,1,7
103601,1311,30,completed,1,7
103601,1312,31,completed,1,7
103601,1237,32,completed,0,7
103601,948,33,completed,0,7
103601,338,34,completed,0,7
103621,1422,30,completed,1,7
103621,506,31,completed,0,7
103621,1086,32,completed,0,7
103621,103,33,completed,0,7
103621,898,34,completed,0,7
103635,1310,30,completed,1,7
103635,1312,31,completed,1,7
103635,1313,32,completed,1,7
103635,325,33,completed,0,7
103635,452,34,completed,0,7
103636,1373,30,completed,1,7
103636,1375,31,completed,1,7
103636,1381,32,completed,1,7
103636,829,33,completed,0,7
103636,1383,34,completed,1,7
103646,603,30,completed,0,7
103646,610,31,completed,0,7
103646,1155,32,completed,1,7
103646,1156,33,completed,1,7
103646,1159,34,completed,1,7
103649,1418,30,completed,1,7
103649,1420,31,completed,1,7
103649,1422,32,completed,1,7
103649,423,33,completed,0,7
103649,1021,34,completed,0,7
103651,1509,30,completed,0,7
103651,1421,31,completed,1,7
103651,1422,32,completed,1,7
103651,690,33,completed,0,7
103651,330,34,completed,0,7
103657,1416,30,completed,1,7
103657,1417,31,completed,1,7
103657,316,32,completed,0,7
103657,1420,33,completed,1,7
103657,1421,34,completed,1,7
103665,1541,30,completed,0,7
103665,458,31,completed,0,7
103665,1162,32,completed,0,7
103665,621,33,completed,0,7
103665,145,34,completed,0,7
103667,349,30,completed,0,7
103667,965,31,completed,0,7
103667,1661,32,completed,0,7
103667,1168,33,completed,0,7
103667,628,34,completed,0,7
103681,1418,30,completed,1,7
103681,1420,31,completed,1,7
103681,1422,32,completed,1,7
103681,425,33,completed,0,7
103681,685,34,completed,0,7
103685,1417,30,completed,1,7
103685,1418,31,completed,1,7
103685,1420,32,completed,1,7
103685,1421,33,completed,1,7
103685,1515,34,completed,0,7
103706,1379,34,completed,0,7
103713,1371,30,completed,0,7
103713,1154,31,completed,1,7
103713,1157,32,completed,1,7
103713,539,33,completed,0,7
103713,1162,34,completed,1,7
103729,1413,30,completed,1,7
103729,1415,31,completed,1,7
103729,1416,32,completed,1,7
103729,1417,33,completed,1,7
103729,419,34,completed,0,7
103740,1310,30,completed,1,7
103740,1312,31,completed,1,7
103740,1313,32,completed,1,7
103740,745,33,completed,0,7
103740,1375,34,completed,0,7
103743,1309,30,completed,1,7
103743,1310,31,completed,1,7
103743,1311,32,completed,1,7
103743,1312,33,completed,1,7
103743,1353,34,completed,0,7
103747,1454,30,completed,0,7
103747,1420,31,completed,1,7
103747,1016,32,completed,0,7
103747,1421,33,completed,1,7
103747,1309,34,completed,0,7
103761,350,30,completed,0,7
103761,1161,31,completed,1,7
103761,542,32,completed,0,7
103761,1166,33,completed,1,7
103761,1172,34,completed,1,7
103784,811,30,completed,0,7
103784,1147,31,completed,1,7
103784,142,32,completed,0,7
103784,1167,33,completed,1,7
103784,361,34,completed,0,7
103798,540,30,completed,0,7
103798,1162,31,completed,1,7
103798,1163,32,completed,1,7
103798,1166,33,completed,1,7
103798,1179,34,completed,1,7
103799,438,30,completed,0,7
103799,454,31,completed,0,7
103799,134,32,completed,0,7
103799,350,33,completed,0,7
103799,978,34,completed,0,7
103812,1644,30,completed,0,7
103818,1368,30,completed,1,7
103818,1369,31,completed,1,7
103818,1370,32,completed,1,7
103818,1371,33,completed,1,7
103818,1373,34,completed,1,7
103828,1372,30,completed,1,7
103828,1373,31,completed,1,7
103828,1374,32,completed,1,7
103828,1376,33,completed,1,7
103828,1380,34,completed,1,7
103836,1368,30,completed,1,7
103836,1370,31,completed,1,7
103836,1371,32,completed,1,7
103836,1374,33,completed,1,7
103836,1375,34,completed,1,7
103847,1239,30,completed,1,7
103847,1142,31,completed,1,7
103847,749,32,completed,0,7
103847,1161,33,completed,1,7
103847,1164,34,completed,1,7
103856,1371,30,completed,1,7
103857,316,31,completed,0,7
103857,1421,32,completed,1,7
103857,1422,33,completed,1,7
103857,1365,34,completed,0,7
103863,1418,30,completed,1,7
103863,1420,31,completed,1,7
103863,1422,32,completed,1,7
103863,685,33,completed,0,7
103863,821,34,completed,0,7
103891,606,30,completed,0,7
103891,342,31,completed,0,7
103891,821,32,completed,0,7
103891,350,33,completed,0,7
103891,355,34,completed,0,7
103904,539,31,completed,0,7
103904,1386,32,completed,0,7
103904,468,33,completed,0,7
103904,470,34,completed,0,7
103924,1311,30,completed,1,7
103924,1313,31,completed,1,7
103924,436,32,completed,0,7
103924,331,33,completed,0,7
103924,438,34,completed,0,7
103928,1371,30,completed,1,7
103928,531,31,completed,0,7
103928,1374,32,completed,1,7
103928,1376,33,completed,1,7
103928,963,34,completed,0,7
103929,756,30,completed,0,7
103929,1153,31,completed,1,7
103929,1154,32,completed,1,7
103929,451,33,completed,0,7
103929,131,34,completed,0,7
103939,1236,30,completed,1,7
103939,1632,31,completed,0,7
103939,1238,32,completed,1,7
103939,1635,33,completed,0,7
103939,1151,34,completed,1,7
103942,437,30,completed,0,7
103942,1143,31,completed,1,7
103942,1646,32,completed,0,7
103942,1159,33,completed,1,7
103942,617,34,completed,0,7
103943,1139,30,completed,1,7
103943,344,31,completed,0,7
103943,1154,32,completed,1,7
103943,1159,33,completed,1,7
103943,1381,34,completed,0,7
103948,1369,30,completed,1,7
103948,1370,31,completed,1,7
103948,1371,32,completed,1,7
103948,1372,33,completed,1,7
103948,1376,34,completed,1,7
103952,1126,30,completed,0,7
103952,602,31,completed,0,7
103952,1368,32,completed,0,7
103952,342,33,completed,0,7
103952,612,34,completed,0,7
103955,1310,30,completed,1,7
103955,508,31,completed,0,7
103955,1312,32,completed,1,7
103955,1630,33,completed,0,7
103955,1239,34,completed,0,7
103975,1420,30,completed,1,7
103975,100,31,completed,0,7
103975,1421,32,completed,1,7
103975,1422,33,completed,1,7
103975,695,34,completed,0,7
103980,443,30,completed,0,7
103980,347,31,completed,0,7
103980,1653,32,completed,0,7
103980,1164,33,completed,1,7
103980,1551,34,completed,0,7
103989,1529,30,completed,0,7
103989,1371,31,completed,1,7
103989,1372,32,completed,1,7
103989,1374,33,completed,1,7
103989,1375,34,completed,1,7
103990,1420,30,completed,1,7
103990,1421,31,completed,1,7
103990,1422,32,completed,1,7
103990,740,33,completed,0,7
103990,948,34,completed,0,7
