date_registered,date_dropped,student_id,course_id,status,semester_id,update_ts
2014-08-18,0001-01-01,100016,1090,completed,29,2021-06-15 01:13:20.594890
2014-08-18,0001-01-01,100016,1091,completed,29,2021-06-15 01:13:20.594890
2014-08-18,0001-01-01,100033,1206,completed,29,2021-06-15 01:13:20.594890
2014-08-18,0001-01-01,100033,1107,completed,29,2021-06-15 01:13:20.594890
2014-08-18,0001-01-01,100033,1200,completed,29,2021-06-15 01:13:20.594890
2014-08-18,0001-01-01,100043,1090,completed,29,2021-06-15 01:13:20.594890
2014-08-18,0001-01-01,100043,1091,completed,29,2021-06-15 01:13:20.594890
2014-08-18,0001-01-01,100048,1274,completed,29,2021-06-15 01:13:20.594890
2014-08-18,0001-01-01,100048,1275,completed,29,2021-06-15 01:13:20.594890
2014-08-18,0001-01-01,100062,1090,completed,29,2021-06-15 01:13:20.594890
2014-08-18,0001-01-01,100062,1091,completed,29,2021-06-15 01:13:20.594890
2014-08-18,0001-01-01,100062,1193,completed,29,2021-06-15 01:13:20.594890
2014-08-18,0001-01-01,100063,1275,completed,29,2021-06-15 01:13:20.594890
2014-08-18,0001-01-01,100063,1281,completed,29,2021-06-15 01:13:20.594890
2014-08-18,0001-01-01,100063,1277,completed,29,2021-06-15 01:13:20.594890
2014-08-18,0001-01-01,100063,1289,completed,29,2021-06-15 01:13:20.594890
2014-08-18,0001-01-01,100093,1314,completed,29,2021-06-15 01:13:20.594890
2014-08-18,0001-01-01,100093,1321,completed,29,2021-06-15 01:13:20.594890
2014-08-18,0001-01-01,100096,1274,completed,29,2021-06-15 01:13:20.594890
2014-08-18,0001-01-01,100096,1281,completed,29,2021-06-15 01:13:20.594890
2014-08-18,0001-01-01,100096,1277,completed,29,2021-06-15 01:13:20.594890
2014-08-18,0001-01-01,100096,1289,completed,29,2021-06-15 01:13:20.594890
2014-08-18,0001-01-01,100101,1388,completed,29,2021-06-15 01:13:20.594890
2014-08-18,0001-01-01,100101,1389,completed,29,2021-06-15 01:13:20.594890
2014-08-18,0001-01-01,100101,1390,completed,29,2021-06-15 01:13:20.594890
2014-08-18,0001-01-01,100101,1402,completed,29,2021-06-15 01:13:20.594890
2014-08-18,0001-01-01,100101,1395,completed,29,2021-06-15 01:13:20.594890
2014-08-18,0001-01-01,100105,1248,completed,29,2021-06-15 01:13:20.594890
2014-08-18,0001-01-01,100105,1245,completed,29,2021-06-15 01:13:20.594890
2014-08-18,0001-01-01,100117,1314,completed,29,2021-06-15 01:13:20.594890
2014-08-18,0001-01-01,100117,1315,completed,29,2021-06-15 01:13:20.594890
2014-08-18,0001-01-01,100118,1389,completed,29,2021-06-15 01:13:20.594890
2014-08-18,0001-01-01,100118,1402,completed,29,2021-06-15 01:13:20.594890
2014-08-18,0001-01-01,100118,1395,completed,29,2021-06-15 01:13:20.594890
2014-08-18,0001-01-01,100118,1391,completed,29,2021-06-15 01:13:20.594890
2014-08-18,0001-01-01,100151,1193,completed,29,2021-06-15 01:13:20.594890
2014-08-18,0001-01-01,100166,1274,completed,29,2021-06-15 01:13:20.594890
2014-08-18,0001-01-01,100166,1281,completed,29,2021-06-15 01:13:20.594890
2014-08-18,0001-01-01,100166,1277,completed,29,2021-06-15 01:13:20.594890
2014-08-18,0001-01-01,100167,1274,completed,29,2021-06-15 01:13:20.594890
2014-08-18,0001-01-01,100167,1275,completed,29,2021-06-15 01:13:20.594890
2014-08-18,0001-01-01,100167,1289,completed,29,2021-06-15 01:13:20.594890
2014-08-18,0001-01-01,100167,1282,completed,29,2021-06-15 01:13:20.594890
2014-08-18,0001-01-01,100192,1314,completed,29,2021-06-15 01:13:20.594890
2014-08-18,0001-01-01,100192,1315,completed,29,2021-06-15 01:13:20.594890
2014-08-18,0001-01-01,100192,1193,completed,29,2021-06-15 01:13:20.594890
2014-08-18,0001-01-01,100196,1388,completed,29,2021-06-15 01:13:20.594890
2014-08-18,0001-01-01,100196,1389,completed,29,2021-06-15 01:13:20.594890
2014-08-18,0001-01-01,100196,1390,completed,29,2021-06-15 01:13:20.594890
2014-08-18,0001-01-01,100196,1402,completed,29,2021-06-15 01:13:20.594890
2014-08-18,0001-01-01,100197,1274,completed,29,2021-06-15 01:13:20.594890
2014-08-18,0001-01-01,100197,1281,completed,29,2021-06-15 01:13:20.594890
2014-08-18,0001-01-01,100197,1277,completed,29,2021-06-15 01:13:20.594890
2014-08-18,0001-01-01,100210,1242,completed,29,2021-06-15 01:13:20.594890
2014-08-18,0001-01-01,100210,1245,completed,29,2021-06-15 01:13:20.594890
2014-08-18,0001-01-01,100210,1258,completed,29,2021-06-15 01:13:20.594890
2014-08-18,0001-01-01,100224,1090,completed,29,2021-06-15 01:13:20.594890
2014-08-18,0001-01-01,100224,1091,completed,29,2021-06-15 01:13:20.594890
2014-08-18,0001-01-01,100225,1315,completed,29,2021-06-15 01:13:20.594890
2014-08-18,0001-01-01,100232,1090,completed,29,2021-06-15 01:13:20.594890
2014-08-18,0001-01-01,100232,1091,completed,29,2021-06-15 01:13:20.594890
2014-08-18,0001-01-01,100232,1395,completed,29,2021-06-15 01:13:20.594890
2014-08-18,0001-01-01,100241,1274,completed,29,2021-06-15 01:13:20.594890
2014-08-18,0001-01-01,100241,1289,completed,29,2021-06-15 01:13:20.594890
2014-08-18,0001-01-01,100241,1282,completed,29,2021-06-15 01:13:20.594890
2014-08-18,0001-01-01,100245,1090,completed,29,2021-06-15 01:13:20.594890
2014-08-18,0001-01-01,100245,1091,completed,29,2021-06-15 01:13:20.594890
2014-08-18,0001-01-01,100253,1274,completed,29,2021-06-15 01:13:20.594890
2014-08-18,0001-01-01,100253,1388,completed,29,2021-06-15 01:13:20.594890
2014-08-18,0001-01-01,100253,1275,completed,29,2021-06-15 01:13:20.594890
2014-08-18,0001-01-01,100253,1281,completed,29,2021-06-15 01:13:20.594890
2014-08-18,0001-01-01,100254,1092,completed,29,2021-06-15 01:13:20.594890
2014-08-18,0001-01-01,100254,1243,completed,29,2021-06-15 01:13:20.594890
2014-08-18,0001-01-01,100254,1277,completed,29,2021-06-15 01:13:20.594890
2014-08-18,0001-01-01,100262,1281,completed,29,2021-06-15 01:13:20.594890
2014-08-18,0001-01-01,100262,1277,completed,29,2021-06-15 01:13:20.594890
2014-08-18,0001-01-01,100262,1289,completed,29,2021-06-15 01:13:20.594890
2014-08-18,0001-01-01,100262,1282,completed,29,2021-06-15 01:13:20.594890
2014-08-18,0001-01-01,100263,1389,completed,29,2021-06-15 01:13:20.594890
2014-08-18,0001-01-01,100263,1390,completed,29,2021-06-15 01:13:20.594890
2014-08-18,0001-01-01,100263,1395,completed,29,2021-06-15 01:13:20.594890
2014-08-18,0001-01-01,100267,1389,completed,29,2021-06-15 01:13:20.594890
2014-08-18,0001-01-01,100267,1390,completed,29,2021-06-15 01:13:20.594890
2014-08-18,0001-01-01,100267,1395,completed,29,2021-06-15 01:13:20.594890
2014-08-18,0001-01-01,100267,1403,completed,29,2021-06-15 01:13:20.594890
2014-08-18,0001-01-01,100290,1388,completed,29,2021-06-15 01:13:20.594890
2014-08-18,0001-01-01,100290,1248,completed,29,2021-06-15 01:13:20.594890
2014-08-18,0001-01-01,100290,1390,completed,29,2021-06-15 01:13:20.594890
2014-08-18,0001-01-01,100290,1402,completed,29,2021-06-15 01:13:20.594890
2014-08-18,0001-01-01,100290,1395,completed,29,2021-06-15 01:13:20.594890
2014-08-18,0001-01-01,100299,1314,completed,29,2021-06-15 01:13:20.594890
2014-08-18,0001-01-01,100299,1315,completed,29,2021-06-15 01:13:20.594890
2014-08-18,0001-01-01,100299,1322,completed,29,2021-06-15 01:13:20.594890
2014-08-18,0001-01-01,100303,1090,completed,29,2021-06-15 01:13:20.594890
2014-08-18,0001-01-01,100303,1275,completed,29,2021-06-15 01:13:20.594890
2014-08-18,0001-01-01,100303,1091,completed,29,2021-06-15 01:13:20.594890
2014-08-18,0001-01-01,100323,1274,completed,29,2021-06-15 01:13:20.594890
2014-08-18,0001-01-01,100323,1275,completed,29,2021-06-15 01:13:20.594890
2014-08-18,0001-01-01,100323,1281,completed,29,2021-06-15 01:13:20.594890
2014-08-18,0001-01-01,100325,1388,completed,29,2021-06-15 01:13:20.594890
2014-08-18,0001-01-01,100325,1389,completed,29,2021-06-15 01:13:20.594890
2014-08-18,0001-01-01,100325,1094,completed,29,2021-06-15 01:13:20.594890
2014-08-18,0001-01-01,100325,1390,completed,29,2021-06-15 01:13:20.594890
2014-08-18,0001-01-01,100352,1090,completed,29,2021-06-15 01:13:20.594890
2014-08-18,0001-01-01,100352,1091,completed,29,2021-06-15 01:13:20.594890
2014-08-18,0001-01-01,100373,1090,completed,29,2021-06-15 01:13:20.594890
2014-08-18,0001-01-01,100373,1091,completed,29,2021-06-15 01:13:20.594890
2014-08-18,0001-01-01,100373,1094,completed,29,2021-06-15 01:13:20.594890
2014-08-18,0001-01-01,100379,1316,completed,29,2021-06-15 01:13:20.594890
2014-08-18,0001-01-01,100379,1329,completed,29,2021-06-15 01:13:20.594890
2014-08-18,0001-01-01,100379,1322,completed,29,2021-06-15 01:13:20.594890
2014-08-18,0001-01-01,100392,1090,completed,29,2021-06-15 01:13:20.594890
2014-08-18,0001-01-01,100392,1091,completed,29,2021-06-15 01:13:20.594890
2014-08-18,0001-01-01,100399,1388,completed,29,2021-06-15 01:13:20.594890
2014-08-18,0001-01-01,100399,1389,completed,29,2021-06-15 01:13:20.594890
2014-08-18,0001-01-01,100402,1274,completed,29,2021-06-15 01:13:20.594890
2014-08-18,0001-01-01,100434,1388,completed,29,2021-06-15 01:13:20.594890
2014-08-18,0001-01-01,100434,1389,completed,29,2021-06-15 01:13:20.594890
2014-08-18,0001-01-01,100434,1402,completed,29,2021-06-15 01:13:20.594890
2014-08-18,0001-01-01,100434,1395,completed,29,2021-06-15 01:13:20.594890
2014-08-18,0001-01-01,100436,1328,completed,29,2021-06-15 01:13:20.594890
2014-08-18,0001-01-01,100436,1321,completed,29,2021-06-15 01:13:20.594890
2014-08-18,0001-01-01,100449,1388,completed,29,2021-06-15 01:13:20.594890
2014-08-18,0001-01-01,100449,1389,completed,29,2021-06-15 01:13:20.594890
2014-08-18,0001-01-01,100449,1390,completed,29,2021-06-15 01:13:20.594890
2014-08-18,0001-01-01,100449,1402,completed,29,2021-06-15 01:13:20.594890
2014-08-18,0001-01-01,100449,1395,completed,29,2021-06-15 01:13:20.594890
2014-08-18,0001-01-01,100478,1274,completed,29,2021-06-15 01:13:20.594890
2014-08-18,0001-01-01,100478,1281,completed,29,2021-06-15 01:13:20.594890
2014-08-18,0001-01-01,100488,1388,completed,29,2021-06-15 01:13:20.594890
2014-08-18,0001-01-01,100488,1389,completed,29,2021-06-15 01:13:20.594890
2014-08-18,0001-01-01,100488,1390,completed,29,2021-06-15 01:13:20.594890
2014-08-18,0001-01-01,100490,1242,completed,29,2021-06-15 01:13:20.594890
2014-08-18,0001-01-01,100490,1099,completed,29,2021-06-15 01:13:20.594890
2014-08-18,0001-01-01,100490,1245,completed,29,2021-06-15 01:13:20.594890
2014-08-18,0001-01-01,100490,1250,completed,29,2021-06-15 01:13:20.594890
2014-08-18,0001-01-01,100490,1096,completed,29,2021-06-15 01:13:20.594890
2014-08-18,0001-01-01,100502,1389,completed,29,2021-06-15 01:13:20.594890
2014-08-18,0001-01-01,100502,1390,completed,29,2021-06-15 01:13:20.594890
2014-08-18,0001-01-01,100502,1391,completed,29,2021-06-15 01:13:20.594890
2014-08-18,0001-01-01,100522,1315,completed,29,2021-06-15 01:13:20.594890
2014-08-18,0001-01-01,100522,1323,completed,29,2021-06-15 01:13:20.594890
2014-08-18,0001-01-01,100540,1090,completed,29,2021-06-15 01:13:20.594890
2014-08-18,0001-01-01,100540,1091,completed,29,2021-06-15 01:13:20.594890
2014-08-18,0001-01-01,100552,1242,completed,29,2021-06-15 01:13:20.594890
2014-08-18,0001-01-01,100552,1093,completed,29,2021-06-15 01:13:20.594890
2014-08-18,0001-01-01,100552,1243,completed,29,2021-06-15 01:13:20.594890
2014-08-18,0001-01-01,100555,1090,completed,29,2021-06-15 01:13:20.594890
2014-08-18,0001-01-01,100576,1192,completed,29,2021-06-15 01:13:20.594890
2014-08-18,0001-01-01,100576,1256,completed,29,2021-06-15 01:13:20.594890
2014-08-18,0001-01-01,100596,1090,completed,29,2021-06-15 01:13:20.594890
2014-08-18,0001-01-01,100596,1192,completed,29,2021-06-15 01:13:20.594890
2014-08-18,0001-01-01,100596,1091,completed,29,2021-06-15 01:13:20.594890
2014-08-18,0001-01-01,100596,1281,completed,29,2021-06-15 01:13:20.594890
2014-08-18,0001-01-01,100599,1275,completed,29,2021-06-15 01:13:20.594890
2014-08-18,0001-01-01,100619,1090,completed,29,2021-06-15 01:13:20.594890
2014-08-18,0001-01-01,100619,1091,completed,29,2021-06-15 01:13:20.594890
2014-08-18,0001-01-01,100619,1208,completed,29,2021-06-15 01:13:20.594890
2014-08-18,0001-01-01,100627,1388,completed,29,2021-06-15 01:13:20.594890
2014-08-18,0001-01-01,100627,1389,completed,29,2021-06-15 01:13:20.594890
2014-08-18,0001-01-01,100627,1390,completed,29,2021-06-15 01:13:20.594890
2014-08-18,0001-01-01,100627,1402,completed,29,2021-06-15 01:13:20.594890
2014-08-18,0001-01-01,100642,1090,completed,29,2021-06-15 01:13:20.594890
2014-08-18,0001-01-01,100642,1091,completed,29,2021-06-15 01:13:20.594890
2014-08-18,0001-01-01,100646,1092,completed,29,2021-06-15 01:13:20.594890
2014-08-18,0001-01-01,100646,1242,completed,29,2021-06-15 01:13:20.594890
2014-08-18,0001-01-01,100646,1192,completed,29,2021-06-15 01:13:20.594890
2014-08-18,0001-01-01,100646,1093,completed,29,2021-06-15 01:13:20.594890
2014-08-18,0001-01-01,100662,1388,completed,29,2021-06-15 01:13:20.594890
2014-08-18,0001-01-01,100662,1389,completed,29,2021-06-15 01:13:20.594890
2014-08-18,0001-01-01,100662,1390,completed,29,2021-06-15 01:13:20.594890
2014-08-18,0001-01-01,100684,1388,completed,29,2021-06-15 01:13:20.594890
2014-08-18,0001-01-01,100684,1389,completed,29,2021-06-15 01:13:20.594890
2014-08-18,0001-01-01,100684,1390,completed,29,2021-06-15 01:13:20.594890
2014-08-18,0001-01-01,100684,1391,completed,29,2021-06-15 01:13:20.594890
2014-08-18,0001-01-01,100689,1388,completed,29,2021-06-15 01:13:20.594890
2014-08-18,0001-01-01,100689,1389,completed,29,2021-06-15 01:13:20.594890
2014-08-18,0001-01-01,100689,1402,completed,29,2021-06-15 01:13:20.594890
2014-08-18,0001-01-01,100689,1395,completed,29,2021-06-15 01:13:20.594890
2014-08-18,0001-01-01,100698,1275,completed,29,2021-06-15 01:13:20.594890
2014-08-18,0001-01-01,100698,1329,completed,29,2021-06-15 01:13:20.594890
2014-08-18,0001-01-01,100700,1388,completed,29,2021-06-15 01:13:20.594890
2014-08-18,0001-01-01,100700,1390,completed,29,2021-06-15 01:13:20.594890
2014-08-18,0001-01-01,100700,1402,completed,29,2021-06-15 01:13:20.594890
2014-08-18,0001-01-01,100700,1395,completed,29,2021-06-15 01:13:20.594890
2014-08-18,0001-01-01,100700,1391,completed,29,2021-06-15 01:13:20.594890
2014-08-18,0001-01-01,100701,1388,completed,29,2021-06-15 01:13:20.594890
2014-08-18,0001-01-01,100701,1316,completed,29,2021-06-15 01:13:20.594890
2014-08-18,0001-01-01,100701,1390,completed,29,2021-06-15 01:13:20.594890
2014-08-18,0001-01-01,100701,1402,completed,29,2021-06-15 01:13:20.594890
2014-08-18,0001-01-01,100701,1194,completed,29,2021-06-15 01:13:20.594890
2014-08-18,0001-01-01,100706,1090,completed,29,2021-06-15 01:13:20.594890
2014-08-18,0001-01-01,100706,1091,completed,29,2021-06-15 01:13:20.594890
2014-08-18,0001-01-01,100706,1243,completed,29,2021-06-15 01:13:20.594890
2014-08-18,0001-01-01,100708,1388,completed,29,2021-06-15 01:13:20.594890
2014-08-18,0001-01-01,100708,1389,completed,29,2021-06-15 01:13:20.594890
2014-08-18,0001-01-01,100708,1390,completed,29,2021-06-15 01:13:20.594890
2014-08-18,0001-01-01,100708,1402,completed,29,2021-06-15 01:13:20.594890
2014-08-18,0001-01-01,100713,1274,completed,29,2021-06-15 01:13:20.594890
2014-08-18,0001-01-01,100713,1275,completed,29,2021-06-15 01:13:20.594890
2014-08-18,0001-01-01,100716,1090,completed,29,2021-06-15 01:13:20.594890
2014-08-18,0001-01-01,100716,1315,completed,29,2021-06-15 01:13:20.594890
2014-08-18,0001-01-01,100716,1091,completed,29,2021-06-15 01:13:20.594890
2014-08-18,0001-01-01,100716,1275,completed,29,2021-06-15 01:13:20.594890
2014-08-18,0001-01-01,100729,1094,completed,29,2021-06-15 01:13:20.594890
2014-08-18,0001-01-01,100729,1099,completed,29,2021-06-15 01:13:20.594890
2014-08-18,0001-01-01,100729,1256,completed,29,2021-06-15 01:13:20.594890
2014-08-18,0001-01-01,100729,1095,completed,29,2021-06-15 01:13:20.594890
2014-08-18,0001-01-01,100734,1388,completed,29,2021-06-15 01:13:20.594890
2014-08-18,0001-01-01,100734,1389,completed,29,2021-06-15 01:13:20.594890
2014-08-18,0001-01-01,100779,1090,completed,29,2021-06-15 01:13:20.594890
2014-08-18,0001-01-01,100779,1091,completed,29,2021-06-15 01:13:20.594890
2014-08-18,0001-01-01,100779,1095,completed,29,2021-06-15 01:13:20.594890
2014-08-18,0001-01-01,100782,1090,completed,29,2021-06-15 01:13:20.594890
2014-08-18,0001-01-01,100782,1091,completed,29,2021-06-15 01:13:20.594890
2014-08-18,0001-01-01,100782,1328,completed,29,2021-06-15 01:13:20.594890
2014-08-18,0001-01-01,100785,1274,completed,29,2021-06-15 01:13:20.594890
2014-08-18,0001-01-01,100785,1275,completed,29,2021-06-15 01:13:20.594890
2014-08-18,0001-01-01,100785,1277,completed,29,2021-06-15 01:13:20.594890
2014-08-18,0001-01-01,100785,1289,completed,29,2021-06-15 01:13:20.594890
2014-08-18,0001-01-01,100785,1290,completed,29,2021-06-15 01:13:20.594890
2014-08-18,0001-01-01,100788,1389,completed,29,2021-06-15 01:13:20.594890
2014-08-18,0001-01-01,100788,1390,completed,29,2021-06-15 01:13:20.594890
2014-08-18,0001-01-01,100788,1402,completed,29,2021-06-15 01:13:20.594890
2014-08-18,0001-01-01,100800,1388,completed,29,2021-06-15 01:13:20.594890
2014-08-18,0001-01-01,100800,1314,completed,29,2021-06-15 01:13:20.594890
2014-08-18,0001-01-01,100800,1315,completed,29,2021-06-15 01:13:20.594890
2014-08-18,0001-01-01,100806,1389,completed,29,2021-06-15 01:13:20.594890
2014-08-18,0001-01-01,100806,1390,completed,29,2021-06-15 01:13:20.594890
2014-08-18,0001-01-01,100806,1395,completed,29,2021-06-15 01:13:20.594890
2014-08-18,0001-01-01,100807,1274,completed,29,2021-06-15 01:13:20.594890
2014-08-18,0001-01-01,100807,1275,completed,29,2021-06-15 01:13:20.594890
2014-08-18,0001-01-01,100807,1277,completed,29,2021-06-15 01:13:20.594890
2014-08-18,0001-01-01,100810,1090,completed,29,2021-06-15 01:13:20.594890
2014-08-18,0001-01-01,100810,1093,completed,29,2021-06-15 01:13:20.594890
2014-08-18,0001-01-01,100810,1091,completed,29,2021-06-15 01:13:20.594890
2014-08-18,0001-01-01,100825,1315,completed,29,2021-06-15 01:13:20.594890
2014-08-18,0001-01-01,100827,1090,completed,29,2021-06-15 01:13:20.594890
2014-08-18,0001-01-01,100827,1091,completed,29,2021-06-15 01:13:20.594890
2014-08-18,0001-01-01,100829,1389,completed,29,2021-06-15 01:13:20.594890
2014-08-18,0001-01-01,100829,1390,completed,29,2021-06-15 01:13:20.594890
2014-08-18,0001-01-01,100829,1402,completed,29,2021-06-15 01:13:20.594890
2014-08-18,0001-01-01,100829,1395,completed,29,2021-06-15 01:13:20.594890
2014-08-18,0001-01-01,100829,1206,completed,29,2021-06-15 01:13:20.594890
2014-08-18,0001-01-01,100845,1274,completed,29,2021-06-15 01:13:20.594890
2014-08-18,0001-01-01,100845,1275,completed,29,2021-06-15 01:13:20.594890
2014-08-18,0001-01-01,100845,1316,completed,29,2021-06-15 01:13:20.594890
2014-08-18,0001-01-01,100845,1281,completed,29,2021-06-15 01:13:20.594890
2014-08-18,0001-01-01,100847,1274,completed,29,2021-06-15 01:13:20.594890
2014-08-18,0001-01-01,100847,1275,completed,29,2021-06-15 01:13:20.594890
2014-08-18,0001-01-01,100847,1395,completed,29,2021-06-15 01:13:20.594890
2014-08-18,0001-01-01,100847,1289,completed,29,2021-06-15 01:13:20.594890
2014-08-18,0001-01-01,100847,1282,completed,29,2021-06-15 01:13:20.594890
2014-08-18,0001-01-01,100851,1274,completed,29,2021-06-15 01:13:20.594890
2014-08-18,0001-01-01,100851,1275,completed,29,2021-06-15 01:13:20.594890
2014-08-18,0001-01-01,100866,1274,completed,29,2021-06-15 01:13:20.594890
2014-08-18,0001-01-01,100866,1275,completed,29,2021-06-15 01:13:20.594890
2014-08-18,0001-01-01,100893,1090,completed,29,2021-06-15 01:13:20.594890
2014-08-18,0001-01-01,100893,1275,completed,29,2021-06-15 01:13:20.594890
2014-08-18,0001-01-01,100893,1091,completed,29,2021-06-15 01:13:20.594890
2014-08-18,0001-01-01,100913,1092,completed,29,2021-06-15 01:13:20.594890
2014-08-18,0001-01-01,100913,1281,completed,29,2021-06-15 01:13:20.594890
2014-08-18,0001-01-01,100913,1249,completed,29,2021-06-15 01:13:20.594890
2014-08-18,0001-01-01,100913,1277,completed,29,2021-06-15 01:13:20.594890
2014-08-18,0001-01-01,100945,1242,completed,29,2021-06-15 01:13:20.594890
2014-08-18,0001-01-01,100945,1243,completed,29,2021-06-15 01:13:20.594890
2014-08-18,0001-01-01,100951,1389,completed,29,2021-06-15 01:13:20.594890
2014-08-18,0001-01-01,100951,1390,completed,29,2021-06-15 01:13:20.594890
2014-08-18,0001-01-01,100951,1402,completed,29,2021-06-15 01:13:20.594890
2014-08-18,0001-01-01,100951,1395,completed,29,2021-06-15 01:13:20.594890
2014-08-18,0001-01-01,100952,1193,completed,29,2021-06-15 01:13:20.594890
2014-08-18,0001-01-01,100952,1256,completed,29,2021-06-15 01:13:20.594890
2014-08-18,0001-01-01,100956,1316,completed,29,2021-06-15 01:13:20.594890
2014-08-18,0001-01-01,100956,1328,completed,29,2021-06-15 01:13:20.594890
2014-08-18,0001-01-01,100958,1314,completed,29,2021-06-15 01:13:20.594890
2014-08-18,0001-01-01,100958,1315,completed,29,2021-06-15 01:13:20.594890
2014-08-18,0001-01-01,100958,1316,completed,29,2021-06-15 01:13:20.594890
2014-08-18,0001-01-01,100963,1328,completed,29,2021-06-15 01:13:20.594890
2014-08-18,0001-01-01,100963,1323,completed,29,2021-06-15 01:13:20.594890
2014-08-18,0001-01-01,100964,1274,completed,29,2021-06-15 01:13:20.594890
2014-08-18,0001-01-01,100964,1275,completed,29,2021-06-15 01:13:20.594890
2014-08-18,0001-01-01,100964,1281,completed,29,2021-06-15 01:13:20.594890
2014-08-18,0001-01-01,100967,1090,completed,29,2021-06-15 01:13:20.594890
2014-08-18,0001-01-01,100967,1091,completed,29,2021-06-15 01:13:20.594890
2014-08-18,0001-01-01,100971,1090,completed,29,2021-06-15 01:13:20.594890
2014-08-18,0001-01-01,100971,1091,completed,29,2021-06-15 01:13:20.594890
2014-08-18,0001-01-01,100981,1389,completed,29,2021-06-15 01:13:20.594890
2014-08-18,0001-01-01,100981,1390,completed,29,2021-06-15 01:13:20.594890
2014-08-18,0001-01-01,100981,1402,completed,29,2021-06-15 01:13:20.594890
2014-08-18,0001-01-01,100995,1274,completed,29,2021-06-15 01:13:20.594890
2014-08-18,0001-01-01,100995,1275,completed,29,2021-06-15 01:13:20.594890
2014-08-18,0001-01-01,100995,1281,completed,29,2021-06-15 01:13:20.594890
2015-01-05,0001-01-01,100033,1259,completed,30,2021-06-15 01:22:24.226044
2015-01-05,0001-01-01,100033,1211,completed,30,2021-06-15 01:22:24.226044
2015-01-05,0001-01-01,100033,1112,completed,30,2021-06-15 01:22:24.226044
2015-01-05,0001-01-01,100033,1327,completed,30,2021-06-15 01:22:24.226044
2015-01-05,0001-01-01,100043,1251,completed,30,2021-06-15 01:22:24.226044
2015-01-05,0001-01-01,100048,1289,completed,30,2021-06-15 01:22:24.226044
2015-01-05,0001-01-01,100048,1283,completed,30,2021-06-15 01:22:24.226044
2015-01-05,0001-01-01,100063,1290,completed,30,2021-06-15 01:22:24.226044
2015-01-05,0001-01-01,100063,1196,completed,30,2021-06-15 01:22:24.226044
2015-01-05,0001-01-01,100063,1279,completed,30,2021-06-15 01:22:24.226044
2015-01-05,0001-01-01,100093,1206,completed,30,2021-06-15 01:22:24.226044
2015-01-05,0001-01-01,100093,1329,completed,30,2021-06-15 01:22:24.226044
2015-01-05,0001-01-01,100093,1322,completed,30,2021-06-15 01:22:24.226044
2015-01-05,0001-01-01,100093,1318,completed,30,2021-06-15 01:22:24.226044
2015-01-05,0001-01-01,100093,1246,completed,30,2021-06-15 01:22:24.226044
2015-01-05,0001-01-01,100096,1290,completed,30,2021-06-15 01:22:24.226044
2015-01-05,0001-01-01,100096,1283,completed,30,2021-06-15 01:22:24.226044
2015-01-05,0001-01-01,100101,1391,completed,30,2021-06-15 01:22:24.226044
2015-01-05,0001-01-01,100101,1403,completed,30,2021-06-15 01:22:24.226044
2015-01-05,0001-01-01,100101,1396,completed,30,2021-06-15 01:22:24.226044
2015-01-05,0001-01-01,100101,1392,completed,30,2021-06-15 01:22:24.226044
2015-01-05,0001-01-01,100105,1258,completed,30,2021-06-15 01:22:24.226044
2015-01-05,0001-01-01,100105,1208,completed,30,2021-06-15 01:22:24.226044
2015-01-05,0001-01-01,100105,1251,completed,30,2021-06-15 01:22:24.226044
2015-01-05,0001-01-01,100117,1246,completed,30,2021-06-15 01:22:24.226044
2015-01-05,0001-01-01,100117,1323,completed,30,2021-06-15 01:22:24.226044
2015-01-05,0001-01-01,100117,1319,completed,30,2021-06-15 01:22:24.226044
2015-01-05,0001-01-01,100117,1331,completed,30,2021-06-15 01:22:24.226044
2015-01-05,0001-01-01,100118,1403,completed,30,2021-06-15 01:22:24.226044
2015-01-05,0001-01-01,100118,1396,completed,30,2021-06-15 01:22:24.226044
2015-01-05,0001-01-01,100118,1404,completed,30,2021-06-15 01:22:24.226044
2015-01-05,0001-01-01,100118,1393,completed,30,2021-06-15 01:22:24.226044
2015-01-05,0001-01-01,100151,1202,completed,30,2021-06-15 01:22:24.226044
2015-01-05,0001-01-01,100151,1210,completed,30,2021-06-15 01:22:24.226044
2015-01-05,0001-01-01,100166,1289,completed,30,2021-06-15 01:22:24.226044
2015-01-05,0001-01-01,100166,1290,completed,30,2021-06-15 01:22:24.226044
2015-01-05,0001-01-01,100167,1290,completed,30,2021-06-15 01:22:24.226044
2015-01-05,0001-01-01,100167,1283,completed,30,2021-06-15 01:22:24.226044
2015-01-05,0001-01-01,100167,1279,completed,30,2021-06-15 01:22:24.226044
2015-01-05,0001-01-01,100167,1280,completed,30,2021-06-15 01:22:24.226044
2015-01-05,0001-01-01,100167,1292,completed,30,2021-06-15 01:22:24.226044
2015-01-05,0001-01-01,100192,1328,completed,30,2021-06-15 01:22:24.226044
2015-01-05,0001-01-01,100192,1321,completed,30,2021-06-15 01:22:24.226044
2015-01-05,0001-01-01,100192,1329,completed,30,2021-06-15 01:22:24.226044
2015-01-05,0001-01-01,100192,1322,completed,30,2021-06-15 01:22:24.226044
2015-01-05,0001-01-01,100196,1395,completed,30,2021-06-15 01:22:24.226044
2015-01-05,0001-01-01,100196,1391,completed,30,2021-06-15 01:22:24.226044
2015-01-05,0001-01-01,100196,1403,completed,30,2021-06-15 01:22:24.226044
2015-01-05,0001-01-01,100196,1396,completed,30,2021-06-15 01:22:24.226044
2015-01-05,0001-01-01,100196,1392,completed,30,2021-06-15 01:22:24.226044
2015-01-05,0001-01-01,100197,1289,completed,30,2021-06-15 01:22:24.226044
2015-01-05,0001-01-01,100197,1290,completed,30,2021-06-15 01:22:24.226044
2015-01-05,0001-01-01,100197,1283,completed,30,2021-06-15 01:22:24.226044
2015-01-05,0001-01-01,100197,1279,completed,30,2021-06-15 01:22:24.226044
2015-01-05,0001-01-01,100210,1197,completed,30,2021-06-15 01:22:24.226044
2015-01-05,0001-01-01,100210,1262,completed,30,2021-06-15 01:22:24.226044
2015-01-05,0001-01-01,100224,1194,completed,30,2021-06-15 01:22:24.226044
2015-01-05,0001-01-01,100224,1099,completed,30,2021-06-15 01:22:24.226044
2015-01-05,0001-01-01,100225,1318,completed,30,2021-06-15 01:22:24.226044
2015-01-05,0001-01-01,100225,1330,completed,30,2021-06-15 01:22:24.226044
2015-01-05,0001-01-01,100225,1319,completed,30,2021-06-15 01:22:24.226044
2015-01-05,0001-01-01,100241,1283,completed,30,2021-06-15 01:22:24.226044
2015-01-05,0001-01-01,100241,1279,completed,30,2021-06-15 01:22:24.226044
2015-01-05,0001-01-01,100241,1291,completed,30,2021-06-15 01:22:24.226044
2015-01-05,0001-01-01,100253,1282,completed,30,2021-06-15 01:22:24.226044
2015-01-05,0001-01-01,100253,1290,completed,30,2021-06-15 01:22:24.226044
2015-01-05,0001-01-01,100253,1283,completed,30,2021-06-15 01:22:24.226044
2015-01-05,0001-01-01,100253,1405,completed,30,2021-06-15 01:22:24.226044
2015-01-05,0001-01-01,100253,1284,completed,30,2021-06-15 01:22:24.226044
2015-01-05,0001-01-01,100254,1096,completed,30,2021-06-15 01:22:24.226044
2015-01-05,0001-01-01,100254,1201,completed,30,2021-06-15 01:22:24.226044
2015-01-05,0001-01-01,100254,1197,completed,30,2021-06-15 01:22:24.226044
2015-01-05,0001-01-01,100254,1098,completed,30,2021-06-15 01:22:24.226044
2015-01-05,0001-01-01,100262,1290,completed,30,2021-06-15 01:22:24.226044
2015-01-05,0001-01-01,100262,1247,completed,30,2021-06-15 01:22:24.226044
2015-01-05,0001-01-01,100262,1291,completed,30,2021-06-15 01:22:24.226044
2015-01-05,0001-01-01,100263,1403,completed,30,2021-06-15 01:22:24.226044
2015-01-05,0001-01-01,100263,1392,completed,30,2021-06-15 01:22:24.226044
2015-01-05,0001-01-01,100263,1404,completed,30,2021-06-15 01:22:24.226044
2015-01-05,0001-01-01,100267,1396,completed,30,2021-06-15 01:22:24.226044
2015-01-05,0001-01-01,100267,1392,completed,30,2021-06-15 01:22:24.226044
2015-01-05,0001-01-01,100267,1404,completed,30,2021-06-15 01:22:24.226044
2015-01-05,0001-01-01,100290,1391,completed,30,2021-06-15 01:22:24.226044
2015-01-05,0001-01-01,100290,1403,completed,30,2021-06-15 01:22:24.226044
2015-01-05,0001-01-01,100290,1396,completed,30,2021-06-15 01:22:24.226044
2015-01-05,0001-01-01,100290,1404,completed,30,2021-06-15 01:22:24.226044
2015-01-05,0001-01-01,100299,1393,completed,30,2021-06-15 01:22:24.226044
2015-01-05,0001-01-01,100299,1324,completed,30,2021-06-15 01:22:24.226044
2015-01-05,0001-01-01,100303,1277,completed,30,2021-06-15 01:22:24.226044
2015-01-05,0001-01-01,100323,1277,completed,30,2021-06-15 01:22:24.226044
2015-01-05,0001-01-01,100323,1396,completed,30,2021-06-15 01:22:24.226044
2015-01-05,0001-01-01,100323,1290,completed,30,2021-06-15 01:22:24.226044
2015-01-05,0001-01-01,100325,1395,completed,30,2021-06-15 01:22:24.226044
2015-01-05,0001-01-01,100325,1391,completed,30,2021-06-15 01:22:24.226044
2015-01-05,0001-01-01,100325,1403,completed,30,2021-06-15 01:22:24.226044
2015-01-05,0001-01-01,100325,1396,completed,30,2021-06-15 01:22:24.226044
2015-01-05,0001-01-01,100352,1396,completed,30,2021-06-15 01:22:24.226044
2015-01-05,0001-01-01,100379,1330,completed,30,2021-06-15 01:22:24.226044
2015-01-05,0001-01-01,100379,1331,completed,30,2021-06-15 01:22:24.226044
2015-01-05,0001-01-01,100379,1324,completed,30,2021-06-15 01:22:24.226044
2015-01-05,0001-01-01,100379,1332,completed,30,2021-06-15 01:22:24.226044
2015-01-05,0001-01-01,100392,1329,completed,30,2021-06-15 01:22:24.226044
2015-01-05,0001-01-01,100399,1390,completed,30,2021-06-15 01:22:24.226044
2015-01-05,0001-01-01,100399,1402,completed,30,2021-06-15 01:22:24.226044
2015-01-05,0001-01-01,100399,1391,completed,30,2021-06-15 01:22:24.226044
2015-01-05,0001-01-01,100402,1281,completed,30,2021-06-15 01:22:24.226044
2015-01-05,0001-01-01,100402,1277,completed,30,2021-06-15 01:22:24.226044
2015-01-05,0001-01-01,100402,1282,completed,30,2021-06-15 01:22:24.226044
2015-01-05,0001-01-01,100402,1283,completed,30,2021-06-15 01:22:24.226044
2015-01-05,0001-01-01,100402,1323,completed,30,2021-06-15 01:22:24.226044
2015-01-05,0001-01-01,100434,1391,completed,30,2021-06-15 01:22:24.226044
2015-01-05,0001-01-01,100434,1403,completed,30,2021-06-15 01:22:24.226044
2015-01-05,0001-01-01,100434,1392,completed,30,2021-06-15 01:22:24.226044
2015-01-05,0001-01-01,100434,1404,completed,30,2021-06-15 01:22:24.226044
2015-01-05,0001-01-01,100436,1329,completed,30,2021-06-15 01:22:24.226044
2015-01-05,0001-01-01,100436,1318,completed,30,2021-06-15 01:22:24.226044
2015-01-05,0001-01-01,100449,1277,completed,30,2021-06-15 01:22:24.226044
2015-01-05,0001-01-01,100449,1403,completed,30,2021-06-15 01:22:24.226044
2015-01-05,0001-01-01,100449,1396,completed,30,2021-06-15 01:22:24.226044
2015-01-05,0001-01-01,100478,1277,completed,30,2021-06-15 01:22:24.226044
2015-01-05,0001-01-01,100478,1289,completed,30,2021-06-15 01:22:24.226044
2015-01-05,0001-01-01,100478,1282,completed,30,2021-06-15 01:22:24.226044
2015-01-05,0001-01-01,100488,1402,completed,30,2021-06-15 01:22:24.226044
2015-01-05,0001-01-01,100488,1395,completed,30,2021-06-15 01:22:24.226044
2015-01-05,0001-01-01,100488,1391,completed,30,2021-06-15 01:22:24.226044
2015-01-05,0001-01-01,100488,1403,completed,30,2021-06-15 01:22:24.226044
2015-01-05,0001-01-01,100488,1396,completed,30,2021-06-15 01:22:24.226044
2015-01-05,0001-01-01,100490,1259,completed,30,2021-06-15 01:22:24.226044
2015-01-05,0001-01-01,100490,1292,completed,30,2021-06-15 01:22:24.226044
2015-01-05,0001-01-01,100502,1403,completed,30,2021-06-15 01:22:24.226044
2015-01-05,0001-01-01,100502,1404,completed,30,2021-06-15 01:22:24.226044
2015-01-05,0001-01-01,100522,1320,completed,30,2021-06-15 01:22:24.226044
2015-01-05,0001-01-01,100522,1334,completed,30,2021-06-15 01:22:24.226044
2015-01-05,0001-01-01,100540,1256,completed,30,2021-06-15 01:22:24.226044
2015-01-05,0001-01-01,100552,1250,completed,30,2021-06-15 01:22:24.226044
2015-01-05,0001-01-01,100555,1091,completed,30,2021-06-15 01:22:24.226044
2015-01-05,0001-01-01,100555,1328,completed,30,2021-06-15 01:22:24.226044
2015-01-05,0001-01-01,100555,1202,completed,30,2021-06-15 01:22:24.226044
2015-01-05,0001-01-01,100576,1206,completed,30,2021-06-15 01:22:24.226044
2015-01-05,0001-01-01,100576,1249,completed,30,2021-06-15 01:22:24.226044
2015-01-05,0001-01-01,100576,1200,completed,30,2021-06-15 01:22:24.226044
2015-01-05,0001-01-01,100576,1096,completed,30,2021-06-15 01:22:24.226044
2015-01-05,0001-01-01,100599,1289,completed,30,2021-06-15 01:22:24.226044
2015-01-05,0001-01-01,100599,1282,completed,30,2021-06-15 01:22:24.226044
2015-01-05,0001-01-01,100599,1290,completed,30,2021-06-15 01:22:24.226044
2015-01-05,0001-01-01,100599,1283,completed,30,2021-06-15 01:22:24.226044
2015-01-05,0001-01-01,100599,1279,completed,30,2021-06-15 01:22:24.226044
2015-01-05,0001-01-01,100627,1395,completed,30,2021-06-15 01:22:24.226044
2015-01-05,0001-01-01,100627,1403,completed,30,2021-06-15 01:22:24.226044
2015-01-05,0001-01-01,100627,1392,completed,30,2021-06-15 01:22:24.226044
2015-01-05,0001-01-01,100627,1393,completed,30,2021-06-15 01:22:24.226044
2015-01-05,0001-01-01,100646,1099,completed,30,2021-06-15 01:22:24.226044
2015-01-05,0001-01-01,100646,1249,completed,30,2021-06-15 01:22:24.226044
2015-01-05,0001-01-01,100646,1258,completed,30,2021-06-15 01:22:24.226044
2015-01-05,0001-01-01,100662,1395,completed,30,2021-06-15 01:22:24.226044
2015-01-05,0001-01-01,100662,1391,completed,30,2021-06-15 01:22:24.226044
2015-01-05,0001-01-01,100662,1396,completed,30,2021-06-15 01:22:24.226044
2015-01-05,0001-01-01,100662,1392,completed,30,2021-06-15 01:22:24.226044
2015-01-05,0001-01-01,100684,1403,completed,30,2021-06-15 01:22:24.226044
2015-01-05,0001-01-01,100684,1396,completed,30,2021-06-15 01:22:24.226044
2015-01-05,0001-01-01,100684,1404,completed,30,2021-06-15 01:22:24.226044
2015-01-05,0001-01-01,100684,1393,completed,30,2021-06-15 01:22:24.226044
2015-01-05,0001-01-01,100689,1403,completed,30,2021-06-15 01:22:24.226044
2015-01-05,0001-01-01,100689,1396,completed,30,2021-06-15 01:22:24.226044
2015-01-05,0001-01-01,100689,1392,completed,30,2021-06-15 01:22:24.226044
2015-01-05,0001-01-01,100689,1393,completed,30,2021-06-15 01:22:24.226044
2015-01-05,0001-01-01,100698,1331,completed,30,2021-06-15 01:22:24.226044
2015-01-05,0001-01-01,100698,1332,completed,30,2021-06-15 01:22:24.226044
2015-01-05,0001-01-01,100698,1333,completed,30,2021-06-15 01:22:24.226044
2015-01-05,0001-01-01,100698,1326,completed,30,2021-06-15 01:22:24.226044
2015-01-05,0001-01-01,100700,1403,completed,30,2021-06-15 01:22:24.226044
2015-01-05,0001-01-01,100700,1396,completed,30,2021-06-15 01:22:24.226044
2015-01-05,0001-01-01,100700,1392,completed,30,2021-06-15 01:22:24.226044
2015-01-05,0001-01-01,100700,1404,completed,30,2021-06-15 01:22:24.226044
2015-01-05,0001-01-01,100701,1391,completed,30,2021-06-15 01:22:24.226044
2015-01-05,0001-01-01,100701,1403,completed,30,2021-06-15 01:22:24.226044
2015-01-05,0001-01-01,100701,1396,completed,30,2021-06-15 01:22:24.226044
2015-01-05,0001-01-01,100708,1395,completed,30,2021-06-15 01:22:24.226044
2015-01-05,0001-01-01,100708,1391,completed,30,2021-06-15 01:22:24.226044
2015-01-05,0001-01-01,100708,1396,completed,30,2021-06-15 01:22:24.226044
2015-01-05,0001-01-01,100713,1282,completed,30,2021-06-15 01:22:24.226044
2015-01-05,0001-01-01,100716,1093,completed,30,2021-06-15 01:22:24.226044
2015-01-05,0001-01-01,100716,1290,completed,30,2021-06-15 01:22:24.226044
2015-01-05,0001-01-01,100729,1200,completed,30,2021-06-15 01:22:24.226044
2015-01-05,0001-01-01,100729,1096,completed,30,2021-06-15 01:22:24.226044
2015-01-05,0001-01-01,100729,1101,completed,30,2021-06-15 01:22:24.226044
2015-01-05,0001-01-01,100729,1208,completed,30,2021-06-15 01:22:24.226044
2015-01-05,0001-01-01,100734,1390,completed,30,2021-06-15 01:22:24.226044
2015-01-05,0001-01-01,100734,1402,completed,30,2021-06-15 01:22:24.226044
2015-01-05,0001-01-01,100734,1395,completed,30,2021-06-15 01:22:24.226044
2015-01-05,0001-01-01,100734,1391,completed,30,2021-06-15 01:22:24.226044
2015-01-05,0001-01-01,100782,1194,completed,30,2021-06-15 01:22:24.226044
2015-01-05,0001-01-01,100785,1283,completed,30,2021-06-15 01:22:24.226044
2015-01-05,0001-01-01,100788,1395,completed,30,2021-06-15 01:22:24.226044
2015-01-05,0001-01-01,100788,1391,completed,30,2021-06-15 01:22:24.226044
2015-01-05,0001-01-01,100788,1392,completed,30,2021-06-15 01:22:24.226044
2015-01-05,0001-01-01,100788,1404,completed,30,2021-06-15 01:22:24.226044
2015-01-05,0001-01-01,100800,1316,completed,30,2021-06-15 01:22:24.226044
2015-01-05,0001-01-01,100800,1321,completed,30,2021-06-15 01:22:24.226044
2015-01-05,0001-01-01,100806,1391,completed,30,2021-06-15 01:22:24.226044
2015-01-05,0001-01-01,100806,1403,completed,30,2021-06-15 01:22:24.226044
2015-01-05,0001-01-01,100806,1396,completed,30,2021-06-15 01:22:24.226044
2015-01-05,0001-01-01,100807,1289,completed,30,2021-06-15 01:22:24.226044
2015-01-05,0001-01-01,100807,1282,completed,30,2021-06-15 01:22:24.226044
2015-01-05,0001-01-01,100807,1290,completed,30,2021-06-15 01:22:24.226044
2015-01-05,0001-01-01,100810,1282,completed,30,2021-06-15 01:22:24.226044
2015-01-05,0001-01-01,100810,1291,completed,30,2021-06-15 01:22:24.226044
2015-01-05,0001-01-01,100825,1323,completed,30,2021-06-15 01:22:24.226044
2015-01-05,0001-01-01,100825,1331,completed,30,2021-06-15 01:22:24.226044
2015-01-05,0001-01-01,100827,1256,completed,30,2021-06-15 01:22:24.226044
2015-01-05,0001-01-01,100827,1200,completed,30,2021-06-15 01:22:24.226044
2015-01-05,0001-01-01,100829,1391,completed,30,2021-06-15 01:22:24.226044
2015-01-05,0001-01-01,100829,1396,completed,30,2021-06-15 01:22:24.226044
2015-01-05,0001-01-01,100829,1392,completed,30,2021-06-15 01:22:24.226044
2015-01-05,0001-01-01,100845,1283,completed,30,2021-06-15 01:22:24.226044
2015-01-05,0001-01-01,100845,1291,completed,30,2021-06-15 01:22:24.226044
2015-01-05,0001-01-01,100845,1280,completed,30,2021-06-15 01:22:24.226044
2015-01-05,0001-01-01,100847,1290,completed,30,2021-06-15 01:22:24.226044
2015-01-05,0001-01-01,100847,1283,completed,30,2021-06-15 01:22:24.226044
2015-01-05,0001-01-01,100847,1279,completed,30,2021-06-15 01:22:24.226044
2015-01-05,0001-01-01,100847,1291,completed,30,2021-06-15 01:22:24.226044
2015-01-05,0001-01-01,100851,1277,completed,30,2021-06-15 01:22:24.226044
2015-01-05,0001-01-01,100851,1290,completed,30,2021-06-15 01:22:24.226044
2015-01-05,0001-01-01,100866,1277,completed,30,2021-06-15 01:22:24.226044
2015-01-05,0001-01-01,100866,1282,completed,30,2021-06-15 01:22:24.226044
2015-01-05,0001-01-01,100866,1290,completed,30,2021-06-15 01:22:24.226044
2015-01-05,0001-01-01,100866,1323,completed,30,2021-06-15 01:22:24.226044
2015-01-05,0001-01-01,100893,1289,completed,30,2021-06-15 01:22:24.226044
2015-01-05,0001-01-01,100913,1289,completed,30,2021-06-15 01:22:24.226044
2015-01-05,0001-01-01,100913,1282,completed,30,2021-06-15 01:22:24.226044
2015-01-05,0001-01-01,100913,1290,completed,30,2021-06-15 01:22:24.226044
2015-01-05,0001-01-01,100913,1323,completed,30,2021-06-15 01:22:24.226044
2015-01-05,0001-01-01,100945,1402,completed,30,2021-06-15 01:22:24.226044
2015-01-05,0001-01-01,100945,1099,completed,30,2021-06-15 01:22:24.226044
2015-01-05,0001-01-01,100945,1256,completed,30,2021-06-15 01:22:24.226044
2015-01-05,0001-01-01,100945,1199,completed,30,2021-06-15 01:22:24.226044
2015-01-05,0001-01-01,100951,1391,completed,30,2021-06-15 01:22:24.226044
2015-01-05,0001-01-01,100951,1403,completed,30,2021-06-15 01:22:24.226044
2015-01-05,0001-01-01,100951,1393,completed,30,2021-06-15 01:22:24.226044
2015-01-05,0001-01-01,100952,1206,completed,30,2021-06-15 01:22:24.226044
2015-01-05,0001-01-01,100952,1251,completed,30,2021-06-15 01:22:24.226044
2015-01-05,0001-01-01,100956,1319,completed,30,2021-06-15 01:22:24.226044
2015-01-05,0001-01-01,100956,1324,completed,30,2021-06-15 01:22:24.226044
2015-01-05,0001-01-01,100956,1320,completed,30,2021-06-15 01:22:24.226044
2015-01-05,0001-01-01,100958,1318,completed,30,2021-06-15 01:22:24.226044
2015-01-05,0001-01-01,100958,1323,completed,30,2021-06-15 01:22:24.226044
2015-01-05,0001-01-01,100958,1324,completed,30,2021-06-15 01:22:24.226044
2015-01-05,0001-01-01,100963,1331,completed,30,2021-06-15 01:22:24.226044
2015-01-05,0001-01-01,100963,1324,completed,30,2021-06-15 01:22:24.226044
2015-01-05,0001-01-01,100963,1320,completed,30,2021-06-15 01:22:24.226044
2015-01-05,0001-01-01,100964,1277,completed,30,2021-06-15 01:22:24.226044
2015-01-05,0001-01-01,100964,1282,completed,30,2021-06-15 01:22:24.226044
2015-01-05,0001-01-01,100964,1096,completed,30,2021-06-15 01:22:24.226044
2015-01-05,0001-01-01,100964,1290,completed,30,2021-06-15 01:22:24.226044
2015-01-05,0001-01-01,100964,1258,completed,30,2021-06-15 01:22:24.226044
2015-01-05,0001-01-01,100967,1199,completed,30,2021-06-15 01:22:24.226044
2015-01-05,0001-01-01,100967,1391,completed,30,2021-06-15 01:22:24.226044
2015-01-05,0001-01-01,100971,1245,completed,30,2021-06-15 01:22:24.226044
2015-01-05,0001-01-01,100981,1391,completed,30,2021-06-15 01:22:24.226044
2015-01-05,0001-01-01,100981,1403,completed,30,2021-06-15 01:22:24.226044
2015-01-05,0001-01-01,100981,1392,completed,30,2021-06-15 01:22:24.226044
2015-01-05,0001-01-01,100981,1404,completed,30,2021-06-15 01:22:24.226044
2015-01-05,0001-01-01,100995,1277,completed,30,2021-06-15 01:22:24.226044
2015-01-05,0001-01-01,100995,1282,completed,30,2021-06-15 01:22:24.226044
2015-01-05,0001-01-01,100995,1290,completed,30,2021-06-15 01:22:24.226044
2015-01-05,0001-01-01,100995,1283,completed,30,2021-06-15 01:22:24.226044
2015-08-03,0001-01-01,101003,1316,completed,31,2021-06-15 01:39:55.571439
2015-08-03,0001-01-01,101019,1316,completed,31,2021-06-15 01:39:55.571439
2015-08-03,0001-01-01,101019,1099,completed,31,2021-06-15 01:39:55.571439
2015-08-03,0001-01-01,101024,1314,completed,31,2021-06-15 01:39:55.571439
2015-08-03,0001-01-01,101024,1389,completed,31,2021-06-15 01:39:55.571439
2015-08-03,0001-01-01,101024,1316,completed,31,2021-06-15 01:39:55.571439
2015-08-03,0001-01-01,101024,1321,completed,31,2021-06-15 01:39:55.571439
2015-08-03,0001-01-01,101026,1388,completed,31,2021-06-15 01:39:55.571439
2015-08-03,0001-01-01,101026,1389,completed,31,2021-06-15 01:39:55.571439
2015-08-03,0001-01-01,101035,1092,completed,31,2021-06-15 01:39:55.571439
2015-08-03,0001-01-01,101035,1090,completed,31,2021-06-15 01:39:55.571439
2015-08-03,0001-01-01,101035,1091,completed,31,2021-06-15 01:39:55.571439
2015-08-03,0001-01-01,101036,1090,completed,31,2021-06-15 01:39:55.571439
2015-08-03,0001-01-01,101036,1091,completed,31,2021-06-15 01:39:55.571439
2015-08-03,0001-01-01,101055,1281,completed,31,2021-06-15 01:39:55.571439
2015-08-03,0001-01-01,101055,1277,completed,31,2021-06-15 01:39:55.571439
2015-08-03,0001-01-01,101055,1289,completed,31,2021-06-15 01:39:55.571439
2015-08-03,0001-01-01,101056,1314,completed,31,2021-06-15 01:39:55.571439
2015-08-03,0001-01-01,101056,1315,completed,31,2021-06-15 01:39:55.571439
2015-08-03,0001-01-01,101058,1388,completed,31,2021-06-15 01:39:55.571439
2015-08-03,0001-01-01,101058,1389,completed,31,2021-06-15 01:39:55.571439
2015-08-03,0001-01-01,101058,1091,completed,31,2021-06-15 01:39:55.571439
2015-08-03,0001-01-01,101058,1402,completed,31,2021-06-15 01:39:55.571439
2015-08-03,0001-01-01,101058,1395,completed,31,2021-06-15 01:39:55.571439
2015-08-03,0001-01-01,101077,1092,completed,31,2021-06-15 01:39:55.571439
2015-08-03,0001-01-01,101077,1315,completed,31,2021-06-15 01:39:55.571439
2015-08-03,0001-01-01,101077,1275,completed,31,2021-06-15 01:39:55.571439
2015-08-03,0001-01-01,101077,1094,completed,31,2021-06-15 01:39:55.571439
2015-08-03,0001-01-01,101083,1090,completed,31,2021-06-15 01:39:55.571439
2015-08-03,0001-01-01,101083,1091,completed,31,2021-06-15 01:39:55.571439
2015-08-03,0001-01-01,101089,1315,completed,31,2021-06-15 01:39:55.571439
2015-08-03,0001-01-01,101089,1328,completed,31,2021-06-15 01:39:55.571439
2015-08-03,0001-01-01,101147,1315,completed,31,2021-06-15 01:39:55.571439
2015-08-03,0001-01-01,101147,1321,completed,31,2021-06-15 01:39:55.571439
2015-08-03,0001-01-01,101147,1329,completed,31,2021-06-15 01:39:55.571439
2015-08-03,0001-01-01,101148,1316,completed,31,2021-06-15 01:39:55.571439
2015-08-03,0001-01-01,101148,1330,completed,31,2021-06-15 01:39:55.571439
2015-08-03,0001-01-01,101148,1319,completed,31,2021-06-15 01:39:55.571439
2015-08-03,0001-01-01,101150,1388,completed,31,2021-06-15 01:39:55.571439
2015-08-03,0001-01-01,101150,1390,completed,31,2021-06-15 01:39:55.571439
2015-08-03,0001-01-01,101150,1402,completed,31,2021-06-15 01:39:55.571439
2015-08-03,0001-01-01,101150,1395,completed,31,2021-06-15 01:39:55.571439
2015-08-03,0001-01-01,101150,1199,completed,31,2021-06-15 01:39:55.571439
2015-08-03,0001-01-01,101158,1090,completed,31,2021-06-15 01:39:55.571439
2015-08-03,0001-01-01,101158,1091,completed,31,2021-06-15 01:39:55.571439
2015-08-03,0001-01-01,101158,1277,completed,31,2021-06-15 01:39:55.571439
2015-08-03,0001-01-01,101164,1193,completed,31,2021-06-15 01:39:55.571439
2015-08-03,0001-01-01,101164,1107,completed,31,2021-06-15 01:39:55.571439
2015-08-03,0001-01-01,101164,1207,completed,31,2021-06-15 01:39:55.571439
2015-08-03,0001-01-01,101165,1402,completed,31,2021-06-15 01:39:55.571439
2015-08-03,0001-01-01,101165,1281,completed,31,2021-06-15 01:39:55.571439
2015-08-03,0001-01-01,101187,1090,completed,31,2021-06-15 01:39:55.571439
2015-08-03,0001-01-01,101187,1091,completed,31,2021-06-15 01:39:55.571439
2015-08-03,0001-01-01,101188,1090,completed,31,2021-06-15 01:39:55.571439
2015-08-03,0001-01-01,101188,1091,completed,31,2021-06-15 01:39:55.571439
2015-08-03,0001-01-01,101188,1243,completed,31,2021-06-15 01:39:55.571439
2015-08-03,0001-01-01,101200,1090,completed,31,2021-06-15 01:39:55.571439
2015-08-03,0001-01-01,101200,1242,completed,31,2021-06-15 01:39:55.571439
2015-08-03,0001-01-01,101200,1091,completed,31,2021-06-15 01:39:55.571439
2015-08-03,0001-01-01,101211,1090,completed,31,2021-06-15 01:39:55.571439
2015-08-03,0001-01-01,101211,1091,completed,31,2021-06-15 01:39:55.571439
2015-08-03,0001-01-01,101211,1321,completed,31,2021-06-15 01:39:55.571439
2015-08-03,0001-01-01,101215,1243,completed,31,2021-06-15 01:39:55.571439
2015-08-03,0001-01-01,101215,1194,completed,31,2021-06-15 01:39:55.571439
2015-08-03,0001-01-01,101215,1099,completed,31,2021-06-15 01:39:55.571439
2015-08-03,0001-01-01,101215,1256,completed,31,2021-06-15 01:39:55.571439
2015-08-03,0001-01-01,101238,1274,completed,31,2021-06-15 01:39:55.571439
2015-08-03,0001-01-01,101238,1275,completed,31,2021-06-15 01:39:55.571439
2015-08-03,0001-01-01,101245,1090,completed,31,2021-06-15 01:39:55.571439
2015-08-03,0001-01-01,101245,1093,completed,31,2021-06-15 01:39:55.571439
2015-08-03,0001-01-01,101245,1091,completed,31,2021-06-15 01:39:55.571439
2015-08-03,0001-01-01,101266,1092,completed,31,2021-06-15 01:39:55.571439
2015-08-03,0001-01-01,101266,1314,completed,31,2021-06-15 01:39:55.571439
2015-08-03,0001-01-01,101266,1316,completed,31,2021-06-15 01:39:55.571439
2015-08-03,0001-01-01,101268,1090,completed,31,2021-06-15 01:39:55.571439
2015-08-03,0001-01-01,101268,1091,completed,31,2021-06-15 01:39:55.571439
2015-08-03,0001-01-01,101273,1090,completed,31,2021-06-15 01:39:55.571439
2015-08-03,0001-01-01,101273,1091,completed,31,2021-06-15 01:39:55.571439
2015-08-03,0001-01-01,101275,1388,completed,31,2021-06-15 01:39:55.571439
2015-08-03,0001-01-01,101275,1390,completed,31,2021-06-15 01:39:55.571439
2015-08-03,0001-01-01,101275,1402,completed,31,2021-06-15 01:39:55.571439
2015-08-03,0001-01-01,101275,1395,completed,31,2021-06-15 01:39:55.571439
2015-08-03,0001-01-01,101275,1391,completed,31,2021-06-15 01:39:55.571439
2015-08-03,0001-01-01,101278,1314,completed,31,2021-06-15 01:39:55.571439
2015-08-03,0001-01-01,101278,1315,completed,31,2021-06-15 01:39:55.571439
2015-08-03,0001-01-01,101278,1316,completed,31,2021-06-15 01:39:55.571439
2015-08-03,0001-01-01,101278,1321,completed,31,2021-06-15 01:39:55.571439
2015-08-03,0001-01-01,101282,1090,completed,31,2021-06-15 01:39:55.571439
2015-08-03,0001-01-01,101282,1091,completed,31,2021-06-15 01:39:55.571439
2015-08-03,0001-01-01,101290,1314,completed,31,2021-06-15 01:39:55.571439
2015-08-03,0001-01-01,101290,1315,completed,31,2021-06-15 01:39:55.571439
2015-08-03,0001-01-01,101290,1328,completed,31,2021-06-15 01:39:55.571439
2015-08-03,0001-01-01,101293,1090,completed,31,2021-06-15 01:39:55.571439
2015-08-03,0001-01-01,101293,1091,completed,31,2021-06-15 01:39:55.571439
2015-08-03,0001-01-01,101306,1090,completed,31,2021-06-15 01:39:55.571439
2015-08-03,0001-01-01,101306,1093,completed,31,2021-06-15 01:39:55.571439
2015-08-03,0001-01-01,101306,1091,completed,31,2021-06-15 01:39:55.571439
2015-08-03,0001-01-01,101329,1193,completed,31,2021-06-15 01:39:55.571439
2015-08-03,0001-01-01,101329,1099,completed,31,2021-06-15 01:39:55.571439
2015-08-03,0001-01-01,101336,1388,completed,31,2021-06-15 01:39:55.571439
2015-08-03,0001-01-01,101336,1389,completed,31,2021-06-15 01:39:55.571439
2015-08-03,0001-01-01,101336,1390,completed,31,2021-06-15 01:39:55.571439
2015-08-03,0001-01-01,101336,1402,completed,31,2021-06-15 01:39:55.571439
2015-08-03,0001-01-01,101347,1388,completed,31,2021-06-15 01:39:55.571439
2015-08-03,0001-01-01,101347,1389,completed,31,2021-06-15 01:39:55.571439
2015-08-03,0001-01-01,101347,1390,completed,31,2021-06-15 01:39:55.571439
2015-08-03,0001-01-01,101347,1395,completed,31,2021-06-15 01:39:55.571439
2015-08-03,0001-01-01,101358,1388,completed,31,2021-06-15 01:39:55.571439
2015-08-03,0001-01-01,101358,1389,completed,31,2021-06-15 01:39:55.571439
2015-08-03,0001-01-01,101358,1402,completed,31,2021-06-15 01:39:55.571439
2015-08-03,0001-01-01,101358,1391,completed,31,2021-06-15 01:39:55.571439
2015-08-03,0001-01-01,101376,1245,completed,31,2021-06-15 01:39:55.571439
2015-08-03,0001-01-01,101376,1196,completed,31,2021-06-15 01:39:55.571439
2015-08-03,0001-01-01,101381,1090,completed,31,2021-06-15 01:39:55.571439
2015-08-03,0001-01-01,101381,1091,completed,31,2021-06-15 01:39:55.571439
2015-08-03,0001-01-01,101381,1322,completed,31,2021-06-15 01:39:55.571439
2015-08-03,0001-01-01,101382,1090,completed,31,2021-06-15 01:39:55.571439
2015-08-03,0001-01-01,101382,1091,completed,31,2021-06-15 01:39:55.571439
2015-08-03,0001-01-01,101385,1090,completed,31,2021-06-15 01:39:55.571439
2015-08-03,0001-01-01,101385,1275,completed,31,2021-06-15 01:39:55.571439
2015-08-03,0001-01-01,101385,1091,completed,31,2021-06-15 01:39:55.571439
2015-08-03,0001-01-01,101387,1242,completed,31,2021-06-15 01:39:55.571439
2015-08-03,0001-01-01,101387,1315,completed,31,2021-06-15 01:39:55.571439
2015-08-03,0001-01-01,101387,1316,completed,31,2021-06-15 01:39:55.571439
2015-08-03,0001-01-01,101392,1090,completed,31,2021-06-15 01:39:55.571439
2015-08-03,0001-01-01,101392,1091,completed,31,2021-06-15 01:39:55.571439
2015-08-03,0001-01-01,101398,1090,completed,31,2021-06-15 01:39:55.571439
2015-08-03,0001-01-01,101398,1091,completed,31,2021-06-15 01:39:55.571439
2015-08-03,0001-01-01,101399,1243,completed,31,2021-06-15 01:39:55.571439
2015-08-03,0001-01-01,101399,1095,completed,31,2021-06-15 01:39:55.571439
2015-08-03,0001-01-01,101399,1107,completed,31,2021-06-15 01:39:55.571439
2015-08-03,0001-01-01,101431,1090,completed,31,2021-06-15 01:39:55.571439
2015-08-03,0001-01-01,101431,1091,completed,31,2021-06-15 01:39:55.571439
2015-08-03,0001-01-01,101431,1275,completed,31,2021-06-15 01:39:55.571439
2015-08-03,0001-01-01,101431,1194,completed,31,2021-06-15 01:39:55.571439
2015-08-03,0001-01-01,101438,1274,completed,31,2021-06-15 01:39:55.571439
2015-08-03,0001-01-01,101438,1281,completed,31,2021-06-15 01:39:55.571439
2015-08-03,0001-01-01,101483,1090,completed,31,2021-06-15 01:39:55.571439
2015-08-03,0001-01-01,101483,1091,completed,31,2021-06-15 01:39:55.571439
2015-08-03,0001-01-01,101491,1275,completed,31,2021-06-15 01:39:55.571439
2015-08-03,0001-01-01,101491,1277,completed,31,2021-06-15 01:39:55.571439
2015-08-03,0001-01-01,101491,1289,completed,31,2021-06-15 01:39:55.571439
2015-08-03,0001-01-01,101505,1275,completed,31,2021-06-15 01:39:55.571439
2015-08-03,0001-01-01,101505,1094,completed,31,2021-06-15 01:39:55.571439
2015-08-03,0001-01-01,101505,1281,completed,31,2021-06-15 01:39:55.571439
2015-08-03,0001-01-01,101505,1277,completed,31,2021-06-15 01:39:55.571439
2015-08-03,0001-01-01,101519,1090,completed,31,2021-06-15 01:39:55.571439
2015-08-03,0001-01-01,101519,1321,completed,31,2021-06-15 01:39:55.571439
2015-08-03,0001-01-01,101519,1392,completed,31,2021-06-15 01:39:55.571439
2015-08-03,0001-01-01,101519,1323,completed,31,2021-06-15 01:39:55.571439
2015-08-03,0001-01-01,101536,1090,completed,31,2021-06-15 01:39:55.571439
2015-08-03,0001-01-01,101536,1091,completed,31,2021-06-15 01:39:55.571439
2015-08-03,0001-01-01,101563,1090,completed,31,2021-06-15 01:39:55.571439
2015-08-03,0001-01-01,101563,1091,completed,31,2021-06-15 01:39:55.571439
2015-08-03,0001-01-01,101582,1388,completed,31,2021-06-15 01:39:55.571439
2015-08-03,0001-01-01,101582,1389,completed,31,2021-06-15 01:39:55.571439
2015-08-03,0001-01-01,101582,1390,completed,31,2021-06-15 01:39:55.571439
2015-08-03,0001-01-01,101582,1395,completed,31,2021-06-15 01:39:55.571439
2015-08-03,0001-01-01,101583,1274,completed,31,2021-06-15 01:39:55.571439
2015-08-03,0001-01-01,101583,1322,completed,31,2021-06-15 01:39:55.571439
2015-08-03,0001-01-01,101596,1090,completed,31,2021-06-15 01:39:55.571439
2015-08-03,0001-01-01,101596,1091,completed,31,2021-06-15 01:39:55.571439
2015-08-03,0001-01-01,101603,1242,completed,31,2021-06-15 01:39:55.571439
2015-08-03,0001-01-01,101603,1193,completed,31,2021-06-15 01:39:55.571439
2015-08-03,0001-01-01,101603,1390,completed,31,2021-06-15 01:39:55.571439
2015-08-03,0001-01-01,101606,1090,completed,31,2021-06-15 01:39:55.571439
2015-08-03,0001-01-01,101606,1091,completed,31,2021-06-15 01:39:55.571439
2015-08-03,0001-01-01,101616,1192,completed,31,2021-06-15 01:39:55.571439
2015-08-03,0001-01-01,101616,1199,completed,31,2021-06-15 01:39:55.571439
2015-08-03,0001-01-01,101616,1207,completed,31,2021-06-15 01:39:55.571439
2015-08-03,0001-01-01,101617,1090,completed,31,2021-06-15 01:39:55.571439
2015-08-03,0001-01-01,101617,1099,completed,31,2021-06-15 01:39:55.571439
2015-08-03,0001-01-01,101617,1256,completed,31,2021-06-15 01:39:55.571439
2015-08-03,0001-01-01,101617,1249,completed,31,2021-06-15 01:39:55.571439
2015-08-03,0001-01-01,101618,1281,completed,31,2021-06-15 01:39:55.571439
2015-08-03,0001-01-01,101618,1289,completed,31,2021-06-15 01:39:55.571439
2015-08-03,0001-01-01,101618,1282,completed,31,2021-06-15 01:39:55.571439
2015-08-03,0001-01-01,101618,1290,completed,31,2021-06-15 01:39:55.571439
2015-08-03,0001-01-01,101621,1090,completed,31,2021-06-15 01:39:55.571439
2015-08-03,0001-01-01,101621,1091,completed,31,2021-06-15 01:39:55.571439
2015-08-03,0001-01-01,101635,1315,completed,31,2021-06-15 01:39:55.571439
2015-08-03,0001-01-01,101635,1316,completed,31,2021-06-15 01:39:55.571439
2015-08-03,0001-01-01,101635,1328,completed,31,2021-06-15 01:39:55.571439
2015-08-03,0001-01-01,101635,1321,completed,31,2021-06-15 01:39:55.571439
2015-08-03,0001-01-01,101650,1093,completed,31,2021-06-15 01:39:55.571439
2015-08-03,0001-01-01,101650,1248,completed,31,2021-06-15 01:39:55.571439
2015-08-03,0001-01-01,101650,1107,completed,31,2021-06-15 01:39:55.571439
2015-08-03,0001-01-01,101667,1090,completed,31,2021-06-15 01:39:55.571439
2015-08-03,0001-01-01,101667,1091,completed,31,2021-06-15 01:39:55.571439
2015-08-03,0001-01-01,101680,1248,completed,31,2021-06-15 01:39:55.571439
2015-08-03,0001-01-01,101680,1194,completed,31,2021-06-15 01:39:55.571439
2015-08-03,0001-01-01,101680,1199,completed,31,2021-06-15 01:39:55.571439
2015-08-03,0001-01-01,101681,1090,completed,31,2021-06-15 01:39:55.571439
2015-08-03,0001-01-01,101681,1091,completed,31,2021-06-15 01:39:55.571439
2015-08-03,0001-01-01,101688,1242,completed,31,2021-06-15 01:39:55.571439
2015-08-03,0001-01-01,101688,1281,completed,31,2021-06-15 01:39:55.571439
2015-08-03,0001-01-01,101688,1277,completed,31,2021-06-15 01:39:55.571439
2015-08-03,0001-01-01,101690,1314,completed,31,2021-06-15 01:39:55.571439
2015-08-03,0001-01-01,101690,1315,completed,31,2021-06-15 01:39:55.571439
2015-08-03,0001-01-01,101690,1316,completed,31,2021-06-15 01:39:55.571439
2015-08-03,0001-01-01,101694,1090,completed,31,2021-06-15 01:39:55.571439
2015-08-03,0001-01-01,101694,1091,completed,31,2021-06-15 01:39:55.571439
2015-08-03,0001-01-01,101694,1243,completed,31,2021-06-15 01:39:55.571439
2015-08-03,0001-01-01,101694,1099,completed,31,2021-06-15 01:39:55.571439
2015-08-03,0001-01-01,101699,1274,completed,31,2021-06-15 01:39:55.571439
2015-08-03,0001-01-01,101699,1275,completed,31,2021-06-15 01:39:55.571439
2015-08-03,0001-01-01,101699,1277,completed,31,2021-06-15 01:39:55.571439
2015-08-03,0001-01-01,101721,1093,completed,31,2021-06-15 01:39:55.571439
2015-08-03,0001-01-01,101721,1094,completed,31,2021-06-15 01:39:55.571439
2015-08-03,0001-01-01,101721,1256,completed,31,2021-06-15 01:39:55.571439
2015-08-03,0001-01-01,101723,1193,completed,31,2021-06-15 01:39:55.571439
2015-08-03,0001-01-01,101723,1248,completed,31,2021-06-15 01:39:55.571439
2015-08-03,0001-01-01,101723,1099,completed,31,2021-06-15 01:39:55.571439
2015-08-03,0001-01-01,101739,1274,completed,31,2021-06-15 01:39:55.571439
2015-08-03,0001-01-01,101739,1275,completed,31,2021-06-15 01:39:55.571439
2015-08-03,0001-01-01,101739,1281,completed,31,2021-06-15 01:39:55.571439
2015-08-03,0001-01-01,101747,1094,completed,31,2021-06-15 01:39:55.571439
2015-08-03,0001-01-01,101747,1256,completed,31,2021-06-15 01:39:55.571439
2015-08-03,0001-01-01,101752,1328,completed,31,2021-06-15 01:39:55.571439
2015-08-03,0001-01-01,101759,1314,completed,31,2021-06-15 01:39:55.571439
2015-08-03,0001-01-01,101759,1316,completed,31,2021-06-15 01:39:55.571439
2015-08-03,0001-01-01,101762,1094,completed,31,2021-06-15 01:39:55.571439
2015-08-03,0001-01-01,101762,1245,completed,31,2021-06-15 01:39:55.571439
2015-08-03,0001-01-01,101772,1090,completed,31,2021-06-15 01:39:55.571439
2015-08-03,0001-01-01,101772,1091,completed,31,2021-06-15 01:39:55.571439
2015-08-03,0001-01-01,101783,1090,completed,31,2021-06-15 01:39:55.571439
2015-08-03,0001-01-01,101783,1091,completed,31,2021-06-15 01:39:55.571439
2015-08-03,0001-01-01,101788,1090,completed,31,2021-06-15 01:39:55.571439
2015-08-03,0001-01-01,101788,1091,completed,31,2021-06-15 01:39:55.571439
2015-08-03,0001-01-01,101788,1094,completed,31,2021-06-15 01:39:55.571439
2015-08-03,0001-01-01,101788,1316,completed,31,2021-06-15 01:39:55.571439
2015-08-03,0001-01-01,101808,1099,completed,31,2021-06-15 01:39:55.571439
2015-08-03,0001-01-01,101808,1256,completed,31,2021-06-15 01:39:55.571439
2015-08-03,0001-01-01,101808,1207,completed,31,2021-06-15 01:39:55.571439
2015-08-03,0001-01-01,101808,1096,completed,31,2021-06-15 01:39:55.571439
2015-08-03,0001-01-01,101814,1315,completed,31,2021-06-15 01:39:55.571439
2015-08-03,0001-01-01,101814,1389,completed,31,2021-06-15 01:39:55.571439
2015-08-03,0001-01-01,101820,1090,completed,31,2021-06-15 01:39:55.571439
2015-08-03,0001-01-01,101820,1091,completed,31,2021-06-15 01:39:55.571439
2015-08-03,0001-01-01,101826,1243,completed,31,2021-06-15 01:39:55.571439
2015-08-03,0001-01-01,101826,1094,completed,31,2021-06-15 01:39:55.571439
2015-08-03,0001-01-01,101826,1249,completed,31,2021-06-15 01:39:55.571439
2015-08-03,0001-01-01,101838,1090,completed,31,2021-06-15 01:39:55.571439
2015-08-03,0001-01-01,101840,1315,completed,31,2021-06-15 01:39:55.571439
2015-08-03,0001-01-01,101840,1316,completed,31,2021-06-15 01:39:55.571439
2015-08-03,0001-01-01,101840,1328,completed,31,2021-06-15 01:39:55.571439
2015-08-03,0001-01-01,101852,1090,completed,31,2021-06-15 01:39:55.571439
2015-08-03,0001-01-01,101852,1091,completed,31,2021-06-15 01:39:55.571439
2015-08-03,0001-01-01,101862,1090,completed,31,2021-06-15 01:39:55.571439
2015-08-03,0001-01-01,101862,1091,completed,31,2021-06-15 01:39:55.571439
2015-08-03,0001-01-01,101868,1206,completed,31,2021-06-15 01:39:55.571439
2015-08-03,0001-01-01,101868,1249,completed,31,2021-06-15 01:39:55.571439
2015-08-03,0001-01-01,101873,1314,completed,31,2021-06-15 01:39:55.571439
2015-08-03,0001-01-01,101873,1193,completed,31,2021-06-15 01:39:55.571439
2015-08-03,0001-01-01,101873,1328,completed,31,2021-06-15 01:39:55.571439
2015-08-03,0001-01-01,101891,1315,completed,31,2021-06-15 01:39:55.571439
2015-08-03,0001-01-01,101891,1243,completed,31,2021-06-15 01:39:55.571439
2015-08-03,0001-01-01,101891,1321,completed,31,2021-06-15 01:39:55.571439
2015-08-03,0001-01-01,101891,1329,completed,31,2021-06-15 01:39:55.571439
2015-08-03,0001-01-01,101898,1275,completed,31,2021-06-15 01:39:55.571439
2015-08-03,0001-01-01,101898,1281,completed,31,2021-06-15 01:39:55.571439
2015-08-03,0001-01-01,101898,1277,completed,31,2021-06-15 01:39:55.571439
2015-08-03,0001-01-01,101916,1388,completed,31,2021-06-15 01:39:55.571439
2015-08-03,0001-01-01,101916,1390,completed,31,2021-06-15 01:39:55.571439
2015-08-03,0001-01-01,101916,1402,completed,31,2021-06-15 01:39:55.571439
2015-08-03,0001-01-01,101916,1395,completed,31,2021-06-15 01:39:55.571439
2015-08-03,0001-01-01,101919,1243,completed,31,2021-06-15 01:39:55.571439
2015-08-03,0001-01-01,101919,1099,completed,31,2021-06-15 01:39:55.571439
2015-08-03,0001-01-01,101919,1249,completed,31,2021-06-15 01:39:55.571439
2015-08-03,0001-01-01,101931,1093,completed,31,2021-06-15 01:39:55.571439
2015-08-03,0001-01-01,101931,1243,completed,31,2021-06-15 01:39:55.571439
2015-08-03,0001-01-01,101931,1322,completed,31,2021-06-15 01:39:55.571439
2015-08-03,0001-01-01,101941,1090,completed,31,2021-06-15 01:39:55.571439
2015-08-03,0001-01-01,101941,1091,completed,31,2021-06-15 01:39:55.571439
2015-08-03,0001-01-01,101943,1388,completed,31,2021-06-15 01:39:55.571439
2015-08-03,0001-01-01,101943,1389,completed,31,2021-06-15 01:39:55.571439
2015-08-03,0001-01-01,101943,1390,completed,31,2021-06-15 01:39:55.571439
2015-08-03,0001-01-01,101943,1395,completed,31,2021-06-15 01:39:55.571439
2015-08-03,0001-01-01,101963,1316,completed,31,2021-06-15 01:39:55.571439
2015-08-03,0001-01-01,101963,1329,completed,31,2021-06-15 01:39:55.571439
2015-08-03,0001-01-01,101974,1094,completed,31,2021-06-15 01:39:55.571439
2015-08-03,0001-01-01,101974,1245,completed,31,2021-06-15 01:39:55.571439
2015-08-03,0001-01-01,101994,1192,completed,31,2021-06-15 01:39:55.571439
2015-08-03,0001-01-01,101994,1243,completed,31,2021-06-15 01:39:55.571439
2015-08-03,0001-01-01,101994,1094,completed,31,2021-06-15 01:39:55.571439
2015-08-03,0001-01-01,101994,1194,completed,31,2021-06-15 01:39:55.571439
2015-08-03,0001-01-01,101999,1193,completed,31,2021-06-15 01:39:55.571439
2015-08-03,0001-01-01,101999,1197,completed,31,2021-06-15 01:39:55.571439
2015-08-03,0001-01-01,101999,1102,completed,31,2021-06-15 01:39:55.571439
2015-08-03,0001-01-01,100016,1334,completed,31,2021-06-15 01:39:55.571439
2015-08-03,0001-01-01,100033,1263,completed,31,2021-06-15 01:39:55.571439
2015-08-03,0001-01-01,100033,1115,completed,31,2021-06-15 01:39:55.571439
2015-08-03,0001-01-01,100033,1337,completed,31,2021-06-15 01:39:55.571439
2015-08-03,0001-01-01,100043,1337,completed,31,2021-06-15 01:39:55.571439
2015-08-03,0001-01-01,100048,1291,completed,31,2021-06-15 01:39:55.571439
2015-08-03,0001-01-01,100048,1284,completed,31,2021-06-15 01:39:55.571439
2015-08-03,0001-01-01,100048,1292,completed,31,2021-06-15 01:39:55.571439
2015-08-03,0001-01-01,100048,1285,completed,31,2021-06-15 01:39:55.571439
2015-08-03,0001-01-01,100062,1401,completed,31,2021-06-15 01:39:55.571439
2015-08-03,0001-01-01,100062,1212,completed,31,2021-06-15 01:39:55.571439
2015-08-03,0001-01-01,100063,1284,completed,31,2021-06-15 01:39:55.571439
2015-08-03,0001-01-01,100063,1280,completed,31,2021-06-15 01:39:55.571439
2015-08-03,0001-01-01,100063,1292,completed,31,2021-06-15 01:39:55.571439
2015-08-03,0001-01-01,100063,1285,completed,31,2021-06-15 01:39:55.571439
2015-08-03,0001-01-01,100063,1286,completed,31,2021-06-15 01:39:55.571439
2015-08-03,0001-01-01,100093,1331,completed,31,2021-06-15 01:39:55.571439
2015-08-03,0001-01-01,100093,1324,completed,31,2021-06-15 01:39:55.571439
2015-08-03,0001-01-01,100093,1320,completed,31,2021-06-15 01:39:55.571439
2015-08-03,0001-01-01,100093,1332,completed,31,2021-06-15 01:39:55.571439
2015-08-03,0001-01-01,100096,1279,completed,31,2021-06-15 01:39:55.571439
2015-08-03,0001-01-01,100096,1285,completed,31,2021-06-15 01:39:55.571439
2015-08-03,0001-01-01,100101,1404,completed,31,2021-06-15 01:39:55.571439
2015-08-03,0001-01-01,100101,1393,completed,31,2021-06-15 01:39:55.571439
2015-08-03,0001-01-01,100101,1405,completed,31,2021-06-15 01:39:55.571439
2015-08-03,0001-01-01,100101,1280,completed,31,2021-06-15 01:39:55.571439
2015-08-03,0001-01-01,100105,1202,completed,31,2021-06-15 01:39:55.571439
2015-08-03,0001-01-01,100105,1286,completed,31,2021-06-15 01:39:55.571439
2015-08-03,0001-01-01,100105,1262,completed,31,2021-06-15 01:39:55.571439
2015-08-03,0001-01-01,100117,1326,completed,31,2021-06-15 01:39:55.571439
2015-08-03,0001-01-01,100117,1334,completed,31,2021-06-15 01:39:55.571439
2015-08-03,0001-01-01,100117,1327,completed,31,2021-06-15 01:39:55.571439
2015-08-03,0001-01-01,100117,1287,completed,31,2021-06-15 01:39:55.571439
2015-08-03,0001-01-01,100118,1398,completed,31,2021-06-15 01:39:55.571439
2015-08-03,0001-01-01,100118,1394,completed,31,2021-06-15 01:39:55.571439
2015-08-03,0001-01-01,100118,1406,completed,31,2021-06-15 01:39:55.571439
2015-08-03,0001-01-01,100118,1399,completed,31,2021-06-15 01:39:55.571439
2015-08-03,0001-01-01,100118,1400,completed,31,2021-06-15 01:39:55.571439
2015-08-03,0001-01-01,100151,1211,completed,31,2021-06-15 01:39:55.571439
2015-08-03,0001-01-01,100151,1254,completed,31,2021-06-15 01:39:55.571439
2015-08-03,0001-01-01,100151,1212,completed,31,2021-06-15 01:39:55.571439
2015-08-03,0001-01-01,100151,1205,completed,31,2021-06-15 01:39:55.571439
2015-08-03,0001-01-01,100166,1283,completed,31,2021-06-15 01:39:55.571439
2015-08-03,0001-01-01,100166,1279,completed,31,2021-06-15 01:39:55.571439
2015-08-03,0001-01-01,100166,1291,completed,31,2021-06-15 01:39:55.571439
2015-08-03,0001-01-01,100166,1284,completed,31,2021-06-15 01:39:55.571439
2015-08-03,0001-01-01,100167,1332,completed,31,2021-06-15 01:39:55.571439
2015-08-03,0001-01-01,100167,1285,completed,31,2021-06-15 01:39:55.571439
2015-08-03,0001-01-01,100167,1293,completed,31,2021-06-15 01:39:55.571439
2015-08-03,0001-01-01,100167,1294,completed,31,2021-06-15 01:39:55.571439
2015-08-03,0001-01-01,100192,1279,completed,31,2021-06-15 01:39:55.571439
2015-08-03,0001-01-01,100192,1331,completed,31,2021-06-15 01:39:55.571439
2015-08-03,0001-01-01,100192,1320,completed,31,2021-06-15 01:39:55.571439
2015-08-03,0001-01-01,100192,1333,completed,31,2021-06-15 01:39:55.571439
2015-08-03,0001-01-01,100196,1393,completed,31,2021-06-15 01:39:55.571439
2015-08-03,0001-01-01,100196,1405,completed,31,2021-06-15 01:39:55.571439
2015-08-03,0001-01-01,100196,1398,completed,31,2021-06-15 01:39:55.571439
2015-08-03,0001-01-01,100197,1291,completed,31,2021-06-15 01:39:55.571439
2015-08-03,0001-01-01,100197,1280,completed,31,2021-06-15 01:39:55.571439
2015-08-03,0001-01-01,100197,1332,completed,31,2021-06-15 01:39:55.571439
2015-08-03,0001-01-01,100197,1285,completed,31,2021-06-15 01:39:55.571439
2015-08-03,0001-01-01,100210,1205,completed,31,2021-06-15 01:39:55.571439
2015-08-03,0001-01-01,100210,1113,completed,31,2021-06-15 01:39:55.571439
2015-08-03,0001-01-01,100210,1263,completed,31,2021-06-15 01:39:55.571439
2015-08-03,0001-01-01,100225,1252,completed,31,2021-06-15 01:39:55.571439
2015-08-03,0001-01-01,100225,1332,completed,31,2021-06-15 01:39:55.571439
2015-08-03,0001-01-01,100225,1210,completed,31,2021-06-15 01:39:55.571439
2015-08-03,0001-01-01,100232,1326,completed,31,2021-06-15 01:39:55.571439
2015-08-03,0001-01-01,100232,1211,completed,31,2021-06-15 01:39:55.571439
2015-08-03,0001-01-01,100232,1204,completed,31,2021-06-15 01:39:55.571439
2015-08-03,0001-01-01,100241,1284,completed,31,2021-06-15 01:39:55.571439
2015-08-03,0001-01-01,100241,1280,completed,31,2021-06-15 01:39:55.571439
2015-08-03,0001-01-01,100241,1292,completed,31,2021-06-15 01:39:55.571439
2015-08-03,0001-01-01,100241,1285,completed,31,2021-06-15 01:39:55.571439
2015-08-03,0001-01-01,100241,1286,completed,31,2021-06-15 01:39:55.571439
2015-08-03,0001-01-01,100245,1205,completed,31,2021-06-15 01:39:55.571439
2015-08-03,0001-01-01,100245,1299,completed,31,2021-06-15 01:39:55.571439
2015-08-03,0001-01-01,100253,1280,completed,31,2021-06-15 01:39:55.571439
2015-08-03,0001-01-01,100253,1292,completed,31,2021-06-15 01:39:55.571439
2015-08-03,0001-01-01,100253,1399,completed,31,2021-06-15 01:39:55.571439
2015-08-03,0001-01-01,100253,1294,completed,31,2021-06-15 01:39:55.571439
2015-08-03,0001-01-01,100253,1287,completed,31,2021-06-15 01:39:55.571439
2015-08-03,0001-01-01,100254,1262,completed,31,2021-06-15 01:39:55.571439
2015-08-03,0001-01-01,100254,1205,completed,31,2021-06-15 01:39:55.571439
2015-08-03,0001-01-01,100254,1263,completed,31,2021-06-15 01:39:55.571439
2015-08-03,0001-01-01,100262,1280,completed,31,2021-06-15 01:39:55.571439
2015-08-03,0001-01-01,100262,1292,completed,31,2021-06-15 01:39:55.571439
2015-08-03,0001-01-01,100262,1285,completed,31,2021-06-15 01:39:55.571439
2015-08-03,0001-01-01,100263,1393,completed,31,2021-06-15 01:39:55.571439
2015-08-03,0001-01-01,100263,1405,completed,31,2021-06-15 01:39:55.571439
2015-08-03,0001-01-01,100263,1398,completed,31,2021-06-15 01:39:55.571439
2015-08-03,0001-01-01,100267,1393,completed,31,2021-06-15 01:39:55.571439
2015-08-03,0001-01-01,100267,1405,completed,31,2021-06-15 01:39:55.571439
2015-08-03,0001-01-01,100267,1398,completed,31,2021-06-15 01:39:55.571439
2015-08-03,0001-01-01,100267,1202,completed,31,2021-06-15 01:39:55.571439
2015-08-03,0001-01-01,100267,1394,completed,31,2021-06-15 01:39:55.571439
2015-08-03,0001-01-01,100290,1398,completed,31,2021-06-15 01:39:55.571439
2015-08-03,0001-01-01,100290,1406,completed,31,2021-06-15 01:39:55.571439
2015-08-03,0001-01-01,100290,1399,completed,31,2021-06-15 01:39:55.571439
2015-08-03,0001-01-01,100290,1407,completed,31,2021-06-15 01:39:55.571439
2015-08-03,0001-01-01,100299,1332,completed,31,2021-06-15 01:39:55.571439
2015-08-03,0001-01-01,100299,1325,completed,31,2021-06-15 01:39:55.571439
2015-08-03,0001-01-01,100299,1326,completed,31,2021-06-15 01:39:55.571439
2015-08-03,0001-01-01,100299,1327,completed,31,2021-06-15 01:39:55.571439
2015-08-03,0001-01-01,100323,1283,completed,31,2021-06-15 01:39:55.571439
2015-08-03,0001-01-01,100323,1291,completed,31,2021-06-15 01:39:55.571439
2015-08-03,0001-01-01,100323,1284,completed,31,2021-06-15 01:39:55.571439
2015-08-03,0001-01-01,100323,1285,completed,31,2021-06-15 01:39:55.571439
2015-08-03,0001-01-01,100325,1404,completed,31,2021-06-15 01:39:55.571439
2015-08-03,0001-01-01,100325,1393,completed,31,2021-06-15 01:39:55.571439
2015-08-03,0001-01-01,100325,1405,completed,31,2021-06-15 01:39:55.571439
2015-08-03,0001-01-01,100325,1394,completed,31,2021-06-15 01:39:55.571439
2015-08-03,0001-01-01,100352,1404,completed,31,2021-06-15 01:39:55.571439
2015-08-03,0001-01-01,100352,1290,completed,31,2021-06-15 01:39:55.571439
2015-08-03,0001-01-01,100352,1283,completed,31,2021-06-15 01:39:55.571439
2015-08-03,0001-01-01,100379,1327,completed,31,2021-06-15 01:39:55.571439
2015-08-03,0001-01-01,100379,1336,completed,31,2021-06-15 01:39:55.571439
2015-08-03,0001-01-01,100379,1339,completed,31,2021-06-15 01:39:55.571439
2015-08-03,0001-01-01,100399,1396,completed,31,2021-06-15 01:39:55.571439
2015-08-03,0001-01-01,100399,1404,completed,31,2021-06-15 01:39:55.571439
2015-08-03,0001-01-01,100399,1398,completed,31,2021-06-15 01:39:55.571439
2015-08-03,0001-01-01,100399,1406,completed,31,2021-06-15 01:39:55.571439
2015-08-03,0001-01-01,100402,1279,completed,31,2021-06-15 01:39:55.571439
2015-08-03,0001-01-01,100402,1291,completed,31,2021-06-15 01:39:55.571439
2015-08-03,0001-01-01,100434,1393,completed,31,2021-06-15 01:39:55.571439
2015-08-03,0001-01-01,100434,1405,completed,31,2021-06-15 01:39:55.571439
2015-08-03,0001-01-01,100434,1398,completed,31,2021-06-15 01:39:55.571439
2015-08-03,0001-01-01,100434,1399,completed,31,2021-06-15 01:39:55.571439
2015-08-03,0001-01-01,100436,1323,completed,31,2021-06-15 01:39:55.571439
2015-08-03,0001-01-01,100436,1319,completed,31,2021-06-15 01:39:55.571439
2015-08-03,0001-01-01,100436,1324,completed,31,2021-06-15 01:39:55.571439
2015-08-03,0001-01-01,100449,1392,completed,31,2021-06-15 01:39:55.571439
2015-08-03,0001-01-01,100449,1404,completed,31,2021-06-15 01:39:55.571439
2015-08-03,0001-01-01,100449,1393,completed,31,2021-06-15 01:39:55.571439
2015-08-03,0001-01-01,100449,1405,completed,31,2021-06-15 01:39:55.571439
2015-08-03,0001-01-01,100478,1290,completed,31,2021-06-15 01:39:55.571439
2015-08-03,0001-01-01,100478,1283,completed,31,2021-06-15 01:39:55.571439
2015-08-03,0001-01-01,100478,1291,completed,31,2021-06-15 01:39:55.571439
2015-08-03,0001-01-01,100488,1246,completed,31,2021-06-15 01:39:55.571439
2015-08-03,0001-01-01,100488,1404,completed,31,2021-06-15 01:39:55.571439
2015-08-03,0001-01-01,100488,1393,completed,31,2021-06-15 01:39:55.571439
2015-08-03,0001-01-01,100488,1394,completed,31,2021-06-15 01:39:55.571439
2015-08-03,0001-01-01,100488,1406,completed,31,2021-06-15 01:39:55.571439
2015-08-03,0001-01-01,100490,1211,completed,31,2021-06-15 01:39:55.571439
2015-08-03,0001-01-01,100490,1263,completed,31,2021-06-15 01:39:55.571439
2015-08-03,0001-01-01,100502,1393,completed,31,2021-06-15 01:39:55.571439
2015-08-03,0001-01-01,100502,1405,completed,31,2021-06-15 01:39:55.571439
2015-08-03,0001-01-01,100502,1398,completed,31,2021-06-15 01:39:55.571439
2015-08-03,0001-01-01,100502,1394,completed,31,2021-06-15 01:39:55.571439
2015-08-03,0001-01-01,100522,1336,completed,31,2021-06-15 01:39:55.571439
2015-08-03,0001-01-01,100522,1341,completed,31,2021-06-15 01:39:55.571439
2015-08-03,0001-01-01,100522,1343,completed,31,2021-06-15 01:39:55.571439
2015-08-03,0001-01-01,100540,1251,completed,31,2021-06-15 01:39:55.571439
2015-08-03,0001-01-01,100552,1259,completed,31,2021-06-15 01:39:55.571439
2015-08-03,0001-01-01,100552,1098,completed,31,2021-06-15 01:39:55.571439
2015-08-03,0001-01-01,100552,1211,completed,31,2021-06-15 01:39:55.571439
2015-08-03,0001-01-01,100552,1205,completed,31,2021-06-15 01:39:55.571439
2015-08-03,0001-01-01,100555,1211,completed,31,2021-06-15 01:39:55.571439
2015-08-03,0001-01-01,100555,1112,completed,31,2021-06-15 01:39:55.571439
2015-08-03,0001-01-01,100576,1246,completed,31,2021-06-15 01:39:55.571439
2015-08-03,0001-01-01,100576,1208,completed,31,2021-06-15 01:39:55.571439
2015-08-03,0001-01-01,100596,1324,completed,31,2021-06-15 01:39:55.571439
2015-08-03,0001-01-01,100599,1291,completed,31,2021-06-15 01:39:55.571439
2015-08-03,0001-01-01,100599,1284,completed,31,2021-06-15 01:39:55.571439
2015-08-03,0001-01-01,100599,1280,completed,31,2021-06-15 01:39:55.571439
2015-08-03,0001-01-01,100599,1292,completed,31,2021-06-15 01:39:55.571439
2015-08-03,0001-01-01,100619,1326,completed,31,2021-06-15 01:39:55.571439
2015-08-03,0001-01-01,100627,1394,completed,31,2021-06-15 01:39:55.571439
2015-08-03,0001-01-01,100627,1406,completed,31,2021-06-15 01:39:55.571439
2015-08-03,0001-01-01,100627,1399,completed,31,2021-06-15 01:39:55.571439
2015-08-03,0001-01-01,100642,1246,completed,31,2021-06-15 01:39:55.571439
2015-08-03,0001-01-01,100642,1252,completed,31,2021-06-15 01:39:55.571439
2015-08-03,0001-01-01,100642,1320,completed,31,2021-06-15 01:39:55.571439
2015-08-03,0001-01-01,100646,1252,completed,31,2021-06-15 01:39:55.571439
2015-08-03,0001-01-01,100646,1254,completed,31,2021-06-15 01:39:55.571439
2015-08-03,0001-01-01,100646,1205,completed,31,2021-06-15 01:39:55.571439
2015-08-03,0001-01-01,100662,1404,completed,31,2021-06-15 01:39:55.571439
2015-08-03,0001-01-01,100662,1393,completed,31,2021-06-15 01:39:55.571439
2015-08-03,0001-01-01,100662,1398,completed,31,2021-06-15 01:39:55.571439
2015-08-03,0001-01-01,100662,1399,completed,31,2021-06-15 01:39:55.571439
2015-08-03,0001-01-01,100684,1405,completed,31,2021-06-15 01:39:55.571439
2015-08-03,0001-01-01,100684,1407,completed,31,2021-06-15 01:39:55.571439
2015-08-03,0001-01-01,100689,1406,completed,31,2021-06-15 01:39:55.571439
2015-08-03,0001-01-01,100689,1399,completed,31,2021-06-15 01:39:55.571439
2015-08-03,0001-01-01,100689,1407,completed,31,2021-06-15 01:39:55.571439
2015-08-03,0001-01-01,100689,1400,completed,31,2021-06-15 01:39:55.571439
2015-08-03,0001-01-01,100698,1336,completed,31,2021-06-15 01:39:55.571439
2015-08-03,0001-01-01,100698,1339,completed,31,2021-06-15 01:39:55.571439
2015-08-03,0001-01-01,100700,1393,completed,31,2021-06-15 01:39:55.571439
2015-08-03,0001-01-01,100700,1394,completed,31,2021-06-15 01:39:55.571439
2015-08-03,0001-01-01,100700,1406,completed,31,2021-06-15 01:39:55.571439
2015-08-03,0001-01-01,100701,1404,completed,31,2021-06-15 01:39:55.571439
2015-08-03,0001-01-01,100701,1323,completed,31,2021-06-15 01:39:55.571439
2015-08-03,0001-01-01,100701,1393,completed,31,2021-06-15 01:39:55.571439
2015-08-03,0001-01-01,100706,1251,completed,31,2021-06-15 01:39:55.571439
2015-08-03,0001-01-01,100708,1393,completed,31,2021-06-15 01:39:55.571439
2015-08-03,0001-01-01,100708,1405,completed,31,2021-06-15 01:39:55.571439
2015-08-03,0001-01-01,100708,1398,completed,31,2021-06-15 01:39:55.571439
2015-08-03,0001-01-01,100713,1290,completed,31,2021-06-15 01:39:55.571439
2015-08-03,0001-01-01,100713,1283,completed,31,2021-06-15 01:39:55.571439
2015-08-03,0001-01-01,100713,1291,completed,31,2021-06-15 01:39:55.571439
2015-08-03,0001-01-01,100713,1284,completed,31,2021-06-15 01:39:55.571439
2015-08-03,0001-01-01,100713,1280,completed,31,2021-06-15 01:39:55.571439
2015-08-03,0001-01-01,100716,1283,completed,31,2021-06-15 01:39:55.571439
2015-08-03,0001-01-01,100716,1398,completed,31,2021-06-15 01:39:55.571439
2015-08-03,0001-01-01,100729,1251,completed,31,2021-06-15 01:39:55.571439
2015-08-03,0001-01-01,100734,1396,completed,31,2021-06-15 01:39:55.571439
2015-08-03,0001-01-01,100734,1392,completed,31,2021-06-15 01:39:55.571439
2015-08-03,0001-01-01,100734,1404,completed,31,2021-06-15 01:39:55.571439
2015-08-03,0001-01-01,100734,1251,completed,31,2021-06-15 01:39:55.571439
2015-08-03,0001-01-01,100779,1258,completed,31,2021-06-15 01:39:55.571439
2015-08-03,0001-01-01,100779,1280,completed,31,2021-06-15 01:39:55.571439
2015-08-03,0001-01-01,100785,1279,completed,31,2021-06-15 01:39:55.571439
2015-08-03,0001-01-01,100785,1291,completed,31,2021-06-15 01:39:55.571439
2015-08-03,0001-01-01,100785,1284,completed,31,2021-06-15 01:39:55.571439
2015-08-03,0001-01-01,100785,1285,completed,31,2021-06-15 01:39:55.571439
2015-08-03,0001-01-01,100788,1393,completed,31,2021-06-15 01:39:55.571439
2015-08-03,0001-01-01,100788,1394,completed,31,2021-06-15 01:39:55.571439
2015-08-03,0001-01-01,100788,1406,completed,31,2021-06-15 01:39:55.571439
2015-08-03,0001-01-01,100800,1323,completed,31,2021-06-15 01:39:55.571439
2015-08-03,0001-01-01,100800,1331,completed,31,2021-06-15 01:39:55.571439
2015-08-03,0001-01-01,100800,1320,completed,31,2021-06-15 01:39:55.571439
2015-08-03,0001-01-01,100800,1325,completed,31,2021-06-15 01:39:55.571439
2015-08-03,0001-01-01,100806,1392,completed,31,2021-06-15 01:39:55.571439
2015-08-03,0001-01-01,100806,1398,completed,31,2021-06-15 01:39:55.571439
2015-08-03,0001-01-01,100806,1394,completed,31,2021-06-15 01:39:55.571439
2015-08-03,0001-01-01,100806,1406,completed,31,2021-06-15 01:39:55.571439
2015-08-03,0001-01-01,100807,1279,completed,31,2021-06-15 01:39:55.571439
2015-08-03,0001-01-01,100807,1291,completed,31,2021-06-15 01:39:55.571439
2015-08-03,0001-01-01,100807,1292,completed,31,2021-06-15 01:39:55.571439
2015-08-03,0001-01-01,100807,1285,completed,31,2021-06-15 01:39:55.571439
2015-08-03,0001-01-01,100807,1203,completed,31,2021-06-15 01:39:55.571439
2015-08-03,0001-01-01,100810,1326,completed,31,2021-06-15 01:39:55.571439
2015-08-03,0001-01-01,100825,1197,completed,31,2021-06-15 01:39:55.571439
2015-08-03,0001-01-01,100825,1324,completed,31,2021-06-15 01:39:55.571439
2015-08-03,0001-01-01,100825,1398,completed,31,2021-06-15 01:39:55.571439
2015-08-03,0001-01-01,100827,1404,completed,31,2021-06-15 01:39:55.571439
2015-08-03,0001-01-01,100829,1404,completed,31,2021-06-15 01:39:55.571439
2015-08-03,0001-01-01,100829,1393,completed,31,2021-06-15 01:39:55.571439
2015-08-03,0001-01-01,100829,1398,completed,31,2021-06-15 01:39:55.571439
2015-08-03,0001-01-01,100845,1292,completed,31,2021-06-15 01:39:55.571439
2015-08-03,0001-01-01,100845,1285,completed,31,2021-06-15 01:39:55.571439
2015-08-03,0001-01-01,100845,1286,completed,31,2021-06-15 01:39:55.571439
2015-08-03,0001-01-01,100845,1294,completed,31,2021-06-15 01:39:55.571439
2015-08-03,0001-01-01,100847,1284,completed,31,2021-06-15 01:39:55.571439
2015-08-03,0001-01-01,100847,1098,completed,31,2021-06-15 01:39:55.571439
2015-08-03,0001-01-01,100847,1280,completed,31,2021-06-15 01:39:55.571439
2015-08-03,0001-01-01,100847,1292,completed,31,2021-06-15 01:39:55.571439
2015-08-03,0001-01-01,100851,1283,completed,31,2021-06-15 01:39:55.571439
2015-08-03,0001-01-01,100851,1279,completed,31,2021-06-15 01:39:55.571439
2015-08-03,0001-01-01,100851,1291,completed,31,2021-06-15 01:39:55.571439
2015-08-03,0001-01-01,100851,1280,completed,31,2021-06-15 01:39:55.571439
2015-08-03,0001-01-01,100866,1283,completed,31,2021-06-15 01:39:55.571439
2015-08-03,0001-01-01,100866,1280,completed,31,2021-06-15 01:39:55.571439
2015-08-03,0001-01-01,100866,1285,completed,31,2021-06-15 01:39:55.571439
2015-08-03,0001-01-01,100866,1286,completed,31,2021-06-15 01:39:55.571439
2015-08-03,0001-01-01,100866,1295,completed,31,2021-06-15 01:39:55.571439
2015-08-03,0001-01-01,100893,1330,completed,31,2021-06-15 01:39:55.571439
2015-08-03,0001-01-01,100893,1292,completed,31,2021-06-15 01:39:55.571439
2015-08-03,0001-01-01,100913,1279,completed,31,2021-06-15 01:39:55.571439
2015-08-03,0001-01-01,100913,1284,completed,31,2021-06-15 01:39:55.571439
2015-08-03,0001-01-01,100913,1280,completed,31,2021-06-15 01:39:55.571439
2015-08-03,0001-01-01,100913,1292,completed,31,2021-06-15 01:39:55.571439
2015-08-03,0001-01-01,100945,1200,completed,31,2021-06-15 01:39:55.571439
2015-08-03,0001-01-01,100945,1197,completed,31,2021-06-15 01:39:55.571439
2015-08-03,0001-01-01,100945,1102,completed,31,2021-06-15 01:39:55.571439
2015-08-03,0001-01-01,100951,1398,completed,31,2021-06-15 01:39:55.571439
2015-08-03,0001-01-01,100951,1394,completed,31,2021-06-15 01:39:55.571439
2015-08-03,0001-01-01,100951,1406,completed,31,2021-06-15 01:39:55.571439
2015-08-03,0001-01-01,100951,1399,completed,31,2021-06-15 01:39:55.571439
2015-08-03,0001-01-01,100952,1197,completed,31,2021-06-15 01:39:55.571439
2015-08-03,0001-01-01,100952,1332,completed,31,2021-06-15 01:39:55.571439
2015-08-03,0001-01-01,100952,1115,completed,31,2021-06-15 01:39:55.571439
2015-08-03,0001-01-01,100956,1332,completed,31,2021-06-15 01:39:55.571439
2015-08-03,0001-01-01,100958,1320,completed,31,2021-06-15 01:39:55.571439
2015-08-03,0001-01-01,100958,1332,completed,31,2021-06-15 01:39:55.571439
2015-08-03,0001-01-01,100958,1260,completed,31,2021-06-15 01:39:55.571439
2015-08-03,0001-01-01,100958,1333,completed,31,2021-06-15 01:39:55.571439
2015-08-03,0001-01-01,100963,1333,completed,31,2021-06-15 01:39:55.571439
2015-08-03,0001-01-01,100963,1336,completed,31,2021-06-15 01:39:55.571439
2015-08-03,0001-01-01,100963,1337,completed,31,2021-06-15 01:39:55.571439
2015-08-03,0001-01-01,100963,1339,completed,31,2021-06-15 01:39:55.571439
2015-08-03,0001-01-01,100964,1279,completed,31,2021-06-15 01:39:55.571439
2015-08-03,0001-01-01,100964,1291,completed,31,2021-06-15 01:39:55.571439
2015-08-03,0001-01-01,100967,1246,completed,31,2021-06-15 01:39:55.571439
2015-08-03,0001-01-01,100967,1290,completed,31,2021-06-15 01:39:55.571439
2015-08-03,0001-01-01,100981,1393,completed,31,2021-06-15 01:39:55.571439
2015-08-03,0001-01-01,100981,1405,completed,31,2021-06-15 01:39:55.571439
2015-08-03,0001-01-01,100981,1398,completed,31,2021-06-15 01:39:55.571439
2015-08-03,0001-01-01,100981,1406,completed,31,2021-06-15 01:39:55.571439
2015-08-03,0001-01-01,100995,1279,completed,31,2021-06-15 01:39:55.571439
2015-08-03,0001-01-01,100995,1284,completed,31,2021-06-15 01:39:55.571439
2015-08-03,0001-01-01,100995,1280,completed,31,2021-06-15 01:39:55.571439
2016-01-04,0001-01-01,101003,1329,completed,32,2021-06-15 01:57:04.643960
2016-01-04,0001-01-01,101003,1318,completed,32,2021-06-15 01:57:04.643960
2016-01-04,0001-01-01,101003,1196,completed,32,2021-06-15 01:57:04.643960
2016-01-04,0001-01-01,101019,1318,completed,32,2021-06-15 01:57:04.643960
2016-01-04,0001-01-01,101019,1330,completed,32,2021-06-15 01:57:04.643960
2016-01-04,0001-01-01,101024,1330,completed,32,2021-06-15 01:57:04.643960
2016-01-04,0001-01-01,101024,1323,completed,32,2021-06-15 01:57:04.643960
2016-01-04,0001-01-01,101024,1319,completed,32,2021-06-15 01:57:04.643960
2016-01-04,0001-01-01,101024,1291,completed,32,2021-06-15 01:57:04.643960
2016-01-04,0001-01-01,101026,1402,completed,32,2021-06-15 01:57:04.643960
2016-01-04,0001-01-01,101026,1395,completed,32,2021-06-15 01:57:04.643960
2016-01-04,0001-01-01,101026,1391,completed,32,2021-06-15 01:57:04.643960
2016-01-04,0001-01-01,101035,1403,completed,32,2021-06-15 01:57:04.643960
2016-01-04,0001-01-01,101036,1200,completed,32,2021-06-15 01:57:04.643960
2016-01-04,0001-01-01,101055,1282,completed,32,2021-06-15 01:57:04.643960
2016-01-04,0001-01-01,101055,1290,completed,32,2021-06-15 01:57:04.643960
2016-01-04,0001-01-01,101055,1283,completed,32,2021-06-15 01:57:04.643960
2016-01-04,0001-01-01,101055,1279,completed,32,2021-06-15 01:57:04.643960
2016-01-04,0001-01-01,101056,1322,completed,32,2021-06-15 01:57:04.643960
2016-01-04,0001-01-01,101056,1318,completed,32,2021-06-15 01:57:04.643960
2016-01-04,0001-01-01,101056,1246,completed,32,2021-06-15 01:57:04.643960
2016-01-04,0001-01-01,101058,1391,completed,32,2021-06-15 01:57:04.643960
2016-01-04,0001-01-01,101058,1403,completed,32,2021-06-15 01:57:04.643960
2016-01-04,0001-01-01,101058,1396,completed,32,2021-06-15 01:57:04.643960
2016-01-04,0001-01-01,101058,1405,completed,32,2021-06-15 01:57:04.643960
2016-01-04,0001-01-01,101077,1199,completed,32,2021-06-15 01:57:04.643960
2016-01-04,0001-01-01,101077,1250,completed,32,2021-06-15 01:57:04.643960
2016-01-04,0001-01-01,101077,1096,completed,32,2021-06-15 01:57:04.643960
2016-01-04,0001-01-01,101083,1392,completed,32,2021-06-15 01:57:04.643960
2016-01-04,0001-01-01,101089,1321,completed,32,2021-06-15 01:57:04.643960
2016-01-04,0001-01-01,101089,1322,completed,32,2021-06-15 01:57:04.643960
2016-01-04,0001-01-01,101147,1322,completed,32,2021-06-15 01:57:04.643960
2016-01-04,0001-01-01,101147,1319,completed,32,2021-06-15 01:57:04.643960
2016-01-04,0001-01-01,101147,1320,completed,32,2021-06-15 01:57:04.643960
2016-01-04,0001-01-01,101148,1331,completed,32,2021-06-15 01:57:04.643960
2016-01-04,0001-01-01,101148,1284,completed,32,2021-06-15 01:57:04.643960
2016-01-04,0001-01-01,101148,1324,completed,32,2021-06-15 01:57:04.643960
2016-01-04,0001-01-01,101148,1320,completed,32,2021-06-15 01:57:04.643960
2016-01-04,0001-01-01,101148,1327,completed,32,2021-06-15 01:57:04.643960
2016-01-04,0001-01-01,101150,1403,completed,32,2021-06-15 01:57:04.643960
2016-01-04,0001-01-01,101150,1396,completed,32,2021-06-15 01:57:04.643960
2016-01-04,0001-01-01,101158,1097,completed,32,2021-06-15 01:57:04.643960
2016-01-04,0001-01-01,101164,1250,completed,32,2021-06-15 01:57:04.643960
2016-01-04,0001-01-01,101164,1200,completed,32,2021-06-15 01:57:04.643960
2016-01-04,0001-01-01,101164,1202,completed,32,2021-06-15 01:57:04.643960
2016-01-04,0001-01-01,101165,1395,completed,32,2021-06-15 01:57:04.643960
2016-01-04,0001-01-01,101165,1403,completed,32,2021-06-15 01:57:04.643960
2016-01-04,0001-01-01,101165,1396,completed,32,2021-06-15 01:57:04.643960
2016-01-04,0001-01-01,101165,1404,completed,32,2021-06-15 01:57:04.643960
2016-01-04,0001-01-01,101165,1393,completed,32,2021-06-15 01:57:04.643960
2016-01-04,0001-01-01,101187,1256,completed,32,2021-06-15 01:57:04.643960
2016-01-04,0001-01-01,101187,1391,completed,32,2021-06-15 01:57:04.643960
2016-01-04,0001-01-01,101188,1196,completed,32,2021-06-15 01:57:04.643960
2016-01-04,0001-01-01,101200,1249,completed,32,2021-06-15 01:57:04.643960
2016-01-04,0001-01-01,101211,1330,completed,32,2021-06-15 01:57:04.643960
2016-01-04,0001-01-01,101211,1332,completed,32,2021-06-15 01:57:04.643960
2016-01-04,0001-01-01,101215,1095,completed,32,2021-06-15 01:57:04.643960
2016-01-04,0001-01-01,101215,1096,completed,32,2021-06-15 01:57:04.643960
2016-01-04,0001-01-01,101215,1196,completed,32,2021-06-15 01:57:04.643960
2016-01-04,0001-01-01,101238,1282,completed,32,2021-06-15 01:57:04.643960
2016-01-04,0001-01-01,101238,1290,completed,32,2021-06-15 01:57:04.643960
2016-01-04,0001-01-01,101238,1283,completed,32,2021-06-15 01:57:04.643960
2016-01-04,0001-01-01,101266,1318,completed,32,2021-06-15 01:57:04.643960
2016-01-04,0001-01-01,101266,1330,completed,32,2021-06-15 01:57:04.643960
2016-01-04,0001-01-01,101266,1331,completed,32,2021-06-15 01:57:04.643960
2016-01-04,0001-01-01,101273,1099,completed,32,2021-06-15 01:57:04.643960
2016-01-04,0001-01-01,101275,1403,completed,32,2021-06-15 01:57:04.643960
2016-01-04,0001-01-01,101275,1396,completed,32,2021-06-15 01:57:04.643960
2016-01-04,0001-01-01,101275,1392,completed,32,2021-06-15 01:57:04.643960
2016-01-04,0001-01-01,101278,1329,completed,32,2021-06-15 01:57:04.643960
2016-01-04,0001-01-01,101278,1322,completed,32,2021-06-15 01:57:04.643960
2016-01-04,0001-01-01,101278,1396,completed,32,2021-06-15 01:57:04.643960
2016-01-04,0001-01-01,101278,1330,completed,32,2021-06-15 01:57:04.643960
2016-01-04,0001-01-01,101278,1323,completed,32,2021-06-15 01:57:04.643960
2016-01-04,0001-01-01,101290,1323,completed,32,2021-06-15 01:57:04.643960
2016-01-04,0001-01-01,101290,1319,completed,32,2021-06-15 01:57:04.643960
2016-01-04,0001-01-01,101290,1320,completed,32,2021-06-15 01:57:04.643960
2016-01-04,0001-01-01,101293,1193,completed,32,2021-06-15 01:57:04.643960
2016-01-04,0001-01-01,101293,1321,completed,32,2021-06-15 01:57:04.643960
2016-01-04,0001-01-01,101306,1390,completed,32,2021-06-15 01:57:04.643960
2016-01-04,0001-01-01,101329,1249,completed,32,2021-06-15 01:57:04.643960
2016-01-04,0001-01-01,101329,1250,completed,32,2021-06-15 01:57:04.643960
2016-01-04,0001-01-01,101329,1102,completed,32,2021-06-15 01:57:04.643960
2016-01-04,0001-01-01,101329,1103,completed,32,2021-06-15 01:57:04.643960
2016-01-04,0001-01-01,101336,1391,completed,32,2021-06-15 01:57:04.643960
2016-01-04,0001-01-01,101336,1396,completed,32,2021-06-15 01:57:04.643960
2016-01-04,0001-01-01,101336,1392,completed,32,2021-06-15 01:57:04.643960
2016-01-04,0001-01-01,101336,1404,completed,32,2021-06-15 01:57:04.643960
2016-01-04,0001-01-01,101347,1391,completed,32,2021-06-15 01:57:04.643960
2016-01-04,0001-01-01,101347,1396,completed,32,2021-06-15 01:57:04.643960
2016-01-04,0001-01-01,101347,1392,completed,32,2021-06-15 01:57:04.643960
2016-01-04,0001-01-01,101347,1404,completed,32,2021-06-15 01:57:04.643960
2016-01-04,0001-01-01,101347,1290,completed,32,2021-06-15 01:57:04.643960
2016-01-04,0001-01-01,101358,1403,completed,32,2021-06-15 01:57:04.643960
2016-01-04,0001-01-01,101358,1392,completed,32,2021-06-15 01:57:04.643960
2016-01-04,0001-01-01,101358,1404,completed,32,2021-06-15 01:57:04.643960
2016-01-04,0001-01-01,101376,1201,completed,32,2021-06-15 01:57:04.643960
2016-01-04,0001-01-01,101376,1247,completed,32,2021-06-15 01:57:04.643960
2016-01-04,0001-01-01,101382,1256,completed,32,2021-06-15 01:57:04.643960
2016-01-04,0001-01-01,101385,1391,completed,32,2021-06-15 01:57:04.643960
2016-01-04,0001-01-01,101387,1329,completed,32,2021-06-15 01:57:04.643960
2016-01-04,0001-01-01,101387,1330,completed,32,2021-06-15 01:57:04.643960
2016-01-04,0001-01-01,101392,1390,completed,32,2021-06-15 01:57:04.643960
2016-01-04,0001-01-01,101399,1200,completed,32,2021-06-15 01:57:04.643960
2016-01-04,0001-01-01,101399,1096,completed,32,2021-06-15 01:57:04.643960
2016-01-04,0001-01-01,101399,1196,completed,32,2021-06-15 01:57:04.643960
2016-01-04,0001-01-01,101399,1251,completed,32,2021-06-15 01:57:04.643960
2016-01-04,0001-01-01,101431,1249,completed,32,2021-06-15 01:57:04.643960
2016-01-04,0001-01-01,101438,1282,completed,32,2021-06-15 01:57:04.643960
2016-01-04,0001-01-01,101438,1290,completed,32,2021-06-15 01:57:04.643960
2016-01-04,0001-01-01,101438,1283,completed,32,2021-06-15 01:57:04.643960
2016-01-04,0001-01-01,101438,1279,completed,32,2021-06-15 01:57:04.643960
2016-01-04,0001-01-01,101491,1282,completed,32,2021-06-15 01:57:04.643960
2016-01-04,0001-01-01,101491,1290,completed,32,2021-06-15 01:57:04.643960
2016-01-04,0001-01-01,101491,1283,completed,32,2021-06-15 01:57:04.643960
2016-01-04,0001-01-01,101505,1289,completed,32,2021-06-15 01:57:04.643960
2016-01-04,0001-01-01,101505,1279,completed,32,2021-06-15 01:57:04.643960
2016-01-04,0001-01-01,101505,1291,completed,32,2021-06-15 01:57:04.643960
2016-01-04,0001-01-01,101505,1284,completed,32,2021-06-15 01:57:04.643960
2016-01-04,0001-01-01,101519,1332,completed,32,2021-06-15 01:57:04.643960
2016-01-04,0001-01-01,101519,1210,completed,32,2021-06-15 01:57:04.643960
2016-01-04,0001-01-01,101519,1333,completed,32,2021-06-15 01:57:04.643960
2016-01-04,0001-01-01,101536,1279,completed,32,2021-06-15 01:57:04.643960
2016-01-04,0001-01-01,101536,1334,completed,32,2021-06-15 01:57:04.643960
2016-01-04,0001-01-01,101582,1391,completed,32,2021-06-15 01:57:04.643960
2016-01-04,0001-01-01,101582,1403,completed,32,2021-06-15 01:57:04.643960
2016-01-04,0001-01-01,101582,1404,completed,32,2021-06-15 01:57:04.643960
2016-01-04,0001-01-01,101582,1405,completed,32,2021-06-15 01:57:04.643960
2016-01-04,0001-01-01,101583,1323,completed,32,2021-06-15 01:57:04.643960
2016-01-04,0001-01-01,101583,1331,completed,32,2021-06-15 01:57:04.643960
2016-01-04,0001-01-01,101583,1332,completed,32,2021-06-15 01:57:04.643960
2016-01-04,0001-01-01,101603,1249,completed,32,2021-06-15 01:57:04.643960
2016-01-04,0001-01-01,101603,1277,completed,32,2021-06-15 01:57:04.643960
2016-01-04,0001-01-01,101603,1245,completed,32,2021-06-15 01:57:04.643960
2016-01-04,0001-01-01,101603,1096,completed,32,2021-06-15 01:57:04.643960
2016-01-04,0001-01-01,101603,1196,completed,32,2021-06-15 01:57:04.643960
2016-01-04,0001-01-01,101616,1200,completed,32,2021-06-15 01:57:04.643960
2016-01-04,0001-01-01,101616,1196,completed,32,2021-06-15 01:57:04.643960
2016-01-04,0001-01-01,101616,1247,completed,32,2021-06-15 01:57:04.643960
2016-01-04,0001-01-01,101616,1197,completed,32,2021-06-15 01:57:04.643960
2016-01-04,0001-01-01,101617,1250,completed,32,2021-06-15 01:57:04.643960
2016-01-04,0001-01-01,101617,1097,completed,32,2021-06-15 01:57:04.643960
2016-01-04,0001-01-01,101617,1197,completed,32,2021-06-15 01:57:04.643960
2016-01-04,0001-01-01,101618,1283,completed,32,2021-06-15 01:57:04.643960
2016-01-04,0001-01-01,101618,1291,completed,32,2021-06-15 01:57:04.643960
2016-01-04,0001-01-01,101618,1197,completed,32,2021-06-15 01:57:04.643960
2016-01-04,0001-01-01,101618,1284,completed,32,2021-06-15 01:57:04.643960
2016-01-04,0001-01-01,101635,1322,completed,32,2021-06-15 01:57:04.643960
2016-01-04,0001-01-01,101635,1331,completed,32,2021-06-15 01:57:04.643960
2016-01-04,0001-01-01,101635,1320,completed,32,2021-06-15 01:57:04.643960
2016-01-04,0001-01-01,101650,1097,completed,32,2021-06-15 01:57:04.643960
2016-01-04,0001-01-01,101650,1320,completed,32,2021-06-15 01:57:04.643960
2016-01-04,0001-01-01,101650,1103,completed,32,2021-06-15 01:57:04.643960
2016-01-04,0001-01-01,101650,1203,completed,32,2021-06-15 01:57:04.643960
2016-01-04,0001-01-01,101667,1395,completed,32,2021-06-15 01:57:04.643960
2016-01-04,0001-01-01,101680,1207,completed,32,2021-06-15 01:57:04.643960
2016-01-04,0001-01-01,101680,1101,completed,32,2021-06-15 01:57:04.643960
2016-01-04,0001-01-01,101680,1251,completed,32,2021-06-15 01:57:04.643960
2016-01-04,0001-01-01,101680,1201,completed,32,2021-06-15 01:57:04.643960
2016-01-04,0001-01-01,101680,1398,completed,32,2021-06-15 01:57:04.643960
2016-01-04,0001-01-01,101688,1289,completed,32,2021-06-15 01:57:04.643960
2016-01-04,0001-01-01,101688,1282,completed,32,2021-06-15 01:57:04.643960
2016-01-04,0001-01-01,101690,1329,completed,32,2021-06-15 01:57:04.643960
2016-01-04,0001-01-01,101690,1330,completed,32,2021-06-15 01:57:04.643960
2016-01-04,0001-01-01,101690,1319,completed,32,2021-06-15 01:57:04.643960
2016-01-04,0001-01-01,101694,1245,completed,32,2021-06-15 01:57:04.643960
2016-01-04,0001-01-01,101699,1289,completed,32,2021-06-15 01:57:04.643960
2016-01-04,0001-01-01,101699,1279,completed,32,2021-06-15 01:57:04.643960
2016-01-04,0001-01-01,101699,1284,completed,32,2021-06-15 01:57:04.643960
2016-01-04,0001-01-01,101699,1280,completed,32,2021-06-15 01:57:04.643960
2016-01-04,0001-01-01,101721,1245,completed,32,2021-06-15 01:57:04.643960
2016-01-04,0001-01-01,101721,1096,completed,32,2021-06-15 01:57:04.643960
2016-01-04,0001-01-01,101721,1101,completed,32,2021-06-15 01:57:04.643960
2016-01-04,0001-01-01,101723,1256,completed,32,2021-06-15 01:57:04.643960
2016-01-04,0001-01-01,101723,1250,completed,32,2021-06-15 01:57:04.643960
2016-01-04,0001-01-01,101723,1097,completed,32,2021-06-15 01:57:04.643960
2016-01-04,0001-01-01,101739,1277,completed,32,2021-06-15 01:57:04.643960
2016-01-04,0001-01-01,101739,1289,completed,32,2021-06-15 01:57:04.643960
2016-01-04,0001-01-01,101739,1290,completed,32,2021-06-15 01:57:04.643960
2016-01-04,0001-01-01,101739,1283,completed,32,2021-06-15 01:57:04.643960
2016-01-04,0001-01-01,101747,1200,completed,32,2021-06-15 01:57:04.643960
2016-01-04,0001-01-01,101747,1246,completed,32,2021-06-15 01:57:04.643960
2016-01-04,0001-01-01,101747,1196,completed,32,2021-06-15 01:57:04.643960
2016-01-04,0001-01-01,101747,1260,completed,32,2021-06-15 01:57:04.643960
2016-01-04,0001-01-01,101752,1322,completed,32,2021-06-15 01:57:04.643960
2016-01-04,0001-01-01,101759,1329,completed,32,2021-06-15 01:57:04.643960
2016-01-04,0001-01-01,101762,1403,completed,32,2021-06-15 01:57:04.643960
2016-01-04,0001-01-01,101762,1207,completed,32,2021-06-15 01:57:04.643960
2016-01-04,0001-01-01,101762,1208,completed,32,2021-06-15 01:57:04.643960
2016-01-04,0001-01-01,101762,1201,completed,32,2021-06-15 01:57:04.643960
2016-01-04,0001-01-01,101808,1202,completed,32,2021-06-15 01:57:04.643960
2016-01-04,0001-01-01,101814,1321,completed,32,2021-06-15 01:57:04.643960
2016-01-04,0001-01-01,101814,1318,completed,32,2021-06-15 01:57:04.643960
2016-01-04,0001-01-01,101826,1258,completed,32,2021-06-15 01:57:04.643960
2016-01-04,0001-01-01,101826,1102,completed,32,2021-06-15 01:57:04.643960
2016-01-04,0001-01-01,101838,1258,completed,32,2021-06-15 01:57:04.643960
2016-01-04,0001-01-01,101838,1247,completed,32,2021-06-15 01:57:04.643960
2016-01-04,0001-01-01,101838,1202,completed,32,2021-06-15 01:57:04.643960
2016-01-04,0001-01-01,101840,1319,completed,32,2021-06-15 01:57:04.643960
2016-01-04,0001-01-01,101840,1325,completed,32,2021-06-15 01:57:04.643960
2016-01-04,0001-01-01,101840,1334,completed,32,2021-06-15 01:57:04.643960
2016-01-04,0001-01-01,101868,1199,completed,32,2021-06-15 01:57:04.643960
2016-01-04,0001-01-01,101868,1200,completed,32,2021-06-15 01:57:04.643960
2016-01-04,0001-01-01,101868,1252,completed,32,2021-06-15 01:57:04.643960
2016-01-04,0001-01-01,101873,1329,completed,32,2021-06-15 01:57:04.643960
2016-01-04,0001-01-01,101873,1322,completed,32,2021-06-15 01:57:04.643960
2016-01-04,0001-01-01,101873,1323,completed,32,2021-06-15 01:57:04.643960
2016-01-04,0001-01-01,101891,1322,completed,32,2021-06-15 01:57:04.643960
2016-01-04,0001-01-01,101891,1324,completed,32,2021-06-15 01:57:04.643960
2016-01-04,0001-01-01,101898,1289,completed,32,2021-06-15 01:57:04.643960
2016-01-04,0001-01-01,101898,1282,completed,32,2021-06-15 01:57:04.643960
2016-01-04,0001-01-01,101898,1290,completed,32,2021-06-15 01:57:04.643960
2016-01-04,0001-01-01,101898,1283,completed,32,2021-06-15 01:57:04.643960
2016-01-04,0001-01-01,101916,1391,completed,32,2021-06-15 01:57:04.643960
2016-01-04,0001-01-01,101916,1396,completed,32,2021-06-15 01:57:04.643960
2016-01-04,0001-01-01,101916,1207,completed,32,2021-06-15 01:57:04.643960
2016-01-04,0001-01-01,101919,1095,completed,32,2021-06-15 01:57:04.643960
2016-01-04,0001-01-01,101919,1245,completed,32,2021-06-15 01:57:04.643960
2016-01-04,0001-01-01,101919,1246,completed,32,2021-06-15 01:57:04.643960
2016-01-04,0001-01-01,101919,1097,completed,32,2021-06-15 01:57:04.643960
2016-01-04,0001-01-01,101919,1247,completed,32,2021-06-15 01:57:04.643960
2016-01-04,0001-01-01,101931,1319,completed,32,2021-06-15 01:57:04.643960
2016-01-04,0001-01-01,101931,1331,completed,32,2021-06-15 01:57:04.643960
2016-01-04,0001-01-01,101931,1324,completed,32,2021-06-15 01:57:04.643960
2016-01-04,0001-01-01,101931,1320,completed,32,2021-06-15 01:57:04.643960
2016-01-04,0001-01-01,101931,1332,completed,32,2021-06-15 01:57:04.643960
2016-01-04,0001-01-01,101943,1391,completed,32,2021-06-15 01:57:04.643960
2016-01-04,0001-01-01,101943,1396,completed,32,2021-06-15 01:57:04.643960
2016-01-04,0001-01-01,101943,1404,completed,32,2021-06-15 01:57:04.643960
2016-01-04,0001-01-01,101963,1323,completed,32,2021-06-15 01:57:04.643960
2016-01-04,0001-01-01,101963,1332,completed,32,2021-06-15 01:57:04.643960
2016-01-04,0001-01-01,101963,1325,completed,32,2021-06-15 01:57:04.643960
2016-01-04,0001-01-01,101974,1207,completed,32,2021-06-15 01:57:04.643960
2016-01-04,0001-01-01,101974,1250,completed,32,2021-06-15 01:57:04.643960
2016-01-04,0001-01-01,101974,1246,completed,32,2021-06-15 01:57:04.643960
2016-01-04,0001-01-01,101994,1249,completed,32,2021-06-15 01:57:04.643960
2016-01-04,0001-01-01,101994,1095,completed,32,2021-06-15 01:57:04.643960
2016-01-04,0001-01-01,101999,1406,completed,32,2021-06-15 01:57:04.643960
2016-01-04,0001-01-01,101999,1104,completed,32,2021-06-15 01:57:04.643960
2016-01-04,0001-01-01,101999,1261,completed,32,2021-06-15 01:57:04.643960
2016-01-04,0001-01-01,101999,1112,completed,32,2021-06-15 01:57:04.643960
2016-01-04,0001-01-01,101999,1262,completed,32,2021-06-15 01:57:04.643960
2016-01-04,0001-01-01,100016,1205,completed,32,2021-06-15 01:57:04.643960
2016-01-04,0001-01-01,100016,1213,completed,32,2021-06-15 01:57:04.643960
2016-01-04,0001-01-01,100033,1118,completed,32,2021-06-15 01:57:04.643960
2016-01-04,0001-01-01,100033,1268,completed,32,2021-06-15 01:57:04.643960
2016-01-04,0001-01-01,100033,1119,completed,32,2021-06-15 01:57:04.643960
2016-01-04,0001-01-01,100033,1269,completed,32,2021-06-15 01:57:04.643960
2016-01-04,0001-01-01,100033,1220,completed,32,2021-06-15 01:57:04.643960
2016-01-04,0001-01-01,100043,1411,completed,32,2021-06-15 01:57:04.643960
2016-01-04,0001-01-01,100043,1270,completed,32,2021-06-15 01:57:04.643960
2016-01-04,0001-01-01,100048,1286,completed,32,2021-06-15 01:57:04.643960
2016-01-04,0001-01-01,100048,1294,completed,32,2021-06-15 01:57:04.643960
2016-01-04,0001-01-01,100048,1287,completed,32,2021-06-15 01:57:04.643960
2016-01-04,0001-01-01,100048,1295,completed,32,2021-06-15 01:57:04.643960
2016-01-04,0001-01-01,100062,1301,completed,32,2021-06-15 01:57:04.643960
2016-01-04,0001-01-01,100063,1294,completed,32,2021-06-15 01:57:04.643960
2016-01-04,0001-01-01,100063,1287,completed,32,2021-06-15 01:57:04.643960
2016-01-04,0001-01-01,100063,1401,completed,32,2021-06-15 01:57:04.643960
2016-01-04,0001-01-01,100063,1295,completed,32,2021-06-15 01:57:04.643960
2016-01-04,0001-01-01,100063,1296,completed,32,2021-06-15 01:57:04.643960
2016-01-04,0001-01-01,100093,1334,completed,32,2021-06-15 01:57:04.643960
2016-01-04,0001-01-01,100093,1335,completed,32,2021-06-15 01:57:04.643960
2016-01-04,0001-01-01,100093,1410,completed,32,2021-06-15 01:57:04.643960
2016-01-04,0001-01-01,100093,1337,completed,32,2021-06-15 01:57:04.643960
2016-01-04,0001-01-01,100096,1286,completed,32,2021-06-15 01:57:04.643960
2016-01-04,0001-01-01,100096,1294,completed,32,2021-06-15 01:57:04.643960
2016-01-04,0001-01-01,100096,1287,completed,32,2021-06-15 01:57:04.643960
2016-01-04,0001-01-01,100096,1295,completed,32,2021-06-15 01:57:04.643960
2016-01-04,0001-01-01,100096,1296,completed,32,2021-06-15 01:57:04.643960
2016-01-04,0001-01-01,100101,1401,completed,32,2021-06-15 01:57:04.643960
2016-01-04,0001-01-01,100101,1409,completed,32,2021-06-15 01:57:04.643960
2016-01-04,0001-01-01,100101,1410,completed,32,2021-06-15 01:57:04.643960
2016-01-04,0001-01-01,100105,1263,completed,32,2021-06-15 01:57:04.643960
2016-01-04,0001-01-01,100105,1214,completed,32,2021-06-15 01:57:04.643960
2016-01-04,0001-01-01,100105,1120,completed,32,2021-06-15 01:57:04.643960
2016-01-04,0001-01-01,100105,1123,completed,32,2021-06-15 01:57:04.643960
2016-01-04,0001-01-01,100105,1225,completed,32,2021-06-15 01:57:04.643960
2016-01-04,0001-01-01,100117,1335,completed,32,2021-06-15 01:57:04.643960
2016-01-04,0001-01-01,100117,1339,completed,32,2021-06-15 01:57:04.643960
2016-01-04,0001-01-01,100117,1345,completed,32,2021-06-15 01:57:04.643960
2016-01-04,0001-01-01,100117,1346,completed,32,2021-06-15 01:57:04.643960
2016-01-04,0001-01-01,100118,1408,completed,32,2021-06-15 01:57:04.643960
2016-01-04,0001-01-01,100118,1401,completed,32,2021-06-15 01:57:04.643960
2016-01-04,0001-01-01,100118,1410,completed,32,2021-06-15 01:57:04.643960
2016-01-04,0001-01-01,100151,1113,completed,32,2021-06-15 01:57:04.643960
2016-01-04,0001-01-01,100151,1263,completed,32,2021-06-15 01:57:04.643960
2016-01-04,0001-01-01,100151,1118,completed,32,2021-06-15 01:57:04.643960
2016-01-04,0001-01-01,100151,1270,completed,32,2021-06-15 01:57:04.643960
2016-01-04,0001-01-01,100166,1280,completed,32,2021-06-15 01:57:04.643960
2016-01-04,0001-01-01,100166,1292,completed,32,2021-06-15 01:57:04.643960
2016-01-04,0001-01-01,100166,1285,completed,32,2021-06-15 01:57:04.643960
2016-01-04,0001-01-01,100166,1286,completed,32,2021-06-15 01:57:04.643960
2016-01-04,0001-01-01,100167,1287,completed,32,2021-06-15 01:57:04.643960
2016-01-04,0001-01-01,100167,1335,completed,32,2021-06-15 01:57:04.643960
2016-01-04,0001-01-01,100167,1297,completed,32,2021-06-15 01:57:04.643960
2016-01-04,0001-01-01,100192,1335,completed,32,2021-06-15 01:57:04.643960
2016-01-04,0001-01-01,100192,1336,completed,32,2021-06-15 01:57:04.643960
2016-01-04,0001-01-01,100192,1339,completed,32,2021-06-15 01:57:04.643960
2016-01-04,0001-01-01,100192,1343,completed,32,2021-06-15 01:57:04.643960
2016-01-04,0001-01-01,100196,1394,completed,32,2021-06-15 01:57:04.643960
2016-01-04,0001-01-01,100196,1406,completed,32,2021-06-15 01:57:04.643960
2016-01-04,0001-01-01,100196,1400,completed,32,2021-06-15 01:57:04.643960
2016-01-04,0001-01-01,100196,1261,completed,32,2021-06-15 01:57:04.643960
2016-01-04,0001-01-01,100196,1408,completed,32,2021-06-15 01:57:04.643960
2016-01-04,0001-01-01,100197,1293,completed,32,2021-06-15 01:57:04.643960
2016-01-04,0001-01-01,100197,1287,completed,32,2021-06-15 01:57:04.643960
2016-01-04,0001-01-01,100197,1295,completed,32,2021-06-15 01:57:04.643960
2016-01-04,0001-01-01,100197,1263,completed,32,2021-06-15 01:57:04.643960
2016-01-04,0001-01-01,100197,1296,completed,32,2021-06-15 01:57:04.643960
2016-01-04,0001-01-01,100210,1117,completed,32,2021-06-15 01:57:04.643960
2016-01-04,0001-01-01,100210,1119,completed,32,2021-06-15 01:57:04.643960
2016-01-04,0001-01-01,100210,1269,completed,32,2021-06-15 01:57:04.643960
2016-01-04,0001-01-01,100210,1417,completed,32,2021-06-15 01:57:04.643960
2016-01-04,0001-01-01,100210,1272,completed,32,2021-06-15 01:57:04.643960
2016-01-04,0001-01-01,100224,1335,completed,32,2021-06-15 01:57:04.643960
2016-01-04,0001-01-01,100225,1326,completed,32,2021-06-15 01:57:04.643960
2016-01-04,0001-01-01,100225,1334,completed,32,2021-06-15 01:57:04.643960
2016-01-04,0001-01-01,100225,1327,completed,32,2021-06-15 01:57:04.643960
2016-01-04,0001-01-01,100225,1335,completed,32,2021-06-15 01:57:04.643960
2016-01-04,0001-01-01,100241,1294,completed,32,2021-06-15 01:57:04.643960
2016-01-04,0001-01-01,100241,1287,completed,32,2021-06-15 01:57:04.643960
2016-01-04,0001-01-01,100241,1213,completed,32,2021-06-15 01:57:04.643960
2016-01-04,0001-01-01,100241,1297,completed,32,2021-06-15 01:57:04.643960
2016-01-04,0001-01-01,100245,1117,completed,32,2021-06-15 01:57:04.643960
2016-01-04,0001-01-01,100253,1295,completed,32,2021-06-15 01:57:04.643960
2016-01-04,0001-01-01,100253,1297,completed,32,2021-06-15 01:57:04.643960
2016-01-04,0001-01-01,100254,1213,completed,32,2021-06-15 01:57:04.643960
2016-01-04,0001-01-01,100254,1116,completed,32,2021-06-15 01:57:04.643960
2016-01-04,0001-01-01,100254,1216,completed,32,2021-06-15 01:57:04.643960
2016-01-04,0001-01-01,100262,1293,completed,32,2021-06-15 01:57:04.643960
2016-01-04,0001-01-01,100262,1286,completed,32,2021-06-15 01:57:04.643960
2016-01-04,0001-01-01,100262,1294,completed,32,2021-06-15 01:57:04.643960
2016-01-04,0001-01-01,100263,1394,completed,32,2021-06-15 01:57:04.643960
2016-01-04,0001-01-01,100263,1406,completed,32,2021-06-15 01:57:04.643960
2016-01-04,0001-01-01,100263,1399,completed,32,2021-06-15 01:57:04.643960
2016-01-04,0001-01-01,100263,1407,completed,32,2021-06-15 01:57:04.643960
2016-01-04,0001-01-01,100263,1400,completed,32,2021-06-15 01:57:04.643960
2016-01-04,0001-01-01,100267,1406,completed,32,2021-06-15 01:57:04.643960
2016-01-04,0001-01-01,100267,1399,completed,32,2021-06-15 01:57:04.643960
2016-01-04,0001-01-01,100267,1407,completed,32,2021-06-15 01:57:04.643960
2016-01-04,0001-01-01,100267,1400,completed,32,2021-06-15 01:57:04.643960
2016-01-04,0001-01-01,100267,1408,completed,32,2021-06-15 01:57:04.643960
2016-01-04,0001-01-01,100290,1400,completed,32,2021-06-15 01:57:04.643960
2016-01-04,0001-01-01,100290,1408,completed,32,2021-06-15 01:57:04.643960
2016-01-04,0001-01-01,100290,1409,completed,32,2021-06-15 01:57:04.643960
2016-01-04,0001-01-01,100290,1410,completed,32,2021-06-15 01:57:04.643960
2016-01-04,0001-01-01,100299,1336,completed,32,2021-06-15 01:57:04.643960
2016-01-04,0001-01-01,100299,1341,completed,32,2021-06-15 01:57:04.643960
2016-01-04,0001-01-01,100299,1347,completed,32,2021-06-15 01:57:04.643960
2016-01-04,0001-01-01,100303,1117,completed,32,2021-06-15 01:57:04.643960
2016-01-04,0001-01-01,100303,1224,completed,32,2021-06-15 01:57:04.643960
2016-01-04,0001-01-01,100323,1286,completed,32,2021-06-15 01:57:04.643960
2016-01-04,0001-01-01,100323,1294,completed,32,2021-06-15 01:57:04.643960
2016-01-04,0001-01-01,100323,1295,completed,32,2021-06-15 01:57:04.643960
2016-01-04,0001-01-01,100323,1296,completed,32,2021-06-15 01:57:04.643960
2016-01-04,0001-01-01,100325,1406,completed,32,2021-06-15 01:57:04.643960
2016-01-04,0001-01-01,100325,1399,completed,32,2021-06-15 01:57:04.643960
2016-01-04,0001-01-01,100325,1407,completed,32,2021-06-15 01:57:04.643960
2016-01-04,0001-01-01,100325,1400,completed,32,2021-06-15 01:57:04.643960
2016-01-04,0001-01-01,100352,1247,completed,32,2021-06-15 01:57:04.643960
2016-01-04,0001-01-01,100373,1401,completed,32,2021-06-15 01:57:04.643960
2016-01-04,0001-01-01,100379,1341,completed,32,2021-06-15 01:57:04.643960
2016-01-04,0001-01-01,100379,1343,completed,32,2021-06-15 01:57:04.643960
2016-01-04,0001-01-01,100379,1344,completed,32,2021-06-15 01:57:04.643960
2016-01-04,0001-01-01,100399,1399,completed,32,2021-06-15 01:57:04.643960
2016-01-04,0001-01-01,100399,1407,completed,32,2021-06-15 01:57:04.643960
2016-01-04,0001-01-01,100399,1400,completed,32,2021-06-15 01:57:04.643960
2016-01-04,0001-01-01,100399,1408,completed,32,2021-06-15 01:57:04.643960
2016-01-04,0001-01-01,100402,1284,completed,32,2021-06-15 01:57:04.643960
2016-01-04,0001-01-01,100402,1280,completed,32,2021-06-15 01:57:04.643960
2016-01-04,0001-01-01,100402,1292,completed,32,2021-06-15 01:57:04.643960
2016-01-04,0001-01-01,100402,1293,completed,32,2021-06-15 01:57:04.643960
2016-01-04,0001-01-01,100434,1407,completed,32,2021-06-15 01:57:04.643960
2016-01-04,0001-01-01,100434,1400,completed,32,2021-06-15 01:57:04.643960
2016-01-04,0001-01-01,100434,1408,completed,32,2021-06-15 01:57:04.643960
2016-01-04,0001-01-01,100436,1325,completed,32,2021-06-15 01:57:04.643960
2016-01-04,0001-01-01,100436,1333,completed,32,2021-06-15 01:57:04.643960
2016-01-04,0001-01-01,100436,1326,completed,32,2021-06-15 01:57:04.643960
2016-01-04,0001-01-01,100436,1327,completed,32,2021-06-15 01:57:04.643960
2016-01-04,0001-01-01,100436,1113,completed,32,2021-06-15 01:57:04.643960
2016-01-04,0001-01-01,100449,1398,completed,32,2021-06-15 01:57:04.643960
2016-01-04,0001-01-01,100449,1394,completed,32,2021-06-15 01:57:04.643960
2016-01-04,0001-01-01,100449,1406,completed,32,2021-06-15 01:57:04.643960
2016-01-04,0001-01-01,100478,1284,completed,32,2021-06-15 01:57:04.643960
2016-01-04,0001-01-01,100478,1292,completed,32,2021-06-15 01:57:04.643960
2016-01-04,0001-01-01,100478,1285,completed,32,2021-06-15 01:57:04.643960
2016-01-04,0001-01-01,100478,1293,completed,32,2021-06-15 01:57:04.643960
2016-01-04,0001-01-01,100488,1407,completed,32,2021-06-15 01:57:04.643960
2016-01-04,0001-01-01,100488,1400,completed,32,2021-06-15 01:57:04.643960
2016-01-04,0001-01-01,100488,1408,completed,32,2021-06-15 01:57:04.643960
2016-01-04,0001-01-01,100488,1401,completed,32,2021-06-15 01:57:04.643960
2016-01-04,0001-01-01,100490,1271,completed,32,2021-06-15 01:57:04.643960
2016-01-04,0001-01-01,100490,1223,completed,32,2021-06-15 01:57:04.643960
2016-01-04,0001-01-01,100490,1224,completed,32,2021-06-15 01:57:04.643960
2016-01-04,0001-01-01,100490,1125,completed,32,2021-06-15 01:57:04.643960
2016-01-04,0001-01-01,100490,1225,completed,32,2021-06-15 01:57:04.643960
2016-01-04,0001-01-01,100502,1406,completed,32,2021-06-15 01:57:04.643960
2016-01-04,0001-01-01,100502,1399,completed,32,2021-06-15 01:57:04.643960
2016-01-04,0001-01-01,100502,1407,completed,32,2021-06-15 01:57:04.643960
2016-01-04,0001-01-01,100502,1400,completed,32,2021-06-15 01:57:04.643960
2016-01-04,0001-01-01,100522,1349,completed,32,2021-06-15 01:57:04.643960
2016-01-04,0001-01-01,100522,1352,completed,32,2021-06-15 01:57:04.643960
2016-01-04,0001-01-01,100522,1230,completed,32,2021-06-15 01:57:04.643960
2016-01-04,0001-01-01,100522,1353,completed,32,2021-06-15 01:57:04.643960
2016-01-04,0001-01-01,100540,1203,completed,32,2021-06-15 01:57:04.643960
2016-01-04,0001-01-01,100540,1300,completed,32,2021-06-15 01:57:04.643960
2016-01-04,0001-01-01,100552,1269,completed,32,2021-06-15 01:57:04.643960
2016-01-04,0001-01-01,100552,1270,completed,32,2021-06-15 01:57:04.643960
2016-01-04,0001-01-01,100555,1263,completed,32,2021-06-15 01:57:04.643960
2016-01-04,0001-01-01,100555,1120,completed,32,2021-06-15 01:57:04.643960
2016-01-04,0001-01-01,100555,1422,completed,32,2021-06-15 01:57:04.643960
2016-01-04,0001-01-01,100596,1332,completed,32,2021-06-15 01:57:04.643960
2016-01-04,0001-01-01,100596,1203,completed,32,2021-06-15 01:57:04.643960
2016-01-04,0001-01-01,100596,1287,completed,32,2021-06-15 01:57:04.643960
2016-01-04,0001-01-01,100599,1103,completed,32,2021-06-15 01:57:04.643960
2016-01-04,0001-01-01,100599,1285,completed,32,2021-06-15 01:57:04.643960
2016-01-04,0001-01-01,100599,1286,completed,32,2021-06-15 01:57:04.643960
2016-01-04,0001-01-01,100599,1294,completed,32,2021-06-15 01:57:04.643960
2016-01-04,0001-01-01,100619,1287,completed,32,2021-06-15 01:57:04.643960
2016-01-04,0001-01-01,100619,1255,completed,32,2021-06-15 01:57:04.643960
2016-01-04,0001-01-01,100627,1400,completed,32,2021-06-15 01:57:04.643960
2016-01-04,0001-01-01,100627,1261,completed,32,2021-06-15 01:57:04.643960
2016-01-04,0001-01-01,100627,1408,completed,32,2021-06-15 01:57:04.643960
2016-01-04,0001-01-01,100642,1104,completed,32,2021-06-15 01:57:04.643960
2016-01-04,0001-01-01,100642,1326,completed,32,2021-06-15 01:57:04.643960
2016-01-04,0001-01-01,100646,1412,completed,32,2021-06-15 01:57:04.643960
2016-01-04,0001-01-01,100646,1117,completed,32,2021-06-15 01:57:04.643960
2016-01-04,0001-01-01,100646,1122,completed,32,2021-06-15 01:57:04.643960
2016-01-04,0001-01-01,100662,1407,completed,32,2021-06-15 01:57:04.643960
2016-01-04,0001-01-01,100662,1400,completed,32,2021-06-15 01:57:04.643960
2016-01-04,0001-01-01,100662,1408,completed,32,2021-06-15 01:57:04.643960
2016-01-04,0001-01-01,100662,1401,completed,32,2021-06-15 01:57:04.643960
2016-01-04,0001-01-01,100662,1409,completed,32,2021-06-15 01:57:04.643960
2016-01-04,0001-01-01,100684,1400,completed,32,2021-06-15 01:57:04.643960
2016-01-04,0001-01-01,100684,1408,completed,32,2021-06-15 01:57:04.643960
2016-01-04,0001-01-01,100684,1401,completed,32,2021-06-15 01:57:04.643960
2016-01-04,0001-01-01,100684,1409,completed,32,2021-06-15 01:57:04.643960
2016-01-04,0001-01-01,100689,1408,completed,32,2021-06-15 01:57:04.643960
2016-01-04,0001-01-01,100689,1401,completed,32,2021-06-15 01:57:04.643960
2016-01-04,0001-01-01,100689,1410,completed,32,2021-06-15 01:57:04.643960
2016-01-04,0001-01-01,100689,1411,completed,32,2021-06-15 01:57:04.643960
2016-01-04,0001-01-01,100689,1412,completed,32,2021-06-15 01:57:04.643960
2016-01-04,0001-01-01,100698,1270,completed,32,2021-06-15 01:57:04.643960
2016-01-04,0001-01-01,100698,1349,completed,32,2021-06-15 01:57:04.643960
2016-01-04,0001-01-01,100698,1309,completed,32,2021-06-15 01:57:04.643960
2016-01-04,0001-01-01,100698,1354,completed,32,2021-06-15 01:57:04.643960
2016-01-04,0001-01-01,100700,1407,completed,32,2021-06-15 01:57:04.643960
2016-01-04,0001-01-01,100700,1400,completed,32,2021-06-15 01:57:04.643960
2016-01-04,0001-01-01,100700,1408,completed,32,2021-06-15 01:57:04.643960
2016-01-04,0001-01-01,100700,1401,completed,32,2021-06-15 01:57:04.643960
2016-01-04,0001-01-01,100700,1409,completed,32,2021-06-15 01:57:04.643960
2016-01-04,0001-01-01,100701,1405,completed,32,2021-06-15 01:57:04.643960
2016-01-04,0001-01-01,100701,1398,completed,32,2021-06-15 01:57:04.643960
2016-01-04,0001-01-01,100701,1407,completed,32,2021-06-15 01:57:04.643960
2016-01-04,0001-01-01,100701,1408,completed,32,2021-06-15 01:57:04.643960
2016-01-04,0001-01-01,100708,1394,completed,32,2021-06-15 01:57:04.643960
2016-01-04,0001-01-01,100708,1406,completed,32,2021-06-15 01:57:04.643960
2016-01-04,0001-01-01,100708,1399,completed,32,2021-06-15 01:57:04.643960
2016-01-04,0001-01-01,100708,1326,completed,32,2021-06-15 01:57:04.643960
2016-01-04,0001-01-01,100713,1292,completed,32,2021-06-15 01:57:04.643960
2016-01-04,0001-01-01,100713,1285,completed,32,2021-06-15 01:57:04.643960
2016-01-04,0001-01-01,100713,1293,completed,32,2021-06-15 01:57:04.643960
2016-01-04,0001-01-01,100716,1339,completed,32,2021-06-15 01:57:04.643960
2016-01-04,0001-01-01,100716,1422,completed,32,2021-06-15 01:57:04.643960
2016-01-04,0001-01-01,100729,1211,completed,32,2021-06-15 01:57:04.643960
2016-01-04,0001-01-01,100729,1255,completed,32,2021-06-15 01:57:04.643960
2016-01-04,0001-01-01,100729,1335,completed,32,2021-06-15 01:57:04.643960
2016-01-04,0001-01-01,100729,1216,completed,32,2021-06-15 01:57:04.643960
2016-01-04,0001-01-01,100734,1393,completed,32,2021-06-15 01:57:04.643960
2016-01-04,0001-01-01,100734,1405,completed,32,2021-06-15 01:57:04.643960
2016-01-04,0001-01-01,100734,1398,completed,32,2021-06-15 01:57:04.643960
2016-01-04,0001-01-01,100734,1394,completed,32,2021-06-15 01:57:04.643960
2016-01-04,0001-01-01,100734,1406,completed,32,2021-06-15 01:57:04.643960
2016-01-04,0001-01-01,100779,1098,completed,32,2021-06-15 01:57:04.643960
2016-01-04,0001-01-01,100782,1259,completed,32,2021-06-15 01:57:04.643960
2016-01-04,0001-01-01,100782,1333,completed,32,2021-06-15 01:57:04.643960
2016-01-04,0001-01-01,100785,1293,completed,32,2021-06-15 01:57:04.643960
2016-01-04,0001-01-01,100785,1286,completed,32,2021-06-15 01:57:04.643960
2016-01-04,0001-01-01,100785,1294,completed,32,2021-06-15 01:57:04.643960
2016-01-04,0001-01-01,100788,1399,completed,32,2021-06-15 01:57:04.643960
2016-01-04,0001-01-01,100788,1408,completed,32,2021-06-15 01:57:04.643960
2016-01-04,0001-01-01,100788,1401,completed,32,2021-06-15 01:57:04.643960
2016-01-04,0001-01-01,100788,1410,completed,32,2021-06-15 01:57:04.643960
2016-01-04,0001-01-01,100788,1411,completed,32,2021-06-15 01:57:04.643960
2016-01-04,0001-01-01,100800,1293,completed,32,2021-06-15 01:57:04.643960
2016-01-04,0001-01-01,100800,1334,completed,32,2021-06-15 01:57:04.643960
2016-01-04,0001-01-01,100800,1335,completed,32,2021-06-15 01:57:04.643960
2016-01-04,0001-01-01,100800,1336,completed,32,2021-06-15 01:57:04.643960
2016-01-04,0001-01-01,100800,1337,completed,32,2021-06-15 01:57:04.643960
2016-01-04,0001-01-01,100806,1399,completed,32,2021-06-15 01:57:04.643960
2016-01-04,0001-01-01,100806,1407,completed,32,2021-06-15 01:57:04.643960
2016-01-04,0001-01-01,100806,1401,completed,32,2021-06-15 01:57:04.643960
2016-01-04,0001-01-01,100806,1409,completed,32,2021-06-15 01:57:04.643960
2016-01-04,0001-01-01,100807,1293,completed,32,2021-06-15 01:57:04.643960
2016-01-04,0001-01-01,100807,1326,completed,32,2021-06-15 01:57:04.643960
2016-01-04,0001-01-01,100807,1286,completed,32,2021-06-15 01:57:04.643960
2016-01-04,0001-01-01,100807,1294,completed,32,2021-06-15 01:57:04.643960
2016-01-04,0001-01-01,100825,1320,completed,32,2021-06-15 01:57:04.643960
2016-01-04,0001-01-01,100825,1333,completed,32,2021-06-15 01:57:04.643960
2016-01-04,0001-01-01,100825,1326,completed,32,2021-06-15 01:57:04.643960
2016-01-04,0001-01-01,100825,1334,completed,32,2021-06-15 01:57:04.643960
2016-01-04,0001-01-01,100827,1280,completed,32,2021-06-15 01:57:04.643960
2016-01-04,0001-01-01,100827,1112,completed,32,2021-06-15 01:57:04.643960
2016-01-04,0001-01-01,100829,1394,completed,32,2021-06-15 01:57:04.643960
2016-01-04,0001-01-01,100829,1399,completed,32,2021-06-15 01:57:04.643960
2016-01-04,0001-01-01,100829,1407,completed,32,2021-06-15 01:57:04.643960
2016-01-04,0001-01-01,100829,1400,completed,32,2021-06-15 01:57:04.643960
2016-01-04,0001-01-01,100829,1408,completed,32,2021-06-15 01:57:04.643960
2016-01-04,0001-01-01,100845,1295,completed,32,2021-06-15 01:57:04.643960
2016-01-04,0001-01-01,100845,1296,completed,32,2021-06-15 01:57:04.643960
2016-01-04,0001-01-01,100845,1297,completed,32,2021-06-15 01:57:04.643960
2016-01-04,0001-01-01,100845,1299,completed,32,2021-06-15 01:57:04.643960
2016-01-04,0001-01-01,100847,1286,completed,32,2021-06-15 01:57:04.643960
2016-01-04,0001-01-01,100847,1294,completed,32,2021-06-15 01:57:04.643960
2016-01-04,0001-01-01,100847,1295,completed,32,2021-06-15 01:57:04.643960
2016-01-04,0001-01-01,100847,1297,completed,32,2021-06-15 01:57:04.643960
2016-01-04,0001-01-01,100851,1292,completed,32,2021-06-15 01:57:04.643960
2016-01-04,0001-01-01,100851,1285,completed,32,2021-06-15 01:57:04.643960
2016-01-04,0001-01-01,100851,1293,completed,32,2021-06-15 01:57:04.643960
2016-01-04,0001-01-01,100851,1286,completed,32,2021-06-15 01:57:04.643960
2016-01-04,0001-01-01,100866,1296,completed,32,2021-06-15 01:57:04.643960
2016-01-04,0001-01-01,100866,1297,completed,32,2021-06-15 01:57:04.643960
2016-01-04,0001-01-01,100866,1299,completed,32,2021-06-15 01:57:04.643960
2016-01-04,0001-01-01,100893,1122,completed,32,2021-06-15 01:57:04.643960
2016-01-04,0001-01-01,100913,1260,completed,32,2021-06-15 01:57:04.643960
2016-01-04,0001-01-01,100913,1293,completed,32,2021-06-15 01:57:04.643960
2016-01-04,0001-01-01,100913,1286,completed,32,2021-06-15 01:57:04.643960
2016-01-04,0001-01-01,100913,1295,completed,32,2021-06-15 01:57:04.643960
2016-01-04,0001-01-01,100945,1253,completed,32,2021-06-15 01:57:04.643960
2016-01-04,0001-01-01,100951,1407,completed,32,2021-06-15 01:57:04.643960
2016-01-04,0001-01-01,100951,1400,completed,32,2021-06-15 01:57:04.643960
2016-01-04,0001-01-01,100951,1408,completed,32,2021-06-15 01:57:04.643960
2016-01-04,0001-01-01,100951,1112,completed,32,2021-06-15 01:57:04.643960
2016-01-04,0001-01-01,100952,1116,completed,32,2021-06-15 01:57:04.643960
2016-01-04,0001-01-01,100952,1268,completed,32,2021-06-15 01:57:04.643960
2016-01-04,0001-01-01,100952,1121,completed,32,2021-06-15 01:57:04.643960
2016-01-04,0001-01-01,100952,1222,completed,32,2021-06-15 01:57:04.643960
2016-01-04,0001-01-01,100956,1336,completed,32,2021-06-15 01:57:04.643960
2016-01-04,0001-01-01,100956,1343,completed,32,2021-06-15 01:57:04.643960
2016-01-04,0001-01-01,100956,1304,completed,32,2021-06-15 01:57:04.643960
2016-01-04,0001-01-01,100956,1347,completed,32,2021-06-15 01:57:04.643960
2016-01-04,0001-01-01,100958,1334,completed,32,2021-06-15 01:57:04.643960
2016-01-04,0001-01-01,100958,1327,completed,32,2021-06-15 01:57:04.643960
2016-01-04,0001-01-01,100963,1343,completed,32,2021-06-15 01:57:04.643960
2016-01-04,0001-01-01,100963,1121,completed,32,2021-06-15 01:57:04.643960
2016-01-04,0001-01-01,100963,1346,completed,32,2021-06-15 01:57:04.643960
2016-01-04,0001-01-01,100963,1347,completed,32,2021-06-15 01:57:04.643960
2016-01-04,0001-01-01,100964,1292,completed,32,2021-06-15 01:57:04.643960
2016-01-04,0001-01-01,100964,1285,completed,32,2021-06-15 01:57:04.643960
2016-01-04,0001-01-01,100964,1286,completed,32,2021-06-15 01:57:04.643960
2016-01-04,0001-01-01,100964,1294,completed,32,2021-06-15 01:57:04.643960
2016-01-04,0001-01-01,100967,1097,completed,32,2021-06-15 01:57:04.643960
2016-01-04,0001-01-01,100967,1398,completed,32,2021-06-15 01:57:04.643960
2016-01-04,0001-01-01,100967,1261,completed,32,2021-06-15 01:57:04.643960
2016-01-04,0001-01-01,100981,1399,completed,32,2021-06-15 01:57:04.643960
2016-01-04,0001-01-01,100981,1407,completed,32,2021-06-15 01:57:04.643960
2016-01-04,0001-01-01,100981,1400,completed,32,2021-06-15 01:57:04.643960
2016-01-04,0001-01-01,100981,1408,completed,32,2021-06-15 01:57:04.643960
2016-01-04,0001-01-01,100995,1293,completed,32,2021-06-15 01:57:04.643960
2016-01-04,0001-01-01,100995,1286,completed,32,2021-06-15 01:57:04.643960
2016-08-08,0001-01-01,102000,1249,completed,33,2021-06-15 02:23:16.001163
2016-08-08,0001-01-01,102003,1316,completed,33,2021-06-15 02:23:16.001163
2016-08-08,0001-01-01,102003,1328,completed,33,2021-06-15 02:23:16.001163
2016-08-08,0001-01-01,102012,1274,completed,33,2021-06-15 02:23:16.001163
2016-08-08,0001-01-01,102012,1281,completed,33,2021-06-15 02:23:16.001163
2016-08-08,0001-01-01,102012,1289,completed,33,2021-06-15 02:23:16.001163
2016-08-08,0001-01-01,102013,1242,completed,33,2021-06-15 02:23:16.001163
2016-08-08,0001-01-01,102013,1243,completed,33,2021-06-15 02:23:16.001163
2016-08-08,0001-01-01,102018,1388,completed,33,2021-06-15 02:23:16.001163
2016-08-08,0001-01-01,102018,1389,completed,33,2021-06-15 02:23:16.001163
2016-08-08,0001-01-01,102018,1390,completed,33,2021-06-15 02:23:16.001163
2016-08-08,0001-01-01,102031,1090,completed,33,2021-06-15 02:23:16.001163
2016-08-08,0001-01-01,102031,1093,completed,33,2021-06-15 02:23:16.001163
2016-08-08,0001-01-01,102031,1091,completed,33,2021-06-15 02:23:16.001163
2016-08-08,0001-01-01,102068,1281,completed,33,2021-06-15 02:23:16.001163
2016-08-08,0001-01-01,102068,1277,completed,33,2021-06-15 02:23:16.001163
2016-08-08,0001-01-01,102068,1289,completed,33,2021-06-15 02:23:16.001163
2016-08-08,0001-01-01,102070,1314,completed,33,2021-06-15 02:23:16.001163
2016-08-08,0001-01-01,102070,1328,completed,33,2021-06-15 02:23:16.001163
2016-08-08,0001-01-01,102070,1318,completed,33,2021-06-15 02:23:16.001163
2016-08-08,0001-01-01,102098,1092,completed,33,2021-06-15 02:23:16.001163
2016-08-08,0001-01-01,102098,1389,completed,33,2021-06-15 02:23:16.001163
2016-08-08,0001-01-01,102098,1390,completed,33,2021-06-15 02:23:16.001163
2016-08-08,0001-01-01,102109,1274,completed,33,2021-06-15 02:23:16.001163
2016-08-08,0001-01-01,102109,1281,completed,33,2021-06-15 02:23:16.001163
2016-08-08,0001-01-01,102109,1277,completed,33,2021-06-15 02:23:16.001163
2016-08-08,0001-01-01,102120,1092,completed,33,2021-06-15 02:23:16.001163
2016-08-08,0001-01-01,102120,1242,completed,33,2021-06-15 02:23:16.001163
2016-08-08,0001-01-01,102126,1274,completed,33,2021-06-15 02:23:16.001163
2016-08-08,0001-01-01,102126,1281,completed,33,2021-06-15 02:23:16.001163
2016-08-08,0001-01-01,102126,1277,completed,33,2021-06-15 02:23:16.001163
2016-08-08,0001-01-01,102130,1389,completed,33,2021-06-15 02:23:16.001163
2016-08-08,0001-01-01,102130,1390,completed,33,2021-06-15 02:23:16.001163
2016-08-08,0001-01-01,102130,1396,completed,33,2021-06-15 02:23:16.001163
2016-08-08,0001-01-01,102137,1389,completed,33,2021-06-15 02:23:16.001163
2016-08-08,0001-01-01,102137,1390,completed,33,2021-06-15 02:23:16.001163
2016-08-08,0001-01-01,102137,1402,completed,33,2021-06-15 02:23:16.001163
2016-08-08,0001-01-01,102137,1249,completed,33,2021-06-15 02:23:16.001163
2016-08-08,0001-01-01,102137,1396,completed,33,2021-06-15 02:23:16.001163
2016-08-08,0001-01-01,102138,1094,completed,33,2021-06-15 02:23:16.001163
2016-08-08,0001-01-01,102139,1090,completed,33,2021-06-15 02:23:16.001163
2016-08-08,0001-01-01,102139,1091,completed,33,2021-06-15 02:23:16.001163
2016-08-08,0001-01-01,102141,1390,completed,33,2021-06-15 02:23:16.001163
2016-08-08,0001-01-01,102141,1402,completed,33,2021-06-15 02:23:16.001163
2016-08-08,0001-01-01,102141,1395,completed,33,2021-06-15 02:23:16.001163
2016-08-08,0001-01-01,102141,1391,completed,33,2021-06-15 02:23:16.001163
2016-08-08,0001-01-01,102141,1403,completed,33,2021-06-15 02:23:16.001163
2016-08-08,0001-01-01,102164,1242,completed,33,2021-06-15 02:23:16.001163
2016-08-08,0001-01-01,102164,1249,completed,33,2021-06-15 02:23:16.001163
2016-08-08,0001-01-01,102164,1246,completed,33,2021-06-15 02:23:16.001163
2016-08-08,0001-01-01,102185,1388,completed,33,2021-06-15 02:23:16.001163
2016-08-08,0001-01-01,102185,1389,completed,33,2021-06-15 02:23:16.001163
2016-08-08,0001-01-01,102185,1390,completed,33,2021-06-15 02:23:16.001163
2016-08-08,0001-01-01,102185,1395,completed,33,2021-06-15 02:23:16.001163
2016-08-08,0001-01-01,102213,1315,completed,33,2021-06-15 02:23:16.001163
2016-08-08,0001-01-01,102213,1316,completed,33,2021-06-15 02:23:16.001163
2016-08-08,0001-01-01,102213,1328,completed,33,2021-06-15 02:23:16.001163
2016-08-08,0001-01-01,102225,1281,completed,33,2021-06-15 02:23:16.001163
2016-08-08,0001-01-01,102225,1249,completed,33,2021-06-15 02:23:16.001163
2016-08-08,0001-01-01,102225,1245,completed,33,2021-06-15 02:23:16.001163
2016-08-08,0001-01-01,102230,1274,completed,33,2021-06-15 02:23:16.001163
2016-08-08,0001-01-01,102230,1281,completed,33,2021-06-15 02:23:16.001163
2016-08-08,0001-01-01,102230,1277,completed,33,2021-06-15 02:23:16.001163
2016-08-08,0001-01-01,102230,1289,completed,33,2021-06-15 02:23:16.001163
2016-08-08,0001-01-01,102233,1281,completed,33,2021-06-15 02:23:16.001163
2016-08-08,0001-01-01,102233,1277,completed,33,2021-06-15 02:23:16.001163
2016-08-08,0001-01-01,102233,1289,completed,33,2021-06-15 02:23:16.001163
2016-08-08,0001-01-01,102233,1282,completed,33,2021-06-15 02:23:16.001163
2016-08-08,0001-01-01,102247,1090,completed,33,2021-06-15 02:23:16.001163
2016-08-08,0001-01-01,102247,1091,completed,33,2021-06-15 02:23:16.001163
2016-08-08,0001-01-01,102247,1250,completed,33,2021-06-15 02:23:16.001163
2016-08-08,0001-01-01,102256,1388,completed,33,2021-06-15 02:23:16.001163
2016-08-08,0001-01-01,102256,1390,completed,33,2021-06-15 02:23:16.001163
2016-08-08,0001-01-01,102256,1402,completed,33,2021-06-15 02:23:16.001163
2016-08-08,0001-01-01,102273,1090,completed,33,2021-06-15 02:23:16.001163
2016-08-08,0001-01-01,102273,1091,completed,33,2021-06-15 02:23:16.001163
2016-08-08,0001-01-01,102273,1107,completed,33,2021-06-15 02:23:16.001163
2016-08-08,0001-01-01,102278,1248,completed,33,2021-06-15 02:23:16.001163
2016-08-08,0001-01-01,102278,1194,completed,33,2021-06-15 02:23:16.001163
2016-08-08,0001-01-01,102278,1099,completed,33,2021-06-15 02:23:16.001163
2016-08-08,0001-01-01,102278,1245,completed,33,2021-06-15 02:23:16.001163
2016-08-08,0001-01-01,102278,1246,completed,33,2021-06-15 02:23:16.001163
2016-08-08,0001-01-01,102285,1274,completed,33,2021-06-15 02:23:16.001163
2016-08-08,0001-01-01,102285,1275,completed,33,2021-06-15 02:23:16.001163
2016-08-08,0001-01-01,102285,1277,completed,33,2021-06-15 02:23:16.001163
2016-08-08,0001-01-01,102285,1289,completed,33,2021-06-15 02:23:16.001163
2016-08-08,0001-01-01,102316,1274,completed,33,2021-06-15 02:23:16.001163
2016-08-08,0001-01-01,102316,1193,completed,33,2021-06-15 02:23:16.001163
2016-08-08,0001-01-01,102316,1277,completed,33,2021-06-15 02:23:16.001163
2016-08-08,0001-01-01,102318,1274,completed,33,2021-06-15 02:23:16.001163
2016-08-08,0001-01-01,102318,1275,completed,33,2021-06-15 02:23:16.001163
2016-08-08,0001-01-01,102318,1281,completed,33,2021-06-15 02:23:16.001163
2016-08-08,0001-01-01,102320,1274,completed,33,2021-06-15 02:23:16.001163
2016-08-08,0001-01-01,102320,1281,completed,33,2021-06-15 02:23:16.001163
2016-08-08,0001-01-01,102320,1277,completed,33,2021-06-15 02:23:16.001163
2016-08-08,0001-01-01,102320,1282,completed,33,2021-06-15 02:23:16.001163
2016-08-08,0001-01-01,102331,1090,completed,33,2021-06-15 02:23:16.001163
2016-08-08,0001-01-01,102331,1091,completed,33,2021-06-15 02:23:16.001163
2016-08-08,0001-01-01,102331,1248,completed,33,2021-06-15 02:23:16.001163
2016-08-08,0001-01-01,102363,1314,completed,33,2021-06-15 02:23:16.001163
2016-08-08,0001-01-01,102363,1315,completed,33,2021-06-15 02:23:16.001163
2016-08-08,0001-01-01,102363,1329,completed,33,2021-06-15 02:23:16.001163
2016-08-08,0001-01-01,102365,1275,completed,33,2021-06-15 02:23:16.001163
2016-08-08,0001-01-01,102365,1281,completed,33,2021-06-15 02:23:16.001163
2016-08-08,0001-01-01,102368,1388,completed,33,2021-06-15 02:23:16.001163
2016-08-08,0001-01-01,102368,1389,completed,33,2021-06-15 02:23:16.001163
2016-08-08,0001-01-01,102368,1248,completed,33,2021-06-15 02:23:16.001163
2016-08-08,0001-01-01,102369,1090,completed,33,2021-06-15 02:23:16.001163
2016-08-08,0001-01-01,102369,1091,completed,33,2021-06-15 02:23:16.001163
2016-08-08,0001-01-01,102390,1389,completed,33,2021-06-15 02:23:16.001163
2016-08-08,0001-01-01,102390,1390,completed,33,2021-06-15 02:23:16.001163
2016-08-08,0001-01-01,102390,1402,completed,33,2021-06-15 02:23:16.001163
2016-08-08,0001-01-01,102392,1328,completed,33,2021-06-15 02:23:16.001163
2016-08-08,0001-01-01,102396,1314,completed,33,2021-06-15 02:23:16.001163
2016-08-08,0001-01-01,102396,1328,completed,33,2021-06-15 02:23:16.001163
2016-08-08,0001-01-01,102396,1321,completed,33,2021-06-15 02:23:16.001163
2016-08-08,0001-01-01,102415,1388,completed,33,2021-06-15 02:23:16.001163
2016-08-08,0001-01-01,102415,1389,completed,33,2021-06-15 02:23:16.001163
2016-08-08,0001-01-01,102415,1390,completed,33,2021-06-15 02:23:16.001163
2016-08-08,0001-01-01,102415,1402,completed,33,2021-06-15 02:23:16.001163
2016-08-08,0001-01-01,102443,1274,completed,33,2021-06-15 02:23:16.001163
2016-08-08,0001-01-01,102443,1275,completed,33,2021-06-15 02:23:16.001163
2016-08-08,0001-01-01,102452,1389,completed,33,2021-06-15 02:23:16.001163
2016-08-08,0001-01-01,102452,1390,completed,33,2021-06-15 02:23:16.001163
2016-08-08,0001-01-01,102452,1402,completed,33,2021-06-15 02:23:16.001163
2016-08-08,0001-01-01,102452,1395,completed,33,2021-06-15 02:23:16.001163
2016-08-08,0001-01-01,102454,1388,completed,33,2021-06-15 02:23:16.001163
2016-08-08,0001-01-01,102454,1389,completed,33,2021-06-15 02:23:16.001163
2016-08-08,0001-01-01,102454,1390,completed,33,2021-06-15 02:23:16.001163
2016-08-08,0001-01-01,102461,1242,completed,33,2021-06-15 02:23:16.001163
2016-08-08,0001-01-01,102461,1243,completed,33,2021-06-15 02:23:16.001163
2016-08-08,0001-01-01,102461,1094,completed,33,2021-06-15 02:23:16.001163
2016-08-08,0001-01-01,102464,1388,completed,33,2021-06-15 02:23:16.001163
2016-08-08,0001-01-01,102464,1390,completed,33,2021-06-15 02:23:16.001163
2016-08-08,0001-01-01,102464,1402,completed,33,2021-06-15 02:23:16.001163
2016-08-08,0001-01-01,102464,1321,completed,33,2021-06-15 02:23:16.001163
2016-08-08,0001-01-01,102464,1395,completed,33,2021-06-15 02:23:16.001163
2016-08-08,0001-01-01,102465,1314,completed,33,2021-06-15 02:23:16.001163
2016-08-08,0001-01-01,102465,1316,completed,33,2021-06-15 02:23:16.001163
2016-08-08,0001-01-01,102465,1321,completed,33,2021-06-15 02:23:16.001163
2016-08-08,0001-01-01,102475,1274,completed,33,2021-06-15 02:23:16.001163
2016-08-08,0001-01-01,102475,1281,completed,33,2021-06-15 02:23:16.001163
2016-08-08,0001-01-01,102475,1289,completed,33,2021-06-15 02:23:16.001163
2016-08-08,0001-01-01,102475,1282,completed,33,2021-06-15 02:23:16.001163
2016-08-08,0001-01-01,102480,1316,completed,33,2021-06-15 02:23:16.001163
2016-08-08,0001-01-01,102505,1199,completed,33,2021-06-15 02:23:16.001163
2016-08-08,0001-01-01,102505,1095,completed,33,2021-06-15 02:23:16.001163
2016-08-08,0001-01-01,102510,1090,completed,33,2021-06-15 02:23:16.001163
2016-08-08,0001-01-01,102510,1091,completed,33,2021-06-15 02:23:16.001163
2016-08-08,0001-01-01,102515,1389,completed,33,2021-06-15 02:23:16.001163
2016-08-08,0001-01-01,102515,1402,completed,33,2021-06-15 02:23:16.001163
2016-08-08,0001-01-01,102515,1395,completed,33,2021-06-15 02:23:16.001163
2016-08-08,0001-01-01,102515,1391,completed,33,2021-06-15 02:23:16.001163
2016-08-08,0001-01-01,102521,1274,completed,33,2021-06-15 02:23:16.001163
2016-08-08,0001-01-01,102521,1275,completed,33,2021-06-15 02:23:16.001163
2016-08-08,0001-01-01,102522,1092,completed,33,2021-06-15 02:23:16.001163
2016-08-08,0001-01-01,102522,1192,completed,33,2021-06-15 02:23:16.001163
2016-08-08,0001-01-01,102522,1193,completed,33,2021-06-15 02:23:16.001163
2016-08-08,0001-01-01,102522,1248,completed,33,2021-06-15 02:23:16.001163
2016-08-08,0001-01-01,102536,1314,completed,33,2021-06-15 02:23:16.001163
2016-08-08,0001-01-01,102536,1390,completed,33,2021-06-15 02:23:16.001163
2016-08-08,0001-01-01,102536,1328,completed,33,2021-06-15 02:23:16.001163
2016-08-08,0001-01-01,102536,1256,completed,33,2021-06-15 02:23:16.001163
2016-08-08,0001-01-01,102536,1392,completed,33,2021-06-15 02:23:16.001163
2016-08-08,0001-01-01,102588,1193,completed,33,2021-06-15 02:23:16.001163
2016-08-08,0001-01-01,102588,1194,completed,33,2021-06-15 02:23:16.001163
2016-08-08,0001-01-01,102588,1321,completed,33,2021-06-15 02:23:16.001163
2016-08-08,0001-01-01,102595,1274,completed,33,2021-06-15 02:23:16.001163
2016-08-08,0001-01-01,102595,1316,completed,33,2021-06-15 02:23:16.001163
2016-08-08,0001-01-01,102603,1388,completed,33,2021-06-15 02:23:16.001163
2016-08-08,0001-01-01,102603,1390,completed,33,2021-06-15 02:23:16.001163
2016-08-08,0001-01-01,102603,1402,completed,33,2021-06-15 02:23:16.001163
2016-08-08,0001-01-01,102603,1329,completed,33,2021-06-15 02:23:16.001163
2016-08-08,0001-01-01,102604,1274,completed,33,2021-06-15 02:23:16.001163
2016-08-08,0001-01-01,102604,1281,completed,33,2021-06-15 02:23:16.001163
2016-08-08,0001-01-01,102604,1199,completed,33,2021-06-15 02:23:16.001163
2016-08-08,0001-01-01,102604,1277,completed,33,2021-06-15 02:23:16.001163
2016-08-08,0001-01-01,102605,1274,completed,33,2021-06-15 02:23:16.001163
2016-08-08,0001-01-01,102605,1090,completed,33,2021-06-15 02:23:16.001163
2016-08-08,0001-01-01,102605,1091,completed,33,2021-06-15 02:23:16.001163
2016-08-08,0001-01-01,102607,1242,completed,33,2021-06-15 02:23:16.001163
2016-08-08,0001-01-01,102607,1194,completed,33,2021-06-15 02:23:16.001163
2016-08-08,0001-01-01,102610,1274,completed,33,2021-06-15 02:23:16.001163
2016-08-08,0001-01-01,102610,1275,completed,33,2021-06-15 02:23:16.001163
2016-08-08,0001-01-01,102610,1281,completed,33,2021-06-15 02:23:16.001163
2016-08-08,0001-01-01,102610,1282,completed,33,2021-06-15 02:23:16.001163
2016-08-08,0001-01-01,102610,1283,completed,33,2021-06-15 02:23:16.001163
2016-08-08,0001-01-01,102621,1274,completed,33,2021-06-15 02:23:16.001163
2016-08-08,0001-01-01,102621,1275,completed,33,2021-06-15 02:23:16.001163
2016-08-08,0001-01-01,102621,1281,completed,33,2021-06-15 02:23:16.001163
2016-08-08,0001-01-01,102623,1389,completed,33,2021-06-15 02:23:16.001163
2016-08-08,0001-01-01,102623,1194,completed,33,2021-06-15 02:23:16.001163
2016-08-08,0001-01-01,102623,1099,completed,33,2021-06-15 02:23:16.001163
2016-08-08,0001-01-01,102623,1206,completed,33,2021-06-15 02:23:16.001163
2016-08-08,0001-01-01,102623,1199,completed,33,2021-06-15 02:23:16.001163
2016-08-08,0001-01-01,102624,1192,completed,33,2021-06-15 02:23:16.001163
2016-08-08,0001-01-01,102636,1388,completed,33,2021-06-15 02:23:16.001163
2016-08-08,0001-01-01,102636,1316,completed,33,2021-06-15 02:23:16.001163
2016-08-08,0001-01-01,102648,1194,completed,33,2021-06-15 02:23:16.001163
2016-08-08,0001-01-01,102648,1099,completed,33,2021-06-15 02:23:16.001163
2016-08-08,0001-01-01,102648,1245,completed,33,2021-06-15 02:23:16.001163
2016-08-08,0001-01-01,102650,1389,completed,33,2021-06-15 02:23:16.001163
2016-08-08,0001-01-01,102650,1243,completed,33,2021-06-15 02:23:16.001163
2016-08-08,0001-01-01,102650,1390,completed,33,2021-06-15 02:23:16.001163
2016-08-08,0001-01-01,102657,1388,completed,33,2021-06-15 02:23:16.001163
2016-08-08,0001-01-01,102657,1390,completed,33,2021-06-15 02:23:16.001163
2016-08-08,0001-01-01,102657,1402,completed,33,2021-06-15 02:23:16.001163
2016-08-08,0001-01-01,102663,1274,completed,33,2021-06-15 02:23:16.001163
2016-08-08,0001-01-01,102663,1275,completed,33,2021-06-15 02:23:16.001163
2016-08-08,0001-01-01,102663,1193,completed,33,2021-06-15 02:23:16.001163
2016-08-08,0001-01-01,102663,1281,completed,33,2021-06-15 02:23:16.001163
2016-08-08,0001-01-01,102665,1389,completed,33,2021-06-15 02:23:16.001163
2016-08-08,0001-01-01,102665,1390,completed,33,2021-06-15 02:23:16.001163
2016-08-08,0001-01-01,102716,1388,completed,33,2021-06-15 02:23:16.001163
2016-08-08,0001-01-01,102716,1389,completed,33,2021-06-15 02:23:16.001163
2016-08-08,0001-01-01,102716,1402,completed,33,2021-06-15 02:23:16.001163
2016-08-08,0001-01-01,102716,1395,completed,33,2021-06-15 02:23:16.001163
2016-08-08,0001-01-01,102719,1274,completed,33,2021-06-15 02:23:16.001163
2016-08-08,0001-01-01,102719,1281,completed,33,2021-06-15 02:23:16.001163
2016-08-08,0001-01-01,102719,1277,completed,33,2021-06-15 02:23:16.001163
2016-08-08,0001-01-01,102725,1315,completed,33,2021-06-15 02:23:16.001163
2016-08-08,0001-01-01,102725,1328,completed,33,2021-06-15 02:23:16.001163
2016-08-08,0001-01-01,102725,1321,completed,33,2021-06-15 02:23:16.001163
2016-08-08,0001-01-01,102726,1274,completed,33,2021-06-15 02:23:16.001163
2016-08-08,0001-01-01,102726,1275,completed,33,2021-06-15 02:23:16.001163
2016-08-08,0001-01-01,102726,1281,completed,33,2021-06-15 02:23:16.001163
2016-08-08,0001-01-01,102726,1277,completed,33,2021-06-15 02:23:16.001163
2016-08-08,0001-01-01,102739,1090,completed,33,2021-06-15 02:23:16.001163
2016-08-08,0001-01-01,102739,1242,completed,33,2021-06-15 02:23:16.001163
2016-08-08,0001-01-01,102739,1091,completed,33,2021-06-15 02:23:16.001163
2016-08-08,0001-01-01,102745,1093,completed,33,2021-06-15 02:23:16.001163
2016-08-08,0001-01-01,102745,1243,completed,33,2021-06-15 02:23:16.001163
2016-08-08,0001-01-01,102745,1094,completed,33,2021-06-15 02:23:16.001163
2016-08-08,0001-01-01,102748,1256,completed,33,2021-06-15 02:23:16.001163
2016-08-08,0001-01-01,102748,1107,completed,33,2021-06-15 02:23:16.001163
2016-08-08,0001-01-01,102753,1390,completed,33,2021-06-15 02:23:16.001163
2016-08-08,0001-01-01,102753,1402,completed,33,2021-06-15 02:23:16.001163
2016-08-08,0001-01-01,102753,1395,completed,33,2021-06-15 02:23:16.001163
2016-08-08,0001-01-01,102753,1391,completed,33,2021-06-15 02:23:16.001163
2016-08-08,0001-01-01,102755,1274,completed,33,2021-06-15 02:23:16.001163
2016-08-08,0001-01-01,102755,1091,completed,33,2021-06-15 02:23:16.001163
2016-08-08,0001-01-01,102755,1281,completed,33,2021-06-15 02:23:16.001163
2016-08-08,0001-01-01,102755,1277,completed,33,2021-06-15 02:23:16.001163
2016-08-08,0001-01-01,102755,1289,completed,33,2021-06-15 02:23:16.001163
2016-08-08,0001-01-01,102769,1388,completed,33,2021-06-15 02:23:16.001163
2016-08-08,0001-01-01,102769,1389,completed,33,2021-06-15 02:23:16.001163
2016-08-08,0001-01-01,102769,1402,completed,33,2021-06-15 02:23:16.001163
2016-08-08,0001-01-01,102769,1395,completed,33,2021-06-15 02:23:16.001163
2016-08-08,0001-01-01,102781,1314,completed,33,2021-06-15 02:23:16.001163
2016-08-08,0001-01-01,102781,1316,completed,33,2021-06-15 02:23:16.001163
2016-08-08,0001-01-01,102781,1321,completed,33,2021-06-15 02:23:16.001163
2016-08-08,0001-01-01,102783,1192,completed,33,2021-06-15 02:23:16.001163
2016-08-08,0001-01-01,102783,1093,completed,33,2021-06-15 02:23:16.001163
2016-08-08,0001-01-01,102783,1094,completed,33,2021-06-15 02:23:16.001163
2016-08-08,0001-01-01,102802,1090,completed,33,2021-06-15 02:23:16.001163
2016-08-08,0001-01-01,102802,1091,completed,33,2021-06-15 02:23:16.001163
2016-08-08,0001-01-01,102805,1090,completed,33,2021-06-15 02:23:16.001163
2016-08-08,0001-01-01,102805,1091,completed,33,2021-06-15 02:23:16.001163
2016-08-08,0001-01-01,102805,1328,completed,33,2021-06-15 02:23:16.001163
2016-08-08,0001-01-01,102809,1090,completed,33,2021-06-15 02:23:16.001163
2016-08-08,0001-01-01,102809,1093,completed,33,2021-06-15 02:23:16.001163
2016-08-08,0001-01-01,102809,1091,completed,33,2021-06-15 02:23:16.001163
2016-08-08,0001-01-01,102818,1274,completed,33,2021-06-15 02:23:16.001163
2016-08-08,0001-01-01,102818,1275,completed,33,2021-06-15 02:23:16.001163
2016-08-08,0001-01-01,102840,1328,completed,33,2021-06-15 02:23:16.001163
2016-08-08,0001-01-01,102840,1321,completed,33,2021-06-15 02:23:16.001163
2016-08-08,0001-01-01,102854,1274,completed,33,2021-06-15 02:23:16.001163
2016-08-08,0001-01-01,102854,1275,completed,33,2021-06-15 02:23:16.001163
2016-08-08,0001-01-01,102854,1248,completed,33,2021-06-15 02:23:16.001163
2016-08-08,0001-01-01,102854,1281,completed,33,2021-06-15 02:23:16.001163
2016-08-08,0001-01-01,102864,1274,completed,33,2021-06-15 02:23:16.001163
2016-08-08,0001-01-01,102864,1275,completed,33,2021-06-15 02:23:16.001163
2016-08-08,0001-01-01,102864,1277,completed,33,2021-06-15 02:23:16.001163
2016-08-08,0001-01-01,102864,1289,completed,33,2021-06-15 02:23:16.001163
2016-08-08,0001-01-01,102865,1281,completed,33,2021-06-15 02:23:16.001163
2016-08-08,0001-01-01,102865,1289,completed,33,2021-06-15 02:23:16.001163
2016-08-08,0001-01-01,102865,1282,completed,33,2021-06-15 02:23:16.001163
2016-08-08,0001-01-01,102865,1290,completed,33,2021-06-15 02:23:16.001163
2016-08-08,0001-01-01,102871,1092,completed,33,2021-06-15 02:23:16.001163
2016-08-08,0001-01-01,102871,1194,completed,33,2021-06-15 02:23:16.001163
2016-08-08,0001-01-01,102884,1389,completed,33,2021-06-15 02:23:16.001163
2016-08-08,0001-01-01,102884,1243,completed,33,2021-06-15 02:23:16.001163
2016-08-08,0001-01-01,102884,1193,completed,33,2021-06-15 02:23:16.001163
2016-08-08,0001-01-01,102888,1093,completed,33,2021-06-15 02:23:16.001163
2016-08-08,0001-01-01,102888,1094,completed,33,2021-06-15 02:23:16.001163
2016-08-08,0001-01-01,102888,1199,completed,33,2021-06-15 02:23:16.001163
2016-08-08,0001-01-01,102888,1107,completed,33,2021-06-15 02:23:16.001163
2016-08-08,0001-01-01,102897,1274,completed,33,2021-06-15 02:23:16.001163
2016-08-08,0001-01-01,102897,1275,completed,33,2021-06-15 02:23:16.001163
2016-08-08,0001-01-01,102901,1274,completed,33,2021-06-15 02:23:16.001163
2016-08-08,0001-01-01,102901,1242,completed,33,2021-06-15 02:23:16.001163
2016-08-08,0001-01-01,102901,1281,completed,33,2021-06-15 02:23:16.001163
2016-08-08,0001-01-01,102901,1277,completed,33,2021-06-15 02:23:16.001163
2016-08-08,0001-01-01,102901,1107,completed,33,2021-06-15 02:23:16.001163
2016-08-08,0001-01-01,102902,1275,completed,33,2021-06-15 02:23:16.001163
2016-08-08,0001-01-01,102902,1289,completed,33,2021-06-15 02:23:16.001163
2016-08-08,0001-01-01,102905,1090,completed,33,2021-06-15 02:23:16.001163
2016-08-08,0001-01-01,102905,1091,completed,33,2021-06-15 02:23:16.001163
2016-08-08,0001-01-01,102905,1329,completed,33,2021-06-15 02:23:16.001163
2016-08-08,0001-01-01,102907,1274,completed,33,2021-06-15 02:23:16.001163
2016-08-08,0001-01-01,102907,1093,completed,33,2021-06-15 02:23:16.001163
2016-08-08,0001-01-01,102907,1275,completed,33,2021-06-15 02:23:16.001163
2016-08-08,0001-01-01,102907,1281,completed,33,2021-06-15 02:23:16.001163
2016-08-08,0001-01-01,102917,1099,completed,33,2021-06-15 02:23:16.001163
2016-08-08,0001-01-01,102930,1243,completed,33,2021-06-15 02:23:16.001163
2016-08-08,0001-01-01,102930,1322,completed,33,2021-06-15 02:23:16.001163
2016-08-08,0001-01-01,102930,1318,completed,33,2021-06-15 02:23:16.001163
2016-08-08,0001-01-01,102936,1090,completed,33,2021-06-15 02:23:16.001163
2016-08-08,0001-01-01,102936,1091,completed,33,2021-06-15 02:23:16.001163
2016-08-08,0001-01-01,102946,1389,completed,33,2021-06-15 02:23:16.001163
2016-08-08,0001-01-01,102946,1193,completed,33,2021-06-15 02:23:16.001163
2016-08-08,0001-01-01,102946,1390,completed,33,2021-06-15 02:23:16.001163
2016-08-08,0001-01-01,102946,1402,completed,33,2021-06-15 02:23:16.001163
2016-08-08,0001-01-01,102963,1090,completed,33,2021-06-15 02:23:16.001163
2016-08-08,0001-01-01,102963,1091,completed,33,2021-06-15 02:23:16.001163
2016-08-08,0001-01-01,102969,1274,completed,33,2021-06-15 02:23:16.001163
2016-08-08,0001-01-01,102969,1315,completed,33,2021-06-15 02:23:16.001163
2016-08-08,0001-01-01,102969,1316,completed,33,2021-06-15 02:23:16.001163
2016-08-08,0001-01-01,102969,1328,completed,33,2021-06-15 02:23:16.001163
2016-08-08,0001-01-01,102985,1388,completed,33,2021-06-15 02:23:16.001163
2016-08-08,0001-01-01,102985,1389,completed,33,2021-06-15 02:23:16.001163
2016-08-08,0001-01-01,102985,1248,completed,33,2021-06-15 02:23:16.001163
2016-08-08,0001-01-01,102985,1390,completed,33,2021-06-15 02:23:16.001163
2016-08-08,0001-01-01,102994,1242,completed,33,2021-06-15 02:23:16.001163
2016-08-08,0001-01-01,102994,1192,completed,33,2021-06-15 02:23:16.001163
2016-08-08,0001-01-01,102994,1206,completed,33,2021-06-15 02:23:16.001163
2016-08-08,0001-01-01,102994,1245,completed,33,2021-06-15 02:23:16.001163
2016-08-08,0001-01-01,102994,1107,completed,33,2021-06-15 02:23:16.001163
2016-08-08,0001-01-01,101003,1323,completed,33,2021-06-15 02:23:16.001163
2016-08-08,0001-01-01,101003,1324,completed,33,2021-06-15 02:23:16.001163
2016-08-08,0001-01-01,101003,1320,completed,33,2021-06-15 02:23:16.001163
2016-08-08,0001-01-01,101003,1326,completed,33,2021-06-15 02:23:16.001163
2016-08-08,0001-01-01,101019,1320,completed,33,2021-06-15 02:23:16.001163
2016-08-08,0001-01-01,101019,1332,completed,33,2021-06-15 02:23:16.001163
2016-08-08,0001-01-01,101019,1325,completed,33,2021-06-15 02:23:16.001163
2016-08-08,0001-01-01,101024,1324,completed,33,2021-06-15 02:23:16.001163
2016-08-08,0001-01-01,101026,1403,completed,33,2021-06-15 02:23:16.001163
2016-08-08,0001-01-01,101026,1396,completed,33,2021-06-15 02:23:16.001163
2016-08-08,0001-01-01,101026,1392,completed,33,2021-06-15 02:23:16.001163
2016-08-08,0001-01-01,101026,1404,completed,33,2021-06-15 02:23:16.001163
2016-08-08,0001-01-01,101035,1284,completed,33,2021-06-15 02:23:16.001163
2016-08-08,0001-01-01,101055,1291,completed,33,2021-06-15 02:23:16.001163
2016-08-08,0001-01-01,101055,1280,completed,33,2021-06-15 02:23:16.001163
2016-08-08,0001-01-01,101055,1285,completed,33,2021-06-15 02:23:16.001163
2016-08-08,0001-01-01,101056,1324,completed,33,2021-06-15 02:23:16.001163
2016-08-08,0001-01-01,101056,1320,completed,33,2021-06-15 02:23:16.001163
2016-08-08,0001-01-01,101056,1332,completed,33,2021-06-15 02:23:16.001163
2016-08-08,0001-01-01,101056,1333,completed,33,2021-06-15 02:23:16.001163
2016-08-08,0001-01-01,101056,1326,completed,33,2021-06-15 02:23:16.001163
2016-08-08,0001-01-01,101058,1398,completed,33,2021-06-15 02:23:16.001163
2016-08-08,0001-01-01,101058,1394,completed,33,2021-06-15 02:23:16.001163
2016-08-08,0001-01-01,101058,1406,completed,33,2021-06-15 02:23:16.001163
2016-08-08,0001-01-01,101077,1246,completed,33,2021-06-15 02:23:16.001163
2016-08-08,0001-01-01,101077,1251,completed,33,2021-06-15 02:23:16.001163
2016-08-08,0001-01-01,101077,1097,completed,33,2021-06-15 02:23:16.001163
2016-08-08,0001-01-01,101083,1410,completed,33,2021-06-15 02:23:16.001163
2016-08-08,0001-01-01,101083,1417,completed,33,2021-06-15 02:23:16.001163
2016-08-08,0001-01-01,101089,1318,completed,33,2021-06-15 02:23:16.001163
2016-08-08,0001-01-01,101089,1330,completed,33,2021-06-15 02:23:16.001163
2016-08-08,0001-01-01,101089,1331,completed,33,2021-06-15 02:23:16.001163
2016-08-08,0001-01-01,101147,1325,completed,33,2021-06-15 02:23:16.001163
2016-08-08,0001-01-01,101147,1333,completed,33,2021-06-15 02:23:16.001163
2016-08-08,0001-01-01,101147,1400,completed,33,2021-06-15 02:23:16.001163
2016-08-08,0001-01-01,101147,1334,completed,33,2021-06-15 02:23:16.001163
2016-08-08,0001-01-01,101148,1287,completed,33,2021-06-15 02:23:16.001163
2016-08-08,0001-01-01,101148,1335,completed,33,2021-06-15 02:23:16.001163
2016-08-08,0001-01-01,101148,1336,completed,33,2021-06-15 02:23:16.001163
2016-08-08,0001-01-01,101148,1337,completed,33,2021-06-15 02:23:16.001163
2016-08-08,0001-01-01,101148,1339,completed,33,2021-06-15 02:23:16.001163
2016-08-08,0001-01-01,101150,1405,completed,33,2021-06-15 02:23:16.001163
2016-08-08,0001-01-01,101150,1394,completed,33,2021-06-15 02:23:16.001163
2016-08-08,0001-01-01,101150,1406,completed,33,2021-06-15 02:23:16.001163
2016-08-08,0001-01-01,101150,1103,completed,33,2021-06-15 02:23:16.001163
2016-08-08,0001-01-01,101158,1262,completed,33,2021-06-15 02:23:16.001163
2016-08-08,0001-01-01,101164,1098,completed,33,2021-06-15 02:23:16.001163
2016-08-08,0001-01-01,101164,1325,completed,33,2021-06-15 02:23:16.001163
2016-08-08,0001-01-01,101164,1210,completed,33,2021-06-15 02:23:16.001163
2016-08-08,0001-01-01,101165,1405,completed,33,2021-06-15 02:23:16.001163
2016-08-08,0001-01-01,101165,1398,completed,33,2021-06-15 02:23:16.001163
2016-08-08,0001-01-01,101165,1394,completed,33,2021-06-15 02:23:16.001163
2016-08-08,0001-01-01,101165,1406,completed,33,2021-06-15 02:23:16.001163
2016-08-08,0001-01-01,101187,1394,completed,33,2021-06-15 02:23:16.001163
2016-08-08,0001-01-01,101200,1097,completed,33,2021-06-15 02:23:16.001163
2016-08-08,0001-01-01,101211,1414,completed,33,2021-06-15 02:23:16.001163
2016-08-08,0001-01-01,101211,1302,completed,33,2021-06-15 02:23:16.001163
2016-08-08,0001-01-01,101215,1259,completed,33,2021-06-15 02:23:16.001163
2016-08-08,0001-01-01,101215,1205,completed,33,2021-06-15 02:23:16.001163
2016-08-08,0001-01-01,101215,1213,completed,33,2021-06-15 02:23:16.001163
2016-08-08,0001-01-01,101215,1410,completed,33,2021-06-15 02:23:16.001163
2016-08-08,0001-01-01,101238,1279,completed,33,2021-06-15 02:23:16.001163
2016-08-08,0001-01-01,101238,1284,completed,33,2021-06-15 02:23:16.001163
2016-08-08,0001-01-01,101238,1280,completed,33,2021-06-15 02:23:16.001163
2016-08-08,0001-01-01,101266,1325,completed,33,2021-06-15 02:23:16.001163
2016-08-08,0001-01-01,101266,1326,completed,33,2021-06-15 02:23:16.001163
2016-08-08,0001-01-01,101268,1396,completed,33,2021-06-15 02:23:16.001163
2016-08-08,0001-01-01,101268,1318,completed,33,2021-06-15 02:23:16.001163
2016-08-08,0001-01-01,101268,1393,completed,33,2021-06-15 02:23:16.001163
2016-08-08,0001-01-01,101268,1291,completed,33,2021-06-15 02:23:16.001163
2016-08-08,0001-01-01,101273,1249,completed,33,2021-06-15 02:23:16.001163
2016-08-08,0001-01-01,101275,1393,completed,33,2021-06-15 02:23:16.001163
2016-08-08,0001-01-01,101275,1405,completed,33,2021-06-15 02:23:16.001163
2016-08-08,0001-01-01,101275,1394,completed,33,2021-06-15 02:23:16.001163
2016-08-08,0001-01-01,101275,1406,completed,33,2021-06-15 02:23:16.001163
2016-08-08,0001-01-01,101275,1399,completed,33,2021-06-15 02:23:16.001163
2016-08-08,0001-01-01,101278,1319,completed,33,2021-06-15 02:23:16.001163
2016-08-08,0001-01-01,101278,1331,completed,33,2021-06-15 02:23:16.001163
2016-08-08,0001-01-01,101278,1324,completed,33,2021-06-15 02:23:16.001163
2016-08-08,0001-01-01,101290,1333,completed,33,2021-06-15 02:23:16.001163
2016-08-08,0001-01-01,101290,1336,completed,33,2021-06-15 02:23:16.001163
2016-08-08,0001-01-01,101306,1200,completed,33,2021-06-15 02:23:16.001163
2016-08-08,0001-01-01,101329,1253,completed,33,2021-06-15 02:23:16.001163
2016-08-08,0001-01-01,101329,1211,completed,33,2021-06-15 02:23:16.001163
2016-08-08,0001-01-01,101329,1287,completed,33,2021-06-15 02:23:16.001163
2016-08-08,0001-01-01,101336,1393,completed,33,2021-06-15 02:23:16.001163
2016-08-08,0001-01-01,101336,1405,completed,33,2021-06-15 02:23:16.001163
2016-08-08,0001-01-01,101336,1398,completed,33,2021-06-15 02:23:16.001163
2016-08-08,0001-01-01,101336,1394,completed,33,2021-06-15 02:23:16.001163
2016-08-08,0001-01-01,101347,1319,completed,33,2021-06-15 02:23:16.001163
2016-08-08,0001-01-01,101347,1405,completed,33,2021-06-15 02:23:16.001163
2016-08-08,0001-01-01,101358,1405,completed,33,2021-06-15 02:23:16.001163
2016-08-08,0001-01-01,101358,1398,completed,33,2021-06-15 02:23:16.001163
2016-08-08,0001-01-01,101358,1394,completed,33,2021-06-15 02:23:16.001163
2016-08-08,0001-01-01,101358,1406,completed,33,2021-06-15 02:23:16.001163
2016-08-08,0001-01-01,101376,1112,completed,33,2021-06-15 02:23:16.001163
2016-08-08,0001-01-01,101376,1115,completed,33,2021-06-15 02:23:16.001163
2016-08-08,0001-01-01,101376,1116,completed,33,2021-06-15 02:23:16.001163
2016-08-08,0001-01-01,101381,1213,completed,33,2021-06-15 02:23:16.001163
2016-08-08,0001-01-01,101385,1290,completed,33,2021-06-15 02:23:16.001163
2016-08-08,0001-01-01,101385,1324,completed,33,2021-06-15 02:23:16.001163
2016-08-08,0001-01-01,101385,1408,completed,33,2021-06-15 02:23:16.001163
2016-08-08,0001-01-01,101387,1332,completed,33,2021-06-15 02:23:16.001163
2016-08-08,0001-01-01,101387,1327,completed,33,2021-06-15 02:23:16.001163
2016-08-08,0001-01-01,101387,1341,completed,33,2021-06-15 02:23:16.001163
2016-08-08,0001-01-01,101392,1394,completed,33,2021-06-15 02:23:16.001163
2016-08-08,0001-01-01,101398,1247,completed,33,2021-06-15 02:23:16.001163
2016-08-08,0001-01-01,101398,1405,completed,33,2021-06-15 02:23:16.001163
2016-08-08,0001-01-01,101399,1197,completed,33,2021-06-15 02:23:16.001163
2016-08-08,0001-01-01,101431,1246,completed,33,2021-06-15 02:23:16.001163
2016-08-08,0001-01-01,101438,1284,completed,33,2021-06-15 02:23:16.001163
2016-08-08,0001-01-01,101438,1292,completed,33,2021-06-15 02:23:16.001163
2016-08-08,0001-01-01,101438,1285,completed,33,2021-06-15 02:23:16.001163
2016-08-08,0001-01-01,101438,1286,completed,33,2021-06-15 02:23:16.001163
2016-08-08,0001-01-01,101483,1098,completed,33,2021-06-15 02:23:16.001163
2016-08-08,0001-01-01,101491,1280,completed,33,2021-06-15 02:23:16.001163
2016-08-08,0001-01-01,101491,1292,completed,33,2021-06-15 02:23:16.001163
2016-08-08,0001-01-01,101491,1285,completed,33,2021-06-15 02:23:16.001163
2016-08-08,0001-01-01,101505,1280,completed,33,2021-06-15 02:23:16.001163
2016-08-08,0001-01-01,101505,1285,completed,33,2021-06-15 02:23:16.001163
2016-08-08,0001-01-01,101505,1293,completed,33,2021-06-15 02:23:16.001163
2016-08-08,0001-01-01,101505,1400,completed,33,2021-06-15 02:23:16.001163
2016-08-08,0001-01-01,101519,1334,completed,33,2021-06-15 02:23:16.001163
2016-08-08,0001-01-01,101519,1327,completed,33,2021-06-15 02:23:16.001163
2016-08-08,0001-01-01,101519,1335,completed,33,2021-06-15 02:23:16.001163
2016-08-08,0001-01-01,101519,1337,completed,33,2021-06-15 02:23:16.001163
2016-08-08,0001-01-01,101563,1323,completed,33,2021-06-15 02:23:16.001163
2016-08-08,0001-01-01,101563,1408,completed,33,2021-06-15 02:23:16.001163
2016-08-08,0001-01-01,101582,1398,completed,33,2021-06-15 02:23:16.001163
2016-08-08,0001-01-01,101582,1406,completed,33,2021-06-15 02:23:16.001163
2016-08-08,0001-01-01,101582,1325,completed,33,2021-06-15 02:23:16.001163
2016-08-08,0001-01-01,101583,1325,completed,33,2021-06-15 02:23:16.001163
2016-08-08,0001-01-01,101583,1326,completed,33,2021-06-15 02:23:16.001163
2016-08-08,0001-01-01,101583,1327,completed,33,2021-06-15 02:23:16.001163
2016-08-08,0001-01-01,101596,1332,completed,33,2021-06-15 02:23:16.001163
2016-08-08,0001-01-01,101596,1406,completed,33,2021-06-15 02:23:16.001163
2016-08-08,0001-01-01,101603,1323,completed,33,2021-06-15 02:23:16.001163
2016-08-08,0001-01-01,101603,1258,completed,33,2021-06-15 02:23:16.001163
2016-08-08,0001-01-01,101603,1252,completed,33,2021-06-15 02:23:16.001163
2016-08-08,0001-01-01,101606,1318,completed,33,2021-06-15 02:23:16.001163
2016-08-08,0001-01-01,101616,1252,completed,33,2021-06-15 02:23:16.001163
2016-08-08,0001-01-01,101616,1407,completed,33,2021-06-15 02:23:16.001163
2016-08-08,0001-01-01,101617,1261,completed,33,2021-06-15 02:23:16.001163
2016-08-08,0001-01-01,101617,1262,completed,33,2021-06-15 02:23:16.001163
2016-08-08,0001-01-01,101617,1212,completed,33,2021-06-15 02:23:16.001163
2016-08-08,0001-01-01,101617,1205,completed,33,2021-06-15 02:23:16.001163
2016-08-08,0001-01-01,101618,1292,completed,33,2021-06-15 02:23:16.001163
2016-08-08,0001-01-01,101618,1285,completed,33,2021-06-15 02:23:16.001163
2016-08-08,0001-01-01,101618,1294,completed,33,2021-06-15 02:23:16.001163
2016-08-08,0001-01-01,101618,1295,completed,33,2021-06-15 02:23:16.001163
2016-08-08,0001-01-01,101621,1258,completed,33,2021-06-15 02:23:16.001163
2016-08-08,0001-01-01,101635,1332,completed,33,2021-06-15 02:23:16.001163
2016-08-08,0001-01-01,101635,1325,completed,33,2021-06-15 02:23:16.001163
2016-08-08,0001-01-01,101635,1336,completed,33,2021-06-15 02:23:16.001163
2016-08-08,0001-01-01,101635,1337,completed,33,2021-06-15 02:23:16.001163
2016-08-08,0001-01-01,101650,1204,completed,33,2021-06-15 02:23:16.001163
2016-08-08,0001-01-01,101650,1112,completed,33,2021-06-15 02:23:16.001163
2016-08-08,0001-01-01,101650,1113,completed,33,2021-06-15 02:23:16.001163
2016-08-08,0001-01-01,101667,1253,completed,33,2021-06-15 02:23:16.001163
2016-08-08,0001-01-01,101680,1210,completed,33,2021-06-15 02:23:16.001163
2016-08-08,0001-01-01,101680,1212,completed,33,2021-06-15 02:23:16.001163
2016-08-08,0001-01-01,101680,1205,completed,33,2021-06-15 02:23:16.001163
2016-08-08,0001-01-01,101681,1260,completed,33,2021-06-15 02:23:16.001163
2016-08-08,0001-01-01,101688,1290,completed,33,2021-06-15 02:23:16.001163
2016-08-08,0001-01-01,101688,1283,completed,33,2021-06-15 02:23:16.001163
2016-08-08,0001-01-01,101688,1291,completed,33,2021-06-15 02:23:16.001163
2016-08-08,0001-01-01,101688,1284,completed,33,2021-06-15 02:23:16.001163
2016-08-08,0001-01-01,101688,1292,completed,33,2021-06-15 02:23:16.001163
2016-08-08,0001-01-01,101690,1331,completed,33,2021-06-15 02:23:16.001163
2016-08-08,0001-01-01,101690,1320,completed,33,2021-06-15 02:23:16.001163
2016-08-08,0001-01-01,101690,1104,completed,33,2021-06-15 02:23:16.001163
2016-08-08,0001-01-01,101690,1326,completed,33,2021-06-15 02:23:16.001163
2016-08-08,0001-01-01,101699,1292,completed,33,2021-06-15 02:23:16.001163
2016-08-08,0001-01-01,101699,1285,completed,33,2021-06-15 02:23:16.001163
2016-08-08,0001-01-01,101699,1260,completed,33,2021-06-15 02:23:16.001163
2016-08-08,0001-01-01,101699,1293,completed,33,2021-06-15 02:23:16.001163
2016-08-08,0001-01-01,101721,1258,completed,33,2021-06-15 02:23:16.001163
2016-08-08,0001-01-01,101721,1400,completed,33,2021-06-15 02:23:16.001163
2016-08-08,0001-01-01,101721,1204,completed,33,2021-06-15 02:23:16.001163
2016-08-08,0001-01-01,101723,1210,completed,33,2021-06-15 02:23:16.001163
2016-08-08,0001-01-01,101723,1204,completed,33,2021-06-15 02:23:16.001163
2016-08-08,0001-01-01,101723,1219,completed,33,2021-06-15 02:23:16.001163
2016-08-08,0001-01-01,101739,1279,completed,33,2021-06-15 02:23:16.001163
2016-08-08,0001-01-01,101739,1291,completed,33,2021-06-15 02:23:16.001163
2016-08-08,0001-01-01,101739,1280,completed,33,2021-06-15 02:23:16.001163
2016-08-08,0001-01-01,101739,1098,completed,33,2021-06-15 02:23:16.001163
2016-08-08,0001-01-01,101747,1302,completed,33,2021-06-15 02:23:16.001163
2016-08-08,0001-01-01,101747,1120,completed,33,2021-06-15 02:23:16.001163
2016-08-08,0001-01-01,101752,1332,completed,33,2021-06-15 02:23:16.001163
2016-08-08,0001-01-01,101752,1333,completed,33,2021-06-15 02:23:16.001163
2016-08-08,0001-01-01,101752,1326,completed,33,2021-06-15 02:23:16.001163
2016-08-08,0001-01-01,101759,1319,completed,33,2021-06-15 02:23:16.001163
2016-08-08,0001-01-01,101759,1331,completed,33,2021-06-15 02:23:16.001163
2016-08-08,0001-01-01,101759,1320,completed,33,2021-06-15 02:23:16.001163
2016-08-08,0001-01-01,101759,1333,completed,33,2021-06-15 02:23:16.001163
2016-08-08,0001-01-01,101762,1252,completed,33,2021-06-15 02:23:16.001163
2016-08-08,0001-01-01,101762,1210,completed,33,2021-06-15 02:23:16.001163
2016-08-08,0001-01-01,101762,1253,completed,33,2021-06-15 02:23:16.001163
2016-08-08,0001-01-01,101762,1211,completed,33,2021-06-15 02:23:16.001163
2016-08-08,0001-01-01,101772,1396,completed,33,2021-06-15 02:23:16.001163
2016-08-08,0001-01-01,101772,1393,completed,33,2021-06-15 02:23:16.001163
2016-08-08,0001-01-01,101783,1104,completed,33,2021-06-15 02:23:16.001163
2016-08-08,0001-01-01,101788,1286,completed,33,2021-06-15 02:23:16.001163
2016-08-08,0001-01-01,101808,1104,completed,33,2021-06-15 02:23:16.001163
2016-08-08,0001-01-01,101808,1261,completed,33,2021-06-15 02:23:16.001163
2016-08-08,0001-01-01,101808,1263,completed,33,2021-06-15 02:23:16.001163
2016-08-08,0001-01-01,101808,1115,completed,33,2021-06-15 02:23:16.001163
2016-08-08,0001-01-01,101814,1319,completed,33,2021-06-15 02:23:16.001163
2016-08-08,0001-01-01,101814,1324,completed,33,2021-06-15 02:23:16.001163
2016-08-08,0001-01-01,101814,1320,completed,33,2021-06-15 02:23:16.001163
2016-08-08,0001-01-01,101814,1325,completed,33,2021-06-15 02:23:16.001163
2016-08-08,0001-01-01,101820,1098,completed,33,2021-06-15 02:23:16.001163
2016-08-08,0001-01-01,101826,1260,completed,33,2021-06-15 02:23:16.001163
2016-08-08,0001-01-01,101826,1210,completed,33,2021-06-15 02:23:16.001163
2016-08-08,0001-01-01,101826,1334,completed,33,2021-06-15 02:23:16.001163
2016-08-08,0001-01-01,101826,1117,completed,33,2021-06-15 02:23:16.001163
2016-08-08,0001-01-01,101838,1112,completed,33,2021-06-15 02:23:16.001163
2016-08-08,0001-01-01,101838,1255,completed,33,2021-06-15 02:23:16.001163
2016-08-08,0001-01-01,101838,1214,completed,33,2021-06-15 02:23:16.001163
2016-08-08,0001-01-01,101838,1266,completed,33,2021-06-15 02:23:16.001163
2016-08-08,0001-01-01,101838,1117,completed,33,2021-06-15 02:23:16.001163
2016-08-08,0001-01-01,101840,1335,completed,33,2021-06-15 02:23:16.001163
2016-08-08,0001-01-01,101840,1337,completed,33,2021-06-15 02:23:16.001163
2016-08-08,0001-01-01,101840,1344,completed,33,2021-06-15 02:23:16.001163
2016-08-08,0001-01-01,101852,1325,completed,33,2021-06-15 02:23:16.001163
2016-08-08,0001-01-01,101862,1102,completed,33,2021-06-15 02:23:16.001163
2016-08-08,0001-01-01,101862,1407,completed,33,2021-06-15 02:23:16.001163
2016-08-08,0001-01-01,101868,1253,completed,33,2021-06-15 02:23:16.001163
2016-08-08,0001-01-01,101868,1333,completed,33,2021-06-15 02:23:16.001163
2016-08-08,0001-01-01,101868,1261,completed,33,2021-06-15 02:23:16.001163
2016-08-08,0001-01-01,101873,1324,completed,33,2021-06-15 02:23:16.001163
2016-08-08,0001-01-01,101873,1320,completed,33,2021-06-15 02:23:16.001163
2016-08-08,0001-01-01,101873,1408,completed,33,2021-06-15 02:23:16.001163
2016-08-08,0001-01-01,101873,1334,completed,33,2021-06-15 02:23:16.001163
2016-08-08,0001-01-01,101873,1336,completed,33,2021-06-15 02:23:16.001163
2016-08-08,0001-01-01,101891,1332,completed,33,2021-06-15 02:23:16.001163
2016-08-08,0001-01-01,101891,1260,completed,33,2021-06-15 02:23:16.001163
2016-08-08,0001-01-01,101891,1333,completed,33,2021-06-15 02:23:16.001163
2016-08-08,0001-01-01,101898,1279,completed,33,2021-06-15 02:23:16.001163
2016-08-08,0001-01-01,101898,1291,completed,33,2021-06-15 02:23:16.001163
2016-08-08,0001-01-01,101898,1284,completed,33,2021-06-15 02:23:16.001163
2016-08-08,0001-01-01,101898,1280,completed,33,2021-06-15 02:23:16.001163
2016-08-08,0001-01-01,101916,1392,completed,33,2021-06-15 02:23:16.001163
2016-08-08,0001-01-01,101916,1404,completed,33,2021-06-15 02:23:16.001163
2016-08-08,0001-01-01,101916,1393,completed,33,2021-06-15 02:23:16.001163
2016-08-08,0001-01-01,101916,1405,completed,33,2021-06-15 02:23:16.001163
2016-08-08,0001-01-01,101919,1102,completed,33,2021-06-15 02:23:16.001163
2016-08-08,0001-01-01,101919,1253,completed,33,2021-06-15 02:23:16.001163
2016-08-08,0001-01-01,101919,1339,completed,33,2021-06-15 02:23:16.001163
2016-08-08,0001-01-01,101931,1333,completed,33,2021-06-15 02:23:16.001163
2016-08-08,0001-01-01,101931,1334,completed,33,2021-06-15 02:23:16.001163
2016-08-08,0001-01-01,101943,1405,completed,33,2021-06-15 02:23:16.001163
2016-08-08,0001-01-01,101943,1398,completed,33,2021-06-15 02:23:16.001163
2016-08-08,0001-01-01,101943,1399,completed,33,2021-06-15 02:23:16.001163
2016-08-08,0001-01-01,101943,1407,completed,33,2021-06-15 02:23:16.001163
2016-08-08,0001-01-01,101963,1334,completed,33,2021-06-15 02:23:16.001163
2016-08-08,0001-01-01,101963,1335,completed,33,2021-06-15 02:23:16.001163
2016-08-08,0001-01-01,101963,1336,completed,33,2021-06-15 02:23:16.001163
2016-08-08,0001-01-01,101963,1337,completed,33,2021-06-15 02:23:16.001163
2016-08-08,0001-01-01,101963,1341,completed,33,2021-06-15 02:23:16.001163
2016-08-08,0001-01-01,101974,1203,completed,33,2021-06-15 02:23:16.001163
2016-08-08,0001-01-01,101974,1254,completed,33,2021-06-15 02:23:16.001163
2016-08-08,0001-01-01,101974,1204,completed,33,2021-06-15 02:23:16.001163
2016-08-08,0001-01-01,101974,1113,completed,33,2021-06-15 02:23:16.001163
2016-08-08,0001-01-01,101994,1247,completed,33,2021-06-15 02:23:16.001163
2016-08-08,0001-01-01,101994,1260,completed,33,2021-06-15 02:23:16.001163
2016-08-08,0001-01-01,101994,1253,completed,33,2021-06-15 02:23:16.001163
2016-08-08,0001-01-01,101999,1212,completed,33,2021-06-15 02:23:16.001163
2016-08-08,0001-01-01,101999,1255,completed,33,2021-06-15 02:23:16.001163
2016-08-08,0001-01-01,101999,1214,completed,33,2021-06-15 02:23:16.001163
2016-08-08,0001-01-01,100016,1302,completed,33,2021-06-15 02:23:16.001163
2016-08-08,0001-01-01,100033,1223,completed,33,2021-06-15 02:23:16.001163
2016-08-08,0001-01-01,100033,1224,completed,33,2021-06-15 02:23:16.001163
2016-08-08,0001-01-01,100033,1132,completed,33,2021-06-15 02:23:16.001163
2016-08-08,0001-01-01,100043,1417,completed,33,2021-06-15 02:23:16.001163
2016-08-08,0001-01-01,100043,1353,completed,33,2021-06-15 02:23:16.001163
2016-08-08,0001-01-01,100043,1360,completed,33,2021-06-15 02:23:16.001163
2016-08-08,0001-01-01,100048,1296,completed,33,2021-06-15 02:23:16.001163
2016-08-08,0001-01-01,100048,1299,completed,33,2021-06-15 02:23:16.001163
2016-08-08,0001-01-01,100048,1302,completed,33,2021-06-15 02:23:16.001163
2016-08-08,0001-01-01,100048,1304,completed,33,2021-06-15 02:23:16.001163
2016-08-08,0001-01-01,100062,1125,completed,33,2021-06-15 02:23:16.001163
2016-08-08,0001-01-01,100062,1226,completed,33,2021-06-15 02:23:16.001163
2016-08-08,0001-01-01,100063,1297,completed,33,2021-06-15 02:23:16.001163
2016-08-08,0001-01-01,100063,1300,completed,33,2021-06-15 02:23:16.001163
2016-08-08,0001-01-01,100063,1301,completed,33,2021-06-15 02:23:16.001163
2016-08-08,0001-01-01,100063,1306,completed,33,2021-06-15 02:23:16.001163
2016-08-08,0001-01-01,100093,1339,completed,33,2021-06-15 02:23:16.001163
2016-08-08,0001-01-01,100093,1345,completed,33,2021-06-15 02:23:16.001163
2016-08-08,0001-01-01,100093,1352,completed,33,2021-06-15 02:23:16.001163
2016-08-08,0001-01-01,100093,1354,completed,33,2021-06-15 02:23:16.001163
2016-08-08,0001-01-01,100096,1297,completed,33,2021-06-15 02:23:16.001163
2016-08-08,0001-01-01,100096,1117,completed,33,2021-06-15 02:23:16.001163
2016-08-08,0001-01-01,100096,1299,completed,33,2021-06-15 02:23:16.001163
2016-08-08,0001-01-01,100096,1301,completed,33,2021-06-15 02:23:16.001163
2016-08-08,0001-01-01,100101,1411,completed,33,2021-06-15 02:23:16.001163
2016-08-08,0001-01-01,100101,1412,completed,33,2021-06-15 02:23:16.001163
2016-08-08,0001-01-01,100101,1413,completed,33,2021-06-15 02:23:16.001163
2016-08-08,0001-01-01,100101,1268,completed,33,2021-06-15 02:23:16.001163
2016-08-08,0001-01-01,100105,1126,completed,33,2021-06-15 02:23:16.001163
2016-08-08,0001-01-01,100105,1130,completed,33,2021-06-15 02:23:16.001163
2016-08-08,0001-01-01,100105,1132,completed,33,2021-06-15 02:23:16.001163
2016-08-08,0001-01-01,100117,1353,completed,33,2021-06-15 02:23:16.001163
2016-08-08,0001-01-01,100117,1354,completed,33,2021-06-15 02:23:16.001163
2016-08-08,0001-01-01,100118,1411,completed,33,2021-06-15 02:23:16.001163
2016-08-08,0001-01-01,100118,1412,completed,33,2021-06-15 02:23:16.001163
2016-08-08,0001-01-01,100118,1413,completed,33,2021-06-15 02:23:16.001163
2016-08-08,0001-01-01,100118,1339,completed,33,2021-06-15 02:23:16.001163
2016-08-08,0001-01-01,100118,1414,completed,33,2021-06-15 02:23:16.001163
2016-08-08,0001-01-01,100151,1121,completed,33,2021-06-15 02:23:16.001163
2016-08-08,0001-01-01,100151,1221,completed,33,2021-06-15 02:23:16.001163
2016-08-08,0001-01-01,100151,1123,completed,33,2021-06-15 02:23:16.001163
2016-08-08,0001-01-01,100151,1126,completed,33,2021-06-15 02:23:16.001163
2016-08-08,0001-01-01,100166,1287,completed,33,2021-06-15 02:23:16.001163
2016-08-08,0001-01-01,100166,1297,completed,33,2021-06-15 02:23:16.001163
2016-08-08,0001-01-01,100166,1299,completed,33,2021-06-15 02:23:16.001163
2016-08-08,0001-01-01,100167,1299,completed,33,2021-06-15 02:23:16.001163
2016-08-08,0001-01-01,100167,1300,completed,33,2021-06-15 02:23:16.001163
2016-08-08,0001-01-01,100167,1270,completed,33,2021-06-15 02:23:16.001163
2016-08-08,0001-01-01,100192,1345,completed,33,2021-06-15 02:23:16.001163
2016-08-08,0001-01-01,100192,1355,completed,33,2021-06-15 02:23:16.001163
2016-08-08,0001-01-01,100196,1401,completed,33,2021-06-15 02:23:16.001163
2016-08-08,0001-01-01,100196,1409,completed,33,2021-06-15 02:23:16.001163
2016-08-08,0001-01-01,100196,1411,completed,33,2021-06-15 02:23:16.001163
2016-08-08,0001-01-01,100197,1301,completed,33,2021-06-15 02:23:16.001163
2016-08-08,0001-01-01,100197,1302,completed,33,2021-06-15 02:23:16.001163
2016-08-08,0001-01-01,100197,1304,completed,33,2021-06-15 02:23:16.001163
2016-08-08,0001-01-01,100210,1123,completed,33,2021-06-15 02:23:16.001163
2016-08-08,0001-01-01,100210,1223,completed,33,2021-06-15 02:23:16.001163
2016-08-08,0001-01-01,100210,1226,completed,33,2021-06-15 02:23:16.001163
2016-08-08,0001-01-01,100210,1229,completed,33,2021-06-15 02:23:16.001163
2016-08-08,0001-01-01,100224,1299,completed,33,2021-06-15 02:23:16.001163
2016-08-08,0001-01-01,100224,1270,completed,33,2021-06-15 02:23:16.001163
2016-08-08,0001-01-01,100225,1336,completed,33,2021-06-15 02:23:16.001163
2016-08-08,0001-01-01,100225,1337,completed,33,2021-06-15 02:23:16.001163
2016-08-08,0001-01-01,100225,1351,completed,33,2021-06-15 02:23:16.001163
2016-08-08,0001-01-01,100225,1352,completed,33,2021-06-15 02:23:16.001163
2016-08-08,0001-01-01,100225,1353,completed,33,2021-06-15 02:23:16.001163
2016-08-08,0001-01-01,100232,1121,completed,33,2021-06-15 02:23:16.001163
2016-08-08,0001-01-01,100241,1267,completed,33,2021-06-15 02:23:16.001163
2016-08-08,0001-01-01,100241,1300,completed,33,2021-06-15 02:23:16.001163
2016-08-08,0001-01-01,100241,1301,completed,33,2021-06-15 02:23:16.001163
2016-08-08,0001-01-01,100241,1302,completed,33,2021-06-15 02:23:16.001163
2016-08-08,0001-01-01,100241,1121,completed,33,2021-06-15 02:23:16.001163
2016-08-08,0001-01-01,100245,1235,completed,33,2021-06-15 02:23:16.001163
2016-08-08,0001-01-01,100253,1299,completed,33,2021-06-15 02:23:16.001163
2016-08-08,0001-01-01,100253,1300,completed,33,2021-06-15 02:23:16.001163
2016-08-08,0001-01-01,100253,1302,completed,33,2021-06-15 02:23:16.001163
2016-08-08,0001-01-01,100253,1304,completed,33,2021-06-15 02:23:16.001163
2016-08-08,0001-01-01,100253,1305,completed,33,2021-06-15 02:23:16.001163
2016-08-08,0001-01-01,100254,1122,completed,33,2021-06-15 02:23:16.001163
2016-08-08,0001-01-01,100254,1225,completed,33,2021-06-15 02:23:16.001163
2016-08-08,0001-01-01,100254,1227,completed,33,2021-06-15 02:23:16.001163
2016-08-08,0001-01-01,100262,1327,completed,33,2021-06-15 02:23:16.001163
2016-08-08,0001-01-01,100262,1287,completed,33,2021-06-15 02:23:16.001163
2016-08-08,0001-01-01,100262,1295,completed,33,2021-06-15 02:23:16.001163
2016-08-08,0001-01-01,100262,1296,completed,33,2021-06-15 02:23:16.001163
2016-08-08,0001-01-01,100263,1408,completed,33,2021-06-15 02:23:16.001163
2016-08-08,0001-01-01,100263,1401,completed,33,2021-06-15 02:23:16.001163
2016-08-08,0001-01-01,100263,1409,completed,33,2021-06-15 02:23:16.001163
2016-08-08,0001-01-01,100263,1410,completed,33,2021-06-15 02:23:16.001163
2016-08-08,0001-01-01,100263,1412,completed,33,2021-06-15 02:23:16.001163
2016-08-08,0001-01-01,100267,1401,completed,33,2021-06-15 02:23:16.001163
2016-08-08,0001-01-01,100267,1409,completed,33,2021-06-15 02:23:16.001163
2016-08-08,0001-01-01,100267,1411,completed,33,2021-06-15 02:23:16.001163
2016-08-08,0001-01-01,100290,1411,completed,33,2021-06-15 02:23:16.001163
2016-08-08,0001-01-01,100290,1412,completed,33,2021-06-15 02:23:16.001163
2016-08-08,0001-01-01,100290,1413,completed,33,2021-06-15 02:23:16.001163
2016-08-08,0001-01-01,100290,1414,completed,33,2021-06-15 02:23:16.001163
2016-08-08,0001-01-01,100299,1351,completed,33,2021-06-15 02:23:16.001163
2016-08-08,0001-01-01,100299,1352,completed,33,2021-06-15 02:23:16.001163
2016-08-08,0001-01-01,100299,1354,completed,33,2021-06-15 02:23:16.001163
2016-08-08,0001-01-01,100299,1133,completed,33,2021-06-15 02:23:16.001163
2016-08-08,0001-01-01,100303,1309,completed,33,2021-06-15 02:23:16.001163
2016-08-08,0001-01-01,100303,1229,completed,33,2021-06-15 02:23:16.001163
2016-08-08,0001-01-01,100323,1297,completed,33,2021-06-15 02:23:16.001163
2016-08-08,0001-01-01,100323,1299,completed,33,2021-06-15 02:23:16.001163
2016-08-08,0001-01-01,100323,1300,completed,33,2021-06-15 02:23:16.001163
2016-08-08,0001-01-01,100323,1301,completed,33,2021-06-15 02:23:16.001163
2016-08-08,0001-01-01,100323,1302,completed,33,2021-06-15 02:23:16.001163
2016-08-08,0001-01-01,100325,1408,completed,33,2021-06-15 02:23:16.001163
2016-08-08,0001-01-01,100325,1410,completed,33,2021-06-15 02:23:16.001163
2016-08-08,0001-01-01,100325,1411,completed,33,2021-06-15 02:23:16.001163
2016-08-08,0001-01-01,100325,1412,completed,33,2021-06-15 02:23:16.001163
2016-08-08,0001-01-01,100325,1413,completed,33,2021-06-15 02:23:16.001163
2016-08-08,0001-01-01,100352,1116,completed,33,2021-06-15 02:23:16.001163
2016-08-08,0001-01-01,100373,1305,completed,33,2021-06-15 02:23:16.001163
2016-08-08,0001-01-01,100379,1346,completed,33,2021-06-15 02:23:16.001163
2016-08-08,0001-01-01,100379,1349,completed,33,2021-06-15 02:23:16.001163
2016-08-08,0001-01-01,100379,1351,completed,33,2021-06-15 02:23:16.001163
2016-08-08,0001-01-01,100379,1355,completed,33,2021-06-15 02:23:16.001163
2016-08-08,0001-01-01,100379,1358,completed,33,2021-06-15 02:23:16.001163
2016-08-08,0001-01-01,100399,1401,completed,33,2021-06-15 02:23:16.001163
2016-08-08,0001-01-01,100399,1409,completed,33,2021-06-15 02:23:16.001163
2016-08-08,0001-01-01,100399,1410,completed,33,2021-06-15 02:23:16.001163
2016-08-08,0001-01-01,100399,1411,completed,33,2021-06-15 02:23:16.001163
2016-08-08,0001-01-01,100399,1265,completed,33,2021-06-15 02:23:16.001163
2016-08-08,0001-01-01,100402,1286,completed,33,2021-06-15 02:23:16.001163
2016-08-08,0001-01-01,100402,1287,completed,33,2021-06-15 02:23:16.001163
2016-08-08,0001-01-01,100402,1295,completed,33,2021-06-15 02:23:16.001163
2016-08-08,0001-01-01,100434,1401,completed,33,2021-06-15 02:23:16.001163
2016-08-08,0001-01-01,100434,1409,completed,33,2021-06-15 02:23:16.001163
2016-08-08,0001-01-01,100434,1410,completed,33,2021-06-15 02:23:16.001163
2016-08-08,0001-01-01,100436,1337,completed,33,2021-06-15 02:23:16.001163
2016-08-08,0001-01-01,100436,1343,completed,33,2021-06-15 02:23:16.001163
2016-08-08,0001-01-01,100436,1344,completed,33,2021-06-15 02:23:16.001163
2016-08-08,0001-01-01,100436,1353,completed,33,2021-06-15 02:23:16.001163
2016-08-08,0001-01-01,100436,1354,completed,33,2021-06-15 02:23:16.001163
2016-08-08,0001-01-01,100449,1407,completed,33,2021-06-15 02:23:16.001163
2016-08-08,0001-01-01,100449,1400,completed,33,2021-06-15 02:23:16.001163
2016-08-08,0001-01-01,100449,1409,completed,33,2021-06-15 02:23:16.001163
2016-08-08,0001-01-01,100449,1413,completed,33,2021-06-15 02:23:16.001163
2016-08-08,0001-01-01,100478,1286,completed,33,2021-06-15 02:23:16.001163
2016-08-08,0001-01-01,100478,1294,completed,33,2021-06-15 02:23:16.001163
2016-08-08,0001-01-01,100478,1112,completed,33,2021-06-15 02:23:16.001163
2016-08-08,0001-01-01,100478,1287,completed,33,2021-06-15 02:23:16.001163
2016-08-08,0001-01-01,100478,1297,completed,33,2021-06-15 02:23:16.001163
2016-08-08,0001-01-01,100488,1411,completed,33,2021-06-15 02:23:16.001163
2016-08-08,0001-01-01,100488,1412,completed,33,2021-06-15 02:23:16.001163
2016-08-08,0001-01-01,100488,1413,completed,33,2021-06-15 02:23:16.001163
2016-08-08,0001-01-01,100488,1414,completed,33,2021-06-15 02:23:16.001163
2016-08-08,0001-01-01,100490,1126,completed,33,2021-06-15 02:23:16.001163
2016-08-08,0001-01-01,100490,1129,completed,33,2021-06-15 02:23:16.001163
2016-08-08,0001-01-01,100490,1231,completed,33,2021-06-15 02:23:16.001163
2016-08-08,0001-01-01,100490,1136,completed,33,2021-06-15 02:23:16.001163
2016-08-08,0001-01-01,100490,1237,completed,33,2021-06-15 02:23:16.001163
2016-08-08,0001-01-01,100502,1408,completed,33,2021-06-15 02:23:16.001163
2016-08-08,0001-01-01,100502,1401,completed,33,2021-06-15 02:23:16.001163
2016-08-08,0001-01-01,100502,1213,completed,33,2021-06-15 02:23:16.001163
2016-08-08,0001-01-01,100502,1410,completed,33,2021-06-15 02:23:16.001163
2016-08-08,0001-01-01,100522,1356,completed,33,2021-06-15 02:23:16.001163
2016-08-08,0001-01-01,100522,1358,completed,33,2021-06-15 02:23:16.001163
2016-08-08,0001-01-01,100522,1238,completed,33,2021-06-15 02:23:16.001163
2016-08-08,0001-01-01,100540,1269,completed,33,2021-06-15 02:23:16.001163
2016-08-08,0001-01-01,100540,1219,completed,33,2021-06-15 02:23:16.001163
2016-08-08,0001-01-01,100552,1121,completed,33,2021-06-15 02:23:16.001163
2016-08-08,0001-01-01,100552,1230,completed,33,2021-06-15 02:23:16.001163
2016-08-08,0001-01-01,100552,1137,completed,33,2021-06-15 02:23:16.001163
2016-08-08,0001-01-01,100552,1140,completed,33,2021-06-15 02:23:16.001163
2016-08-08,0001-01-01,100555,1228,completed,33,2021-06-15 02:23:16.001163
2016-08-08,0001-01-01,100576,1333,completed,33,2021-06-15 02:23:16.001163
2016-08-08,0001-01-01,100576,1204,completed,33,2021-06-15 02:23:16.001163
2016-08-08,0001-01-01,100576,1267,completed,33,2021-06-15 02:23:16.001163
2016-08-08,0001-01-01,100596,1124,completed,33,2021-06-15 02:23:16.001163
2016-08-08,0001-01-01,100596,1306,completed,33,2021-06-15 02:23:16.001163
2016-08-08,0001-01-01,100599,1412,completed,33,2021-06-15 02:23:16.001163
2016-08-08,0001-01-01,100599,1300,completed,33,2021-06-15 02:23:16.001163
2016-08-08,0001-01-01,100599,1301,completed,33,2021-06-15 02:23:16.001163
2016-08-08,0001-01-01,100619,1223,completed,33,2021-06-15 02:23:16.001163
2016-08-08,0001-01-01,100627,1262,completed,33,2021-06-15 02:23:16.001163
2016-08-08,0001-01-01,100627,1295,completed,33,2021-06-15 02:23:16.001163
2016-08-08,0001-01-01,100627,1409,completed,33,2021-06-15 02:23:16.001163
2016-08-08,0001-01-01,100627,1410,completed,33,2021-06-15 02:23:16.001163
2016-08-08,0001-01-01,100627,1411,completed,33,2021-06-15 02:23:16.001163
2016-08-08,0001-01-01,100642,1295,completed,33,2021-06-15 02:23:16.001163
2016-08-08,0001-01-01,100642,1337,completed,33,2021-06-15 02:23:16.001163
2016-08-08,0001-01-01,100646,1273,completed,33,2021-06-15 02:23:16.001163
2016-08-08,0001-01-01,100646,1124,completed,33,2021-06-15 02:23:16.001163
2016-08-08,0001-01-01,100646,1137,completed,33,2021-06-15 02:23:16.001163
2016-08-08,0001-01-01,100662,1410,completed,33,2021-06-15 02:23:16.001163
2016-08-08,0001-01-01,100662,1215,completed,33,2021-06-15 02:23:16.001163
2016-08-08,0001-01-01,100662,1413,completed,33,2021-06-15 02:23:16.001163
2016-08-08,0001-01-01,100684,1411,completed,33,2021-06-15 02:23:16.001163
2016-08-08,0001-01-01,100684,1412,completed,33,2021-06-15 02:23:16.001163
2016-08-08,0001-01-01,100684,1414,completed,33,2021-06-15 02:23:16.001163
2016-08-08,0001-01-01,100684,1415,completed,33,2021-06-15 02:23:16.001163
2016-08-08,0001-01-01,100689,1413,completed,33,2021-06-15 02:23:16.001163
2016-08-08,0001-01-01,100689,1414,completed,33,2021-06-15 02:23:16.001163
2016-08-08,0001-01-01,100689,1415,completed,33,2021-06-15 02:23:16.001163
2016-08-08,0001-01-01,100689,1416,completed,33,2021-06-15 02:23:16.001163
2016-08-08,0001-01-01,100698,1356,completed,33,2021-06-15 02:23:16.001163
2016-08-08,0001-01-01,100698,1357,completed,33,2021-06-15 02:23:16.001163
2016-08-08,0001-01-01,100698,1361,completed,33,2021-06-15 02:23:16.001163
2016-08-08,0001-01-01,100698,1363,completed,33,2021-06-15 02:23:16.001163
2016-08-08,0001-01-01,100698,1364,completed,33,2021-06-15 02:23:16.001163
2016-08-08,0001-01-01,100700,1410,completed,33,2021-06-15 02:23:16.001163
2016-08-08,0001-01-01,100700,1411,completed,33,2021-06-15 02:23:16.001163
2016-08-08,0001-01-01,100700,1413,completed,33,2021-06-15 02:23:16.001163
2016-08-08,0001-01-01,100701,1401,completed,33,2021-06-15 02:23:16.001163
2016-08-08,0001-01-01,100701,1409,completed,33,2021-06-15 02:23:16.001163
2016-08-08,0001-01-01,100701,1410,completed,33,2021-06-15 02:23:16.001163
2016-08-08,0001-01-01,100701,1411,completed,33,2021-06-15 02:23:16.001163
2016-08-08,0001-01-01,100706,1118,completed,33,2021-06-15 02:23:16.001163
2016-08-08,0001-01-01,100708,1401,completed,33,2021-06-15 02:23:16.001163
2016-08-08,0001-01-01,100708,1409,completed,33,2021-06-15 02:23:16.001163
2016-08-08,0001-01-01,100708,1410,completed,33,2021-06-15 02:23:16.001163
2016-08-08,0001-01-01,100713,1287,completed,33,2021-06-15 02:23:16.001163
2016-08-08,0001-01-01,100713,1295,completed,33,2021-06-15 02:23:16.001163
2016-08-08,0001-01-01,100713,1296,completed,33,2021-06-15 02:23:16.001163
2016-08-08,0001-01-01,100713,1297,completed,33,2021-06-15 02:23:16.001163
2016-08-08,0001-01-01,100713,1299,completed,33,2021-06-15 02:23:16.001163
2016-08-08,0001-01-01,100716,1126,completed,33,2021-06-15 02:23:16.001163
2016-08-08,0001-01-01,100716,1229,completed,33,2021-06-15 02:23:16.001163
2016-08-08,0001-01-01,100716,1313,completed,33,2021-06-15 02:23:16.001163
2016-08-08,0001-01-01,100729,1268,completed,33,2021-06-15 02:23:16.001163
2016-08-08,0001-01-01,100729,1221,completed,33,2021-06-15 02:23:16.001163
2016-08-08,0001-01-01,100729,1272,completed,33,2021-06-15 02:23:16.001163
2016-08-08,0001-01-01,100729,1224,completed,33,2021-06-15 02:23:16.001163
2016-08-08,0001-01-01,100734,1401,completed,33,2021-06-15 02:23:16.001163
2016-08-08,0001-01-01,100734,1410,completed,33,2021-06-15 02:23:16.001163
2016-08-08,0001-01-01,100779,1327,completed,33,2021-06-15 02:23:16.001163
2016-08-08,0001-01-01,100779,1287,completed,33,2021-06-15 02:23:16.001163
2016-08-08,0001-01-01,100779,1255,completed,33,2021-06-15 02:23:16.001163
2016-08-08,0001-01-01,100782,1339,completed,33,2021-06-15 02:23:16.001163
2016-08-08,0001-01-01,100782,1121,completed,33,2021-06-15 02:23:16.001163
2016-08-08,0001-01-01,100782,1418,completed,33,2021-06-15 02:23:16.001163
2016-08-08,0001-01-01,100785,1295,completed,33,2021-06-15 02:23:16.001163
2016-08-08,0001-01-01,100785,1297,completed,33,2021-06-15 02:23:16.001163
2016-08-08,0001-01-01,100785,1299,completed,33,2021-06-15 02:23:16.001163
2016-08-08,0001-01-01,100785,1301,completed,33,2021-06-15 02:23:16.001163
2016-08-08,0001-01-01,100788,1412,completed,33,2021-06-15 02:23:16.001163
2016-08-08,0001-01-01,100788,1414,completed,33,2021-06-15 02:23:16.001163
2016-08-08,0001-01-01,100788,1415,completed,33,2021-06-15 02:23:16.001163
2016-08-08,0001-01-01,100788,1120,completed,33,2021-06-15 02:23:16.001163
2016-08-08,0001-01-01,100800,1344,completed,33,2021-06-15 02:23:16.001163
2016-08-08,0001-01-01,100800,1345,completed,33,2021-06-15 02:23:16.001163
2016-08-08,0001-01-01,100806,1410,completed,33,2021-06-15 02:23:16.001163
2016-08-08,0001-01-01,100806,1411,completed,33,2021-06-15 02:23:16.001163
2016-08-08,0001-01-01,100806,1413,completed,33,2021-06-15 02:23:16.001163
2016-08-08,0001-01-01,100806,1415,completed,33,2021-06-15 02:23:16.001163
2016-08-08,0001-01-01,100807,1287,completed,33,2021-06-15 02:23:16.001163
2016-08-08,0001-01-01,100807,1296,completed,33,2021-06-15 02:23:16.001163
2016-08-08,0001-01-01,100807,1300,completed,33,2021-06-15 02:23:16.001163
2016-08-08,0001-01-01,100810,1270,completed,33,2021-06-15 02:23:16.001163
2016-08-08,0001-01-01,100810,1221,completed,33,2021-06-15 02:23:16.001163
2016-08-08,0001-01-01,100825,1327,completed,33,2021-06-15 02:23:16.001163
2016-08-08,0001-01-01,100825,1349,completed,33,2021-06-15 02:23:16.001163
2016-08-08,0001-01-01,100825,1352,completed,33,2021-06-15 02:23:16.001163
2016-08-08,0001-01-01,100827,1327,completed,33,2021-06-15 02:23:16.001163
2016-08-08,0001-01-01,100827,1219,completed,33,2021-06-15 02:23:16.001163
2016-08-08,0001-01-01,100829,1401,completed,33,2021-06-15 02:23:16.001163
2016-08-08,0001-01-01,100829,1409,completed,33,2021-06-15 02:23:16.001163
2016-08-08,0001-01-01,100829,1412,completed,33,2021-06-15 02:23:16.001163
2016-08-08,0001-01-01,100829,1413,completed,33,2021-06-15 02:23:16.001163
2016-08-08,0001-01-01,100845,1300,completed,33,2021-06-15 02:23:16.001163
2016-08-08,0001-01-01,100845,1301,completed,33,2021-06-15 02:23:16.001163
2016-08-08,0001-01-01,100845,1304,completed,33,2021-06-15 02:23:16.001163
2016-08-08,0001-01-01,100845,1305,completed,33,2021-06-15 02:23:16.001163
2016-08-08,0001-01-01,100847,1299,completed,33,2021-06-15 02:23:16.001163
2016-08-08,0001-01-01,100847,1300,completed,33,2021-06-15 02:23:16.001163
2016-08-08,0001-01-01,100847,1302,completed,33,2021-06-15 02:23:16.001163
2016-08-08,0001-01-01,100847,1305,completed,33,2021-06-15 02:23:16.001163
2016-08-08,0001-01-01,100851,1294,completed,33,2021-06-15 02:23:16.001163
2016-08-08,0001-01-01,100851,1296,completed,33,2021-06-15 02:23:16.001163
2016-08-08,0001-01-01,100866,1300,completed,33,2021-06-15 02:23:16.001163
2016-08-08,0001-01-01,100866,1301,completed,33,2021-06-15 02:23:16.001163
2016-08-08,0001-01-01,100866,1304,completed,33,2021-06-15 02:23:16.001163
2016-08-08,0001-01-01,100893,1346,completed,33,2021-06-15 02:23:16.001163
2016-08-08,0001-01-01,100893,1356,completed,33,2021-06-15 02:23:16.001163
2016-08-08,0001-01-01,100913,1296,completed,33,2021-06-15 02:23:16.001163
2016-08-08,0001-01-01,100913,1297,completed,33,2021-06-15 02:23:16.001163
2016-08-08,0001-01-01,100913,1299,completed,33,2021-06-15 02:23:16.001163
2016-08-08,0001-01-01,100913,1302,completed,33,2021-06-15 02:23:16.001163
2016-08-08,0001-01-01,100945,1112,completed,33,2021-06-15 02:23:16.001163
2016-08-08,0001-01-01,100945,1116,completed,33,2021-06-15 02:23:16.001163
2016-08-08,0001-01-01,100945,1117,completed,33,2021-06-15 02:23:16.001163
2016-08-08,0001-01-01,100945,1120,completed,33,2021-06-15 02:23:16.001163
2016-08-08,0001-01-01,100951,1409,completed,33,2021-06-15 02:23:16.001163
2016-08-08,0001-01-01,100951,1411,completed,33,2021-06-15 02:23:16.001163
2016-08-08,0001-01-01,100951,1412,completed,33,2021-06-15 02:23:16.001163
2016-08-08,0001-01-01,100951,1414,completed,33,2021-06-15 02:23:16.001163
2016-08-08,0001-01-01,100951,1119,completed,33,2021-06-15 02:23:16.001163
2016-08-08,0001-01-01,100952,1123,completed,33,2021-06-15 02:23:16.001163
2016-08-08,0001-01-01,100952,1230,completed,33,2021-06-15 02:23:16.001163
2016-08-08,0001-01-01,100952,1131,completed,33,2021-06-15 02:23:16.001163
2016-08-08,0001-01-01,100952,1233,completed,33,2021-06-15 02:23:16.001163
2016-08-08,0001-01-01,100956,1352,completed,33,2021-06-15 02:23:16.001163
2016-08-08,0001-01-01,100956,1353,completed,33,2021-06-15 02:23:16.001163
2016-08-08,0001-01-01,100956,1356,completed,33,2021-06-15 02:23:16.001163
2016-08-08,0001-01-01,100956,1357,completed,33,2021-06-15 02:23:16.001163
2016-08-08,0001-01-01,100956,1358,completed,33,2021-06-15 02:23:16.001163
2016-08-08,0001-01-01,100958,1337,completed,33,2021-06-15 02:23:16.001163
2016-08-08,0001-01-01,100958,1339,completed,33,2021-06-15 02:23:16.001163
2016-08-08,0001-01-01,100958,1343,completed,33,2021-06-15 02:23:16.001163
2016-08-08,0001-01-01,100963,1349,completed,33,2021-06-15 02:23:16.001163
2016-08-08,0001-01-01,100963,1351,completed,33,2021-06-15 02:23:16.001163
2016-08-08,0001-01-01,100963,1352,completed,33,2021-06-15 02:23:16.001163
2016-08-08,0001-01-01,100963,1354,completed,33,2021-06-15 02:23:16.001163
2016-08-08,0001-01-01,100964,1287,completed,33,2021-06-15 02:23:16.001163
2016-08-08,0001-01-01,100964,1295,completed,33,2021-06-15 02:23:16.001163
2016-08-08,0001-01-01,100964,1296,completed,33,2021-06-15 02:23:16.001163
2016-08-08,0001-01-01,100964,1297,completed,33,2021-06-15 02:23:16.001163
2016-08-08,0001-01-01,100967,1262,completed,33,2021-06-15 02:23:16.001163
2016-08-08,0001-01-01,100967,1273,completed,33,2021-06-15 02:23:16.001163
2016-08-08,0001-01-01,100971,1416,completed,33,2021-06-15 02:23:16.001163
2016-08-08,0001-01-01,100971,1126,completed,33,2021-06-15 02:23:16.001163
2016-08-08,0001-01-01,100981,1401,completed,33,2021-06-15 02:23:16.001163
2016-08-08,0001-01-01,100981,1295,completed,33,2021-06-15 02:23:16.001163
2016-08-08,0001-01-01,100981,1409,completed,33,2021-06-15 02:23:16.001163
2016-08-08,0001-01-01,100981,1113,completed,33,2021-06-15 02:23:16.001163
2016-08-08,0001-01-01,100981,1410,completed,33,2021-06-15 02:23:16.001163
2016-08-08,0001-01-01,100995,1294,completed,33,2021-06-15 02:23:16.001163
2016-08-08,0001-01-01,100995,1295,completed,33,2021-06-15 02:23:16.001163
2016-08-08,0001-01-01,100995,1296,completed,33,2021-06-15 02:23:16.001163
2017-01-09,0001-01-01,102000,1245,completed,34,2021-06-15 02:48:59.000258
2017-01-09,0001-01-01,102000,1200,completed,34,2021-06-15 02:48:59.000258
2017-01-09,0001-01-01,102000,1096,completed,34,2021-06-15 02:48:59.000258
2017-01-09,0001-01-01,102000,1102,completed,34,2021-06-15 02:48:59.000258
2017-01-09,0001-01-01,102003,1321,completed,34,2021-06-15 02:48:59.000258
2017-01-09,0001-01-01,102003,1329,completed,34,2021-06-15 02:48:59.000258
2017-01-09,0001-01-01,102003,1319,completed,34,2021-06-15 02:48:59.000258
2017-01-09,0001-01-01,102003,1320,completed,34,2021-06-15 02:48:59.000258
2017-01-09,0001-01-01,102012,1282,completed,34,2021-06-15 02:48:59.000258
2017-01-09,0001-01-01,102012,1283,completed,34,2021-06-15 02:48:59.000258
2017-01-09,0001-01-01,102012,1279,completed,34,2021-06-15 02:48:59.000258
2017-01-09,0001-01-01,102013,1246,completed,34,2021-06-15 02:48:59.000258
2017-01-09,0001-01-01,102013,1202,completed,34,2021-06-15 02:48:59.000258
2017-01-09,0001-01-01,102018,1402,completed,34,2021-06-15 02:48:59.000258
2017-01-09,0001-01-01,102018,1395,completed,34,2021-06-15 02:48:59.000258
2017-01-09,0001-01-01,102018,1403,completed,34,2021-06-15 02:48:59.000258
2017-01-09,0001-01-01,102018,1396,completed,34,2021-06-15 02:48:59.000258
2017-01-09,0001-01-01,102018,1404,completed,34,2021-06-15 02:48:59.000258
2017-01-09,0001-01-01,102031,1282,completed,34,2021-06-15 02:48:59.000258
2017-01-09,0001-01-01,102068,1283,completed,34,2021-06-15 02:48:59.000258
2017-01-09,0001-01-01,102068,1319,completed,34,2021-06-15 02:48:59.000258
2017-01-09,0001-01-01,102068,1279,completed,34,2021-06-15 02:48:59.000258
2017-01-09,0001-01-01,102070,1324,completed,34,2021-06-15 02:48:59.000258
2017-01-09,0001-01-01,102070,1332,completed,34,2021-06-15 02:48:59.000258
2017-01-09,0001-01-01,102098,1395,completed,34,2021-06-15 02:48:59.000258
2017-01-09,0001-01-01,102098,1392,completed,34,2021-06-15 02:48:59.000258
2017-01-09,0001-01-01,102098,1404,completed,34,2021-06-15 02:48:59.000258
2017-01-09,0001-01-01,102098,1393,completed,34,2021-06-15 02:48:59.000258
2017-01-09,0001-01-01,102109,1282,completed,34,2021-06-15 02:48:59.000258
2017-01-09,0001-01-01,102109,1290,completed,34,2021-06-15 02:48:59.000258
2017-01-09,0001-01-01,102109,1283,completed,34,2021-06-15 02:48:59.000258
2017-01-09,0001-01-01,102120,1194,completed,34,2021-06-15 02:48:59.000258
2017-01-09,0001-01-01,102120,1256,completed,34,2021-06-15 02:48:59.000258
2017-01-09,0001-01-01,102120,1391,completed,34,2021-06-15 02:48:59.000258
2017-01-09,0001-01-01,102120,1250,completed,34,2021-06-15 02:48:59.000258
2017-01-09,0001-01-01,102120,1096,completed,34,2021-06-15 02:48:59.000258
2017-01-09,0001-01-01,102126,1282,completed,34,2021-06-15 02:48:59.000258
2017-01-09,0001-01-01,102126,1290,completed,34,2021-06-15 02:48:59.000258
2017-01-09,0001-01-01,102126,1283,completed,34,2021-06-15 02:48:59.000258
2017-01-09,0001-01-01,102126,1291,completed,34,2021-06-15 02:48:59.000258
2017-01-09,0001-01-01,102126,1284,completed,34,2021-06-15 02:48:59.000258
2017-01-09,0001-01-01,102130,1392,completed,34,2021-06-15 02:48:59.000258
2017-01-09,0001-01-01,102130,1404,completed,34,2021-06-15 02:48:59.000258
2017-01-09,0001-01-01,102130,1393,completed,34,2021-06-15 02:48:59.000258
2017-01-09,0001-01-01,102130,1398,completed,34,2021-06-15 02:48:59.000258
2017-01-09,0001-01-01,102130,1394,completed,34,2021-06-15 02:48:59.000258
2017-01-09,0001-01-01,102137,1404,completed,34,2021-06-15 02:48:59.000258
2017-01-09,0001-01-01,102137,1393,completed,34,2021-06-15 02:48:59.000258
2017-01-09,0001-01-01,102137,1405,completed,34,2021-06-15 02:48:59.000258
2017-01-09,0001-01-01,102138,1393,completed,34,2021-06-15 02:48:59.000258
2017-01-09,0001-01-01,102138,1247,completed,34,2021-06-15 02:48:59.000258
2017-01-09,0001-01-01,102138,1103,completed,34,2021-06-15 02:48:59.000258
2017-01-09,0001-01-01,102138,1203,completed,34,2021-06-15 02:48:59.000258
2017-01-09,0001-01-01,102139,1392,completed,34,2021-06-15 02:48:59.000258
2017-01-09,0001-01-01,102139,1247,completed,34,2021-06-15 02:48:59.000258
2017-01-09,0001-01-01,102141,1396,completed,34,2021-06-15 02:48:59.000258
2017-01-09,0001-01-01,102141,1392,completed,34,2021-06-15 02:48:59.000258
2017-01-09,0001-01-01,102141,1405,completed,34,2021-06-15 02:48:59.000258
2017-01-09,0001-01-01,102164,1097,completed,34,2021-06-15 02:48:59.000258
2017-01-09,0001-01-01,102164,1103,completed,34,2021-06-15 02:48:59.000258
2017-01-09,0001-01-01,102164,1104,completed,34,2021-06-15 02:48:59.000258
2017-01-09,0001-01-01,102164,1212,completed,34,2021-06-15 02:48:59.000258
2017-01-09,0001-01-01,102185,1403,completed,34,2021-06-15 02:48:59.000258
2017-01-09,0001-01-01,102185,1396,completed,34,2021-06-15 02:48:59.000258
2017-01-09,0001-01-01,102185,1392,completed,34,2021-06-15 02:48:59.000258
2017-01-09,0001-01-01,102213,1318,completed,34,2021-06-15 02:48:59.000258
2017-01-09,0001-01-01,102213,1323,completed,34,2021-06-15 02:48:59.000258
2017-01-09,0001-01-01,102213,1319,completed,34,2021-06-15 02:48:59.000258
2017-01-09,0001-01-01,102213,1331,completed,34,2021-06-15 02:48:59.000258
2017-01-09,0001-01-01,102225,1200,completed,34,2021-06-15 02:48:59.000258
2017-01-09,0001-01-01,102225,1101,completed,34,2021-06-15 02:48:59.000258
2017-01-09,0001-01-01,102230,1282,completed,34,2021-06-15 02:48:59.000258
2017-01-09,0001-01-01,102230,1096,completed,34,2021-06-15 02:48:59.000258
2017-01-09,0001-01-01,102230,1290,completed,34,2021-06-15 02:48:59.000258
2017-01-09,0001-01-01,102233,1290,completed,34,2021-06-15 02:48:59.000258
2017-01-09,0001-01-01,102233,1283,completed,34,2021-06-15 02:48:59.000258
2017-01-09,0001-01-01,102233,1279,completed,34,2021-06-15 02:48:59.000258
2017-01-09,0001-01-01,102247,1392,completed,34,2021-06-15 02:48:59.000258
2017-01-09,0001-01-01,102256,1256,completed,34,2021-06-15 02:48:59.000258
2017-01-09,0001-01-01,102256,1391,completed,34,2021-06-15 02:48:59.000258
2017-01-09,0001-01-01,102256,1403,completed,34,2021-06-15 02:48:59.000258
2017-01-09,0001-01-01,102273,1289,completed,34,2021-06-15 02:48:59.000258
2017-01-09,0001-01-01,102273,1208,completed,34,2021-06-15 02:48:59.000258
2017-01-09,0001-01-01,102278,1196,completed,34,2021-06-15 02:48:59.000258
2017-01-09,0001-01-01,102278,1251,completed,34,2021-06-15 02:48:59.000258
2017-01-09,0001-01-01,102285,1282,completed,34,2021-06-15 02:48:59.000258
2017-01-09,0001-01-01,102285,1290,completed,34,2021-06-15 02:48:59.000258
2017-01-09,0001-01-01,102285,1283,completed,34,2021-06-15 02:48:59.000258
2017-01-09,0001-01-01,102285,1279,completed,34,2021-06-15 02:48:59.000258
2017-01-09,0001-01-01,102316,1289,completed,34,2021-06-15 02:48:59.000258
2017-01-09,0001-01-01,102316,1291,completed,34,2021-06-15 02:48:59.000258
2017-01-09,0001-01-01,102318,1282,completed,34,2021-06-15 02:48:59.000258
2017-01-09,0001-01-01,102318,1290,completed,34,2021-06-15 02:48:59.000258
2017-01-09,0001-01-01,102318,1283,completed,34,2021-06-15 02:48:59.000258
2017-01-09,0001-01-01,102320,1290,completed,34,2021-06-15 02:48:59.000258
2017-01-09,0001-01-01,102320,1283,completed,34,2021-06-15 02:48:59.000258
2017-01-09,0001-01-01,102363,1318,completed,34,2021-06-15 02:48:59.000258
2017-01-09,0001-01-01,102363,1323,completed,34,2021-06-15 02:48:59.000258
2017-01-09,0001-01-01,102363,1098,completed,34,2021-06-15 02:48:59.000258
2017-01-09,0001-01-01,102363,1326,completed,34,2021-06-15 02:48:59.000258
2017-01-09,0001-01-01,102363,1334,completed,34,2021-06-15 02:48:59.000258
2017-01-09,0001-01-01,102365,1277,completed,34,2021-06-15 02:48:59.000258
2017-01-09,0001-01-01,102365,1282,completed,34,2021-06-15 02:48:59.000258
2017-01-09,0001-01-01,102365,1283,completed,34,2021-06-15 02:48:59.000258
2017-01-09,0001-01-01,102365,1279,completed,34,2021-06-15 02:48:59.000258
2017-01-09,0001-01-01,102368,1390,completed,34,2021-06-15 02:48:59.000258
2017-01-09,0001-01-01,102368,1395,completed,34,2021-06-15 02:48:59.000258
2017-01-09,0001-01-01,102368,1391,completed,34,2021-06-15 02:48:59.000258
2017-01-09,0001-01-01,102368,1403,completed,34,2021-06-15 02:48:59.000258
2017-01-09,0001-01-01,102369,1277,completed,34,2021-06-15 02:48:59.000258
2017-01-09,0001-01-01,102390,1391,completed,34,2021-06-15 02:48:59.000258
2017-01-09,0001-01-01,102390,1403,completed,34,2021-06-15 02:48:59.000258
2017-01-09,0001-01-01,102390,1396,completed,34,2021-06-15 02:48:59.000258
2017-01-09,0001-01-01,102390,1392,completed,34,2021-06-15 02:48:59.000258
2017-01-09,0001-01-01,102392,1329,completed,34,2021-06-15 02:48:59.000258
2017-01-09,0001-01-01,102392,1318,completed,34,2021-06-15 02:48:59.000258
2017-01-09,0001-01-01,102396,1277,completed,34,2021-06-15 02:48:59.000258
2017-01-09,0001-01-01,102396,1329,completed,34,2021-06-15 02:48:59.000258
2017-01-09,0001-01-01,102396,1330,completed,34,2021-06-15 02:48:59.000258
2017-01-09,0001-01-01,102396,1323,completed,34,2021-06-15 02:48:59.000258
2017-01-09,0001-01-01,102399,1253,completed,34,2021-06-15 02:48:59.000258
2017-01-09,0001-01-01,102399,1262,completed,34,2021-06-15 02:48:59.000258
2017-01-09,0001-01-01,102399,1212,completed,34,2021-06-15 02:48:59.000258
2017-01-09,0001-01-01,102399,1255,completed,34,2021-06-15 02:48:59.000258
2017-01-09,0001-01-01,102399,1115,completed,34,2021-06-15 02:48:59.000258
2017-01-09,0001-01-01,102415,1199,completed,34,2021-06-15 02:48:59.000258
2017-01-09,0001-01-01,102415,1391,completed,34,2021-06-15 02:48:59.000258
2017-01-09,0001-01-01,102415,1403,completed,34,2021-06-15 02:48:59.000258
2017-01-09,0001-01-01,102443,1281,completed,34,2021-06-15 02:48:59.000258
2017-01-09,0001-01-01,102443,1289,completed,34,2021-06-15 02:48:59.000258
2017-01-09,0001-01-01,102443,1282,completed,34,2021-06-15 02:48:59.000258
2017-01-09,0001-01-01,102443,1290,completed,34,2021-06-15 02:48:59.000258
2017-01-09,0001-01-01,102449,1322,completed,34,2021-06-15 02:48:59.000258
2017-01-09,0001-01-01,102449,1330,completed,34,2021-06-15 02:48:59.000258
2017-01-09,0001-01-01,102449,1331,completed,34,2021-06-15 02:48:59.000258
2017-01-09,0001-01-01,102449,1325,completed,34,2021-06-15 02:48:59.000258
2017-01-09,0001-01-01,102452,1391,completed,34,2021-06-15 02:48:59.000258
2017-01-09,0001-01-01,102452,1403,completed,34,2021-06-15 02:48:59.000258
2017-01-09,0001-01-01,102452,1396,completed,34,2021-06-15 02:48:59.000258
2017-01-09,0001-01-01,102454,1395,completed,34,2021-06-15 02:48:59.000258
2017-01-09,0001-01-01,102454,1391,completed,34,2021-06-15 02:48:59.000258
2017-01-09,0001-01-01,102454,1403,completed,34,2021-06-15 02:48:59.000258
2017-01-09,0001-01-01,102461,1206,completed,34,2021-06-15 02:48:59.000258
2017-01-09,0001-01-01,102461,1250,completed,34,2021-06-15 02:48:59.000258
2017-01-09,0001-01-01,102464,1391,completed,34,2021-06-15 02:48:59.000258
2017-01-09,0001-01-01,102464,1403,completed,34,2021-06-15 02:48:59.000258
2017-01-09,0001-01-01,102464,1396,completed,34,2021-06-15 02:48:59.000258
2017-01-09,0001-01-01,102464,1392,completed,34,2021-06-15 02:48:59.000258
2017-01-09,0001-01-01,102465,1329,completed,34,2021-06-15 02:48:59.000258
2017-01-09,0001-01-01,102465,1330,completed,34,2021-06-15 02:48:59.000258
2017-01-09,0001-01-01,102475,1290,completed,34,2021-06-15 02:48:59.000258
2017-01-09,0001-01-01,102475,1283,completed,34,2021-06-15 02:48:59.000258
2017-01-09,0001-01-01,102475,1279,completed,34,2021-06-15 02:48:59.000258
2017-01-09,0001-01-01,102480,1330,completed,34,2021-06-15 02:48:59.000258
2017-01-09,0001-01-01,102480,1331,completed,34,2021-06-15 02:48:59.000258
2017-01-09,0001-01-01,102480,1324,completed,34,2021-06-15 02:48:59.000258
2017-01-09,0001-01-01,102480,1320,completed,34,2021-06-15 02:48:59.000258
2017-01-09,0001-01-01,102505,1097,completed,34,2021-06-15 02:48:59.000258
2017-01-09,0001-01-01,102505,1202,completed,34,2021-06-15 02:48:59.000258
2017-01-09,0001-01-01,102505,1407,completed,34,2021-06-15 02:48:59.000258
2017-01-09,0001-01-01,102505,1254,completed,34,2021-06-15 02:48:59.000258
2017-01-09,0001-01-01,102510,1289,completed,34,2021-06-15 02:48:59.000258
2017-01-09,0001-01-01,102510,1107,completed,34,2021-06-15 02:48:59.000258
2017-01-09,0001-01-01,102510,1392,completed,34,2021-06-15 02:48:59.000258
2017-01-09,0001-01-01,102515,1403,completed,34,2021-06-15 02:48:59.000258
2017-01-09,0001-01-01,102515,1396,completed,34,2021-06-15 02:48:59.000258
2017-01-09,0001-01-01,102515,1392,completed,34,2021-06-15 02:48:59.000258
2017-01-09,0001-01-01,102521,1281,completed,34,2021-06-15 02:48:59.000258
2017-01-09,0001-01-01,102521,1277,completed,34,2021-06-15 02:48:59.000258
2017-01-09,0001-01-01,102521,1282,completed,34,2021-06-15 02:48:59.000258
2017-01-09,0001-01-01,102521,1318,completed,34,2021-06-15 02:48:59.000258
2017-01-09,0001-01-01,102522,1245,completed,34,2021-06-15 02:48:59.000258
2017-01-09,0001-01-01,102522,1258,completed,34,2021-06-15 02:48:59.000258
2017-01-09,0001-01-01,102536,1330,completed,34,2021-06-15 02:48:59.000258
2017-01-09,0001-01-01,102536,1097,completed,34,2021-06-15 02:48:59.000258
2017-01-09,0001-01-01,102536,1319,completed,34,2021-06-15 02:48:59.000258
2017-01-09,0001-01-01,102536,1331,completed,34,2021-06-15 02:48:59.000258
2017-01-09,0001-01-01,102588,1200,completed,34,2021-06-15 02:48:59.000258
2017-01-09,0001-01-01,102588,1096,completed,34,2021-06-15 02:48:59.000258
2017-01-09,0001-01-01,102588,1246,completed,34,2021-06-15 02:48:59.000258
2017-01-09,0001-01-01,102595,1318,completed,34,2021-06-15 02:48:59.000258
2017-01-09,0001-01-01,102595,1330,completed,34,2021-06-15 02:48:59.000258
2017-01-09,0001-01-01,102595,1323,completed,34,2021-06-15 02:48:59.000258
2017-01-09,0001-01-01,102603,1396,completed,34,2021-06-15 02:48:59.000258
2017-01-09,0001-01-01,102603,1392,completed,34,2021-06-15 02:48:59.000258
2017-01-09,0001-01-01,102603,1404,completed,34,2021-06-15 02:48:59.000258
2017-01-09,0001-01-01,102603,1251,completed,34,2021-06-15 02:48:59.000258
2017-01-09,0001-01-01,102603,1405,completed,34,2021-06-15 02:48:59.000258
2017-01-09,0001-01-01,102604,1289,completed,34,2021-06-15 02:48:59.000258
2017-01-09,0001-01-01,102604,1282,completed,34,2021-06-15 02:48:59.000258
2017-01-09,0001-01-01,102604,1290,completed,34,2021-06-15 02:48:59.000258
2017-01-09,0001-01-01,102604,1283,completed,34,2021-06-15 02:48:59.000258
2017-01-09,0001-01-01,102604,1291,completed,34,2021-06-15 02:48:59.000258
2017-01-09,0001-01-01,102605,1318,completed,34,2021-06-15 02:48:59.000258
2017-01-09,0001-01-01,102605,1330,completed,34,2021-06-15 02:48:59.000258
2017-01-09,0001-01-01,102607,1206,completed,34,2021-06-15 02:48:59.000258
2017-01-09,0001-01-01,102607,1245,completed,34,2021-06-15 02:48:59.000258
2017-01-09,0001-01-01,102607,1107,completed,34,2021-06-15 02:48:59.000258
2017-01-09,0001-01-01,102607,1246,completed,34,2021-06-15 02:48:59.000258
2017-01-09,0001-01-01,102610,1279,completed,34,2021-06-15 02:48:59.000258
2017-01-09,0001-01-01,102610,1291,completed,34,2021-06-15 02:48:59.000258
2017-01-09,0001-01-01,102610,1280,completed,34,2021-06-15 02:48:59.000258
2017-01-09,0001-01-01,102621,1277,completed,34,2021-06-15 02:48:59.000258
2017-01-09,0001-01-01,102621,1282,completed,34,2021-06-15 02:48:59.000258
2017-01-09,0001-01-01,102621,1290,completed,34,2021-06-15 02:48:59.000258
2017-01-09,0001-01-01,102621,1279,completed,34,2021-06-15 02:48:59.000258
2017-01-09,0001-01-01,102623,1107,completed,34,2021-06-15 02:48:59.000258
2017-01-09,0001-01-01,102623,1200,completed,34,2021-06-15 02:48:59.000258
2017-01-09,0001-01-01,102623,1096,completed,34,2021-06-15 02:48:59.000258
2017-01-09,0001-01-01,102623,1252,completed,34,2021-06-15 02:48:59.000258
2017-01-09,0001-01-01,102624,1196,completed,34,2021-06-15 02:48:59.000258
2017-01-09,0001-01-01,102624,1102,completed,34,2021-06-15 02:48:59.000258
2017-01-09,0001-01-01,102624,1259,completed,34,2021-06-15 02:48:59.000258
2017-01-09,0001-01-01,102636,1322,completed,34,2021-06-15 02:48:59.000258
2017-01-09,0001-01-01,102636,1330,completed,34,2021-06-15 02:48:59.000258
2017-01-09,0001-01-01,102648,1396,completed,34,2021-06-15 02:48:59.000258
2017-01-09,0001-01-01,102648,1101,completed,34,2021-06-15 02:48:59.000258
2017-01-09,0001-01-01,102650,1402,completed,34,2021-06-15 02:48:59.000258
2017-01-09,0001-01-01,102650,1391,completed,34,2021-06-15 02:48:59.000258
2017-01-09,0001-01-01,102650,1396,completed,34,2021-06-15 02:48:59.000258
2017-01-09,0001-01-01,102657,1395,completed,34,2021-06-15 02:48:59.000258
2017-01-09,0001-01-01,102657,1256,completed,34,2021-06-15 02:48:59.000258
2017-01-09,0001-01-01,102657,1249,completed,34,2021-06-15 02:48:59.000258
2017-01-09,0001-01-01,102663,1277,completed,34,2021-06-15 02:48:59.000258
2017-01-09,0001-01-01,102663,1289,completed,34,2021-06-15 02:48:59.000258
2017-01-09,0001-01-01,102663,1290,completed,34,2021-06-15 02:48:59.000258
2017-01-09,0001-01-01,102663,1283,completed,34,2021-06-15 02:48:59.000258
2017-01-09,0001-01-01,102665,1395,completed,34,2021-06-15 02:48:59.000258
2017-01-09,0001-01-01,102665,1391,completed,34,2021-06-15 02:48:59.000258
2017-01-09,0001-01-01,102665,1403,completed,34,2021-06-15 02:48:59.000258
2017-01-09,0001-01-01,102665,1396,completed,34,2021-06-15 02:48:59.000258
2017-01-09,0001-01-01,102716,1403,completed,34,2021-06-15 02:48:59.000258
2017-01-09,0001-01-01,102716,1396,completed,34,2021-06-15 02:48:59.000258
2017-01-09,0001-01-01,102716,1392,completed,34,2021-06-15 02:48:59.000258
2017-01-09,0001-01-01,102716,1330,completed,34,2021-06-15 02:48:59.000258
2017-01-09,0001-01-01,102716,1404,completed,34,2021-06-15 02:48:59.000258
2017-01-09,0001-01-01,102719,1289,completed,34,2021-06-15 02:48:59.000258
2017-01-09,0001-01-01,102719,1282,completed,34,2021-06-15 02:48:59.000258
2017-01-09,0001-01-01,102725,1318,completed,34,2021-06-15 02:48:59.000258
2017-01-09,0001-01-01,102725,1330,completed,34,2021-06-15 02:48:59.000258
2017-01-09,0001-01-01,102726,1289,completed,34,2021-06-15 02:48:59.000258
2017-01-09,0001-01-01,102726,1290,completed,34,2021-06-15 02:48:59.000258
2017-01-09,0001-01-01,102726,1283,completed,34,2021-06-15 02:48:59.000258
2017-01-09,0001-01-01,102739,1319,completed,34,2021-06-15 02:48:59.000258
2017-01-09,0001-01-01,102739,1202,completed,34,2021-06-15 02:48:59.000258
2017-01-09,0001-01-01,102745,1196,completed,34,2021-06-15 02:48:59.000258
2017-01-09,0001-01-01,102745,1208,completed,34,2021-06-15 02:48:59.000258
2017-01-09,0001-01-01,102748,1258,completed,34,2021-06-15 02:48:59.000258
2017-01-09,0001-01-01,102748,1201,completed,34,2021-06-15 02:48:59.000258
2017-01-09,0001-01-01,102748,1197,completed,34,2021-06-15 02:48:59.000258
2017-01-09,0001-01-01,102753,1403,completed,34,2021-06-15 02:48:59.000258
2017-01-09,0001-01-01,102753,1396,completed,34,2021-06-15 02:48:59.000258
2017-01-09,0001-01-01,102753,1392,completed,34,2021-06-15 02:48:59.000258
2017-01-09,0001-01-01,102753,1404,completed,34,2021-06-15 02:48:59.000258
2017-01-09,0001-01-01,102755,1282,completed,34,2021-06-15 02:48:59.000258
2017-01-09,0001-01-01,102755,1290,completed,34,2021-06-15 02:48:59.000258
2017-01-09,0001-01-01,102769,1403,completed,34,2021-06-15 02:48:59.000258
2017-01-09,0001-01-01,102769,1396,completed,34,2021-06-15 02:48:59.000258
2017-01-09,0001-01-01,102769,1404,completed,34,2021-06-15 02:48:59.000258
2017-01-09,0001-01-01,102769,1323,completed,34,2021-06-15 02:48:59.000258
2017-01-09,0001-01-01,102781,1329,completed,34,2021-06-15 02:48:59.000258
2017-01-09,0001-01-01,102781,1318,completed,34,2021-06-15 02:48:59.000258
2017-01-09,0001-01-01,102781,1331,completed,34,2021-06-15 02:48:59.000258
2017-01-09,0001-01-01,102781,1324,completed,34,2021-06-15 02:48:59.000258
2017-01-09,0001-01-01,102783,1395,completed,34,2021-06-15 02:48:59.000258
2017-01-09,0001-01-01,102783,1095,completed,34,2021-06-15 02:48:59.000258
2017-01-09,0001-01-01,102783,1200,completed,34,2021-06-15 02:48:59.000258
2017-01-09,0001-01-01,102802,1095,completed,34,2021-06-15 02:48:59.000258
2017-01-09,0001-01-01,102802,1289,completed,34,2021-06-15 02:48:59.000258
2017-01-09,0001-01-01,102802,1403,completed,34,2021-06-15 02:48:59.000258
2017-01-09,0001-01-01,102805,1292,completed,34,2021-06-15 02:48:59.000258
2017-01-09,0001-01-01,102809,1099,completed,34,2021-06-15 02:48:59.000258
2017-01-09,0001-01-01,102818,1281,completed,34,2021-06-15 02:48:59.000258
2017-01-09,0001-01-01,102818,1277,completed,34,2021-06-15 02:48:59.000258
2017-01-09,0001-01-01,102818,1289,completed,34,2021-06-15 02:48:59.000258
2017-01-09,0001-01-01,102840,1329,completed,34,2021-06-15 02:48:59.000258
2017-01-09,0001-01-01,102840,1318,completed,34,2021-06-15 02:48:59.000258
2017-01-09,0001-01-01,102840,1330,completed,34,2021-06-15 02:48:59.000258
2017-01-09,0001-01-01,102840,1319,completed,34,2021-06-15 02:48:59.000258
2017-01-09,0001-01-01,102854,1396,completed,34,2021-06-15 02:48:59.000258
2017-01-09,0001-01-01,102854,1282,completed,34,2021-06-15 02:48:59.000258
2017-01-09,0001-01-01,102854,1290,completed,34,2021-06-15 02:48:59.000258
2017-01-09,0001-01-01,102854,1283,completed,34,2021-06-15 02:48:59.000258
2017-01-09,0001-01-01,102864,1282,completed,34,2021-06-15 02:48:59.000258
2017-01-09,0001-01-01,102864,1290,completed,34,2021-06-15 02:48:59.000258
2017-01-09,0001-01-01,102864,1283,completed,34,2021-06-15 02:48:59.000258
2017-01-09,0001-01-01,102864,1279,completed,34,2021-06-15 02:48:59.000258
2017-01-09,0001-01-01,102865,1279,completed,34,2021-06-15 02:48:59.000258
2017-01-09,0001-01-01,102865,1284,completed,34,2021-06-15 02:48:59.000258
2017-01-09,0001-01-01,102865,1280,completed,34,2021-06-15 02:48:59.000258
2017-01-09,0001-01-01,102871,1245,completed,34,2021-06-15 02:48:59.000258
2017-01-09,0001-01-01,102871,1201,completed,34,2021-06-15 02:48:59.000258
2017-01-09,0001-01-01,102884,1329,completed,34,2021-06-15 02:48:59.000258
2017-01-09,0001-01-01,102884,1207,completed,34,2021-06-15 02:48:59.000258
2017-01-09,0001-01-01,102884,1250,completed,34,2021-06-15 02:48:59.000258
2017-01-09,0001-01-01,102884,1200,completed,34,2021-06-15 02:48:59.000258
2017-01-09,0001-01-01,102888,1207,completed,34,2021-06-15 02:48:59.000258
2017-01-09,0001-01-01,102888,1196,completed,34,2021-06-15 02:48:59.000258
2017-01-09,0001-01-01,102888,1098,completed,34,2021-06-15 02:48:59.000258
2017-01-09,0001-01-01,102897,1277,completed,34,2021-06-15 02:48:59.000258
2017-01-09,0001-01-01,102897,1282,completed,34,2021-06-15 02:48:59.000258
2017-01-09,0001-01-01,102897,1290,completed,34,2021-06-15 02:48:59.000258
2017-01-09,0001-01-01,102901,1289,completed,34,2021-06-15 02:48:59.000258
2017-01-09,0001-01-01,102901,1282,completed,34,2021-06-15 02:48:59.000258
2017-01-09,0001-01-01,102901,1279,completed,34,2021-06-15 02:48:59.000258
2017-01-09,0001-01-01,102902,1282,completed,34,2021-06-15 02:48:59.000258
2017-01-09,0001-01-01,102902,1290,completed,34,2021-06-15 02:48:59.000258
2017-01-09,0001-01-01,102902,1283,completed,34,2021-06-15 02:48:59.000258
2017-01-09,0001-01-01,102902,1291,completed,34,2021-06-15 02:48:59.000258
2017-01-09,0001-01-01,102902,1284,completed,34,2021-06-15 02:48:59.000258
2017-01-09,0001-01-01,102907,1289,completed,34,2021-06-15 02:48:59.000258
2017-01-09,0001-01-01,102907,1290,completed,34,2021-06-15 02:48:59.000258
2017-01-09,0001-01-01,102907,1279,completed,34,2021-06-15 02:48:59.000258
2017-01-09,0001-01-01,102917,1260,completed,34,2021-06-15 02:48:59.000258
2017-01-09,0001-01-01,102917,1293,completed,34,2021-06-15 02:48:59.000258
2017-01-09,0001-01-01,102930,1330,completed,34,2021-06-15 02:48:59.000258
2017-01-09,0001-01-01,102930,1319,completed,34,2021-06-15 02:48:59.000258
2017-01-09,0001-01-01,102930,1324,completed,34,2021-06-15 02:48:59.000258
2017-01-09,0001-01-01,102936,1402,completed,34,2021-06-15 02:48:59.000258
2017-01-09,0001-01-01,102946,1249,completed,34,2021-06-15 02:48:59.000258
2017-01-09,0001-01-01,102946,1391,completed,34,2021-06-15 02:48:59.000258
2017-01-09,0001-01-01,102946,1403,completed,34,2021-06-15 02:48:59.000258
2017-01-09,0001-01-01,102946,1396,completed,34,2021-06-15 02:48:59.000258
2017-01-09,0001-01-01,102969,1321,completed,34,2021-06-15 02:48:59.000258
2017-01-09,0001-01-01,102969,1322,completed,34,2021-06-15 02:48:59.000258
2017-01-09,0001-01-01,102969,1330,completed,34,2021-06-15 02:48:59.000258
2017-01-09,0001-01-01,102985,1395,completed,34,2021-06-15 02:48:59.000258
2017-01-09,0001-01-01,102985,1391,completed,34,2021-06-15 02:48:59.000258
2017-01-09,0001-01-01,102985,1396,completed,34,2021-06-15 02:48:59.000258
2017-01-09,0001-01-01,102985,1392,completed,34,2021-06-15 02:48:59.000258
2017-01-09,0001-01-01,102994,1208,completed,34,2021-06-15 02:48:59.000258
2017-01-09,0001-01-01,101003,1327,completed,34,2021-06-15 02:48:59.000258
2017-01-09,0001-01-01,101003,1335,completed,34,2021-06-15 02:48:59.000258
2017-01-09,0001-01-01,101003,1336,completed,34,2021-06-15 02:48:59.000258
2017-01-09,0001-01-01,101019,1333,completed,34,2021-06-15 02:48:59.000258
2017-01-09,0001-01-01,101019,1407,completed,34,2021-06-15 02:48:59.000258
2017-01-09,0001-01-01,101019,1327,completed,34,2021-06-15 02:48:59.000258
2017-01-09,0001-01-01,101024,1336,completed,34,2021-06-15 02:48:59.000258
2017-01-09,0001-01-01,101024,1339,completed,34,2021-06-15 02:48:59.000258
2017-01-09,0001-01-01,101024,1341,completed,34,2021-06-15 02:48:59.000258
2017-01-09,0001-01-01,101024,1343,completed,34,2021-06-15 02:48:59.000258
2017-01-09,0001-01-01,101024,1344,completed,34,2021-06-15 02:48:59.000258
2017-01-09,0001-01-01,101026,1393,completed,34,2021-06-15 02:48:59.000258
2017-01-09,0001-01-01,101026,1405,completed,34,2021-06-15 02:48:59.000258
2017-01-09,0001-01-01,101026,1398,completed,34,2021-06-15 02:48:59.000258
2017-01-09,0001-01-01,101026,1406,completed,34,2021-06-15 02:48:59.000258
2017-01-09,0001-01-01,101035,1210,completed,34,2021-06-15 02:48:59.000258
2017-01-09,0001-01-01,101035,1401,completed,34,2021-06-15 02:48:59.000258
2017-01-09,0001-01-01,101036,1334,completed,34,2021-06-15 02:48:59.000258
2017-01-09,0001-01-01,101055,1293,completed,34,2021-06-15 02:48:59.000258
2017-01-09,0001-01-01,101055,1294,completed,34,2021-06-15 02:48:59.000258
2017-01-09,0001-01-01,101055,1287,completed,34,2021-06-15 02:48:59.000258
2017-01-09,0001-01-01,101056,1335,completed,34,2021-06-15 02:48:59.000258
2017-01-09,0001-01-01,101056,1337,completed,34,2021-06-15 02:48:59.000258
2017-01-09,0001-01-01,101058,1399,completed,34,2021-06-15 02:48:59.000258
2017-01-09,0001-01-01,101058,1407,completed,34,2021-06-15 02:48:59.000258
2017-01-09,0001-01-01,101058,1400,completed,34,2021-06-15 02:48:59.000258
2017-01-09,0001-01-01,101058,1211,completed,34,2021-06-15 02:48:59.000258
2017-01-09,0001-01-01,101058,1408,completed,34,2021-06-15 02:48:59.000258
2017-01-09,0001-01-01,101077,1254,completed,34,2021-06-15 02:48:59.000258
2017-01-09,0001-01-01,101077,1112,completed,34,2021-06-15 02:48:59.000258
2017-01-09,0001-01-01,101077,1255,completed,34,2021-06-15 02:48:59.000258
2017-01-09,0001-01-01,101077,1113,completed,34,2021-06-15 02:48:59.000258
2017-01-09,0001-01-01,101077,1120,completed,34,2021-06-15 02:48:59.000258
2017-01-09,0001-01-01,101083,1225,completed,34,2021-06-15 02:48:59.000258
2017-01-09,0001-01-01,101083,1309,completed,34,2021-06-15 02:48:59.000258
2017-01-09,0001-01-01,101089,1324,completed,34,2021-06-15 02:48:59.000258
2017-01-09,0001-01-01,101089,1333,completed,34,2021-06-15 02:48:59.000258
2017-01-09,0001-01-01,101089,1326,completed,34,2021-06-15 02:48:59.000258
2017-01-09,0001-01-01,101147,1327,completed,34,2021-06-15 02:48:59.000258
2017-01-09,0001-01-01,101147,1346,completed,34,2021-06-15 02:48:59.000258
2017-01-09,0001-01-01,101147,1347,completed,34,2021-06-15 02:48:59.000258
2017-01-09,0001-01-01,101148,1341,completed,34,2021-06-15 02:48:59.000258
2017-01-09,0001-01-01,101148,1344,completed,34,2021-06-15 02:48:59.000258
2017-01-09,0001-01-01,101148,1304,completed,34,2021-06-15 02:48:59.000258
2017-01-09,0001-01-01,101148,1347,completed,34,2021-06-15 02:48:59.000258
2017-01-09,0001-01-01,101148,1422,completed,34,2021-06-15 02:48:59.000258
2017-01-09,0001-01-01,101150,1407,completed,34,2021-06-15 02:48:59.000258
2017-01-09,0001-01-01,101150,1400,completed,34,2021-06-15 02:48:59.000258
2017-01-09,0001-01-01,101150,1408,completed,34,2021-06-15 02:48:59.000258
2017-01-09,0001-01-01,101150,1401,completed,34,2021-06-15 02:48:59.000258
2017-01-09,0001-01-01,101158,1126,completed,34,2021-06-15 02:48:59.000258
2017-01-09,0001-01-01,101164,1261,completed,34,2021-06-15 02:48:59.000258
2017-01-09,0001-01-01,101164,1211,completed,34,2021-06-15 02:48:59.000258
2017-01-09,0001-01-01,101164,1112,completed,34,2021-06-15 02:48:59.000258
2017-01-09,0001-01-01,101165,1399,completed,34,2021-06-15 02:48:59.000258
2017-01-09,0001-01-01,101165,1407,completed,34,2021-06-15 02:48:59.000258
2017-01-09,0001-01-01,101165,1400,completed,34,2021-06-15 02:48:59.000258
2017-01-09,0001-01-01,101165,1401,completed,34,2021-06-15 02:48:59.000258
2017-01-09,0001-01-01,101187,1320,completed,34,2021-06-15 02:48:59.000258
2017-01-09,0001-01-01,101187,1255,completed,34,2021-06-15 02:48:59.000258
2017-01-09,0001-01-01,101188,1221,completed,34,2021-06-15 02:48:59.000258
2017-01-09,0001-01-01,101188,1346,completed,34,2021-06-15 02:48:59.000258
2017-01-09,0001-01-01,101188,1420,completed,34,2021-06-15 02:48:59.000258
2017-01-09,0001-01-01,101200,1261,completed,34,2021-06-15 02:48:59.000258
2017-01-09,0001-01-01,101200,1409,completed,34,2021-06-15 02:48:59.000258
2017-01-09,0001-01-01,101211,1272,completed,34,2021-06-15 02:48:59.000258
2017-01-09,0001-01-01,101211,1230,completed,34,2021-06-15 02:48:59.000258
2017-01-09,0001-01-01,101215,1119,completed,34,2021-06-15 02:48:59.000258
2017-01-09,0001-01-01,101215,1271,completed,34,2021-06-15 02:48:59.000258
2017-01-09,0001-01-01,101215,1273,completed,34,2021-06-15 02:48:59.000258
2017-01-09,0001-01-01,101238,1292,completed,34,2021-06-15 02:48:59.000258
2017-01-09,0001-01-01,101238,1285,completed,34,2021-06-15 02:48:59.000258
2017-01-09,0001-01-01,101238,1293,completed,34,2021-06-15 02:48:59.000258
2017-01-09,0001-01-01,101238,1286,completed,34,2021-06-15 02:48:59.000258
2017-01-09,0001-01-01,101245,1283,completed,34,2021-06-15 02:48:59.000258
2017-01-09,0001-01-01,101266,1341,completed,34,2021-06-15 02:48:59.000258
2017-01-09,0001-01-01,101266,1344,completed,34,2021-06-15 02:48:59.000258
2017-01-09,0001-01-01,101266,1349,completed,34,2021-06-15 02:48:59.000258
2017-01-09,0001-01-01,101273,1101,completed,34,2021-06-15 02:48:59.000258
2017-01-09,0001-01-01,101275,1407,completed,34,2021-06-15 02:48:59.000258
2017-01-09,0001-01-01,101275,1400,completed,34,2021-06-15 02:48:59.000258
2017-01-09,0001-01-01,101278,1320,completed,34,2021-06-15 02:48:59.000258
2017-01-09,0001-01-01,101278,1112,completed,34,2021-06-15 02:48:59.000258
2017-01-09,0001-01-01,101282,1302,completed,34,2021-06-15 02:48:59.000258
2017-01-09,0001-01-01,101282,1345,completed,34,2021-06-15 02:48:59.000258
2017-01-09,0001-01-01,101290,1339,completed,34,2021-06-15 02:48:59.000258
2017-01-09,0001-01-01,101290,1220,completed,34,2021-06-15 02:48:59.000258
2017-01-09,0001-01-01,101290,1344,completed,34,2021-06-15 02:48:59.000258
2017-01-09,0001-01-01,101290,1345,completed,34,2021-06-15 02:48:59.000258
2017-01-09,0001-01-01,101290,1346,completed,34,2021-06-15 02:48:59.000258
2017-01-09,0001-01-01,101293,1330,completed,34,2021-06-15 02:48:59.000258
2017-01-09,0001-01-01,101306,1296,completed,34,2021-06-15 02:48:59.000258
2017-01-09,0001-01-01,101329,1212,completed,34,2021-06-15 02:48:59.000258
2017-01-09,0001-01-01,101329,1255,completed,34,2021-06-15 02:48:59.000258
2017-01-09,0001-01-01,101329,1117,completed,34,2021-06-15 02:48:59.000258
2017-01-09,0001-01-01,101336,1399,completed,34,2021-06-15 02:48:59.000258
2017-01-09,0001-01-01,101336,1407,completed,34,2021-06-15 02:48:59.000258
2017-01-09,0001-01-01,101336,1400,completed,34,2021-06-15 02:48:59.000258
2017-01-09,0001-01-01,101336,1334,completed,34,2021-06-15 02:48:59.000258
2017-01-09,0001-01-01,101347,1398,completed,34,2021-06-15 02:48:59.000258
2017-01-09,0001-01-01,101347,1394,completed,34,2021-06-15 02:48:59.000258
2017-01-09,0001-01-01,101347,1407,completed,34,2021-06-15 02:48:59.000258
2017-01-09,0001-01-01,101358,1399,completed,34,2021-06-15 02:48:59.000258
2017-01-09,0001-01-01,101358,1407,completed,34,2021-06-15 02:48:59.000258
2017-01-09,0001-01-01,101358,1408,completed,34,2021-06-15 02:48:59.000258
2017-01-09,0001-01-01,101358,1401,completed,34,2021-06-15 02:48:59.000258
2017-01-09,0001-01-01,101376,1270,completed,34,2021-06-15 02:48:59.000258
2017-01-09,0001-01-01,101376,1123,completed,34,2021-06-15 02:48:59.000258
2017-01-09,0001-01-01,101376,1232,completed,34,2021-06-15 02:48:59.000258
2017-01-09,0001-01-01,101381,1115,completed,34,2021-06-15 02:48:59.000258
2017-01-09,0001-01-01,101381,1413,completed,34,2021-06-15 02:48:59.000258
2017-01-09,0001-01-01,101382,1263,completed,34,2021-06-15 02:48:59.000258
2017-01-09,0001-01-01,101382,1265,completed,34,2021-06-15 02:48:59.000258
2017-01-09,0001-01-01,101385,1263,completed,34,2021-06-15 02:48:59.000258
2017-01-09,0001-01-01,101385,1297,completed,34,2021-06-15 02:48:59.000258
2017-01-09,0001-01-01,101385,1270,completed,34,2021-06-15 02:48:59.000258
2017-01-09,0001-01-01,101387,1349,completed,34,2021-06-15 02:48:59.000258
2017-01-09,0001-01-01,101387,1351,completed,34,2021-06-15 02:48:59.000258
2017-01-09,0001-01-01,101387,1355,completed,34,2021-06-15 02:48:59.000258
2017-01-09,0001-01-01,101398,1260,completed,34,2021-06-15 02:48:59.000258
2017-01-09,0001-01-01,101398,1211,completed,34,2021-06-15 02:48:59.000258
2017-01-09,0001-01-01,101399,1212,completed,34,2021-06-15 02:48:59.000258
2017-01-09,0001-01-01,101399,1255,completed,34,2021-06-15 02:48:59.000258
2017-01-09,0001-01-01,101431,1325,completed,34,2021-06-15 02:48:59.000258
2017-01-09,0001-01-01,101438,1294,completed,34,2021-06-15 02:48:59.000258
2017-01-09,0001-01-01,101438,1287,completed,34,2021-06-15 02:48:59.000258
2017-01-09,0001-01-01,101438,1296,completed,34,2021-06-15 02:48:59.000258
2017-01-09,0001-01-01,101438,1297,completed,34,2021-06-15 02:48:59.000258
2017-01-09,0001-01-01,101483,1326,completed,34,2021-06-15 02:48:59.000258
2017-01-09,0001-01-01,101491,1333,completed,34,2021-06-15 02:48:59.000258
2017-01-09,0001-01-01,101491,1293,completed,34,2021-06-15 02:48:59.000258
2017-01-09,0001-01-01,101491,1294,completed,34,2021-06-15 02:48:59.000258
2017-01-09,0001-01-01,101491,1287,completed,34,2021-06-15 02:48:59.000258
2017-01-09,0001-01-01,101491,1296,completed,34,2021-06-15 02:48:59.000258
2017-01-09,0001-01-01,101505,1286,completed,34,2021-06-15 02:48:59.000258
2017-01-09,0001-01-01,101505,1287,completed,34,2021-06-15 02:48:59.000258
2017-01-09,0001-01-01,101505,1296,completed,34,2021-06-15 02:48:59.000258
2017-01-09,0001-01-01,101519,1412,completed,34,2021-06-15 02:48:59.000258
2017-01-09,0001-01-01,101519,1344,completed,34,2021-06-15 02:48:59.000258
2017-01-09,0001-01-01,101563,1116,completed,34,2021-06-15 02:48:59.000258
2017-01-09,0001-01-01,101582,1407,completed,34,2021-06-15 02:48:59.000258
2017-01-09,0001-01-01,101582,1400,completed,34,2021-06-15 02:48:59.000258
2017-01-09,0001-01-01,101582,1408,completed,34,2021-06-15 02:48:59.000258
2017-01-09,0001-01-01,101582,1401,completed,34,2021-06-15 02:48:59.000258
2017-01-09,0001-01-01,101583,1337,completed,34,2021-06-15 02:48:59.000258
2017-01-09,0001-01-01,101583,1344,completed,34,2021-06-15 02:48:59.000258
2017-01-09,0001-01-01,101583,1345,completed,34,2021-06-15 02:48:59.000258
2017-01-09,0001-01-01,101596,1113,completed,34,2021-06-15 02:48:59.000258
2017-01-09,0001-01-01,101596,1215,completed,34,2021-06-15 02:48:59.000258
2017-01-09,0001-01-01,101603,1253,completed,34,2021-06-15 02:48:59.000258
2017-01-09,0001-01-01,101603,1104,completed,34,2021-06-15 02:48:59.000258
2017-01-09,0001-01-01,101603,1255,completed,34,2021-06-15 02:48:59.000258
2017-01-09,0001-01-01,101603,1205,completed,34,2021-06-15 02:48:59.000258
2017-01-09,0001-01-01,101603,1336,completed,34,2021-06-15 02:48:59.000258
2017-01-09,0001-01-01,101616,1104,completed,34,2021-06-15 02:48:59.000258
2017-01-09,0001-01-01,101616,1211,completed,34,2021-06-15 02:48:59.000258
2017-01-09,0001-01-01,101616,1266,completed,34,2021-06-15 02:48:59.000258
2017-01-09,0001-01-01,101617,1265,completed,34,2021-06-15 02:48:59.000258
2017-01-09,0001-01-01,101617,1267,completed,34,2021-06-15 02:48:59.000258
2017-01-09,0001-01-01,101617,1220,completed,34,2021-06-15 02:48:59.000258
2017-01-09,0001-01-01,101617,1121,completed,34,2021-06-15 02:48:59.000258
2017-01-09,0001-01-01,101618,1296,completed,34,2021-06-15 02:48:59.000258
2017-01-09,0001-01-01,101618,1297,completed,34,2021-06-15 02:48:59.000258
2017-01-09,0001-01-01,101618,1299,completed,34,2021-06-15 02:48:59.000258
2017-01-09,0001-01-01,101618,1267,completed,34,2021-06-15 02:48:59.000258
2017-01-09,0001-01-01,101621,1259,completed,34,2021-06-15 02:48:59.000258
2017-01-09,0001-01-01,101635,1341,completed,34,2021-06-15 02:48:59.000258
2017-01-09,0001-01-01,101635,1343,completed,34,2021-06-15 02:48:59.000258
2017-01-09,0001-01-01,101635,1344,completed,34,2021-06-15 02:48:59.000258
2017-01-09,0001-01-01,101650,1214,completed,34,2021-06-15 02:48:59.000258
2017-01-09,0001-01-01,101650,1216,completed,34,2021-06-15 02:48:59.000258
2017-01-09,0001-01-01,101650,1267,completed,34,2021-06-15 02:48:59.000258
2017-01-09,0001-01-01,101650,1268,completed,34,2021-06-15 02:48:59.000258
2017-01-09,0001-01-01,101667,1293,completed,34,2021-06-15 02:48:59.000258
2017-01-09,0001-01-01,101667,1287,completed,34,2021-06-15 02:48:59.000258
2017-01-09,0001-01-01,101680,1266,completed,34,2021-06-15 02:48:59.000258
2017-01-09,0001-01-01,101680,1269,completed,34,2021-06-15 02:48:59.000258
2017-01-09,0001-01-01,101681,1215,completed,34,2021-06-15 02:48:59.000258
2017-01-09,0001-01-01,101688,1285,completed,34,2021-06-15 02:48:59.000258
2017-01-09,0001-01-01,101688,1293,completed,34,2021-06-15 02:48:59.000258
2017-01-09,0001-01-01,101688,1294,completed,34,2021-06-15 02:48:59.000258
2017-01-09,0001-01-01,101688,1287,completed,34,2021-06-15 02:48:59.000258
2017-01-09,0001-01-01,101690,1346,completed,34,2021-06-15 02:48:59.000258
2017-01-09,0001-01-01,101694,1203,completed,34,2021-06-15 02:48:59.000258
2017-01-09,0001-01-01,101694,1407,completed,34,2021-06-15 02:48:59.000258
2017-01-09,0001-01-01,101699,1287,completed,34,2021-06-15 02:48:59.000258
2017-01-09,0001-01-01,101699,1295,completed,34,2021-06-15 02:48:59.000258
2017-01-09,0001-01-01,101699,1263,completed,34,2021-06-15 02:48:59.000258
2017-01-09,0001-01-01,101699,1296,completed,34,2021-06-15 02:48:59.000258
2017-01-09,0001-01-01,101721,1262,completed,34,2021-06-15 02:48:59.000258
2017-01-09,0001-01-01,101721,1212,completed,34,2021-06-15 02:48:59.000258
2017-01-09,0001-01-01,101721,1255,completed,34,2021-06-15 02:48:59.000258
2017-01-09,0001-01-01,101721,1115,completed,34,2021-06-15 02:48:59.000258
2017-01-09,0001-01-01,101723,1126,completed,34,2021-06-15 02:48:59.000258
2017-01-09,0001-01-01,101723,1227,completed,34,2021-06-15 02:48:59.000258
2017-01-09,0001-01-01,101723,1128,completed,34,2021-06-15 02:48:59.000258
2017-01-09,0001-01-01,101739,1292,completed,34,2021-06-15 02:48:59.000258
2017-01-09,0001-01-01,101739,1203,completed,34,2021-06-15 02:48:59.000258
2017-01-09,0001-01-01,101739,1293,completed,34,2021-06-15 02:48:59.000258
2017-01-09,0001-01-01,101739,1286,completed,34,2021-06-15 02:48:59.000258
2017-01-09,0001-01-01,101747,1273,completed,34,2021-06-15 02:48:59.000258
2017-01-09,0001-01-01,101747,1125,completed,34,2021-06-15 02:48:59.000258
2017-01-09,0001-01-01,101747,1126,completed,34,2021-06-15 02:48:59.000258
2017-01-09,0001-01-01,101747,1227,completed,34,2021-06-15 02:48:59.000258
2017-01-09,0001-01-01,101752,1297,completed,34,2021-06-15 02:48:59.000258
2017-01-09,0001-01-01,101752,1337,completed,34,2021-06-15 02:48:59.000258
2017-01-09,0001-01-01,101752,1341,completed,34,2021-06-15 02:48:59.000258
2017-01-09,0001-01-01,101752,1343,completed,34,2021-06-15 02:48:59.000258
2017-01-09,0001-01-01,101759,1326,completed,34,2021-06-15 02:48:59.000258
2017-01-09,0001-01-01,101759,1261,completed,34,2021-06-15 02:48:59.000258
2017-01-09,0001-01-01,101759,1336,completed,34,2021-06-15 02:48:59.000258
2017-01-09,0001-01-01,101759,1337,completed,34,2021-06-15 02:48:59.000258
2017-01-09,0001-01-01,101759,1339,completed,34,2021-06-15 02:48:59.000258
2017-01-09,0001-01-01,101762,1214,completed,34,2021-06-15 02:48:59.000258
2017-01-09,0001-01-01,101762,1266,completed,34,2021-06-15 02:48:59.000258
2017-01-09,0001-01-01,101762,1270,completed,34,2021-06-15 02:48:59.000258
2017-01-09,0001-01-01,101783,1418,completed,34,2021-06-15 02:48:59.000258
2017-01-09,0001-01-01,101788,1409,completed,34,2021-06-15 02:48:59.000258
2017-01-09,0001-01-01,101788,1300,completed,34,2021-06-15 02:48:59.000258
2017-01-09,0001-01-01,101788,1131,completed,34,2021-06-15 02:48:59.000258
2017-01-09,0001-01-01,101808,1269,completed,34,2021-06-15 02:48:59.000258
2017-01-09,0001-01-01,101808,1121,completed,34,2021-06-15 02:48:59.000258
2017-01-09,0001-01-01,101808,1124,completed,34,2021-06-15 02:48:59.000258
2017-01-09,0001-01-01,101814,1327,completed,34,2021-06-15 02:48:59.000258
2017-01-09,0001-01-01,101814,1335,completed,34,2021-06-15 02:48:59.000258
2017-01-09,0001-01-01,101820,1203,completed,34,2021-06-15 02:48:59.000258
2017-01-09,0001-01-01,101820,1214,completed,34,2021-06-15 02:48:59.000258
2017-01-09,0001-01-01,101820,1268,completed,34,2021-06-15 02:48:59.000258
2017-01-09,0001-01-01,101820,1121,completed,34,2021-06-15 02:48:59.000258
2017-01-09,0001-01-01,101826,1268,completed,34,2021-06-15 02:48:59.000258
2017-01-09,0001-01-01,101826,1120,completed,34,2021-06-15 02:48:59.000258
2017-01-09,0001-01-01,101826,1221,completed,34,2021-06-15 02:48:59.000258
2017-01-09,0001-01-01,101826,1273,completed,34,2021-06-15 02:48:59.000258
2017-01-09,0001-01-01,101838,1120,completed,34,2021-06-15 02:48:59.000258
2017-01-09,0001-01-01,101838,1272,completed,34,2021-06-15 02:48:59.000258
2017-01-09,0001-01-01,101838,1273,completed,34,2021-06-15 02:48:59.000258
2017-01-09,0001-01-01,101838,1124,completed,34,2021-06-15 02:48:59.000258
2017-01-09,0001-01-01,101838,1226,completed,34,2021-06-15 02:48:59.000258
2017-01-09,0001-01-01,101840,1345,completed,34,2021-06-15 02:48:59.000258
2017-01-09,0001-01-01,101840,1346,completed,34,2021-06-15 02:48:59.000258
2017-01-09,0001-01-01,101840,1351,completed,34,2021-06-15 02:48:59.000258
2017-01-09,0001-01-01,101852,1262,completed,34,2021-06-15 02:48:59.000258
2017-01-09,0001-01-01,101862,1335,completed,34,2021-06-15 02:48:59.000258
2017-01-09,0001-01-01,101868,1267,completed,34,2021-06-15 02:48:59.000258
2017-01-09,0001-01-01,101868,1119,completed,34,2021-06-15 02:48:59.000258
2017-01-09,0001-01-01,101868,1219,completed,34,2021-06-15 02:48:59.000258
2017-01-09,0001-01-01,101868,1272,completed,34,2021-06-15 02:48:59.000258
2017-01-09,0001-01-01,101868,1225,completed,34,2021-06-15 02:48:59.000258
2017-01-09,0001-01-01,101873,1341,completed,34,2021-06-15 02:48:59.000258
2017-01-09,0001-01-01,101873,1345,completed,34,2021-06-15 02:48:59.000258
2017-01-09,0001-01-01,101873,1347,completed,34,2021-06-15 02:48:59.000258
2017-01-09,0001-01-01,101891,1327,completed,34,2021-06-15 02:48:59.000258
2017-01-09,0001-01-01,101891,1336,completed,34,2021-06-15 02:48:59.000258
2017-01-09,0001-01-01,101891,1337,completed,34,2021-06-15 02:48:59.000258
2017-01-09,0001-01-01,101898,1292,completed,34,2021-06-15 02:48:59.000258
2017-01-09,0001-01-01,101898,1285,completed,34,2021-06-15 02:48:59.000258
2017-01-09,0001-01-01,101898,1293,completed,34,2021-06-15 02:48:59.000258
2017-01-09,0001-01-01,101898,1286,completed,34,2021-06-15 02:48:59.000258
2017-01-09,0001-01-01,101916,1394,completed,34,2021-06-15 02:48:59.000258
2017-01-09,0001-01-01,101916,1399,completed,34,2021-06-15 02:48:59.000258
2017-01-09,0001-01-01,101916,1407,completed,34,2021-06-15 02:48:59.000258
2017-01-09,0001-01-01,101916,1400,completed,34,2021-06-15 02:48:59.000258
2017-01-09,0001-01-01,101919,1228,completed,34,2021-06-15 02:48:59.000258
2017-01-09,0001-01-01,101919,1129,completed,34,2021-06-15 02:48:59.000258
2017-01-09,0001-01-01,101931,1336,completed,34,2021-06-15 02:48:59.000258
2017-01-09,0001-01-01,101931,1216,completed,34,2021-06-15 02:48:59.000258
2017-01-09,0001-01-01,101931,1339,completed,34,2021-06-15 02:48:59.000258
2017-01-09,0001-01-01,101931,1267,completed,34,2021-06-15 02:48:59.000258
2017-01-09,0001-01-01,101931,1343,completed,34,2021-06-15 02:48:59.000258
2017-01-09,0001-01-01,101941,1267,completed,34,2021-06-15 02:48:59.000258
2017-01-09,0001-01-01,101941,1417,completed,34,2021-06-15 02:48:59.000258
2017-01-09,0001-01-01,101943,1408,completed,34,2021-06-15 02:48:59.000258
2017-01-09,0001-01-01,101943,1401,completed,34,2021-06-15 02:48:59.000258
2017-01-09,0001-01-01,101943,1409,completed,34,2021-06-15 02:48:59.000258
2017-01-09,0001-01-01,101943,1410,completed,34,2021-06-15 02:48:59.000258
2017-01-09,0001-01-01,101963,1343,completed,34,2021-06-15 02:48:59.000258
2017-01-09,0001-01-01,101963,1345,completed,34,2021-06-15 02:48:59.000258
2017-01-09,0001-01-01,101963,1347,completed,34,2021-06-15 02:48:59.000258
2017-01-09,0001-01-01,101974,1215,completed,34,2021-06-15 02:48:59.000258
2017-01-09,0001-01-01,101974,1267,completed,34,2021-06-15 02:48:59.000258
2017-01-09,0001-01-01,101994,1112,completed,34,2021-06-15 02:48:59.000258
2017-01-09,0001-01-01,101994,1115,completed,34,2021-06-15 02:48:59.000258
2017-01-09,0001-01-01,101994,1265,completed,34,2021-06-15 02:48:59.000258
2017-01-09,0001-01-01,101994,1215,completed,34,2021-06-15 02:48:59.000258
2017-01-09,0001-01-01,101999,1219,completed,34,2021-06-15 02:48:59.000258
2017-01-09,0001-01-01,101999,1270,completed,34,2021-06-15 02:48:59.000258
2017-01-09,0001-01-01,101999,1220,completed,34,2021-06-15 02:48:59.000258
2017-01-09,0001-01-01,101999,1121,completed,34,2021-06-15 02:48:59.000258
2017-01-09,0001-01-01,100016,1306,completed,34,2021-06-15 02:48:59.000258
2017-01-09,0001-01-01,100033,1235,completed,34,2021-06-15 02:48:59.000258
2017-01-09,0001-01-01,100033,1137,completed,34,2021-06-15 02:48:59.000258
2017-01-09,0001-01-01,100033,1240,completed,34,2021-06-15 02:48:59.000258
2017-01-09,0001-01-01,100043,1156,completed,34,2021-06-15 02:48:59.000258
2017-01-09,0001-01-01,100048,1305,completed,34,2021-06-15 02:48:59.000258
2017-01-09,0001-01-01,100048,1306,completed,34,2021-06-15 02:48:59.000258
2017-01-09,0001-01-01,100048,1307,completed,34,2021-06-15 02:48:59.000258
2017-01-09,0001-01-01,100048,1309,completed,34,2021-06-15 02:48:59.000258
2017-01-09,0001-01-01,100062,1369,completed,34,2021-06-15 02:48:59.000258
2017-01-09,0001-01-01,100063,1307,completed,34,2021-06-15 02:48:59.000258
2017-01-09,0001-01-01,100063,1309,completed,34,2021-06-15 02:48:59.000258
2017-01-09,0001-01-01,100063,1310,completed,34,2021-06-15 02:48:59.000258
2017-01-09,0001-01-01,100093,1358,completed,34,2021-06-15 02:48:59.000258
2017-01-09,0001-01-01,100093,1360,completed,34,2021-06-15 02:48:59.000258
2017-01-09,0001-01-01,100093,1370,completed,34,2021-06-15 02:48:59.000258
2017-01-09,0001-01-01,100093,1371,completed,34,2021-06-15 02:48:59.000258
2017-01-09,0001-01-01,100096,1302,completed,34,2021-06-15 02:48:59.000258
2017-01-09,0001-01-01,100096,1304,completed,34,2021-06-15 02:48:59.000258
2017-01-09,0001-01-01,100096,1305,completed,34,2021-06-15 02:48:59.000258
2017-01-09,0001-01-01,100096,1307,completed,34,2021-06-15 02:48:59.000258
2017-01-09,0001-01-01,100101,1416,completed,34,2021-06-15 02:48:59.000258
2017-01-09,0001-01-01,100101,1417,completed,34,2021-06-15 02:48:59.000258
2017-01-09,0001-01-01,100101,1418,completed,34,2021-06-15 02:48:59.000258
2017-01-09,0001-01-01,100101,1420,completed,34,2021-06-15 02:48:59.000258
2017-01-09,0001-01-01,100105,1232,completed,34,2021-06-15 02:48:59.000258
2017-01-09,0001-01-01,100105,1138,completed,34,2021-06-15 02:48:59.000258
2017-01-09,0001-01-01,100105,1239,completed,34,2021-06-15 02:48:59.000258
2017-01-09,0001-01-01,100117,1365,completed,34,2021-06-15 02:48:59.000258
2017-01-09,0001-01-01,100117,1368,completed,34,2021-06-15 02:48:59.000258
2017-01-09,0001-01-01,100117,1371,completed,34,2021-06-15 02:48:59.000258
2017-01-09,0001-01-01,100118,1415,completed,34,2021-06-15 02:48:59.000258
2017-01-09,0001-01-01,100118,1416,completed,34,2021-06-15 02:48:59.000258
2017-01-09,0001-01-01,100118,1418,completed,34,2021-06-15 02:48:59.000258
2017-01-09,0001-01-01,100151,1133,completed,34,2021-06-15 02:48:59.000258
2017-01-09,0001-01-01,100151,1235,completed,34,2021-06-15 02:48:59.000258
2017-01-09,0001-01-01,100151,1136,completed,34,2021-06-15 02:48:59.000258
2017-01-09,0001-01-01,100151,1358,completed,34,2021-06-15 02:48:59.000258
2017-01-09,0001-01-01,100151,1241,completed,34,2021-06-15 02:48:59.000258
2017-01-09,0001-01-01,100166,1300,completed,34,2021-06-15 02:48:59.000258
2017-01-09,0001-01-01,100166,1119,completed,34,2021-06-15 02:48:59.000258
2017-01-09,0001-01-01,100166,1302,completed,34,2021-06-15 02:48:59.000258
2017-01-09,0001-01-01,100167,1304,completed,34,2021-06-15 02:48:59.000258
2017-01-09,0001-01-01,100167,1306,completed,34,2021-06-15 02:48:59.000258
2017-01-09,0001-01-01,100167,1307,completed,34,2021-06-15 02:48:59.000258
2017-01-09,0001-01-01,100167,1309,completed,34,2021-06-15 02:48:59.000258
2017-01-09,0001-01-01,100192,1357,completed,34,2021-06-15 02:48:59.000258
2017-01-09,0001-01-01,100192,1358,completed,34,2021-06-15 02:48:59.000258
2017-01-09,0001-01-01,100192,1368,completed,34,2021-06-15 02:48:59.000258
2017-01-09,0001-01-01,100192,1370,completed,34,2021-06-15 02:48:59.000258
2017-01-09,0001-01-01,100196,1412,completed,34,2021-06-15 02:48:59.000258
2017-01-09,0001-01-01,100196,1339,completed,34,2021-06-15 02:48:59.000258
2017-01-09,0001-01-01,100196,1415,completed,34,2021-06-15 02:48:59.000258
2017-01-09,0001-01-01,100196,1416,completed,34,2021-06-15 02:48:59.000258
2017-01-09,0001-01-01,100196,1220,completed,34,2021-06-15 02:48:59.000258
2017-01-09,0001-01-01,100197,1305,completed,34,2021-06-15 02:48:59.000258
2017-01-09,0001-01-01,100197,1306,completed,34,2021-06-15 02:48:59.000258
2017-01-09,0001-01-01,100197,1309,completed,34,2021-06-15 02:48:59.000258
2017-01-09,0001-01-01,100197,1310,completed,34,2021-06-15 02:48:59.000258
2017-01-09,0001-01-01,100210,1233,completed,34,2021-06-15 02:48:59.000258
2017-01-09,0001-01-01,100210,1138,completed,34,2021-06-15 02:48:59.000258
2017-01-09,0001-01-01,100210,1141,completed,34,2021-06-15 02:48:59.000258
2017-01-09,0001-01-01,100210,1145,completed,34,2021-06-15 02:48:59.000258
2017-01-09,0001-01-01,100224,1227,completed,34,2021-06-15 02:48:59.000258
2017-01-09,0001-01-01,100224,1128,completed,34,2021-06-15 02:48:59.000258
2017-01-09,0001-01-01,100224,1138,completed,34,2021-06-15 02:48:59.000258
2017-01-09,0001-01-01,100225,1355,completed,34,2021-06-15 02:48:59.000258
2017-01-09,0001-01-01,100225,1363,completed,34,2021-06-15 02:48:59.000258
2017-01-09,0001-01-01,100225,1369,completed,34,2021-06-15 02:48:59.000258
2017-01-09,0001-01-01,100232,1134,completed,34,2021-06-15 02:48:59.000258
2017-01-09,0001-01-01,100232,1238,completed,34,2021-06-15 02:48:59.000258
2017-01-09,0001-01-01,100241,1304,completed,34,2021-06-15 02:48:59.000258
2017-01-09,0001-01-01,100241,1305,completed,34,2021-06-15 02:48:59.000258
2017-01-09,0001-01-01,100241,1306,completed,34,2021-06-15 02:48:59.000258
2017-01-09,0001-01-01,100241,1307,completed,34,2021-06-15 02:48:59.000258
2017-01-09,0001-01-01,100245,1372,completed,34,2021-06-15 02:48:59.000258
2017-01-09,0001-01-01,100253,1306,completed,34,2021-06-15 02:48:59.000258
2017-01-09,0001-01-01,100253,1307,completed,34,2021-06-15 02:48:59.000258
2017-01-09,0001-01-01,100253,1309,completed,34,2021-06-15 02:48:59.000258
2017-01-09,0001-01-01,100253,1310,completed,34,2021-06-15 02:48:59.000258
2017-01-09,0001-01-01,100254,1230,completed,34,2021-06-15 02:48:59.000258
2017-01-09,0001-01-01,100254,1135,completed,34,2021-06-15 02:48:59.000258
2017-01-09,0001-01-01,100254,1235,completed,34,2021-06-15 02:48:59.000258
2017-01-09,0001-01-01,100254,1138,completed,34,2021-06-15 02:48:59.000258
2017-01-09,0001-01-01,100262,1297,completed,34,2021-06-15 02:48:59.000258
2017-01-09,0001-01-01,100262,1299,completed,34,2021-06-15 02:48:59.000258
2017-01-09,0001-01-01,100262,1300,completed,34,2021-06-15 02:48:59.000258
2017-01-09,0001-01-01,100263,1413,completed,34,2021-06-15 02:48:59.000258
2017-01-09,0001-01-01,100263,1414,completed,34,2021-06-15 02:48:59.000258
2017-01-09,0001-01-01,100263,1415,completed,34,2021-06-15 02:48:59.000258
2017-01-09,0001-01-01,100263,1418,completed,34,2021-06-15 02:48:59.000258
2017-01-09,0001-01-01,100267,1413,completed,34,2021-06-15 02:48:59.000258
2017-01-09,0001-01-01,100267,1414,completed,34,2021-06-15 02:48:59.000258
2017-01-09,0001-01-01,100267,1415,completed,34,2021-06-15 02:48:59.000258
2017-01-09,0001-01-01,100290,1415,completed,34,2021-06-15 02:48:59.000258
2017-01-09,0001-01-01,100290,1417,completed,34,2021-06-15 02:48:59.000258
2017-01-09,0001-01-01,100290,1420,completed,34,2021-06-15 02:48:59.000258
2017-01-09,0001-01-01,100299,1357,completed,34,2021-06-15 02:48:59.000258
2017-01-09,0001-01-01,100299,1360,completed,34,2021-06-15 02:48:59.000258
2017-01-09,0001-01-01,100299,1363,completed,34,2021-06-15 02:48:59.000258
2017-01-09,0001-01-01,100299,1365,completed,34,2021-06-15 02:48:59.000258
2017-01-09,0001-01-01,100299,1366,completed,34,2021-06-15 02:48:59.000258
2017-01-09,0001-01-01,100323,1306,completed,34,2021-06-15 02:48:59.000258
2017-01-09,0001-01-01,100323,1307,completed,34,2021-06-15 02:48:59.000258
2017-01-09,0001-01-01,100323,1309,completed,34,2021-06-15 02:48:59.000258
2017-01-09,0001-01-01,100323,1311,completed,34,2021-06-15 02:48:59.000258
2017-01-09,0001-01-01,100323,1351,completed,34,2021-06-15 02:48:59.000258
2017-01-09,0001-01-01,100325,1415,completed,34,2021-06-15 02:48:59.000258
2017-01-09,0001-01-01,100325,1416,completed,34,2021-06-15 02:48:59.000258
2017-01-09,0001-01-01,100325,1346,completed,34,2021-06-15 02:48:59.000258
2017-01-09,0001-01-01,100352,1225,completed,34,2021-06-15 02:48:59.000258
2017-01-09,0001-01-01,100373,1346,completed,34,2021-06-15 02:48:59.000258
2017-01-09,0001-01-01,100373,1225,completed,34,2021-06-15 02:48:59.000258
2017-01-09,0001-01-01,100379,1365,completed,34,2021-06-15 02:48:59.000258
2017-01-09,0001-01-01,100379,1369,completed,34,2021-06-15 02:48:59.000258
2017-01-09,0001-01-01,100392,1349,completed,34,2021-06-15 02:48:59.000258
2017-01-09,0001-01-01,100392,1353,completed,34,2021-06-15 02:48:59.000258
2017-01-09,0001-01-01,100399,1412,completed,34,2021-06-15 02:48:59.000258
2017-01-09,0001-01-01,100399,1413,completed,34,2021-06-15 02:48:59.000258
2017-01-09,0001-01-01,100399,1414,completed,34,2021-06-15 02:48:59.000258
2017-01-09,0001-01-01,100399,1415,completed,34,2021-06-15 02:48:59.000258
2017-01-09,0001-01-01,100402,1296,completed,34,2021-06-15 02:48:59.000258
2017-01-09,0001-01-01,100402,1297,completed,34,2021-06-15 02:48:59.000258
2017-01-09,0001-01-01,100402,1299,completed,34,2021-06-15 02:48:59.000258
2017-01-09,0001-01-01,100402,1300,completed,34,2021-06-15 02:48:59.000258
2017-01-09,0001-01-01,100402,1302,completed,34,2021-06-15 02:48:59.000258
2017-01-09,0001-01-01,100434,1297,completed,34,2021-06-15 02:48:59.000258
2017-01-09,0001-01-01,100434,1412,completed,34,2021-06-15 02:48:59.000258
2017-01-09,0001-01-01,100434,1413,completed,34,2021-06-15 02:48:59.000258
2017-01-09,0001-01-01,100434,1414,completed,34,2021-06-15 02:48:59.000258
2017-01-09,0001-01-01,100434,1416,completed,34,2021-06-15 02:48:59.000258
2017-01-09,0001-01-01,100436,1356,completed,34,2021-06-15 02:48:59.000258
2017-01-09,0001-01-01,100436,1360,completed,34,2021-06-15 02:48:59.000258
2017-01-09,0001-01-01,100436,1366,completed,34,2021-06-15 02:48:59.000258
2017-01-09,0001-01-01,100436,1367,completed,34,2021-06-15 02:48:59.000258
2017-01-09,0001-01-01,100449,1414,completed,34,2021-06-15 02:48:59.000258
2017-01-09,0001-01-01,100449,1415,completed,34,2021-06-15 02:48:59.000258
2017-01-09,0001-01-01,100449,1416,completed,34,2021-06-15 02:48:59.000258
2017-01-09,0001-01-01,100449,1121,completed,34,2021-06-15 02:48:59.000258
2017-01-09,0001-01-01,100478,1300,completed,34,2021-06-15 02:48:59.000258
2017-01-09,0001-01-01,100478,1301,completed,34,2021-06-15 02:48:59.000258
2017-01-09,0001-01-01,100478,1302,completed,34,2021-06-15 02:48:59.000258
2017-01-09,0001-01-01,100478,1304,completed,34,2021-06-15 02:48:59.000258
2017-01-09,0001-01-01,100488,1415,completed,34,2021-06-15 02:48:59.000258
2017-01-09,0001-01-01,100488,1417,completed,34,2021-06-15 02:48:59.000258
2017-01-09,0001-01-01,100488,1418,completed,34,2021-06-15 02:48:59.000258
2017-01-09,0001-01-01,100488,1420,completed,34,2021-06-15 02:48:59.000258
2017-01-09,0001-01-01,100490,1141,completed,34,2021-06-15 02:48:59.000258
2017-01-09,0001-01-01,100490,1142,completed,34,2021-06-15 02:48:59.000258
2017-01-09,0001-01-01,100490,1147,completed,34,2021-06-15 02:48:59.000258
2017-01-09,0001-01-01,100502,1411,completed,34,2021-06-15 02:48:59.000258
2017-01-09,0001-01-01,100502,1412,completed,34,2021-06-15 02:48:59.000258
2017-01-09,0001-01-01,100502,1415,completed,34,2021-06-15 02:48:59.000258
2017-01-09,0001-01-01,100522,1361,completed,34,2021-06-15 02:48:59.000258
2017-01-09,0001-01-01,100522,1364,completed,34,2021-06-15 02:48:59.000258
2017-01-09,0001-01-01,100522,1366,completed,34,2021-06-15 02:48:59.000258
2017-01-09,0001-01-01,100522,1367,completed,34,2021-06-15 02:48:59.000258
2017-01-09,0001-01-01,100522,1368,completed,34,2021-06-15 02:48:59.000258
2017-01-09,0001-01-01,100540,1312,completed,34,2021-06-15 02:48:59.000258
2017-01-09,0001-01-01,100552,1240,completed,34,2021-06-15 02:48:59.000258
2017-01-09,0001-01-01,100552,1148,completed,34,2021-06-15 02:48:59.000258
2017-01-09,0001-01-01,100555,1240,completed,34,2021-06-15 02:48:59.000258
2017-01-09,0001-01-01,100576,1270,completed,34,2021-06-15 02:48:59.000258
2017-01-09,0001-01-01,100576,1220,completed,34,2021-06-15 02:48:59.000258
2017-01-09,0001-01-01,100576,1272,completed,34,2021-06-15 02:48:59.000258
2017-01-09,0001-01-01,100576,1124,completed,34,2021-06-15 02:48:59.000258
2017-01-09,0001-01-01,100576,1129,completed,34,2021-06-15 02:48:59.000258
2017-01-09,0001-01-01,100596,1130,completed,34,2021-06-15 02:48:59.000258
2017-01-09,0001-01-01,100596,1361,completed,34,2021-06-15 02:48:59.000258
2017-01-09,0001-01-01,100599,1302,completed,34,2021-06-15 02:48:59.000258
2017-01-09,0001-01-01,100599,1304,completed,34,2021-06-15 02:48:59.000258
2017-01-09,0001-01-01,100599,1305,completed,34,2021-06-15 02:48:59.000258
2017-01-09,0001-01-01,100599,1306,completed,34,2021-06-15 02:48:59.000258
2017-01-09,0001-01-01,100599,1307,completed,34,2021-06-15 02:48:59.000258
2017-01-09,0001-01-01,100619,1125,completed,34,2021-06-15 02:48:59.000258
2017-01-09,0001-01-01,100619,1229,completed,34,2021-06-15 02:48:59.000258
2017-01-09,0001-01-01,100627,1215,completed,34,2021-06-15 02:48:59.000258
2017-01-09,0001-01-01,100627,1412,completed,34,2021-06-15 02:48:59.000258
2017-01-09,0001-01-01,100627,1413,completed,34,2021-06-15 02:48:59.000258
2017-01-09,0001-01-01,100642,1417,completed,34,2021-06-15 02:48:59.000258
2017-01-09,0001-01-01,100646,1138,completed,34,2021-06-15 02:48:59.000258
2017-01-09,0001-01-01,100646,1239,completed,34,2021-06-15 02:48:59.000258
2017-01-09,0001-01-01,100646,1142,completed,34,2021-06-15 02:48:59.000258
2017-01-09,0001-01-01,100662,1414,completed,34,2021-06-15 02:48:59.000258
2017-01-09,0001-01-01,100662,1415,completed,34,2021-06-15 02:48:59.000258
2017-01-09,0001-01-01,100662,1416,completed,34,2021-06-15 02:48:59.000258
2017-01-09,0001-01-01,100662,1417,completed,34,2021-06-15 02:48:59.000258
2017-01-09,0001-01-01,100684,1416,completed,34,2021-06-15 02:48:59.000258
2017-01-09,0001-01-01,100684,1417,completed,34,2021-06-15 02:48:59.000258
2017-01-09,0001-01-01,100684,1418,completed,34,2021-06-15 02:48:59.000258
2017-01-09,0001-01-01,100684,1420,completed,34,2021-06-15 02:48:59.000258
2017-01-09,0001-01-01,100684,1421,completed,34,2021-06-15 02:48:59.000258
2017-01-09,0001-01-01,100689,1418,completed,34,2021-06-15 02:48:59.000258
2017-01-09,0001-01-01,100689,1421,completed,34,2021-06-15 02:48:59.000258
2017-01-09,0001-01-01,100689,1422,completed,34,2021-06-15 02:48:59.000258
2017-01-09,0001-01-01,100698,1366,completed,34,2021-06-15 02:48:59.000258
2017-01-09,0001-01-01,100698,1369,completed,34,2021-06-15 02:48:59.000258
2017-01-09,0001-01-01,100698,1370,completed,34,2021-06-15 02:48:59.000258
2017-01-09,0001-01-01,100700,1415,completed,34,2021-06-15 02:48:59.000258
2017-01-09,0001-01-01,100700,1416,completed,34,2021-06-15 02:48:59.000258
2017-01-09,0001-01-01,100700,1418,completed,34,2021-06-15 02:48:59.000258
2017-01-09,0001-01-01,100701,1412,completed,34,2021-06-15 02:48:59.000258
2017-01-09,0001-01-01,100701,1413,completed,34,2021-06-15 02:48:59.000258
2017-01-09,0001-01-01,100701,1414,completed,34,2021-06-15 02:48:59.000258
2017-01-09,0001-01-01,100701,1416,completed,34,2021-06-15 02:48:59.000258
2017-01-09,0001-01-01,100701,1417,completed,34,2021-06-15 02:48:59.000258
2017-01-09,0001-01-01,100708,1412,completed,34,2021-06-15 02:48:59.000258
2017-01-09,0001-01-01,100708,1413,completed,34,2021-06-15 02:48:59.000258
2017-01-09,0001-01-01,100708,1414,completed,34,2021-06-15 02:48:59.000258
2017-01-09,0001-01-01,100713,1300,completed,34,2021-06-15 02:48:59.000258
2017-01-09,0001-01-01,100713,1301,completed,34,2021-06-15 02:48:59.000258
2017-01-09,0001-01-01,100713,1302,completed,34,2021-06-15 02:48:59.000258
2017-01-09,0001-01-01,100713,1304,completed,34,2021-06-15 02:48:59.000258
2017-01-09,0001-01-01,100716,1232,completed,34,2021-06-15 02:48:59.000258
2017-01-09,0001-01-01,100716,1137,completed,34,2021-06-15 02:48:59.000258
2017-01-09,0001-01-01,100729,1229,completed,34,2021-06-15 02:48:59.000258
2017-01-09,0001-01-01,100729,1139,completed,34,2021-06-15 02:48:59.000258
2017-01-09,0001-01-01,100729,1241,completed,34,2021-06-15 02:48:59.000258
2017-01-09,0001-01-01,100734,1411,completed,34,2021-06-15 02:48:59.000258
2017-01-09,0001-01-01,100734,1412,completed,34,2021-06-15 02:48:59.000258
2017-01-09,0001-01-01,100734,1216,completed,34,2021-06-15 02:48:59.000258
2017-01-09,0001-01-01,100734,1413,completed,34,2021-06-15 02:48:59.000258
2017-01-09,0001-01-01,100779,1129,completed,34,2021-06-15 02:48:59.000258
2017-01-09,0001-01-01,100782,1421,completed,34,2021-06-15 02:48:59.000258
2017-01-09,0001-01-01,100782,1134,completed,34,2021-06-15 02:48:59.000258
2017-01-09,0001-01-01,100785,1302,completed,34,2021-06-15 02:48:59.000258
2017-01-09,0001-01-01,100785,1304,completed,34,2021-06-15 02:48:59.000258
2017-01-09,0001-01-01,100785,1222,completed,34,2021-06-15 02:48:59.000258
2017-01-09,0001-01-01,100785,1306,completed,34,2021-06-15 02:48:59.000258
2017-01-09,0001-01-01,100788,1416,completed,34,2021-06-15 02:48:59.000258
2017-01-09,0001-01-01,100788,1417,completed,34,2021-06-15 02:48:59.000258
2017-01-09,0001-01-01,100788,1343,completed,34,2021-06-15 02:48:59.000258
2017-01-09,0001-01-01,100788,1418,completed,34,2021-06-15 02:48:59.000258
2017-01-09,0001-01-01,100788,1420,completed,34,2021-06-15 02:48:59.000258
2017-01-09,0001-01-01,100800,1355,completed,34,2021-06-15 02:48:59.000258
2017-01-09,0001-01-01,100800,1356,completed,34,2021-06-15 02:48:59.000258
2017-01-09,0001-01-01,100800,1358,completed,34,2021-06-15 02:48:59.000258
2017-01-09,0001-01-01,100806,1416,completed,34,2021-06-15 02:48:59.000258
2017-01-09,0001-01-01,100806,1417,completed,34,2021-06-15 02:48:59.000258
2017-01-09,0001-01-01,100806,1418,completed,34,2021-06-15 02:48:59.000258
2017-01-09,0001-01-01,100807,1302,completed,34,2021-06-15 02:48:59.000258
2017-01-09,0001-01-01,100807,1304,completed,34,2021-06-15 02:48:59.000258
2017-01-09,0001-01-01,100807,1305,completed,34,2021-06-15 02:48:59.000258
2017-01-09,0001-01-01,100807,1306,completed,34,2021-06-15 02:48:59.000258
2017-01-09,0001-01-01,100807,1307,completed,34,2021-06-15 02:48:59.000258
2017-01-09,0001-01-01,100810,1352,completed,34,2021-06-15 02:48:59.000258
2017-01-09,0001-01-01,100825,1353,completed,34,2021-06-15 02:48:59.000258
2017-01-09,0001-01-01,100825,1358,completed,34,2021-06-15 02:48:59.000258
2017-01-09,0001-01-01,100825,1360,completed,34,2021-06-15 02:48:59.000258
2017-01-09,0001-01-01,100825,1364,completed,34,2021-06-15 02:48:59.000258
2017-01-09,0001-01-01,100825,1365,completed,34,2021-06-15 02:48:59.000258
2017-01-09,0001-01-01,100827,1343,completed,34,2021-06-15 02:48:59.000258
2017-01-09,0001-01-01,100827,1134,completed,34,2021-06-15 02:48:59.000258
2017-01-09,0001-01-01,100829,1415,completed,34,2021-06-15 02:48:59.000258
2017-01-09,0001-01-01,100829,1416,completed,34,2021-06-15 02:48:59.000258
2017-01-09,0001-01-01,100829,1417,completed,34,2021-06-15 02:48:59.000258
2017-01-09,0001-01-01,100829,1273,completed,34,2021-06-15 02:48:59.000258
2017-01-09,0001-01-01,100845,1306,completed,34,2021-06-15 02:48:59.000258
2017-01-09,0001-01-01,100845,1307,completed,34,2021-06-15 02:48:59.000258
2017-01-09,0001-01-01,100845,1310,completed,34,2021-06-15 02:48:59.000258
2017-01-09,0001-01-01,100845,1311,completed,34,2021-06-15 02:48:59.000258
2017-01-09,0001-01-01,100847,1306,completed,34,2021-06-15 02:48:59.000258
2017-01-09,0001-01-01,100847,1307,completed,34,2021-06-15 02:48:59.000258
2017-01-09,0001-01-01,100847,1309,completed,34,2021-06-15 02:48:59.000258
2017-01-09,0001-01-01,100847,1311,completed,34,2021-06-15 02:48:59.000258
2017-01-09,0001-01-01,100851,1297,completed,34,2021-06-15 02:48:59.000258
2017-01-09,0001-01-01,100851,1299,completed,34,2021-06-15 02:48:59.000258
2017-01-09,0001-01-01,100851,1300,completed,34,2021-06-15 02:48:59.000258
2017-01-09,0001-01-01,100851,1301,completed,34,2021-06-15 02:48:59.000258
2017-01-09,0001-01-01,100851,1302,completed,34,2021-06-15 02:48:59.000258
2017-01-09,0001-01-01,100866,1305,completed,34,2021-06-15 02:48:59.000258
2017-01-09,0001-01-01,100866,1306,completed,34,2021-06-15 02:48:59.000258
2017-01-09,0001-01-01,100866,1307,completed,34,2021-06-15 02:48:59.000258
2017-01-09,0001-01-01,100866,1309,completed,34,2021-06-15 02:48:59.000258
2017-01-09,0001-01-01,100866,1310,completed,34,2021-06-15 02:48:59.000258
2017-01-09,0001-01-01,100893,1360,completed,34,2021-06-15 02:48:59.000258
2017-01-09,0001-01-01,100913,1304,completed,34,2021-06-15 02:48:59.000258
2017-01-09,0001-01-01,100913,1305,completed,34,2021-06-15 02:48:59.000258
2017-01-09,0001-01-01,100913,1306,completed,34,2021-06-15 02:48:59.000258
2017-01-09,0001-01-01,100945,1121,completed,34,2021-06-15 02:48:59.000258
2017-01-09,0001-01-01,100945,1125,completed,34,2021-06-15 02:48:59.000258
2017-01-09,0001-01-01,100945,1228,completed,34,2021-06-15 02:48:59.000258
2017-01-09,0001-01-01,100945,1131,completed,34,2021-06-15 02:48:59.000258
2017-01-09,0001-01-01,100951,1415,completed,34,2021-06-15 02:48:59.000258
2017-01-09,0001-01-01,100951,1416,completed,34,2021-06-15 02:48:59.000258
2017-01-09,0001-01-01,100951,1417,completed,34,2021-06-15 02:48:59.000258
2017-01-09,0001-01-01,100951,1418,completed,34,2021-06-15 02:48:59.000258
2017-01-09,0001-01-01,100951,1420,completed,34,2021-06-15 02:48:59.000258
2017-01-09,0001-01-01,100952,1140,completed,34,2021-06-15 02:48:59.000258
2017-01-09,0001-01-01,100956,1360,completed,34,2021-06-15 02:48:59.000258
2017-01-09,0001-01-01,100956,1364,completed,34,2021-06-15 02:48:59.000258
2017-01-09,0001-01-01,100956,1368,completed,34,2021-06-15 02:48:59.000258
2017-01-09,0001-01-01,100958,1344,completed,34,2021-06-15 02:48:59.000258
2017-01-09,0001-01-01,100958,1345,completed,34,2021-06-15 02:48:59.000258
2017-01-09,0001-01-01,100958,1354,completed,34,2021-06-15 02:48:59.000258
2017-01-09,0001-01-01,100958,1360,completed,34,2021-06-15 02:48:59.000258
2017-01-09,0001-01-01,100963,1360,completed,34,2021-06-15 02:48:59.000258
2017-01-09,0001-01-01,100963,1364,completed,34,2021-06-15 02:48:59.000258
2017-01-09,0001-01-01,100964,1299,completed,34,2021-06-15 02:48:59.000258
2017-01-09,0001-01-01,100964,1300,completed,34,2021-06-15 02:48:59.000258
2017-01-09,0001-01-01,100964,1301,completed,34,2021-06-15 02:48:59.000258
2017-01-09,0001-01-01,100964,1302,completed,34,2021-06-15 02:48:59.000258
2017-01-09,0001-01-01,100964,1304,completed,34,2021-06-15 02:48:59.000258
2017-01-09,0001-01-01,100967,1361,completed,34,2021-06-15 02:48:59.000258
2017-01-09,0001-01-01,100981,1413,completed,34,2021-06-15 02:48:59.000258
2017-01-09,0001-01-01,100981,1414,completed,34,2021-06-15 02:48:59.000258
2017-01-09,0001-01-01,100981,1415,completed,34,2021-06-15 02:48:59.000258
2017-01-09,0001-01-01,100981,1417,completed,34,2021-06-15 02:48:59.000258
2017-01-09,0001-01-01,100995,1299,completed,34,2021-06-15 02:48:59.000258
2017-01-09,0001-01-01,100995,1301,completed,34,2021-06-15 02:48:59.000258
2017-01-09,0001-01-01,100995,1302,completed,34,2021-06-15 02:48:59.000258
2017-01-09,0001-01-01,100995,1305,completed,34,2021-06-15 02:48:59.000258
2017-01-09,0001-01-01,100995,1306,completed,34,2021-06-15 02:48:59.000258
2018-08-06,0001-01-01,104019,1090,completed,37,2021-06-15 04:32:02.034690
2018-08-06,0001-01-01,104019,1091,completed,37,2021-06-15 04:32:02.034690
2018-08-06,0001-01-01,104019,1099,completed,37,2021-06-15 04:32:02.034690
2018-08-06,0001-01-01,104020,1388,completed,37,2021-06-15 04:32:02.034690
2018-08-06,0001-01-01,104020,1390,completed,37,2021-06-15 04:32:02.034690
2018-08-06,0001-01-01,104020,1402,completed,37,2021-06-15 04:32:02.034690
2018-08-06,0001-01-01,104020,1395,completed,37,2021-06-15 04:32:02.034690
2017-08-07,0001-01-01,103000,1274,completed,35,2021-06-15 03:22:32.884845
2017-08-07,0001-01-01,103000,1275,completed,35,2021-06-15 03:22:32.884845
2017-08-07,0001-01-01,103005,1092,completed,35,2021-06-15 03:22:32.884845
2017-08-07,0001-01-01,103005,1248,completed,35,2021-06-15 03:22:32.884845
2017-08-07,0001-01-01,103005,1099,completed,35,2021-06-15 03:22:32.884845
2017-08-07,0001-01-01,103005,1245,completed,35,2021-06-15 03:22:32.884845
2017-08-07,0001-01-01,103007,1314,completed,35,2021-06-15 03:22:32.884845
2017-08-07,0001-01-01,103007,1090,completed,35,2021-06-15 03:22:32.884845
2017-08-07,0001-01-01,103007,1091,completed,35,2021-06-15 03:22:32.884845
2017-08-07,0001-01-01,103007,1390,completed,35,2021-06-15 03:22:32.884845
2017-08-07,0001-01-01,103009,1090,completed,35,2021-06-15 03:22:32.884845
2017-08-07,0001-01-01,103009,1274,completed,35,2021-06-15 03:22:32.884845
2017-08-07,0001-01-01,103009,1192,completed,35,2021-06-15 03:22:32.884845
2017-08-07,0001-01-01,103009,1275,completed,35,2021-06-15 03:22:32.884845
2017-08-07,0001-01-01,103010,1090,completed,35,2021-06-15 03:22:32.884845
2017-08-07,0001-01-01,103010,1091,completed,35,2021-06-15 03:22:32.884845
2017-08-07,0001-01-01,103011,1199,completed,35,2021-06-15 03:22:32.884845
2017-08-07,0001-01-01,103011,1245,completed,35,2021-06-15 03:22:32.884845
2017-08-07,0001-01-01,103012,1388,completed,35,2021-06-15 03:22:32.884845
2017-08-07,0001-01-01,103012,1389,completed,35,2021-06-15 03:22:32.884845
2017-08-07,0001-01-01,103012,1390,completed,35,2021-06-15 03:22:32.884845
2017-08-07,0001-01-01,103012,1402,completed,35,2021-06-15 03:22:32.884845
2017-08-07,0001-01-01,103012,1395,completed,35,2021-06-15 03:22:32.884845
2017-08-07,0001-01-01,103037,1314,completed,35,2021-06-15 03:22:32.884845
2017-08-07,0001-01-01,103039,1090,completed,35,2021-06-15 03:22:32.884845
2017-08-07,0001-01-01,103039,1091,completed,35,2021-06-15 03:22:32.884845
2017-08-07,0001-01-01,103055,1092,completed,35,2021-06-15 03:22:32.884845
2017-08-07,0001-01-01,103055,1243,completed,35,2021-06-15 03:22:32.884845
2017-08-07,0001-01-01,103055,1245,completed,35,2021-06-15 03:22:32.884845
2017-08-07,0001-01-01,103066,1090,completed,35,2021-06-15 03:22:32.884845
2017-08-07,0001-01-01,103066,1091,completed,35,2021-06-15 03:22:32.884845
2017-08-07,0001-01-01,103068,1274,completed,35,2021-06-15 03:22:32.884845
2017-08-07,0001-01-01,103068,1275,completed,35,2021-06-15 03:22:32.884845
2017-08-07,0001-01-01,103070,1092,completed,35,2021-06-15 03:22:32.884845
2017-08-07,0001-01-01,103070,1193,completed,35,2021-06-15 03:22:32.884845
2017-08-07,0001-01-01,103070,1248,completed,35,2021-06-15 03:22:32.884845
2017-08-07,0001-01-01,103070,1207,completed,35,2021-06-15 03:22:32.884845
2017-08-07,0001-01-01,103087,1093,completed,35,2021-06-15 03:22:32.884845
2017-08-07,0001-01-01,103087,1248,completed,35,2021-06-15 03:22:32.884845
2017-08-07,0001-01-01,103087,1094,completed,35,2021-06-15 03:22:32.884845
2017-08-07,0001-01-01,103087,1194,completed,35,2021-06-15 03:22:32.884845
2017-08-07,0001-01-01,103097,1256,completed,35,2021-06-15 03:22:32.884845
2017-08-07,0001-01-01,103097,1322,completed,35,2021-06-15 03:22:32.884845
2017-08-07,0001-01-01,103108,1192,completed,35,2021-06-15 03:22:32.884845
2017-08-07,0001-01-01,103108,1093,completed,35,2021-06-15 03:22:32.884845
2017-08-07,0001-01-01,103108,1243,completed,35,2021-06-15 03:22:32.884845
2017-08-07,0001-01-01,103108,1248,completed,35,2021-06-15 03:22:32.884845
2017-08-07,0001-01-01,103110,1388,completed,35,2021-06-15 03:22:32.884845
2017-08-07,0001-01-01,103110,1389,completed,35,2021-06-15 03:22:32.884845
2017-08-07,0001-01-01,103110,1390,completed,35,2021-06-15 03:22:32.884845
2017-08-07,0001-01-01,103116,1390,completed,35,2021-06-15 03:22:32.884845
2017-08-07,0001-01-01,103116,1277,completed,35,2021-06-15 03:22:32.884845
2017-08-07,0001-01-01,103120,1243,completed,35,2021-06-15 03:22:32.884845
2017-08-07,0001-01-01,103120,1258,completed,35,2021-06-15 03:22:32.884845
2017-08-07,0001-01-01,103129,1090,completed,35,2021-06-15 03:22:32.884845
2017-08-07,0001-01-01,103129,1091,completed,35,2021-06-15 03:22:32.884845
2017-08-07,0001-01-01,103134,1389,completed,35,2021-06-15 03:22:32.884845
2017-08-07,0001-01-01,103134,1390,completed,35,2021-06-15 03:22:32.884845
2017-08-07,0001-01-01,103135,1274,completed,35,2021-06-15 03:22:32.884845
2017-08-07,0001-01-01,103135,1277,completed,35,2021-06-15 03:22:32.884845
2017-08-07,0001-01-01,103140,1274,completed,35,2021-06-15 03:22:32.884845
2017-08-07,0001-01-01,103140,1321,completed,35,2021-06-15 03:22:32.884845
2017-08-07,0001-01-01,103140,1281,completed,35,2021-06-15 03:22:32.884845
2017-08-07,0001-01-01,103140,1277,completed,35,2021-06-15 03:22:32.884845
2017-08-07,0001-01-01,103140,1289,completed,35,2021-06-15 03:22:32.884845
2017-08-07,0001-01-01,103148,1274,completed,35,2021-06-15 03:22:32.884845
2017-08-07,0001-01-01,103148,1281,completed,35,2021-06-15 03:22:32.884845
2017-08-07,0001-01-01,103171,1321,completed,35,2021-06-15 03:22:32.884845
2017-08-07,0001-01-01,103171,1329,completed,35,2021-06-15 03:22:32.884845
2017-08-07,0001-01-01,103191,1092,completed,35,2021-06-15 03:22:32.884845
2017-08-07,0001-01-01,103191,1242,completed,35,2021-06-15 03:22:32.884845
2017-08-07,0001-01-01,103191,1093,completed,35,2021-06-15 03:22:32.884845
2017-08-07,0001-01-01,103191,1094,completed,35,2021-06-15 03:22:32.884845
2017-08-07,0001-01-01,103202,1315,completed,35,2021-06-15 03:22:32.884845
2017-08-07,0001-01-01,103202,1316,completed,35,2021-06-15 03:22:32.884845
2017-08-07,0001-01-01,103213,1090,completed,35,2021-06-15 03:22:32.884845
2017-08-07,0001-01-01,103213,1091,completed,35,2021-06-15 03:22:32.884845
2017-08-07,0001-01-01,103227,1090,completed,35,2021-06-15 03:22:32.884845
2017-08-07,0001-01-01,103227,1091,completed,35,2021-06-15 03:22:32.884845
2017-08-07,0001-01-01,103227,1402,completed,35,2021-06-15 03:22:32.884845
2017-08-07,0001-01-01,103234,1090,completed,35,2021-06-15 03:22:32.884845
2017-08-07,0001-01-01,103234,1091,completed,35,2021-06-15 03:22:32.884845
2017-08-07,0001-01-01,103249,1314,completed,35,2021-06-15 03:22:32.884845
2017-08-07,0001-01-01,103249,1315,completed,35,2021-06-15 03:22:32.884845
2017-08-07,0001-01-01,103249,1329,completed,35,2021-06-15 03:22:32.884845
2017-08-07,0001-01-01,103257,1388,completed,35,2021-06-15 03:22:32.884845
2017-08-07,0001-01-01,103257,1389,completed,35,2021-06-15 03:22:32.884845
2017-08-07,0001-01-01,103257,1390,completed,35,2021-06-15 03:22:32.884845
2017-08-07,0001-01-01,103257,1402,completed,35,2021-06-15 03:22:32.884845
2017-08-07,0001-01-01,103257,1391,completed,35,2021-06-15 03:22:32.884845
2017-08-07,0001-01-01,103258,1090,completed,35,2021-06-15 03:22:32.884845
2017-08-07,0001-01-01,103258,1091,completed,35,2021-06-15 03:22:32.884845
2017-08-07,0001-01-01,103263,1090,completed,35,2021-06-15 03:22:32.884845
2017-08-07,0001-01-01,103263,1091,completed,35,2021-06-15 03:22:32.884845
2017-08-07,0001-01-01,103263,1281,completed,35,2021-06-15 03:22:32.884845
2017-08-07,0001-01-01,103275,1090,completed,35,2021-06-15 03:22:32.884845
2017-08-07,0001-01-01,103275,1091,completed,35,2021-06-15 03:22:32.884845
2017-08-07,0001-01-01,103275,1402,completed,35,2021-06-15 03:22:32.884845
2017-08-07,0001-01-01,103297,1090,completed,35,2021-06-15 03:22:32.884845
2017-08-07,0001-01-01,103297,1091,completed,35,2021-06-15 03:22:32.884845
2017-08-07,0001-01-01,103300,1242,completed,35,2021-06-15 03:22:32.884845
2017-08-07,0001-01-01,103300,1243,completed,35,2021-06-15 03:22:32.884845
2017-08-07,0001-01-01,103307,1274,completed,35,2021-06-15 03:22:32.884845
2017-08-07,0001-01-01,103307,1275,completed,35,2021-06-15 03:22:32.884845
2017-08-07,0001-01-01,103307,1281,completed,35,2021-06-15 03:22:32.884845
2017-08-07,0001-01-01,103339,1090,completed,35,2021-06-15 03:22:32.884845
2017-08-07,0001-01-01,103339,1091,completed,35,2021-06-15 03:22:32.884845
2017-08-07,0001-01-01,103340,1090,completed,35,2021-06-15 03:22:32.884845
2017-08-07,0001-01-01,103340,1091,completed,35,2021-06-15 03:22:32.884845
2017-08-07,0001-01-01,103359,1090,completed,35,2021-06-15 03:22:32.884845
2017-08-07,0001-01-01,103359,1274,completed,35,2021-06-15 03:22:32.884845
2017-08-07,0001-01-01,103359,1275,completed,35,2021-06-15 03:22:32.884845
2017-08-07,0001-01-01,103359,1402,completed,35,2021-06-15 03:22:32.884845
2017-08-07,0001-01-01,103367,1090,completed,35,2021-06-15 03:22:32.884845
2017-08-07,0001-01-01,103367,1091,completed,35,2021-06-15 03:22:32.884845
2017-08-07,0001-01-01,103381,1090,completed,35,2021-06-15 03:22:32.884845
2017-08-07,0001-01-01,103381,1242,completed,35,2021-06-15 03:22:32.884845
2017-08-07,0001-01-01,103381,1091,completed,35,2021-06-15 03:22:32.884845
2017-08-07,0001-01-01,103385,1314,completed,35,2021-06-15 03:22:32.884845
2017-08-07,0001-01-01,103385,1315,completed,35,2021-06-15 03:22:32.884845
2017-08-07,0001-01-01,103385,1328,completed,35,2021-06-15 03:22:32.884845
2017-08-07,0001-01-01,103400,1193,completed,35,2021-06-15 03:22:32.884845
2017-08-07,0001-01-01,103400,1094,completed,35,2021-06-15 03:22:32.884845
2017-08-07,0001-01-01,103400,1328,completed,35,2021-06-15 03:22:32.884845
2017-08-07,0001-01-01,103403,1194,completed,35,2021-06-15 03:22:32.884845
2017-08-07,0001-01-01,103403,1206,completed,35,2021-06-15 03:22:32.884845
2017-08-07,0001-01-01,103403,1101,completed,35,2021-06-15 03:22:32.884845
2017-08-07,0001-01-01,103403,1251,completed,35,2021-06-15 03:22:32.884845
2017-08-07,0001-01-01,103448,1090,completed,35,2021-06-15 03:22:32.884845
2017-08-07,0001-01-01,103448,1091,completed,35,2021-06-15 03:22:32.884845
2017-08-07,0001-01-01,103450,1315,completed,35,2021-06-15 03:22:32.884845
2017-08-07,0001-01-01,103450,1328,completed,35,2021-06-15 03:22:32.884845
2017-08-07,0001-01-01,103450,1321,completed,35,2021-06-15 03:22:32.884845
2017-08-07,0001-01-01,103468,1277,completed,35,2021-06-15 03:22:32.884845
2017-08-07,0001-01-01,103468,1290,completed,35,2021-06-15 03:22:32.884845
2017-08-07,0001-01-01,103469,1316,completed,35,2021-06-15 03:22:32.884845
2017-08-07,0001-01-01,103469,1328,completed,35,2021-06-15 03:22:32.884845
2017-08-07,0001-01-01,103469,1322,completed,35,2021-06-15 03:22:32.884845
2017-08-07,0001-01-01,103469,1318,completed,35,2021-06-15 03:22:32.884845
2017-08-07,0001-01-01,103476,1090,completed,35,2021-06-15 03:22:32.884845
2017-08-07,0001-01-01,103476,1091,completed,35,2021-06-15 03:22:32.884845
2017-08-07,0001-01-01,103496,1242,completed,35,2021-06-15 03:22:32.884845
2017-08-07,0001-01-01,103496,1094,completed,35,2021-06-15 03:22:32.884845
2017-08-07,0001-01-01,103503,1275,completed,35,2021-06-15 03:22:32.884845
2017-08-07,0001-01-01,103503,1277,completed,35,2021-06-15 03:22:32.884845
2017-08-07,0001-01-01,103503,1289,completed,35,2021-06-15 03:22:32.884845
2017-08-07,0001-01-01,103503,1282,completed,35,2021-06-15 03:22:32.884845
2017-08-07,0001-01-01,103507,1092,completed,35,2021-06-15 03:22:32.884845
2017-08-07,0001-01-01,103507,1090,completed,35,2021-06-15 03:22:32.884845
2017-08-07,0001-01-01,103507,1091,completed,35,2021-06-15 03:22:32.884845
2017-08-07,0001-01-01,103512,1274,completed,35,2021-06-15 03:22:32.884845
2017-08-07,0001-01-01,103512,1281,completed,35,2021-06-15 03:22:32.884845
2017-08-07,0001-01-01,103512,1277,completed,35,2021-06-15 03:22:32.884845
2017-08-07,0001-01-01,103512,1289,completed,35,2021-06-15 03:22:32.884845
2017-08-07,0001-01-01,103520,1389,completed,35,2021-06-15 03:22:32.884845
2017-08-07,0001-01-01,103520,1390,completed,35,2021-06-15 03:22:32.884845
2017-08-07,0001-01-01,103520,1402,completed,35,2021-06-15 03:22:32.884845
2017-08-07,0001-01-01,103527,1093,completed,35,2021-06-15 03:22:32.884845
2017-08-07,0001-01-01,103527,1248,completed,35,2021-06-15 03:22:32.884845
2017-08-07,0001-01-01,103527,1256,completed,35,2021-06-15 03:22:32.884845
2017-08-07,0001-01-01,103527,1095,completed,35,2021-06-15 03:22:32.884845
2017-08-07,0001-01-01,103535,1281,completed,35,2021-06-15 03:22:32.884845
2017-08-07,0001-01-01,103535,1289,completed,35,2021-06-15 03:22:32.884845
2017-08-07,0001-01-01,103535,1282,completed,35,2021-06-15 03:22:32.884845
2017-08-07,0001-01-01,103544,1200,completed,35,2021-06-15 03:22:32.884845
2017-08-07,0001-01-01,103544,1096,completed,35,2021-06-15 03:22:32.884845
2017-08-07,0001-01-01,103554,1090,completed,35,2021-06-15 03:22:32.884845
2017-08-07,0001-01-01,103554,1091,completed,35,2021-06-15 03:22:32.884845
2017-08-07,0001-01-01,103554,1193,completed,35,2021-06-15 03:22:32.884845
2017-08-07,0001-01-01,103554,1248,completed,35,2021-06-15 03:22:32.884845
2017-08-07,0001-01-01,103555,1090,completed,35,2021-06-15 03:22:32.884845
2017-08-07,0001-01-01,103555,1192,completed,35,2021-06-15 03:22:32.884845
2017-08-07,0001-01-01,103555,1193,completed,35,2021-06-15 03:22:32.884845
2017-08-07,0001-01-01,103555,1094,completed,35,2021-06-15 03:22:32.884845
2017-08-07,0001-01-01,103555,1206,completed,35,2021-06-15 03:22:32.884845
2017-08-07,0001-01-01,103562,1314,completed,35,2021-06-15 03:22:32.884845
2017-08-07,0001-01-01,103562,1328,completed,35,2021-06-15 03:22:32.884845
2017-08-07,0001-01-01,103596,1275,completed,35,2021-06-15 03:22:32.884845
2017-08-07,0001-01-01,103596,1395,completed,35,2021-06-15 03:22:32.884845
2017-08-07,0001-01-01,103596,1277,completed,35,2021-06-15 03:22:32.884845
2017-08-07,0001-01-01,103597,1388,completed,35,2021-06-15 03:22:32.884845
2017-08-07,0001-01-01,103597,1389,completed,35,2021-06-15 03:22:32.884845
2017-08-07,0001-01-01,103597,1390,completed,35,2021-06-15 03:22:32.884845
2017-08-07,0001-01-01,103597,1395,completed,35,2021-06-15 03:22:32.884845
2017-08-07,0001-01-01,103597,1391,completed,35,2021-06-15 03:22:32.884845
2017-08-07,0001-01-01,103601,1274,completed,35,2021-06-15 03:22:32.884845
2017-08-07,0001-01-01,103601,1275,completed,35,2021-06-15 03:22:32.884845
2017-08-07,0001-01-01,103601,1281,completed,35,2021-06-15 03:22:32.884845
2017-08-07,0001-01-01,103601,1289,completed,35,2021-06-15 03:22:32.884845
2017-08-07,0001-01-01,103621,1388,completed,35,2021-06-15 03:22:32.884845
2017-08-07,0001-01-01,103621,1389,completed,35,2021-06-15 03:22:32.884845
2017-08-07,0001-01-01,103621,1395,completed,35,2021-06-15 03:22:32.884845
2017-08-07,0001-01-01,103635,1275,completed,35,2021-06-15 03:22:32.884845
2017-08-07,0001-01-01,103635,1281,completed,35,2021-06-15 03:22:32.884845
2017-08-07,0001-01-01,103636,1314,completed,35,2021-06-15 03:22:32.884845
2017-08-07,0001-01-01,103636,1316,completed,35,2021-06-15 03:22:32.884845
2017-08-07,0001-01-01,103636,1321,completed,35,2021-06-15 03:22:32.884845
2017-08-07,0001-01-01,103646,1192,completed,35,2021-06-15 03:22:32.884845
2017-08-07,0001-01-01,103646,1093,completed,35,2021-06-15 03:22:32.884845
2017-08-07,0001-01-01,103646,1194,completed,35,2021-06-15 03:22:32.884845
2017-08-07,0001-01-01,103649,1388,completed,35,2021-06-15 03:22:32.884845
2017-08-07,0001-01-01,103649,1389,completed,35,2021-06-15 03:22:32.884845
2017-08-07,0001-01-01,103649,1390,completed,35,2021-06-15 03:22:32.884845
2017-08-07,0001-01-01,103649,1402,completed,35,2021-06-15 03:22:32.884845
2017-08-07,0001-01-01,103651,1388,completed,35,2021-06-15 03:22:32.884845
2017-08-07,0001-01-01,103651,1389,completed,35,2021-06-15 03:22:32.884845
2017-08-07,0001-01-01,103651,1390,completed,35,2021-06-15 03:22:32.884845
2017-08-07,0001-01-01,103651,1402,completed,35,2021-06-15 03:22:32.884845
2017-08-07,0001-01-01,103651,1099,completed,35,2021-06-15 03:22:32.884845
2017-08-07,0001-01-01,103657,1388,completed,35,2021-06-15 03:22:32.884845
2017-08-07,0001-01-01,103657,1390,completed,35,2021-06-15 03:22:32.884845
2017-08-07,0001-01-01,103657,1402,completed,35,2021-06-15 03:22:32.884845
2017-08-07,0001-01-01,103657,1395,completed,35,2021-06-15 03:22:32.884845
2017-08-07,0001-01-01,103665,1090,completed,35,2021-06-15 03:22:32.884845
2017-08-07,0001-01-01,103665,1388,completed,35,2021-06-15 03:22:32.884845
2017-08-07,0001-01-01,103665,1091,completed,35,2021-06-15 03:22:32.884845
2017-08-07,0001-01-01,103667,1090,completed,35,2021-06-15 03:22:32.884845
2017-08-07,0001-01-01,103667,1091,completed,35,2021-06-15 03:22:32.884845
2017-08-07,0001-01-01,103667,1277,completed,35,2021-06-15 03:22:32.884845
2017-08-07,0001-01-01,103672,1242,completed,35,2021-06-15 03:22:32.884845
2017-08-07,0001-01-01,103672,1093,completed,35,2021-06-15 03:22:32.884845
2017-08-07,0001-01-01,103681,1388,completed,35,2021-06-15 03:22:32.884845
2017-08-07,0001-01-01,103681,1242,completed,35,2021-06-15 03:22:32.884845
2017-08-07,0001-01-01,103681,1389,completed,35,2021-06-15 03:22:32.884845
2017-08-07,0001-01-01,103681,1390,completed,35,2021-06-15 03:22:32.884845
2017-08-07,0001-01-01,103685,1388,completed,35,2021-06-15 03:22:32.884845
2017-08-07,0001-01-01,103685,1091,completed,35,2021-06-15 03:22:32.884845
2017-08-07,0001-01-01,103685,1389,completed,35,2021-06-15 03:22:32.884845
2017-08-07,0001-01-01,103695,1274,completed,35,2021-06-15 03:22:32.884845
2017-08-07,0001-01-01,103695,1390,completed,35,2021-06-15 03:22:32.884845
2017-08-07,0001-01-01,103706,1090,completed,35,2021-06-15 03:22:32.884845
2017-08-07,0001-01-01,103706,1091,completed,35,2021-06-15 03:22:32.884845
2017-08-07,0001-01-01,103706,1315,completed,35,2021-06-15 03:22:32.884845
2017-08-07,0001-01-01,103720,1193,completed,35,2021-06-15 03:22:32.884845
2017-08-07,0001-01-01,103720,1194,completed,35,2021-06-15 03:22:32.884845
2017-08-07,0001-01-01,103729,1388,completed,35,2021-06-15 03:22:32.884845
2017-08-07,0001-01-01,103729,1390,completed,35,2021-06-15 03:22:32.884845
2017-08-07,0001-01-01,103729,1402,completed,35,2021-06-15 03:22:32.884845
2017-08-07,0001-01-01,103740,1274,completed,35,2021-06-15 03:22:32.884845
2017-08-07,0001-01-01,103740,1275,completed,35,2021-06-15 03:22:32.884845
2017-08-07,0001-01-01,103740,1281,completed,35,2021-06-15 03:22:32.884845
2017-08-07,0001-01-01,103740,1277,completed,35,2021-06-15 03:22:32.884845
2017-08-07,0001-01-01,103743,1281,completed,35,2021-06-15 03:22:32.884845
2017-08-07,0001-01-01,103743,1277,completed,35,2021-06-15 03:22:32.884845
2017-08-07,0001-01-01,103743,1289,completed,35,2021-06-15 03:22:32.884845
2017-08-07,0001-01-01,103743,1282,completed,35,2021-06-15 03:22:32.884845
2017-08-07,0001-01-01,103747,1388,completed,35,2021-06-15 03:22:32.884845
2017-08-07,0001-01-01,103747,1389,completed,35,2021-06-15 03:22:32.884845
2017-08-07,0001-01-01,103747,1402,completed,35,2021-06-15 03:22:32.884845
2017-08-07,0001-01-01,103761,1193,completed,35,2021-06-15 03:22:32.884845
2017-08-07,0001-01-01,103761,1256,completed,35,2021-06-15 03:22:32.884845
2017-08-07,0001-01-01,103761,1252,completed,35,2021-06-15 03:22:32.884845
2017-08-07,0001-01-01,103784,1249,completed,35,2021-06-15 03:22:32.884845
2017-08-07,0001-01-01,103784,1199,completed,35,2021-06-15 03:22:32.884845
2017-08-07,0001-01-01,103784,1107,completed,35,2021-06-15 03:22:32.884845
2017-08-07,0001-01-01,103798,1192,completed,35,2021-06-15 03:22:32.884845
2017-08-07,0001-01-01,103798,1094,completed,35,2021-06-15 03:22:32.884845
2017-08-07,0001-01-01,103798,1256,completed,35,2021-06-15 03:22:32.884845
2017-08-07,0001-01-01,103798,1245,completed,35,2021-06-15 03:22:32.884845
2017-08-07,0001-01-01,103799,1090,completed,35,2021-06-15 03:22:32.884845
2017-08-07,0001-01-01,103799,1091,completed,35,2021-06-15 03:22:32.884845
2017-08-07,0001-01-01,103812,1092,completed,35,2021-06-15 03:22:32.884845
2017-08-07,0001-01-01,103812,1192,completed,35,2021-06-15 03:22:32.884845
2017-08-07,0001-01-01,103812,1243,completed,35,2021-06-15 03:22:32.884845
2017-08-07,0001-01-01,103818,1314,completed,35,2021-06-15 03:22:32.884845
2017-08-07,0001-01-01,103818,1328,completed,35,2021-06-15 03:22:32.884845
2017-08-07,0001-01-01,103828,1314,completed,35,2021-06-15 03:22:32.884845
2017-08-07,0001-01-01,103828,1328,completed,35,2021-06-15 03:22:32.884845
2017-08-07,0001-01-01,103836,1315,completed,35,2021-06-15 03:22:32.884845
2017-08-07,0001-01-01,103836,1328,completed,35,2021-06-15 03:22:32.884845
2017-08-07,0001-01-01,103847,1094,completed,35,2021-06-15 03:22:32.884845
2017-08-07,0001-01-01,103847,1096,completed,35,2021-06-15 03:22:32.884845
2017-08-07,0001-01-01,103852,1314,completed,35,2021-06-15 03:22:32.884845
2017-08-07,0001-01-01,103852,1316,completed,35,2021-06-15 03:22:32.884845
2017-08-07,0001-01-01,103856,1314,completed,35,2021-06-15 03:22:32.884845
2017-08-07,0001-01-01,103856,1316,completed,35,2021-06-15 03:22:32.884845
2017-08-07,0001-01-01,103857,1389,completed,35,2021-06-15 03:22:32.884845
2017-08-07,0001-01-01,103857,1390,completed,35,2021-06-15 03:22:32.884845
2017-08-07,0001-01-01,103857,1402,completed,35,2021-06-15 03:22:32.884845
2017-08-07,0001-01-01,103863,1390,completed,35,2021-06-15 03:22:32.884845
2017-08-07,0001-01-01,103863,1395,completed,35,2021-06-15 03:22:32.884845
2017-08-07,0001-01-01,103863,1403,completed,35,2021-06-15 03:22:32.884845
2017-08-07,0001-01-01,103891,1090,completed,35,2021-06-15 03:22:32.884845
2017-08-07,0001-01-01,103891,1091,completed,35,2021-06-15 03:22:32.884845
2017-08-07,0001-01-01,103891,1094,completed,35,2021-06-15 03:22:32.884845
2017-08-07,0001-01-01,103904,1090,completed,35,2021-06-15 03:22:32.884845
2017-08-07,0001-01-01,103904,1091,completed,35,2021-06-15 03:22:32.884845
2017-08-07,0001-01-01,103904,1094,completed,35,2021-06-15 03:22:32.884845
2017-08-07,0001-01-01,103924,1274,completed,35,2021-06-15 03:22:32.884845
2017-08-07,0001-01-01,103924,1275,completed,35,2021-06-15 03:22:32.884845
2017-08-07,0001-01-01,103924,1289,completed,35,2021-06-15 03:22:32.884845
2017-08-07,0001-01-01,103924,1282,completed,35,2021-06-15 03:22:32.884845
2017-08-07,0001-01-01,103928,1321,completed,35,2021-06-15 03:22:32.884845
2017-08-07,0001-01-01,103928,1206,completed,35,2021-06-15 03:22:32.884845
2017-08-07,0001-01-01,103929,1094,completed,35,2021-06-15 03:22:32.884845
2017-08-07,0001-01-01,103929,1099,completed,35,2021-06-15 03:22:32.884845
2017-08-07,0001-01-01,103939,1242,completed,35,2021-06-15 03:22:32.884845
2017-08-07,0001-01-01,103939,1193,completed,35,2021-06-15 03:22:32.884845
2017-08-07,0001-01-01,103939,1206,completed,35,2021-06-15 03:22:32.884845
2017-08-07,0001-01-01,103942,1092,completed,35,2021-06-15 03:22:32.884845
2017-08-07,0001-01-01,103942,1274,completed,35,2021-06-15 03:22:32.884845
2017-08-07,0001-01-01,103942,1242,completed,35,2021-06-15 03:22:32.884845
2017-08-07,0001-01-01,103942,1200,completed,35,2021-06-15 03:22:32.884845
2017-08-07,0001-01-01,103943,1092,completed,35,2021-06-15 03:22:32.884845
2017-08-07,0001-01-01,103948,1316,completed,35,2021-06-15 03:22:32.884845
2017-08-07,0001-01-01,103952,1388,completed,35,2021-06-15 03:22:32.884845
2017-08-07,0001-01-01,103952,1389,completed,35,2021-06-15 03:22:32.884845
2017-08-07,0001-01-01,103952,1390,completed,35,2021-06-15 03:22:32.884845
2017-08-07,0001-01-01,103952,1328,completed,35,2021-06-15 03:22:32.884845
2017-08-07,0001-01-01,103955,1274,completed,35,2021-06-15 03:22:32.884845
2017-08-07,0001-01-01,103955,1092,completed,35,2021-06-15 03:22:32.884845
2017-08-07,0001-01-01,103955,1275,completed,35,2021-06-15 03:22:32.884845
2017-08-07,0001-01-01,103955,1281,completed,35,2021-06-15 03:22:32.884845
2017-08-07,0001-01-01,103975,1389,completed,35,2021-06-15 03:22:32.884845
2017-08-07,0001-01-01,103975,1390,completed,35,2021-06-15 03:22:32.884845
2017-08-07,0001-01-01,103975,1402,completed,35,2021-06-15 03:22:32.884845
2017-08-07,0001-01-01,103975,1395,completed,35,2021-06-15 03:22:32.884845
2017-08-07,0001-01-01,103980,1242,completed,35,2021-06-15 03:22:32.884845
2017-08-07,0001-01-01,103980,1256,completed,35,2021-06-15 03:22:32.884845
2017-08-07,0001-01-01,103989,1315,completed,35,2021-06-15 03:22:32.884845
2017-08-07,0001-01-01,103989,1390,completed,35,2021-06-15 03:22:32.884845
2017-08-07,0001-01-01,103989,1328,completed,35,2021-06-15 03:22:32.884845
2017-08-07,0001-01-01,103989,1329,completed,35,2021-06-15 03:22:32.884845
2017-08-07,0001-01-01,103989,1322,completed,35,2021-06-15 03:22:32.884845
2017-08-07,0001-01-01,103990,1389,completed,35,2021-06-15 03:22:32.884845
2017-08-07,0001-01-01,103990,1390,completed,35,2021-06-15 03:22:32.884845
2017-08-07,0001-01-01,103990,1328,completed,35,2021-06-15 03:22:32.884845
2017-08-07,0001-01-01,103990,1402,completed,35,2021-06-15 03:22:32.884845
2017-08-07,0001-01-01,102000,1103,completed,35,2021-06-15 03:22:32.884845
2017-08-07,0001-01-01,102000,1204,completed,35,2021-06-15 03:22:32.884845
2017-08-07,0001-01-01,102000,1262,completed,35,2021-06-15 03:22:32.884845
2017-08-07,0001-01-01,102003,1336,completed,35,2021-06-15 03:22:32.884845
2017-08-07,0001-01-01,102003,1339,completed,35,2021-06-15 03:22:32.884845
2017-08-07,0001-01-01,102003,1414,completed,35,2021-06-15 03:22:32.884845
2017-08-07,0001-01-01,102012,1284,completed,35,2021-06-15 03:22:32.884845
2017-08-07,0001-01-01,102012,1292,completed,35,2021-06-15 03:22:32.884845
2017-08-07,0001-01-01,102013,1205,completed,35,2021-06-15 03:22:32.884845
2017-08-07,0001-01-01,102013,1263,completed,35,2021-06-15 03:22:32.884845
2017-08-07,0001-01-01,102013,1213,completed,35,2021-06-15 03:22:32.884845
2017-08-07,0001-01-01,102013,1267,completed,35,2021-06-15 03:22:32.884845
2017-08-07,0001-01-01,102018,1393,completed,35,2021-06-15 03:22:32.884845
2017-08-07,0001-01-01,102018,1398,completed,35,2021-06-15 03:22:32.884845
2017-08-07,0001-01-01,102018,1394,completed,35,2021-06-15 03:22:32.884845
2017-08-07,0001-01-01,102018,1406,completed,35,2021-06-15 03:22:32.884845
2017-08-07,0001-01-01,102018,1399,completed,35,2021-06-15 03:22:32.884845
2017-08-07,0001-01-01,102031,1246,completed,35,2021-06-15 03:22:32.884845
2017-08-07,0001-01-01,102031,1331,completed,35,2021-06-15 03:22:32.884845
2017-08-07,0001-01-01,102068,1291,completed,35,2021-06-15 03:22:32.884845
2017-08-07,0001-01-01,102068,1280,completed,35,2021-06-15 03:22:32.884845
2017-08-07,0001-01-01,102068,1292,completed,35,2021-06-15 03:22:32.884845
2017-08-07,0001-01-01,102068,1285,completed,35,2021-06-15 03:22:32.884845
2017-08-07,0001-01-01,102068,1293,completed,35,2021-06-15 03:22:32.884845
2017-08-07,0001-01-01,102070,1326,completed,35,2021-06-15 03:22:32.884845
2017-08-07,0001-01-01,102070,1334,completed,35,2021-06-15 03:22:32.884845
2017-08-07,0001-01-01,102070,1327,completed,35,2021-06-15 03:22:32.884845
2017-08-07,0001-01-01,102070,1341,completed,35,2021-06-15 03:22:32.884845
2017-08-07,0001-01-01,102098,1405,completed,35,2021-06-15 03:22:32.884845
2017-08-07,0001-01-01,102098,1398,completed,35,2021-06-15 03:22:32.884845
2017-08-07,0001-01-01,102098,1394,completed,35,2021-06-15 03:22:32.884845
2017-08-07,0001-01-01,102098,1406,completed,35,2021-06-15 03:22:32.884845
2017-08-07,0001-01-01,102098,1399,completed,35,2021-06-15 03:22:32.884845
2017-08-07,0001-01-01,102109,1279,completed,35,2021-06-15 03:22:32.884845
2017-08-07,0001-01-01,102109,1284,completed,35,2021-06-15 03:22:32.884845
2017-08-07,0001-01-01,102120,1258,completed,35,2021-06-15 03:22:32.884845
2017-08-07,0001-01-01,102120,1247,completed,35,2021-06-15 03:22:32.884845
2017-08-07,0001-01-01,102120,1103,completed,35,2021-06-15 03:22:32.884845
2017-08-07,0001-01-01,102120,1215,completed,35,2021-06-15 03:22:32.884845
2017-08-07,0001-01-01,102126,1280,completed,35,2021-06-15 03:22:32.884845
2017-08-07,0001-01-01,102126,1292,completed,35,2021-06-15 03:22:32.884845
2017-08-07,0001-01-01,102126,1285,completed,35,2021-06-15 03:22:32.884845
2017-08-07,0001-01-01,102126,1286,completed,35,2021-06-15 03:22:32.884845
2017-08-07,0001-01-01,102130,1399,completed,35,2021-06-15 03:22:32.884845
2017-08-07,0001-01-01,102130,1407,completed,35,2021-06-15 03:22:32.884845
2017-08-07,0001-01-01,102137,1398,completed,35,2021-06-15 03:22:32.884845
2017-08-07,0001-01-01,102137,1394,completed,35,2021-06-15 03:22:32.884845
2017-08-07,0001-01-01,102137,1399,completed,35,2021-06-15 03:22:32.884845
2017-08-07,0001-01-01,102137,1407,completed,35,2021-06-15 03:22:32.884845
2017-08-07,0001-01-01,102138,1254,completed,35,2021-06-15 03:22:32.884845
2017-08-07,0001-01-01,102138,1262,completed,35,2021-06-15 03:22:32.884845
2017-08-07,0001-01-01,102138,1205,completed,35,2021-06-15 03:22:32.884845
2017-08-07,0001-01-01,102138,1213,completed,35,2021-06-15 03:22:32.884845
2017-08-07,0001-01-01,102138,1214,completed,35,2021-06-15 03:22:32.884845
2017-08-07,0001-01-01,102139,1204,completed,35,2021-06-15 03:22:32.884845
2017-08-07,0001-01-01,102141,1398,completed,35,2021-06-15 03:22:32.884845
2017-08-07,0001-01-01,102141,1406,completed,35,2021-06-15 03:22:32.884845
2017-08-07,0001-01-01,102141,1399,completed,35,2021-06-15 03:22:32.884845
2017-08-07,0001-01-01,102141,1407,completed,35,2021-06-15 03:22:32.884845
2017-08-07,0001-01-01,102164,1213,completed,35,2021-06-15 03:22:32.884845
2017-08-07,0001-01-01,102164,1337,completed,35,2021-06-15 03:22:32.884845
2017-08-07,0001-01-01,102164,1219,completed,35,2021-06-15 03:22:32.884845
2017-08-07,0001-01-01,102164,1123,completed,35,2021-06-15 03:22:32.884845
2017-08-07,0001-01-01,102164,1224,completed,35,2021-06-15 03:22:32.884845
2017-08-07,0001-01-01,102185,1404,completed,35,2021-06-15 03:22:32.884845
2017-08-07,0001-01-01,102185,1393,completed,35,2021-06-15 03:22:32.884845
2017-08-07,0001-01-01,102185,1398,completed,35,2021-06-15 03:22:32.884845
2017-08-07,0001-01-01,102185,1394,completed,35,2021-06-15 03:22:32.884845
2017-08-07,0001-01-01,102213,1324,completed,35,2021-06-15 03:22:32.884845
2017-08-07,0001-01-01,102213,1325,completed,35,2021-06-15 03:22:32.884845
2017-08-07,0001-01-01,102213,1334,completed,35,2021-06-15 03:22:32.884845
2017-08-07,0001-01-01,102225,1260,completed,35,2021-06-15 03:22:32.884845
2017-08-07,0001-01-01,102225,1253,completed,35,2021-06-15 03:22:32.884845
2017-08-07,0001-01-01,102225,1211,completed,35,2021-06-15 03:22:32.884845
2017-08-07,0001-01-01,102230,1279,completed,35,2021-06-15 03:22:32.884845
2017-08-07,0001-01-01,102230,1284,completed,35,2021-06-15 03:22:32.884845
2017-08-07,0001-01-01,102230,1280,completed,35,2021-06-15 03:22:32.884845
2017-08-07,0001-01-01,102230,1292,completed,35,2021-06-15 03:22:32.884845
2017-08-07,0001-01-01,102233,1284,completed,35,2021-06-15 03:22:32.884845
2017-08-07,0001-01-01,102256,1396,completed,35,2021-06-15 03:22:32.884845
2017-08-07,0001-01-01,102256,1392,completed,35,2021-06-15 03:22:32.884845
2017-08-07,0001-01-01,102256,1393,completed,35,2021-06-15 03:22:32.884845
2017-08-07,0001-01-01,102256,1398,completed,35,2021-06-15 03:22:32.884845
2017-08-07,0001-01-01,102256,1394,completed,35,2021-06-15 03:22:32.884845
2017-08-07,0001-01-01,102273,1254,completed,35,2021-06-15 03:22:32.884845
2017-08-07,0001-01-01,102273,1204,completed,35,2021-06-15 03:22:32.884845
2017-08-07,0001-01-01,102278,1203,completed,35,2021-06-15 03:22:32.884845
2017-08-07,0001-01-01,102278,1297,completed,35,2021-06-15 03:22:32.884845
2017-08-07,0001-01-01,102278,1265,completed,35,2021-06-15 03:22:32.884845
2017-08-07,0001-01-01,102285,1291,completed,35,2021-06-15 03:22:32.884845
2017-08-07,0001-01-01,102285,1405,completed,35,2021-06-15 03:22:32.884845
2017-08-07,0001-01-01,102285,1284,completed,35,2021-06-15 03:22:32.884845
2017-08-07,0001-01-01,102285,1292,completed,35,2021-06-15 03:22:32.884845
2017-08-07,0001-01-01,102316,1284,completed,35,2021-06-15 03:22:32.884845
2017-08-07,0001-01-01,102316,1280,completed,35,2021-06-15 03:22:32.884845
2017-08-07,0001-01-01,102316,1292,completed,35,2021-06-15 03:22:32.884845
2017-08-07,0001-01-01,102316,1285,completed,35,2021-06-15 03:22:32.884845
2017-08-07,0001-01-01,102316,1293,completed,35,2021-06-15 03:22:32.884845
2017-08-07,0001-01-01,102318,1201,completed,35,2021-06-15 03:22:32.884845
2017-08-07,0001-01-01,102318,1279,completed,35,2021-06-15 03:22:32.884845
2017-08-07,0001-01-01,102318,1280,completed,35,2021-06-15 03:22:32.884845
2017-08-07,0001-01-01,102320,1394,completed,35,2021-06-15 03:22:32.884845
2017-08-07,0001-01-01,102320,1280,completed,35,2021-06-15 03:22:32.884845
2017-08-07,0001-01-01,102320,1292,completed,35,2021-06-15 03:22:32.884845
2017-08-07,0001-01-01,102363,1327,completed,35,2021-06-15 03:22:32.884845
2017-08-07,0001-01-01,102363,1296,completed,35,2021-06-15 03:22:32.884845
2017-08-07,0001-01-01,102363,1214,completed,35,2021-06-15 03:22:32.884845
2017-08-07,0001-01-01,102365,1291,completed,35,2021-06-15 03:22:32.884845
2017-08-07,0001-01-01,102365,1284,completed,35,2021-06-15 03:22:32.884845
2017-08-07,0001-01-01,102365,1280,completed,35,2021-06-15 03:22:32.884845
2017-08-07,0001-01-01,102365,1292,completed,35,2021-06-15 03:22:32.884845
2017-08-07,0001-01-01,102368,1396,completed,35,2021-06-15 03:22:32.884845
2017-08-07,0001-01-01,102368,1393,completed,35,2021-06-15 03:22:32.884845
2017-08-07,0001-01-01,102368,1394,completed,35,2021-06-15 03:22:32.884845
2017-08-07,0001-01-01,102368,1406,completed,35,2021-06-15 03:22:32.884845
2017-08-07,0001-01-01,102369,1399,completed,35,2021-06-15 03:22:32.884845
2017-08-07,0001-01-01,102390,1404,completed,35,2021-06-15 03:22:32.884845
2017-08-07,0001-01-01,102390,1393,completed,35,2021-06-15 03:22:32.884845
2017-08-07,0001-01-01,102392,1331,completed,35,2021-06-15 03:22:32.884845
2017-08-07,0001-01-01,102392,1325,completed,35,2021-06-15 03:22:32.884845
2017-08-07,0001-01-01,102392,1333,completed,35,2021-06-15 03:22:32.884845
2017-08-07,0001-01-01,102392,1334,completed,35,2021-06-15 03:22:32.884845
2017-08-07,0001-01-01,102396,1332,completed,35,2021-06-15 03:22:32.884845
2017-08-07,0001-01-01,102396,1333,completed,35,2021-06-15 03:22:32.884845
2017-08-07,0001-01-01,102396,1334,completed,35,2021-06-15 03:22:32.884845
2017-08-07,0001-01-01,102396,1205,completed,35,2021-06-15 03:22:32.884845
2017-08-07,0001-01-01,102399,1215,completed,35,2021-06-15 03:22:32.884845
2017-08-07,0001-01-01,102399,1116,completed,35,2021-06-15 03:22:32.884845
2017-08-07,0001-01-01,102399,1120,completed,35,2021-06-15 03:22:32.884845
2017-08-07,0001-01-01,102399,1270,completed,35,2021-06-15 03:22:32.884845
2017-08-07,0001-01-01,102415,1396,completed,35,2021-06-15 03:22:32.884845
2017-08-07,0001-01-01,102415,1392,completed,35,2021-06-15 03:22:32.884845
2017-08-07,0001-01-01,102415,1393,completed,35,2021-06-15 03:22:32.884845
2017-08-07,0001-01-01,102443,1291,completed,35,2021-06-15 03:22:32.884845
2017-08-07,0001-01-01,102443,1284,completed,35,2021-06-15 03:22:32.884845
2017-08-07,0001-01-01,102443,1292,completed,35,2021-06-15 03:22:32.884845
2017-08-07,0001-01-01,102449,1333,completed,35,2021-06-15 03:22:32.884845
2017-08-07,0001-01-01,102449,1326,completed,35,2021-06-15 03:22:32.884845
2017-08-07,0001-01-01,102449,1341,completed,35,2021-06-15 03:22:32.884845
2017-08-07,0001-01-01,102452,1392,completed,35,2021-06-15 03:22:32.884845
2017-08-07,0001-01-01,102452,1393,completed,35,2021-06-15 03:22:32.884845
2017-08-07,0001-01-01,102452,1405,completed,35,2021-06-15 03:22:32.884845
2017-08-07,0001-01-01,102452,1398,completed,35,2021-06-15 03:22:32.884845
2017-08-07,0001-01-01,102454,1396,completed,35,2021-06-15 03:22:32.884845
2017-08-07,0001-01-01,102454,1392,completed,35,2021-06-15 03:22:32.884845
2017-08-07,0001-01-01,102454,1404,completed,35,2021-06-15 03:22:32.884845
2017-08-07,0001-01-01,102461,1201,completed,35,2021-06-15 03:22:32.884845
2017-08-07,0001-01-01,102461,1261,completed,35,2021-06-15 03:22:32.884845
2017-08-07,0001-01-01,102461,1212,completed,35,2021-06-15 03:22:32.884845
2017-08-07,0001-01-01,102464,1404,completed,35,2021-06-15 03:22:32.884845
2017-08-07,0001-01-01,102464,1393,completed,35,2021-06-15 03:22:32.884845
2017-08-07,0001-01-01,102464,1405,completed,35,2021-06-15 03:22:32.884845
2017-08-07,0001-01-01,102464,1394,completed,35,2021-06-15 03:22:32.884845
2017-08-07,0001-01-01,102465,1323,completed,35,2021-06-15 03:22:32.884845
2017-08-07,0001-01-01,102465,1101,completed,35,2021-06-15 03:22:32.884845
2017-08-07,0001-01-01,102465,1331,completed,35,2021-06-15 03:22:32.884845
2017-08-07,0001-01-01,102465,1324,completed,35,2021-06-15 03:22:32.884845
2017-08-07,0001-01-01,102475,1291,completed,35,2021-06-15 03:22:32.884845
2017-08-07,0001-01-01,102475,1284,completed,35,2021-06-15 03:22:32.884845
2017-08-07,0001-01-01,102475,1292,completed,35,2021-06-15 03:22:32.884845
2017-08-07,0001-01-01,102475,1285,completed,35,2021-06-15 03:22:32.884845
2017-08-07,0001-01-01,102480,1325,completed,35,2021-06-15 03:22:32.884845
2017-08-07,0001-01-01,102480,1326,completed,35,2021-06-15 03:22:32.884845
2017-08-07,0001-01-01,102480,1334,completed,35,2021-06-15 03:22:32.884845
2017-08-07,0001-01-01,102480,1327,completed,35,2021-06-15 03:22:32.884845
2017-08-07,0001-01-01,102505,1262,completed,35,2021-06-15 03:22:32.884845
2017-08-07,0001-01-01,102505,1410,completed,35,2021-06-15 03:22:32.884845
2017-08-07,0001-01-01,102505,1214,completed,35,2021-06-15 03:22:32.884845
2017-08-07,0001-01-01,102515,1404,completed,35,2021-06-15 03:22:32.884845
2017-08-07,0001-01-01,102515,1393,completed,35,2021-06-15 03:22:32.884845
2017-08-07,0001-01-01,102515,1405,completed,35,2021-06-15 03:22:32.884845
2017-08-07,0001-01-01,102521,1290,completed,35,2021-06-15 03:22:32.884845
2017-08-07,0001-01-01,102521,1101,completed,35,2021-06-15 03:22:32.884845
2017-08-07,0001-01-01,102521,1283,completed,35,2021-06-15 03:22:32.884845
2017-08-07,0001-01-01,102521,1291,completed,35,2021-06-15 03:22:32.884845
2017-08-07,0001-01-01,102522,1204,completed,35,2021-06-15 03:22:32.884845
2017-08-07,0001-01-01,102522,1294,completed,35,2021-06-15 03:22:32.884845
2017-08-07,0001-01-01,102522,1212,completed,35,2021-06-15 03:22:32.884845
2017-08-07,0001-01-01,102522,1255,completed,35,2021-06-15 03:22:32.884845
2017-08-07,0001-01-01,102522,1113,completed,35,2021-06-15 03:22:32.884845
2017-08-07,0001-01-01,102536,1332,completed,35,2021-06-15 03:22:32.884845
2017-08-07,0001-01-01,102536,1325,completed,35,2021-06-15 03:22:32.884845
2017-08-07,0001-01-01,102536,1326,completed,35,2021-06-15 03:22:32.884845
2017-08-07,0001-01-01,102536,1327,completed,35,2021-06-15 03:22:32.884845
2017-08-07,0001-01-01,102588,1201,completed,35,2021-06-15 03:22:32.884845
2017-08-07,0001-01-01,102588,1103,completed,35,2021-06-15 03:22:32.884845
2017-08-07,0001-01-01,102595,1331,completed,35,2021-06-15 03:22:32.884845
2017-08-07,0001-01-01,102595,1320,completed,35,2021-06-15 03:22:32.884845
2017-08-07,0001-01-01,102595,1325,completed,35,2021-06-15 03:22:32.884845
2017-08-07,0001-01-01,102595,1326,completed,35,2021-06-15 03:22:32.884845
2017-08-07,0001-01-01,102595,1334,completed,35,2021-06-15 03:22:32.884845
2017-08-07,0001-01-01,102603,1398,completed,35,2021-06-15 03:22:32.884845
2017-08-07,0001-01-01,102603,1394,completed,35,2021-06-15 03:22:32.884845
2017-08-07,0001-01-01,102603,1406,completed,35,2021-06-15 03:22:32.884845
2017-08-07,0001-01-01,102603,1407,completed,35,2021-06-15 03:22:32.884845
2017-08-07,0001-01-01,102603,1400,completed,35,2021-06-15 03:22:32.884845
2017-08-07,0001-01-01,102604,1284,completed,35,2021-06-15 03:22:32.884845
2017-08-07,0001-01-01,102604,1292,completed,35,2021-06-15 03:22:32.884845
2017-08-07,0001-01-01,102604,1285,completed,35,2021-06-15 03:22:32.884845
2017-08-07,0001-01-01,102604,1293,completed,35,2021-06-15 03:22:32.884845
2017-08-07,0001-01-01,102604,1286,completed,35,2021-06-15 03:22:32.884845
2017-08-07,0001-01-01,102607,1196,completed,35,2021-06-15 03:22:32.884845
2017-08-07,0001-01-01,102607,1247,completed,35,2021-06-15 03:22:32.884845
2017-08-07,0001-01-01,102607,1210,completed,35,2021-06-15 03:22:32.884845
2017-08-07,0001-01-01,102610,1292,completed,35,2021-06-15 03:22:32.884845
2017-08-07,0001-01-01,102610,1293,completed,35,2021-06-15 03:22:32.884845
2017-08-07,0001-01-01,102610,1286,completed,35,2021-06-15 03:22:32.884845
2017-08-07,0001-01-01,102610,1294,completed,35,2021-06-15 03:22:32.884845
2017-08-07,0001-01-01,102621,1284,completed,35,2021-06-15 03:22:32.884845
2017-08-07,0001-01-01,102621,1280,completed,35,2021-06-15 03:22:32.884845
2017-08-07,0001-01-01,102621,1292,completed,35,2021-06-15 03:22:32.884845
2017-08-07,0001-01-01,102623,1260,completed,35,2021-06-15 03:22:32.884845
2017-08-07,0001-01-01,102623,1213,completed,35,2021-06-15 03:22:32.884845
2017-08-07,0001-01-01,102623,1216,completed,35,2021-06-15 03:22:32.884845
2017-08-07,0001-01-01,102624,1103,completed,35,2021-06-15 03:22:32.884845
2017-08-07,0001-01-01,102624,1211,completed,35,2021-06-15 03:22:32.884845
2017-08-07,0001-01-01,102624,1205,completed,35,2021-06-15 03:22:32.884845
2017-08-07,0001-01-01,102624,1113,completed,35,2021-06-15 03:22:32.884845
2017-08-07,0001-01-01,102636,1258,completed,35,2021-06-15 03:22:32.884845
2017-08-07,0001-01-01,102636,1319,completed,35,2021-06-15 03:22:32.884845
2017-08-07,0001-01-01,102636,1331,completed,35,2021-06-15 03:22:32.884845
2017-08-07,0001-01-01,102648,1102,completed,35,2021-06-15 03:22:32.884845
2017-08-07,0001-01-01,102648,1259,completed,35,2021-06-15 03:22:32.884845
2017-08-07,0001-01-01,102648,1252,completed,35,2021-06-15 03:22:32.884845
2017-08-07,0001-01-01,102648,1202,completed,35,2021-06-15 03:22:32.884845
2017-08-07,0001-01-01,102650,1404,completed,35,2021-06-15 03:22:32.884845
2017-08-07,0001-01-01,102650,1393,completed,35,2021-06-15 03:22:32.884845
2017-08-07,0001-01-01,102650,1405,completed,35,2021-06-15 03:22:32.884845
2017-08-07,0001-01-01,102650,1398,completed,35,2021-06-15 03:22:32.884845
2017-08-07,0001-01-01,102650,1394,completed,35,2021-06-15 03:22:32.884845
2017-08-07,0001-01-01,102657,1403,completed,35,2021-06-15 03:22:32.884845
2017-08-07,0001-01-01,102657,1396,completed,35,2021-06-15 03:22:32.884845
2017-08-07,0001-01-01,102657,1393,completed,35,2021-06-15 03:22:32.884845
2017-08-07,0001-01-01,102663,1279,completed,35,2021-06-15 03:22:32.884845
2017-08-07,0001-01-01,102663,1284,completed,35,2021-06-15 03:22:32.884845
2017-08-07,0001-01-01,102663,1102,completed,35,2021-06-15 03:22:32.884845
2017-08-07,0001-01-01,102663,1280,completed,35,2021-06-15 03:22:32.884845
2017-08-07,0001-01-01,102663,1292,completed,35,2021-06-15 03:22:32.884845
2017-08-07,0001-01-01,102665,1404,completed,35,2021-06-15 03:22:32.884845
2017-08-07,0001-01-01,102665,1393,completed,35,2021-06-15 03:22:32.884845
2017-08-07,0001-01-01,102665,1405,completed,35,2021-06-15 03:22:32.884845
2017-08-07,0001-01-01,102665,1398,completed,35,2021-06-15 03:22:32.884845
2017-08-07,0001-01-01,102716,1393,completed,35,2021-06-15 03:22:32.884845
2017-08-07,0001-01-01,102716,1405,completed,35,2021-06-15 03:22:32.884845
2017-08-07,0001-01-01,102716,1406,completed,35,2021-06-15 03:22:32.884845
2017-08-07,0001-01-01,102719,1290,completed,35,2021-06-15 03:22:32.884845
2017-08-07,0001-01-01,102719,1279,completed,35,2021-06-15 03:22:32.884845
2017-08-07,0001-01-01,102719,1291,completed,35,2021-06-15 03:22:32.884845
2017-08-07,0001-01-01,102719,1284,completed,35,2021-06-15 03:22:32.884845
2017-08-07,0001-01-01,102719,1285,completed,35,2021-06-15 03:22:32.884845
2017-08-07,0001-01-01,102725,1333,completed,35,2021-06-15 03:22:32.884845
2017-08-07,0001-01-01,102725,1334,completed,35,2021-06-15 03:22:32.884845
2017-08-07,0001-01-01,102726,1201,completed,35,2021-06-15 03:22:32.884845
2017-08-07,0001-01-01,102726,1279,completed,35,2021-06-15 03:22:32.884845
2017-08-07,0001-01-01,102726,1291,completed,35,2021-06-15 03:22:32.884845
2017-08-07,0001-01-01,102726,1284,completed,35,2021-06-15 03:22:32.884845
2017-08-07,0001-01-01,102739,1286,completed,35,2021-06-15 03:22:32.884845
2017-08-07,0001-01-01,102739,1327,completed,35,2021-06-15 03:22:32.884845
2017-08-07,0001-01-01,102745,1259,completed,35,2021-06-15 03:22:32.884845
2017-08-07,0001-01-01,102745,1098,completed,35,2021-06-15 03:22:32.884845
2017-08-07,0001-01-01,102745,1210,completed,35,2021-06-15 03:22:32.884845
2017-08-07,0001-01-01,102748,1332,completed,35,2021-06-15 03:22:32.884845
2017-08-07,0001-01-01,102748,1103,completed,35,2021-06-15 03:22:32.884845
2017-08-07,0001-01-01,102748,1210,completed,35,2021-06-15 03:22:32.884845
2017-08-07,0001-01-01,102753,1393,completed,35,2021-06-15 03:22:32.884845
2017-08-07,0001-01-01,102753,1406,completed,35,2021-06-15 03:22:32.884845
2017-08-07,0001-01-01,102753,1399,completed,35,2021-06-15 03:22:32.884845
2017-08-07,0001-01-01,102753,1407,completed,35,2021-06-15 03:22:32.884845
2017-08-07,0001-01-01,102753,1400,completed,35,2021-06-15 03:22:32.884845
2017-08-07,0001-01-01,102755,1292,completed,35,2021-06-15 03:22:32.884845
2017-08-07,0001-01-01,102755,1285,completed,35,2021-06-15 03:22:32.884845
2017-08-07,0001-01-01,102755,1293,completed,35,2021-06-15 03:22:32.884845
2017-08-07,0001-01-01,102769,1405,completed,35,2021-06-15 03:22:32.884845
2017-08-07,0001-01-01,102769,1398,completed,35,2021-06-15 03:22:32.884845
2017-08-07,0001-01-01,102769,1394,completed,35,2021-06-15 03:22:32.884845
2017-08-07,0001-01-01,102769,1407,completed,35,2021-06-15 03:22:32.884845
2017-08-07,0001-01-01,102781,1320,completed,35,2021-06-15 03:22:32.884845
2017-08-07,0001-01-01,102781,1325,completed,35,2021-06-15 03:22:32.884845
2017-08-07,0001-01-01,102783,1101,completed,35,2021-06-15 03:22:32.884845
2017-08-07,0001-01-01,102783,1097,completed,35,2021-06-15 03:22:32.884845
2017-08-07,0001-01-01,102783,1202,completed,35,2021-06-15 03:22:32.884845
2017-08-07,0001-01-01,102805,1326,completed,35,2021-06-15 03:22:32.884845
2017-08-07,0001-01-01,102805,1337,completed,35,2021-06-15 03:22:32.884845
2017-08-07,0001-01-01,102809,1392,completed,35,2021-06-15 03:22:32.884845
2017-08-07,0001-01-01,102818,1290,completed,35,2021-06-15 03:22:32.884845
2017-08-07,0001-01-01,102818,1283,completed,35,2021-06-15 03:22:32.884845
2017-08-07,0001-01-01,102818,1291,completed,35,2021-06-15 03:22:32.884845
2017-08-07,0001-01-01,102818,1292,completed,35,2021-06-15 03:22:32.884845
2017-08-07,0001-01-01,102840,1331,completed,35,2021-06-15 03:22:32.884845
2017-08-07,0001-01-01,102840,1324,completed,35,2021-06-15 03:22:32.884845
2017-08-07,0001-01-01,102840,1320,completed,35,2021-06-15 03:22:32.884845
2017-08-07,0001-01-01,102854,1279,completed,35,2021-06-15 03:22:32.884845
2017-08-07,0001-01-01,102854,1291,completed,35,2021-06-15 03:22:32.884845
2017-08-07,0001-01-01,102854,1280,completed,35,2021-06-15 03:22:32.884845
2017-08-07,0001-01-01,102854,1292,completed,35,2021-06-15 03:22:32.884845
2017-08-07,0001-01-01,102864,1247,completed,35,2021-06-15 03:22:32.884845
2017-08-07,0001-01-01,102864,1291,completed,35,2021-06-15 03:22:32.884845
2017-08-07,0001-01-01,102864,1284,completed,35,2021-06-15 03:22:32.884845
2017-08-07,0001-01-01,102865,1285,completed,35,2021-06-15 03:22:32.884845
2017-08-07,0001-01-01,102865,1293,completed,35,2021-06-15 03:22:32.884845
2017-08-07,0001-01-01,102865,1286,completed,35,2021-06-15 03:22:32.884845
2017-08-07,0001-01-01,102865,1294,completed,35,2021-06-15 03:22:32.884845
2017-08-07,0001-01-01,102871,1247,completed,35,2021-06-15 03:22:32.884845
2017-08-07,0001-01-01,102871,1212,completed,35,2021-06-15 03:22:32.884845
2017-08-07,0001-01-01,102884,1404,completed,35,2021-06-15 03:22:32.884845
2017-08-07,0001-01-01,102884,1101,completed,35,2021-06-15 03:22:32.884845
2017-08-07,0001-01-01,102884,1097,completed,35,2021-06-15 03:22:32.884845
2017-08-07,0001-01-01,102884,1260,completed,35,2021-06-15 03:22:32.884845
2017-08-07,0001-01-01,102888,1103,completed,35,2021-06-15 03:22:32.884845
2017-08-07,0001-01-01,102888,1260,completed,35,2021-06-15 03:22:32.884845
2017-08-07,0001-01-01,102888,1117,completed,35,2021-06-15 03:22:32.884845
2017-08-07,0001-01-01,102897,1283,completed,35,2021-06-15 03:22:32.884845
2017-08-07,0001-01-01,102897,1279,completed,35,2021-06-15 03:22:32.884845
2017-08-07,0001-01-01,102897,1291,completed,35,2021-06-15 03:22:32.884845
2017-08-07,0001-01-01,102901,1291,completed,35,2021-06-15 03:22:32.884845
2017-08-07,0001-01-01,102901,1284,completed,35,2021-06-15 03:22:32.884845
2017-08-07,0001-01-01,102901,1280,completed,35,2021-06-15 03:22:32.884845
2017-08-07,0001-01-01,102901,1292,completed,35,2021-06-15 03:22:32.884845
2017-08-07,0001-01-01,102902,1202,completed,35,2021-06-15 03:22:32.884845
2017-08-07,0001-01-01,102902,1280,completed,35,2021-06-15 03:22:32.884845
2017-08-07,0001-01-01,102902,1292,completed,35,2021-06-15 03:22:32.884845
2017-08-07,0001-01-01,102902,1325,completed,35,2021-06-15 03:22:32.884845
2017-08-07,0001-01-01,102902,1285,completed,35,2021-06-15 03:22:32.884845
2017-08-07,0001-01-01,102905,1335,completed,35,2021-06-15 03:22:32.884845
2017-08-07,0001-01-01,102907,1291,completed,35,2021-06-15 03:22:32.884845
2017-08-07,0001-01-01,102907,1284,completed,35,2021-06-15 03:22:32.884845
2017-08-07,0001-01-01,102907,1280,completed,35,2021-06-15 03:22:32.884845
2017-08-07,0001-01-01,102907,1292,completed,35,2021-06-15 03:22:32.884845
2017-08-07,0001-01-01,102917,1216,completed,35,2021-06-15 03:22:32.884845
2017-08-07,0001-01-01,102917,1118,completed,35,2021-06-15 03:22:32.884845
2017-08-07,0001-01-01,102917,1343,completed,35,2021-06-15 03:22:32.884845
2017-08-07,0001-01-01,102917,1122,completed,35,2021-06-15 03:22:32.884845
2017-08-07,0001-01-01,102930,1332,completed,35,2021-06-15 03:22:32.884845
2017-08-07,0001-01-01,102930,1325,completed,35,2021-06-15 03:22:32.884845
2017-08-07,0001-01-01,102930,1333,completed,35,2021-06-15 03:22:32.884845
2017-08-07,0001-01-01,102946,1392,completed,35,2021-06-15 03:22:32.884845
2017-08-07,0001-01-01,102946,1404,completed,35,2021-06-15 03:22:32.884845
2017-08-07,0001-01-01,102963,1210,completed,35,2021-06-15 03:22:32.884845
2017-08-07,0001-01-01,102969,1323,completed,35,2021-06-15 03:22:32.884845
2017-08-07,0001-01-01,102969,1319,completed,35,2021-06-15 03:22:32.884845
2017-08-07,0001-01-01,102969,1331,completed,35,2021-06-15 03:22:32.884845
2017-08-07,0001-01-01,102969,1324,completed,35,2021-06-15 03:22:32.884845
2017-08-07,0001-01-01,102985,1404,completed,35,2021-06-15 03:22:32.884845
2017-08-07,0001-01-01,102985,1393,completed,35,2021-06-15 03:22:32.884845
2017-08-07,0001-01-01,102985,1405,completed,35,2021-06-15 03:22:32.884845
2017-08-07,0001-01-01,102994,1252,completed,35,2021-06-15 03:22:32.884845
2017-08-07,0001-01-01,102994,1253,completed,35,2021-06-15 03:22:32.884845
2017-08-07,0001-01-01,102994,1204,completed,35,2021-06-15 03:22:32.884845
2017-08-07,0001-01-01,101003,1343,completed,35,2021-06-15 03:22:32.884845
2017-08-07,0001-01-01,101003,1352,completed,35,2021-06-15 03:22:32.884845
2017-08-07,0001-01-01,101003,1354,completed,35,2021-06-15 03:22:32.884845
2017-08-07,0001-01-01,101003,1355,completed,35,2021-06-15 03:22:32.884845
2017-08-07,0001-01-01,101019,1341,completed,35,2021-06-15 03:22:32.884845
2017-08-07,0001-01-01,101019,1344,completed,35,2021-06-15 03:22:32.884845
2017-08-07,0001-01-01,101019,1345,completed,35,2021-06-15 03:22:32.884845
2017-08-07,0001-01-01,101019,1223,completed,35,2021-06-15 03:22:32.884845
2017-08-07,0001-01-01,101024,1345,completed,35,2021-06-15 03:22:32.884845
2017-08-07,0001-01-01,101024,1346,completed,35,2021-06-15 03:22:32.884845
2017-08-07,0001-01-01,101026,1407,completed,35,2021-06-15 03:22:32.884845
2017-08-07,0001-01-01,101026,1400,completed,35,2021-06-15 03:22:32.884845
2017-08-07,0001-01-01,101026,1409,completed,35,2021-06-15 03:22:32.884845
2017-08-07,0001-01-01,101036,1266,completed,35,2021-06-15 03:22:32.884845
2017-08-07,0001-01-01,101036,1267,completed,35,2021-06-15 03:22:32.884845
2017-08-07,0001-01-01,101055,1295,completed,35,2021-06-15 03:22:32.884845
2017-08-07,0001-01-01,101055,1297,completed,35,2021-06-15 03:22:32.884845
2017-08-07,0001-01-01,101055,1299,completed,35,2021-06-15 03:22:32.884845
2017-08-07,0001-01-01,101055,1300,completed,35,2021-06-15 03:22:32.884845
2017-08-07,0001-01-01,101056,1341,completed,35,2021-06-15 03:22:32.884845
2017-08-07,0001-01-01,101056,1269,completed,35,2021-06-15 03:22:32.884845
2017-08-07,0001-01-01,101056,1344,completed,35,2021-06-15 03:22:32.884845
2017-08-07,0001-01-01,101056,1345,completed,35,2021-06-15 03:22:32.884845
2017-08-07,0001-01-01,101056,1346,completed,35,2021-06-15 03:22:32.884845
2017-08-07,0001-01-01,101058,1112,completed,35,2021-06-15 03:22:32.884845
2017-08-07,0001-01-01,101058,1401,completed,35,2021-06-15 03:22:32.884845
2017-08-07,0001-01-01,101058,1411,completed,35,2021-06-15 03:22:32.884845
2017-08-07,0001-01-01,101077,1270,completed,35,2021-06-15 03:22:32.884845
2017-08-07,0001-01-01,101077,1222,completed,35,2021-06-15 03:22:32.884845
2017-08-07,0001-01-01,101077,1227,completed,35,2021-06-15 03:22:32.884845
2017-08-07,0001-01-01,101089,1334,completed,35,2021-06-15 03:22:32.884845
2017-08-07,0001-01-01,101089,1337,completed,35,2021-06-15 03:22:32.884845
2017-08-07,0001-01-01,101089,1339,completed,35,2021-06-15 03:22:32.884845
2017-08-07,0001-01-01,101089,1343,completed,35,2021-06-15 03:22:32.884845
2017-08-07,0001-01-01,101147,1126,completed,35,2021-06-15 03:22:32.884845
2017-08-07,0001-01-01,101147,1349,completed,35,2021-06-15 03:22:32.884845
2017-08-07,0001-01-01,101147,1228,completed,35,2021-06-15 03:22:32.884845
2017-08-07,0001-01-01,101147,1352,completed,35,2021-06-15 03:22:32.884845
2017-08-07,0001-01-01,101148,1358,completed,35,2021-06-15 03:22:32.884845
2017-08-07,0001-01-01,101148,1360,completed,35,2021-06-15 03:22:32.884845
2017-08-07,0001-01-01,101150,1411,completed,35,2021-06-15 03:22:32.884845
2017-08-07,0001-01-01,101150,1265,completed,35,2021-06-15 03:22:32.884845
2017-08-07,0001-01-01,101150,1412,completed,35,2021-06-15 03:22:32.884845
2017-08-07,0001-01-01,101150,1413,completed,35,2021-06-15 03:22:32.884845
2017-08-07,0001-01-01,101150,1414,completed,35,2021-06-15 03:22:32.884845
2017-08-07,0001-01-01,101158,1230,completed,35,2021-06-15 03:22:32.884845
2017-08-07,0001-01-01,101158,1313,completed,35,2021-06-15 03:22:32.884845
2017-08-07,0001-01-01,101164,1265,completed,35,2021-06-15 03:22:32.884845
2017-08-07,0001-01-01,101164,1266,completed,35,2021-06-15 03:22:32.884845
2017-08-07,0001-01-01,101164,1216,completed,35,2021-06-15 03:22:32.884845
2017-08-07,0001-01-01,101165,1409,completed,35,2021-06-15 03:22:32.884845
2017-08-07,0001-01-01,101165,1410,completed,35,2021-06-15 03:22:32.884845
2017-08-07,0001-01-01,101165,1411,completed,35,2021-06-15 03:22:32.884845
2017-08-07,0001-01-01,101165,1413,completed,35,2021-06-15 03:22:32.884845
2017-08-07,0001-01-01,101165,1414,completed,35,2021-06-15 03:22:32.884845
2017-08-07,0001-01-01,101187,1337,completed,35,2021-06-15 03:22:32.884845
2017-08-07,0001-01-01,101188,1311,completed,35,2021-06-15 03:22:32.884845
2017-08-07,0001-01-01,101200,1299,completed,35,2021-06-15 03:22:32.884845
2017-08-07,0001-01-01,101211,1358,completed,35,2021-06-15 03:22:32.884845
2017-08-07,0001-01-01,101211,1374,completed,35,2021-06-15 03:22:32.884845
2017-08-07,0001-01-01,101215,1223,completed,35,2021-06-15 03:22:32.884845
2017-08-07,0001-01-01,101215,1310,completed,35,2021-06-15 03:22:32.884845
2017-08-07,0001-01-01,101215,1228,completed,35,2021-06-15 03:22:32.884845
2017-08-07,0001-01-01,101215,1313,completed,35,2021-06-15 03:22:32.884845
2017-08-07,0001-01-01,101238,1294,completed,35,2021-06-15 03:22:32.884845
2017-08-07,0001-01-01,101238,1296,completed,35,2021-06-15 03:22:32.884845
2017-08-07,0001-01-01,101238,1297,completed,35,2021-06-15 03:22:32.884845
2017-08-07,0001-01-01,101245,1336,completed,35,2021-06-15 03:22:32.884845
2017-08-07,0001-01-01,101266,1354,completed,35,2021-06-15 03:22:32.884845
2017-08-07,0001-01-01,101266,1355,completed,35,2021-06-15 03:22:32.884845
2017-08-07,0001-01-01,101266,1236,completed,35,2021-06-15 03:22:32.884845
2017-08-07,0001-01-01,101268,1272,completed,35,2021-06-15 03:22:32.884845
2017-08-07,0001-01-01,101268,1225,completed,35,2021-06-15 03:22:32.884845
2017-08-07,0001-01-01,101268,1131,completed,35,2021-06-15 03:22:32.884845
2017-08-07,0001-01-01,101273,1211,completed,35,2021-06-15 03:22:32.884845
2017-08-07,0001-01-01,101275,1412,completed,35,2021-06-15 03:22:32.884845
2017-08-07,0001-01-01,101275,1413,completed,35,2021-06-15 03:22:32.884845
2017-08-07,0001-01-01,101275,1414,completed,35,2021-06-15 03:22:32.884845
2017-08-07,0001-01-01,101275,1415,completed,35,2021-06-15 03:22:32.884845
2017-08-07,0001-01-01,101278,1327,completed,35,2021-06-15 03:22:32.884845
2017-08-07,0001-01-01,101278,1336,completed,35,2021-06-15 03:22:32.884845
2017-08-07,0001-01-01,101278,1337,completed,35,2021-06-15 03:22:32.884845
2017-08-07,0001-01-01,101278,1412,completed,35,2021-06-15 03:22:32.884845
2017-08-07,0001-01-01,101278,1341,completed,35,2021-06-15 03:22:32.884845
2017-08-07,0001-01-01,101282,1232,completed,35,2021-06-15 03:22:32.884845
2017-08-07,0001-01-01,101290,1349,completed,35,2021-06-15 03:22:32.884845
2017-08-07,0001-01-01,101290,1351,completed,35,2021-06-15 03:22:32.884845
2017-08-07,0001-01-01,101290,1352,completed,35,2021-06-15 03:22:32.884845
2017-08-07,0001-01-01,101290,1353,completed,35,2021-06-15 03:22:32.884845
2017-08-07,0001-01-01,101290,1356,completed,35,2021-06-15 03:22:32.884845
2017-08-07,0001-01-01,101293,1407,completed,35,2021-06-15 03:22:32.884845
2017-08-07,0001-01-01,101293,1333,completed,35,2021-06-15 03:22:32.884845
2017-08-07,0001-01-01,101306,1119,completed,35,2021-06-15 03:22:32.884845
2017-08-07,0001-01-01,101306,1219,completed,35,2021-06-15 03:22:32.884845
2017-08-07,0001-01-01,101329,1267,completed,35,2021-06-15 03:22:32.884845
2017-08-07,0001-01-01,101329,1269,completed,35,2021-06-15 03:22:32.884845
2017-08-07,0001-01-01,101329,1227,completed,35,2021-06-15 03:22:32.884845
2017-08-07,0001-01-01,101329,1134,completed,35,2021-06-15 03:22:32.884845
2017-08-07,0001-01-01,101336,1401,completed,35,2021-06-15 03:22:32.884845
2017-08-07,0001-01-01,101336,1255,completed,35,2021-06-15 03:22:32.884845
2017-08-07,0001-01-01,101336,1410,completed,35,2021-06-15 03:22:32.884845
2017-08-07,0001-01-01,101336,1411,completed,35,2021-06-15 03:22:32.884845
2017-08-07,0001-01-01,101347,1400,completed,35,2021-06-15 03:22:32.884845
2017-08-07,0001-01-01,101347,1408,completed,35,2021-06-15 03:22:32.884845
2017-08-07,0001-01-01,101347,1401,completed,35,2021-06-15 03:22:32.884845
2017-08-07,0001-01-01,101347,1409,completed,35,2021-06-15 03:22:32.884845
2017-08-07,0001-01-01,101358,1263,completed,35,2021-06-15 03:22:32.884845
2017-08-07,0001-01-01,101358,1410,completed,35,2021-06-15 03:22:32.884845
2017-08-07,0001-01-01,101358,1412,completed,35,2021-06-15 03:22:32.884845
2017-08-07,0001-01-01,101358,1413,completed,35,2021-06-15 03:22:32.884845
2017-08-07,0001-01-01,101376,1235,completed,35,2021-06-15 03:22:32.884845
2017-08-07,0001-01-01,101376,1138,completed,35,2021-06-15 03:22:32.884845
2017-08-07,0001-01-01,101376,1139,completed,35,2021-06-15 03:22:32.884845
2017-08-07,0001-01-01,101381,1309,completed,35,2021-06-15 03:22:32.884845
2017-08-07,0001-01-01,101382,1302,completed,35,2021-06-15 03:22:32.884845
2017-08-07,0001-01-01,101385,1306,completed,35,2021-06-15 03:22:32.884845
2017-08-07,0001-01-01,101387,1356,completed,35,2021-06-15 03:22:32.884845
2017-08-07,0001-01-01,101387,1357,completed,35,2021-06-15 03:22:32.884845
2017-08-07,0001-01-01,101387,1360,completed,35,2021-06-15 03:22:32.884845
2017-08-07,0001-01-01,101387,1361,completed,35,2021-06-15 03:22:32.884845
2017-08-07,0001-01-01,101392,1134,completed,35,2021-06-15 03:22:32.884845
2017-08-07,0001-01-01,101398,1295,completed,35,2021-06-15 03:22:32.884845
2017-08-07,0001-01-01,101399,1120,completed,35,2021-06-15 03:22:32.884845
2017-08-07,0001-01-01,101399,1220,completed,35,2021-06-15 03:22:32.884845
2017-08-07,0001-01-01,101399,1124,completed,35,2021-06-15 03:22:32.884845
2017-08-07,0001-01-01,101431,1401,completed,35,2021-06-15 03:22:32.884845
2017-08-07,0001-01-01,101431,1343,completed,35,2021-06-15 03:22:32.884845
2017-08-07,0001-01-01,101438,1301,completed,35,2021-06-15 03:22:32.884845
2017-08-07,0001-01-01,101438,1302,completed,35,2021-06-15 03:22:32.884845
2017-08-07,0001-01-01,101483,1409,completed,35,2021-06-15 03:22:32.884845
2017-08-07,0001-01-01,101483,1265,completed,35,2021-06-15 03:22:32.884845
2017-08-07,0001-01-01,101491,1299,completed,35,2021-06-15 03:22:32.884845
2017-08-07,0001-01-01,101491,1300,completed,35,2021-06-15 03:22:32.884845
2017-08-07,0001-01-01,101491,1301,completed,35,2021-06-15 03:22:32.884845
2017-08-07,0001-01-01,101491,1302,completed,35,2021-06-15 03:22:32.884845
2017-08-07,0001-01-01,101505,1299,completed,35,2021-06-15 03:22:32.884845
2017-08-07,0001-01-01,101505,1301,completed,35,2021-06-15 03:22:32.884845
2017-08-07,0001-01-01,101505,1302,completed,35,2021-06-15 03:22:32.884845
2017-08-07,0001-01-01,101505,1304,completed,35,2021-06-15 03:22:32.884845
2017-08-07,0001-01-01,101519,1346,completed,35,2021-06-15 03:22:32.884845
2017-08-07,0001-01-01,101519,1347,completed,35,2021-06-15 03:22:32.884845
2017-08-07,0001-01-01,101519,1349,completed,35,2021-06-15 03:22:32.884845
2017-08-07,0001-01-01,101519,1352,completed,35,2021-06-15 03:22:32.884845
2017-08-07,0001-01-01,101536,1231,completed,35,2021-06-15 03:22:32.884845
2017-08-07,0001-01-01,101563,1222,completed,35,2021-06-15 03:22:32.884845
2017-08-07,0001-01-01,101582,1409,completed,35,2021-06-15 03:22:32.884845
2017-08-07,0001-01-01,101582,1410,completed,35,2021-06-15 03:22:32.884845
2017-08-07,0001-01-01,101582,1411,completed,35,2021-06-15 03:22:32.884845
2017-08-07,0001-01-01,101583,1349,completed,35,2021-06-15 03:22:32.884845
2017-08-07,0001-01-01,101583,1352,completed,35,2021-06-15 03:22:32.884845
2017-08-07,0001-01-01,101583,1353,completed,35,2021-06-15 03:22:32.884845
2017-08-07,0001-01-01,101583,1356,completed,35,2021-06-15 03:22:32.884845
2017-08-07,0001-01-01,101596,1224,completed,35,2021-06-15 03:22:32.884845
2017-08-07,0001-01-01,101603,1116,completed,35,2021-06-15 03:22:32.884845
2017-08-07,0001-01-01,101603,1267,completed,35,2021-06-15 03:22:32.884845
2017-08-07,0001-01-01,101603,1120,completed,35,2021-06-15 03:22:32.884845
2017-08-07,0001-01-01,101603,1220,completed,35,2021-06-15 03:22:32.884845
2017-08-07,0001-01-01,101603,1271,completed,35,2021-06-15 03:22:32.884845
2017-08-07,0001-01-01,101606,1422,completed,35,2021-06-15 03:22:32.884845
2017-08-07,0001-01-01,101606,1227,completed,35,2021-06-15 03:22:32.884845
2017-08-07,0001-01-01,101616,1216,completed,35,2021-06-15 03:22:32.884845
2017-08-07,0001-01-01,101616,1117,completed,35,2021-06-15 03:22:32.884845
2017-08-07,0001-01-01,101616,1119,completed,35,2021-06-15 03:22:32.884845
2017-08-07,0001-01-01,101616,1222,completed,35,2021-06-15 03:22:32.884845
2017-08-07,0001-01-01,101617,1222,completed,35,2021-06-15 03:22:32.884845
2017-08-07,0001-01-01,101617,1225,completed,35,2021-06-15 03:22:32.884845
2017-08-07,0001-01-01,101617,1356,completed,35,2021-06-15 03:22:32.884845
2017-08-07,0001-01-01,101618,1300,completed,35,2021-06-15 03:22:32.884845
2017-08-07,0001-01-01,101618,1301,completed,35,2021-06-15 03:22:32.884845
2017-08-07,0001-01-01,101618,1302,completed,35,2021-06-15 03:22:32.884845
2017-08-07,0001-01-01,101618,1306,completed,35,2021-06-15 03:22:32.884845
2017-08-07,0001-01-01,101621,1413,completed,35,2021-06-15 03:22:32.884845
2017-08-07,0001-01-01,101635,1345,completed,35,2021-06-15 03:22:32.884845
2017-08-07,0001-01-01,101635,1349,completed,35,2021-06-15 03:22:32.884845
2017-08-07,0001-01-01,101635,1352,completed,35,2021-06-15 03:22:32.884845
2017-08-07,0001-01-01,101650,1219,completed,35,2021-06-15 03:22:32.884845
2017-08-07,0001-01-01,101650,1128,completed,35,2021-06-15 03:22:32.884845
2017-08-07,0001-01-01,101667,1411,completed,35,2021-06-15 03:22:32.884845
2017-08-07,0001-01-01,101680,1121,completed,35,2021-06-15 03:22:32.884845
2017-08-07,0001-01-01,101680,1123,completed,35,2021-06-15 03:22:32.884845
2017-08-07,0001-01-01,101680,1124,completed,35,2021-06-15 03:22:32.884845
2017-08-07,0001-01-01,101681,1120,completed,35,2021-06-15 03:22:32.884845
2017-08-07,0001-01-01,101681,1270,completed,35,2021-06-15 03:22:32.884845
2017-08-07,0001-01-01,101688,1295,completed,35,2021-06-15 03:22:32.884845
2017-08-07,0001-01-01,101688,1297,completed,35,2021-06-15 03:22:32.884845
2017-08-07,0001-01-01,101688,1411,completed,35,2021-06-15 03:22:32.884845
2017-08-07,0001-01-01,101688,1300,completed,35,2021-06-15 03:22:32.884845
2017-08-07,0001-01-01,101690,1347,completed,35,2021-06-15 03:22:32.884845
2017-08-07,0001-01-01,101690,1349,completed,35,2021-06-15 03:22:32.884845
2017-08-07,0001-01-01,101690,1311,completed,35,2021-06-15 03:22:32.884845
2017-08-07,0001-01-01,101690,1354,completed,35,2021-06-15 03:22:32.884845
2017-08-07,0001-01-01,101699,1297,completed,35,2021-06-15 03:22:32.884845
2017-08-07,0001-01-01,101699,1299,completed,35,2021-06-15 03:22:32.884845
2017-08-07,0001-01-01,101699,1300,completed,35,2021-06-15 03:22:32.884845
2017-08-07,0001-01-01,101699,1301,completed,35,2021-06-15 03:22:32.884845
2017-08-07,0001-01-01,101699,1302,completed,35,2021-06-15 03:22:32.884845
2017-08-07,0001-01-01,101721,1216,completed,35,2021-06-15 03:22:32.884845
2017-08-07,0001-01-01,101721,1119,completed,35,2021-06-15 03:22:32.884845
2017-08-07,0001-01-01,101721,1219,completed,35,2021-06-15 03:22:32.884845
2017-08-07,0001-01-01,101721,1126,completed,35,2021-06-15 03:22:32.884845
2017-08-07,0001-01-01,101723,1312,completed,35,2021-06-15 03:22:32.884845
2017-08-07,0001-01-01,101723,1132,completed,35,2021-06-15 03:22:32.884845
2017-08-07,0001-01-01,101723,1239,completed,35,2021-06-15 03:22:32.884845
2017-08-07,0001-01-01,101739,1294,completed,35,2021-06-15 03:22:32.884845
2017-08-07,0001-01-01,101739,1295,completed,35,2021-06-15 03:22:32.884845
2017-08-07,0001-01-01,101739,1296,completed,35,2021-06-15 03:22:32.884845
2017-08-07,0001-01-01,101747,1236,completed,35,2021-06-15 03:22:32.884845
2017-08-07,0001-01-01,101747,1237,completed,35,2021-06-15 03:22:32.884845
2017-08-07,0001-01-01,101747,1238,completed,35,2021-06-15 03:22:32.884845
2017-08-07,0001-01-01,101747,1239,completed,35,2021-06-15 03:22:32.884845
2017-08-07,0001-01-01,101747,1142,completed,35,2021-06-15 03:22:32.884845
2017-08-07,0001-01-01,101752,1344,completed,35,2021-06-15 03:22:32.884845
2017-08-07,0001-01-01,101752,1347,completed,35,2021-06-15 03:22:32.884845
2017-08-07,0001-01-01,101752,1349,completed,35,2021-06-15 03:22:32.884845
2017-08-07,0001-01-01,101752,1354,completed,35,2021-06-15 03:22:32.884845
2017-08-07,0001-01-01,101759,1118,completed,35,2021-06-15 03:22:32.884845
2017-08-07,0001-01-01,101759,1345,completed,35,2021-06-15 03:22:32.884845
2017-08-07,0001-01-01,101759,1346,completed,35,2021-06-15 03:22:32.884845
2017-08-07,0001-01-01,101759,1353,completed,35,2021-06-15 03:22:32.884845
2017-08-07,0001-01-01,101762,1122,completed,35,2021-06-15 03:22:32.884845
2017-08-07,0001-01-01,101762,1222,completed,35,2021-06-15 03:22:32.884845
2017-08-07,0001-01-01,101762,1227,completed,35,2021-06-15 03:22:32.884845
2017-08-07,0001-01-01,101762,1130,completed,35,2021-06-15 03:22:32.884845
2017-08-07,0001-01-01,101783,1307,completed,35,2021-06-15 03:22:32.884845
2017-08-07,0001-01-01,101808,1349,completed,35,2021-06-15 03:22:32.884845
2017-08-07,0001-01-01,101808,1128,completed,35,2021-06-15 03:22:32.884845
2017-08-07,0001-01-01,101808,1131,completed,35,2021-06-15 03:22:32.884845
2017-08-07,0001-01-01,101808,1135,completed,35,2021-06-15 03:22:32.884845
2017-08-07,0001-01-01,101814,1345,completed,35,2021-06-15 03:22:32.884845
2017-08-07,0001-01-01,101814,1346,completed,35,2021-06-15 03:22:32.884845
2017-08-07,0001-01-01,101814,1225,completed,35,2021-06-15 03:22:32.884845
2017-08-07,0001-01-01,101814,1351,completed,35,2021-06-15 03:22:32.884845
2017-08-07,0001-01-01,101826,1224,completed,35,2021-06-15 03:22:32.884845
2017-08-07,0001-01-01,101826,1231,completed,35,2021-06-15 03:22:32.884845
2017-08-07,0001-01-01,101826,1135,completed,35,2021-06-15 03:22:32.884845
2017-08-07,0001-01-01,101826,1136,completed,35,2021-06-15 03:22:32.884845
2017-08-07,0001-01-01,101838,1130,completed,35,2021-06-15 03:22:32.884845
2017-08-07,0001-01-01,101838,1132,completed,35,2021-06-15 03:22:32.884845
2017-08-07,0001-01-01,101838,1238,completed,35,2021-06-15 03:22:32.884845
2017-08-07,0001-01-01,101840,1353,completed,35,2021-06-15 03:22:32.884845
2017-08-07,0001-01-01,101840,1354,completed,35,2021-06-15 03:22:32.884845
2017-08-07,0001-01-01,101840,1356,completed,35,2021-06-15 03:22:32.884845
2017-08-07,0001-01-01,101868,1128,completed,35,2021-06-15 03:22:32.884845
2017-08-07,0001-01-01,101868,1231,completed,35,2021-06-15 03:22:32.884845
2017-08-07,0001-01-01,101868,1235,completed,35,2021-06-15 03:22:32.884845
2017-08-07,0001-01-01,101873,1349,completed,35,2021-06-15 03:22:32.884845
2017-08-07,0001-01-01,101873,1353,completed,35,2021-06-15 03:22:32.884845
2017-08-07,0001-01-01,101873,1358,completed,35,2021-06-15 03:22:32.884845
2017-08-07,0001-01-01,101891,1343,completed,35,2021-06-15 03:22:32.884845
2017-08-07,0001-01-01,101891,1346,completed,35,2021-06-15 03:22:32.884845
2017-08-07,0001-01-01,101891,1351,completed,35,2021-06-15 03:22:32.884845
2017-08-07,0001-01-01,101898,1296,completed,35,2021-06-15 03:22:32.884845
2017-08-07,0001-01-01,101916,1401,completed,35,2021-06-15 03:22:32.884845
2017-08-07,0001-01-01,101916,1409,completed,35,2021-06-15 03:22:32.884845
2017-08-07,0001-01-01,101916,1410,completed,35,2021-06-15 03:22:32.884845
2017-08-07,0001-01-01,101916,1412,completed,35,2021-06-15 03:22:32.884845
2017-08-07,0001-01-01,101919,1131,completed,35,2021-06-15 03:22:32.884845
2017-08-07,0001-01-01,101919,1132,completed,35,2021-06-15 03:22:32.884845
2017-08-07,0001-01-01,101919,1134,completed,35,2021-06-15 03:22:32.884845
2017-08-07,0001-01-01,101919,1135,completed,35,2021-06-15 03:22:32.884845
2017-08-07,0001-01-01,101931,1344,completed,35,2021-06-15 03:22:32.884845
2017-08-07,0001-01-01,101931,1346,completed,35,2021-06-15 03:22:32.884845
2017-08-07,0001-01-01,101941,1345,completed,35,2021-06-15 03:22:32.884845
2017-08-07,0001-01-01,101941,1124,completed,35,2021-06-15 03:22:32.884845
2017-08-07,0001-01-01,101943,1411,completed,35,2021-06-15 03:22:32.884845
2017-08-07,0001-01-01,101943,1412,completed,35,2021-06-15 03:22:32.884845
2017-08-07,0001-01-01,101943,1414,completed,35,2021-06-15 03:22:32.884845
2017-08-07,0001-01-01,101943,1415,completed,35,2021-06-15 03:22:32.884845
2017-08-07,0001-01-01,101963,1225,completed,35,2021-06-15 03:22:32.884845
2017-08-07,0001-01-01,101963,1352,completed,35,2021-06-15 03:22:32.884845
2017-08-07,0001-01-01,101963,1353,completed,35,2021-06-15 03:22:32.884845
2017-08-07,0001-01-01,101974,1122,completed,35,2021-06-15 03:22:32.884845
2017-08-07,0001-01-01,101974,1132,completed,35,2021-06-15 03:22:32.884845
2017-08-07,0001-01-01,101994,1341,completed,35,2021-06-15 03:22:32.884845
2017-08-07,0001-01-01,101994,1228,completed,35,2021-06-15 03:22:32.884845
2017-08-07,0001-01-01,101994,1130,completed,35,2021-06-15 03:22:32.884845
2017-08-07,0001-01-01,101994,1231,completed,35,2021-06-15 03:22:32.884845
2017-08-07,0001-01-01,101999,1223,completed,35,2021-06-15 03:22:32.884845
2017-08-07,0001-01-01,101999,1130,completed,35,2021-06-15 03:22:32.884845
2017-08-07,0001-01-01,101999,1230,completed,35,2021-06-15 03:22:32.884845
2017-08-07,0001-01-01,100016,1374,completed,35,2021-06-15 03:22:32.884845
2017-08-07,0001-01-01,100033,1151,completed,35,2021-06-15 03:22:32.884845
2017-08-07,0001-01-01,100048,1310,completed,35,2021-06-15 03:22:32.884845
2017-08-07,0001-01-01,100048,1311,completed,35,2021-06-15 03:22:32.884845
2017-08-07,0001-01-01,100048,1312,completed,35,2021-06-15 03:22:32.884845
2017-08-07,0001-01-01,100048,1313,completed,35,2021-06-15 03:22:32.884845
2017-08-07,0001-01-01,100048,1137,completed,35,2021-06-15 03:22:32.884845
2017-08-07,0001-01-01,100062,1168,completed,35,2021-06-15 03:22:32.884845
2017-08-07,0001-01-01,100063,1311,completed,35,2021-06-15 03:22:32.884845
2017-08-07,0001-01-01,100063,1313,completed,35,2021-06-15 03:22:32.884845
2017-08-07,0001-01-01,100063,1232,completed,35,2021-06-15 03:22:32.884845
2017-08-07,0001-01-01,100063,1355,completed,35,2021-06-15 03:22:32.884845
2017-08-07,0001-01-01,100093,1372,completed,35,2021-06-15 03:22:32.884845
2017-08-07,0001-01-01,100093,1374,completed,35,2021-06-15 03:22:32.884845
2017-08-07,0001-01-01,100096,1309,completed,35,2021-06-15 03:22:32.884845
2017-08-07,0001-01-01,100096,1310,completed,35,2021-06-15 03:22:32.884845
2017-08-07,0001-01-01,100096,1312,completed,35,2021-06-15 03:22:32.884845
2017-08-07,0001-01-01,100096,1313,completed,35,2021-06-15 03:22:32.884845
2017-08-07,0001-01-01,100096,1136,completed,35,2021-06-15 03:22:32.884845
2017-08-07,0001-01-01,100101,1421,completed,35,2021-06-15 03:22:32.884845
2017-08-07,0001-01-01,100101,1422,completed,35,2021-06-15 03:22:32.884845
2017-08-07,0001-01-01,100105,1156,completed,35,2021-06-15 03:22:32.884845
2017-08-07,0001-01-01,100105,1162,completed,35,2021-06-15 03:22:32.884845
2017-08-07,0001-01-01,100105,1165,completed,35,2021-06-15 03:22:32.884845
2017-08-07,0001-01-01,100105,1166,completed,35,2021-06-15 03:22:32.884845
2017-08-07,0001-01-01,100117,1374,completed,35,2021-06-15 03:22:32.884845
2017-08-07,0001-01-01,100117,1377,completed,35,2021-06-15 03:22:32.884845
2017-08-07,0001-01-01,100117,1378,completed,35,2021-06-15 03:22:32.884845
2017-08-07,0001-01-01,100117,1379,completed,35,2021-06-15 03:22:32.884845
2017-08-07,0001-01-01,100117,1380,completed,35,2021-06-15 03:22:32.884845
2017-08-07,0001-01-01,100118,1421,completed,35,2021-06-15 03:22:32.884845
2017-08-07,0001-01-01,100118,1147,completed,35,2021-06-15 03:22:32.884845
2017-08-07,0001-01-01,100151,1142,completed,35,2021-06-15 03:22:32.884845
2017-08-07,0001-01-01,100151,1150,completed,35,2021-06-15 03:22:32.884845
2017-08-07,0001-01-01,100151,1151,completed,35,2021-06-15 03:22:32.884845
2017-08-07,0001-01-01,100166,1305,completed,35,2021-06-15 03:22:32.884845
2017-08-07,0001-01-01,100166,1306,completed,35,2021-06-15 03:22:32.884845
2017-08-07,0001-01-01,100166,1307,completed,35,2021-06-15 03:22:32.884845
2017-08-07,0001-01-01,100166,1311,completed,35,2021-06-15 03:22:32.884845
2017-08-07,0001-01-01,100166,1312,completed,35,2021-06-15 03:22:32.884845
2017-08-07,0001-01-01,100167,1310,completed,35,2021-06-15 03:22:32.884845
2017-08-07,0001-01-01,100167,1311,completed,35,2021-06-15 03:22:32.884845
2017-08-07,0001-01-01,100167,1312,completed,35,2021-06-15 03:22:32.884845
2017-08-07,0001-01-01,100167,1313,completed,35,2021-06-15 03:22:32.884845
2017-08-07,0001-01-01,100192,1371,completed,35,2021-06-15 03:22:32.884845
2017-08-07,0001-01-01,100192,1372,completed,35,2021-06-15 03:22:32.884845
2017-08-07,0001-01-01,100192,1374,completed,35,2021-06-15 03:22:32.884845
2017-08-07,0001-01-01,100192,1375,completed,35,2021-06-15 03:22:32.884845
2017-08-07,0001-01-01,100196,1417,completed,35,2021-06-15 03:22:32.884845
2017-08-07,0001-01-01,100196,1306,completed,35,2021-06-15 03:22:32.884845
2017-08-07,0001-01-01,100196,1420,completed,35,2021-06-15 03:22:32.884845
2017-08-07,0001-01-01,100197,1311,completed,35,2021-06-15 03:22:32.884845
2017-08-07,0001-01-01,100197,1312,completed,35,2021-06-15 03:22:32.884845
2017-08-07,0001-01-01,100197,1313,completed,35,2021-06-15 03:22:32.884845
2017-08-07,0001-01-01,100197,1360,completed,35,2021-06-15 03:22:32.884845
2017-08-07,0001-01-01,100210,1147,completed,35,2021-06-15 03:22:32.884845
2017-08-07,0001-01-01,100210,1155,completed,35,2021-06-15 03:22:32.884845
2017-08-07,0001-01-01,100224,1367,completed,35,2021-06-15 03:22:32.884845
2017-08-07,0001-01-01,100224,1378,completed,35,2021-06-15 03:22:32.884845
2017-08-07,0001-01-01,100225,1371,completed,35,2021-06-15 03:22:32.884845
2017-08-07,0001-01-01,100225,1372,completed,35,2021-06-15 03:22:32.884845
2017-08-07,0001-01-01,100225,1374,completed,35,2021-06-15 03:22:32.884845
2017-08-07,0001-01-01,100225,1376,completed,35,2021-06-15 03:22:32.884845
2017-08-07,0001-01-01,100232,1152,completed,35,2021-06-15 03:22:32.884845
2017-08-07,0001-01-01,100232,1170,completed,35,2021-06-15 03:22:32.884845
2017-08-07,0001-01-01,100241,1309,completed,35,2021-06-15 03:22:32.884845
2017-08-07,0001-01-01,100241,1228,completed,35,2021-06-15 03:22:32.884845
2017-08-07,0001-01-01,100241,1312,completed,35,2021-06-15 03:22:32.884845
2017-08-07,0001-01-01,100241,1352,completed,35,2021-06-15 03:22:32.884845
2017-08-07,0001-01-01,100241,1313,completed,35,2021-06-15 03:22:32.884845
2017-08-07,0001-01-01,100245,1380,completed,35,2021-06-15 03:22:32.884845
2017-08-07,0001-01-01,100253,1311,completed,35,2021-06-15 03:22:32.884845
2017-08-07,0001-01-01,100253,1313,completed,35,2021-06-15 03:22:32.884845
2017-08-07,0001-01-01,100254,1139,completed,35,2021-06-15 03:22:32.884845
2017-08-07,0001-01-01,100254,1240,completed,35,2021-06-15 03:22:32.884845
2017-08-07,0001-01-01,100254,1157,completed,35,2021-06-15 03:22:32.884845
2017-08-07,0001-01-01,100262,1301,completed,35,2021-06-15 03:22:32.884845
2017-08-07,0001-01-01,100262,1302,completed,35,2021-06-15 03:22:32.884845
2017-08-07,0001-01-01,100262,1306,completed,35,2021-06-15 03:22:32.884845
2017-08-07,0001-01-01,100262,1309,completed,35,2021-06-15 03:22:32.884845
2017-08-07,0001-01-01,100262,1310,completed,35,2021-06-15 03:22:32.884845
2017-08-07,0001-01-01,100263,1422,completed,35,2021-06-15 03:22:32.884845
2017-08-07,0001-01-01,100267,1417,completed,35,2021-06-15 03:22:32.884845
2017-08-07,0001-01-01,100267,1420,completed,35,2021-06-15 03:22:32.884845
2017-08-07,0001-01-01,100290,1422,completed,35,2021-06-15 03:22:32.884845
2017-08-07,0001-01-01,100299,1370,completed,35,2021-06-15 03:22:32.884845
2017-08-07,0001-01-01,100299,1374,completed,35,2021-06-15 03:22:32.884845
2017-08-07,0001-01-01,100299,1375,completed,35,2021-06-15 03:22:32.884845
2017-08-07,0001-01-01,100299,1378,completed,35,2021-06-15 03:22:32.884845
2017-08-07,0001-01-01,100323,1312,completed,35,2021-06-15 03:22:32.884845
2017-08-07,0001-01-01,100323,1313,completed,35,2021-06-15 03:22:32.884845
2017-08-07,0001-01-01,100323,1235,completed,35,2021-06-15 03:22:32.884845
2017-08-07,0001-01-01,100323,1143,completed,35,2021-06-15 03:22:32.884845
2017-08-07,0001-01-01,100325,1420,completed,35,2021-06-15 03:22:32.884845
2017-08-07,0001-01-01,100325,1422,completed,35,2021-06-15 03:22:32.884845
2017-08-07,0001-01-01,100352,1383,completed,35,2021-06-15 03:22:32.884845
2017-08-07,0001-01-01,100379,1371,completed,35,2021-06-15 03:22:32.884845
2017-08-07,0001-01-01,100379,1372,completed,35,2021-06-15 03:22:32.884845
2017-08-07,0001-01-01,100379,1375,completed,35,2021-06-15 03:22:32.884845
2017-08-07,0001-01-01,100379,1382,completed,35,2021-06-15 03:22:32.884845
2017-08-07,0001-01-01,100392,1363,completed,35,2021-06-15 03:22:32.884845
2017-08-07,0001-01-01,100399,1416,completed,35,2021-06-15 03:22:32.884845
2017-08-07,0001-01-01,100399,1421,completed,35,2021-06-15 03:22:32.884845
2017-08-07,0001-01-01,100399,1422,completed,35,2021-06-15 03:22:32.884845
2017-08-07,0001-01-01,100402,1344,completed,35,2021-06-15 03:22:32.884845
2017-08-07,0001-01-01,100402,1304,completed,35,2021-06-15 03:22:32.884845
2017-08-07,0001-01-01,100402,1305,completed,35,2021-06-15 03:22:32.884845
2017-08-07,0001-01-01,100402,1307,completed,35,2021-06-15 03:22:32.884845
2017-08-07,0001-01-01,100434,1418,completed,35,2021-06-15 03:22:32.884845
2017-08-07,0001-01-01,100434,1272,completed,35,2021-06-15 03:22:32.884845
2017-08-07,0001-01-01,100434,1421,completed,35,2021-06-15 03:22:32.884845
2017-08-07,0001-01-01,100436,1371,completed,35,2021-06-15 03:22:32.884845
2017-08-07,0001-01-01,100436,1378,completed,35,2021-06-15 03:22:32.884845
2017-08-07,0001-01-01,100436,1381,completed,35,2021-06-15 03:22:32.884845
2017-08-07,0001-01-01,100436,1383,completed,35,2021-06-15 03:22:32.884845
2017-08-07,0001-01-01,100449,1417,completed,35,2021-06-15 03:22:32.884845
2017-08-07,0001-01-01,100449,1420,completed,35,2021-06-15 03:22:32.884845
2017-08-07,0001-01-01,100449,1421,completed,35,2021-06-15 03:22:32.884845
2017-08-07,0001-01-01,100478,1305,completed,35,2021-06-15 03:22:32.884845
2017-08-07,0001-01-01,100478,1306,completed,35,2021-06-15 03:22:32.884845
2017-08-07,0001-01-01,100478,1311,completed,35,2021-06-15 03:22:32.884845
2017-08-07,0001-01-01,100478,1313,completed,35,2021-06-15 03:22:32.884845
2017-08-07,0001-01-01,100488,1351,completed,35,2021-06-15 03:22:32.884845
2017-08-07,0001-01-01,100488,1130,completed,35,2021-06-15 03:22:32.884845
2017-08-07,0001-01-01,100488,1137,completed,35,2021-06-15 03:22:32.884845
2017-08-07,0001-01-01,100490,1153,completed,35,2021-06-15 03:22:32.884845
2017-08-07,0001-01-01,100502,1416,completed,35,2021-06-15 03:22:32.884845
2017-08-07,0001-01-01,100502,1417,completed,35,2021-06-15 03:22:32.884845
2017-08-07,0001-01-01,100502,1418,completed,35,2021-06-15 03:22:32.884845
2017-08-07,0001-01-01,100502,1420,completed,35,2021-06-15 03:22:32.884845
2017-08-07,0001-01-01,100502,1421,completed,35,2021-06-15 03:22:32.884845
2017-08-07,0001-01-01,100522,1371,completed,35,2021-06-15 03:22:32.884845
2017-08-07,0001-01-01,100522,1372,completed,35,2021-06-15 03:22:32.884845
2017-08-07,0001-01-01,100522,1376,completed,35,2021-06-15 03:22:32.884845
2017-08-07,0001-01-01,100522,1377,completed,35,2021-06-15 03:22:32.884845
2017-08-07,0001-01-01,100540,1361,completed,35,2021-06-15 03:22:32.884845
2017-08-07,0001-01-01,100552,1159,completed,35,2021-06-15 03:22:32.884845
2017-08-07,0001-01-01,100552,1163,completed,35,2021-06-15 03:22:32.884845
2017-08-07,0001-01-01,100552,1166,completed,35,2021-06-15 03:22:32.884845
2017-08-07,0001-01-01,100552,1172,completed,35,2021-06-15 03:22:32.884845
2017-08-07,0001-01-01,100552,1176,completed,35,2021-06-15 03:22:32.884845
2017-08-07,0001-01-01,100555,1367,completed,35,2021-06-15 03:22:32.884845
2017-08-07,0001-01-01,100555,1155,completed,35,2021-06-15 03:22:32.884845
2017-08-07,0001-01-01,100576,1130,completed,35,2021-06-15 03:22:32.884845
2017-08-07,0001-01-01,100576,1232,completed,35,2021-06-15 03:22:32.884845
2017-08-07,0001-01-01,100576,1233,completed,35,2021-06-15 03:22:32.884845
2017-08-07,0001-01-01,100576,1137,completed,35,2021-06-15 03:22:32.884845
2017-08-07,0001-01-01,100576,1139,completed,35,2021-06-15 03:22:32.884845
2017-08-07,0001-01-01,100599,1309,completed,35,2021-06-15 03:22:32.884845
2017-08-07,0001-01-01,100599,1310,completed,35,2021-06-15 03:22:32.884845
2017-08-07,0001-01-01,100599,1312,completed,35,2021-06-15 03:22:32.884845
2017-08-07,0001-01-01,100599,1313,completed,35,2021-06-15 03:22:32.884845
2017-08-07,0001-01-01,100619,1138,completed,35,2021-06-15 03:22:32.884845
2017-08-07,0001-01-01,100627,1414,completed,35,2021-06-15 03:22:32.884845
2017-08-07,0001-01-01,100627,1416,completed,35,2021-06-15 03:22:32.884845
2017-08-07,0001-01-01,100627,1418,completed,35,2021-06-15 03:22:32.884845
2017-08-07,0001-01-01,100642,1369,completed,35,2021-06-15 03:22:32.884845
2017-08-07,0001-01-01,100646,1152,completed,35,2021-06-15 03:22:32.884845
2017-08-07,0001-01-01,100646,1154,completed,35,2021-06-15 03:22:32.884845
2017-08-07,0001-01-01,100646,1155,completed,35,2021-06-15 03:22:32.884845
2017-08-07,0001-01-01,100662,1420,completed,35,2021-06-15 03:22:32.884845
2017-08-07,0001-01-01,100662,1422,completed,35,2021-06-15 03:22:32.884845
2017-08-07,0001-01-01,100684,1422,completed,35,2021-06-15 03:22:32.884845
2017-08-07,0001-01-01,100684,1130,completed,35,2021-06-15 03:22:32.884845
2017-08-07,0001-01-01,100684,1238,completed,35,2021-06-15 03:22:32.884845
2017-08-07,0001-01-01,100689,1381,completed,35,2021-06-15 03:22:32.884845
2017-08-07,0001-01-01,100698,1371,completed,35,2021-06-15 03:22:32.884845
2017-08-07,0001-01-01,100698,1372,completed,35,2021-06-15 03:22:32.884845
2017-08-07,0001-01-01,100698,1374,completed,35,2021-06-15 03:22:32.884845
2017-08-07,0001-01-01,100698,1375,completed,35,2021-06-15 03:22:32.884845
2017-08-07,0001-01-01,100698,1377,completed,35,2021-06-15 03:22:32.884845
2017-08-07,0001-01-01,100700,1421,completed,35,2021-06-15 03:22:32.884845
2017-08-07,0001-01-01,100701,1420,completed,35,2021-06-15 03:22:32.884845
2017-08-07,0001-01-01,100701,1421,completed,35,2021-06-15 03:22:32.884845
2017-08-07,0001-01-01,100701,1422,completed,35,2021-06-15 03:22:32.884845
2017-08-07,0001-01-01,100706,1162,completed,35,2021-06-15 03:22:32.884845
2017-08-07,0001-01-01,100708,1415,completed,35,2021-06-15 03:22:32.884845
2017-08-07,0001-01-01,100708,1417,completed,35,2021-06-15 03:22:32.884845
2017-08-07,0001-01-01,100708,1418,completed,35,2021-06-15 03:22:32.884845
2017-08-07,0001-01-01,100708,1421,completed,35,2021-06-15 03:22:32.884845
2017-08-07,0001-01-01,100713,1309,completed,35,2021-06-15 03:22:32.884845
2017-08-07,0001-01-01,100713,1310,completed,35,2021-06-15 03:22:32.884845
2017-08-07,0001-01-01,100713,1311,completed,35,2021-06-15 03:22:32.884845
2017-08-07,0001-01-01,100713,1352,completed,35,2021-06-15 03:22:32.884845
2017-08-07,0001-01-01,100716,1373,completed,35,2021-06-15 03:22:32.884845
2017-08-07,0001-01-01,100716,1380,completed,35,2021-06-15 03:22:32.884845
2017-08-07,0001-01-01,100729,1142,completed,35,2021-06-15 03:22:32.884845
2017-08-07,0001-01-01,100729,1147,completed,35,2021-06-15 03:22:32.884845
2017-08-07,0001-01-01,100729,1157,completed,35,2021-06-15 03:22:32.884845
2017-08-07,0001-01-01,100729,1164,completed,35,2021-06-15 03:22:32.884845
2017-08-07,0001-01-01,100734,1414,completed,35,2021-06-15 03:22:32.884845
2017-08-07,0001-01-01,100734,1415,completed,35,2021-06-15 03:22:32.884845
2017-08-07,0001-01-01,100734,1120,completed,35,2021-06-15 03:22:32.884845
2017-08-07,0001-01-01,100734,1420,completed,35,2021-06-15 03:22:32.884845
2017-08-07,0001-01-01,100779,1238,completed,35,2021-06-15 03:22:32.884845
2017-08-07,0001-01-01,100779,1241,completed,35,2021-06-15 03:22:32.884845
2017-08-07,0001-01-01,100785,1307,completed,35,2021-06-15 03:22:32.884845
2017-08-07,0001-01-01,100785,1309,completed,35,2021-06-15 03:22:32.884845
2017-08-07,0001-01-01,100785,1311,completed,35,2021-06-15 03:22:32.884845
2017-08-07,0001-01-01,100785,1313,completed,35,2021-06-15 03:22:32.884845
2017-08-07,0001-01-01,100788,1421,completed,35,2021-06-15 03:22:32.884845
2017-08-07,0001-01-01,100788,1422,completed,35,2021-06-15 03:22:32.884845
2017-08-07,0001-01-01,100800,1360,completed,35,2021-06-15 03:22:32.884845
2017-08-07,0001-01-01,100800,1363,completed,35,2021-06-15 03:22:32.884845
2017-08-07,0001-01-01,100800,1143,completed,35,2021-06-15 03:22:32.884845
2017-08-07,0001-01-01,100800,1366,completed,35,2021-06-15 03:22:32.884845
2017-08-07,0001-01-01,100806,1345,completed,35,2021-06-15 03:22:32.884845
2017-08-07,0001-01-01,100806,1420,completed,35,2021-06-15 03:22:32.884845
2017-08-07,0001-01-01,100806,1421,completed,35,2021-06-15 03:22:32.884845
2017-08-07,0001-01-01,100806,1422,completed,35,2021-06-15 03:22:32.884845
2017-08-07,0001-01-01,100807,1347,completed,35,2021-06-15 03:22:32.884845
2017-08-07,0001-01-01,100807,1309,completed,35,2021-06-15 03:22:32.884845
2017-08-07,0001-01-01,100807,1312,completed,35,2021-06-15 03:22:32.884845
2017-08-07,0001-01-01,100807,1313,completed,35,2021-06-15 03:22:32.884845
2017-08-07,0001-01-01,100810,1148,completed,35,2021-06-15 03:22:32.884845
2017-08-07,0001-01-01,100810,1154,completed,35,2021-06-15 03:22:32.884845
2017-08-07,0001-01-01,100825,1143,completed,35,2021-06-15 03:22:32.884845
2017-08-07,0001-01-01,100825,1370,completed,35,2021-06-15 03:22:32.884845
2017-08-07,0001-01-01,100825,1371,completed,35,2021-06-15 03:22:32.884845
2017-08-07,0001-01-01,100825,1374,completed,35,2021-06-15 03:22:32.884845
2017-08-07,0001-01-01,100825,1375,completed,35,2021-06-15 03:22:32.884845
2017-08-07,0001-01-01,100827,1358,completed,35,2021-06-15 03:22:32.884845
2017-08-07,0001-01-01,100829,1420,completed,35,2021-06-15 03:22:32.884845
2017-08-07,0001-01-01,100829,1422,completed,35,2021-06-15 03:22:32.884845
2017-08-07,0001-01-01,100829,1311,completed,35,2021-06-15 03:22:32.884845
2017-08-07,0001-01-01,100829,1358,completed,35,2021-06-15 03:22:32.884845
2017-08-07,0001-01-01,100845,1312,completed,35,2021-06-15 03:22:32.884845
2017-08-07,0001-01-01,100845,1313,completed,35,2021-06-15 03:22:32.884845
2017-08-07,0001-01-01,100845,1142,completed,35,2021-06-15 03:22:32.884845
2017-08-07,0001-01-01,100847,1312,completed,35,2021-06-15 03:22:32.884845
2017-08-07,0001-01-01,100851,1305,completed,35,2021-06-15 03:22:32.884845
2017-08-07,0001-01-01,100851,1306,completed,35,2021-06-15 03:22:32.884845
2017-08-07,0001-01-01,100851,1307,completed,35,2021-06-15 03:22:32.884845
2017-08-07,0001-01-01,100851,1310,completed,35,2021-06-15 03:22:32.884845
2017-08-07,0001-01-01,100851,1311,completed,35,2021-06-15 03:22:32.884845
2017-08-07,0001-01-01,100866,1311,completed,35,2021-06-15 03:22:32.884845
2017-08-07,0001-01-01,100866,1312,completed,35,2021-06-15 03:22:32.884845
2017-08-07,0001-01-01,100866,1313,completed,35,2021-06-15 03:22:32.884845
2017-08-07,0001-01-01,100913,1307,completed,35,2021-06-15 03:22:32.884845
2017-08-07,0001-01-01,100913,1309,completed,35,2021-06-15 03:22:32.884845
2017-08-07,0001-01-01,100913,1310,completed,35,2021-06-15 03:22:32.884845
2017-08-07,0001-01-01,100945,1132,completed,35,2021-06-15 03:22:32.884845
2017-08-07,0001-01-01,100945,1136,completed,35,2021-06-15 03:22:32.884845
2017-08-07,0001-01-01,100945,1138,completed,35,2021-06-15 03:22:32.884845
2017-08-07,0001-01-01,100945,1139,completed,35,2021-06-15 03:22:32.884845
2017-08-07,0001-01-01,100951,1421,completed,35,2021-06-15 03:22:32.884845
2017-08-07,0001-01-01,100951,1132,completed,35,2021-06-15 03:22:32.884845
2017-08-07,0001-01-01,100952,1151,completed,35,2021-06-15 03:22:32.884845
2017-08-07,0001-01-01,100952,1157,completed,35,2021-06-15 03:22:32.884845
2017-08-07,0001-01-01,100952,1159,completed,35,2021-06-15 03:22:32.884845
2017-08-07,0001-01-01,100952,1161,completed,35,2021-06-15 03:22:32.884845
2017-08-07,0001-01-01,100952,1162,completed,35,2021-06-15 03:22:32.884845
2017-08-07,0001-01-01,100956,1369,completed,35,2021-06-15 03:22:32.884845
2017-08-07,0001-01-01,100956,1373,completed,35,2021-06-15 03:22:32.884845
2017-08-07,0001-01-01,100956,1376,completed,35,2021-06-15 03:22:32.884845
2017-08-07,0001-01-01,100956,1377,completed,35,2021-06-15 03:22:32.884845
2017-08-07,0001-01-01,100958,1365,completed,35,2021-06-15 03:22:32.884845
2017-08-07,0001-01-01,100958,1370,completed,35,2021-06-15 03:22:32.884845
2017-08-07,0001-01-01,100958,1372,completed,35,2021-06-15 03:22:32.884845
2017-08-07,0001-01-01,100963,1371,completed,35,2021-06-15 03:22:32.884845
2017-08-07,0001-01-01,100963,1374,completed,35,2021-06-15 03:22:32.884845
2017-08-07,0001-01-01,100963,1379,completed,35,2021-06-15 03:22:32.884845
2017-08-07,0001-01-01,100964,1305,completed,35,2021-06-15 03:22:32.884845
2017-08-07,0001-01-01,100964,1306,completed,35,2021-06-15 03:22:32.884845
2017-08-07,0001-01-01,100964,1310,completed,35,2021-06-15 03:22:32.884845
2017-08-07,0001-01-01,100967,1369,completed,35,2021-06-15 03:22:32.884845
2017-08-07,0001-01-01,100967,1150,completed,35,2021-06-15 03:22:32.884845
2017-08-07,0001-01-01,100971,1162,completed,35,2021-06-15 03:22:32.884845
2017-08-07,0001-01-01,100981,1418,completed,35,2021-06-15 03:22:32.884845
2017-08-07,0001-01-01,100981,1422,completed,35,2021-06-15 03:22:32.884845
2017-08-07,0001-01-01,100981,1130,completed,35,2021-06-15 03:22:32.884845
2017-08-07,0001-01-01,100995,1310,completed,35,2021-06-15 03:22:32.884845
2017-08-07,0001-01-01,100995,1311,completed,35,2021-06-15 03:22:32.884845
2017-08-07,0001-01-01,100995,1312,completed,35,2021-06-15 03:22:32.884845
2018-01-08,0001-01-01,103000,1281,completed,36,2021-06-15 03:57:00.729476
2018-01-08,0001-01-01,103000,1277,completed,36,2021-06-15 03:57:00.729476
2018-01-08,0001-01-01,103000,1289,completed,36,2021-06-15 03:57:00.729476
2018-01-08,0001-01-01,103000,1282,completed,36,2021-06-15 03:57:00.729476
2018-01-08,0001-01-01,103005,1252,completed,36,2021-06-15 03:57:00.729476
2018-01-08,0001-01-01,103005,1260,completed,36,2021-06-15 03:57:00.729476
2018-01-08,0001-01-01,103009,1281,completed,36,2021-06-15 03:57:00.729476
2018-01-08,0001-01-01,103009,1277,completed,36,2021-06-15 03:57:00.729476
2018-01-08,0001-01-01,103009,1289,completed,36,2021-06-15 03:57:00.729476
2018-01-08,0001-01-01,103011,1101,completed,36,2021-06-15 03:57:00.729476
2018-01-08,0001-01-01,103011,1201,completed,36,2021-06-15 03:57:00.729476
2018-01-08,0001-01-01,103012,1391,completed,36,2021-06-15 03:57:00.729476
2018-01-08,0001-01-01,103012,1396,completed,36,2021-06-15 03:57:00.729476
2018-01-08,0001-01-01,103012,1392,completed,36,2021-06-15 03:57:00.729476
2018-01-08,0001-01-01,103012,1404,completed,36,2021-06-15 03:57:00.729476
2018-01-08,0001-01-01,103037,1316,completed,36,2021-06-15 03:57:00.729476
2018-01-08,0001-01-01,103037,1321,completed,36,2021-06-15 03:57:00.729476
2018-01-08,0001-01-01,103037,1322,completed,36,2021-06-15 03:57:00.729476
2018-01-08,0001-01-01,103037,1330,completed,36,2021-06-15 03:57:00.729476
2018-01-08,0001-01-01,103055,1207,completed,36,2021-06-15 03:57:00.729476
2018-01-08,0001-01-01,103055,1196,completed,36,2021-06-15 03:57:00.729476
2018-01-08,0001-01-01,103066,1202,completed,36,2021-06-15 03:57:00.729476
2018-01-08,0001-01-01,103068,1277,completed,36,2021-06-15 03:57:00.729476
2018-01-08,0001-01-01,103068,1282,completed,36,2021-06-15 03:57:00.729476
2018-01-08,0001-01-01,103068,1290,completed,36,2021-06-15 03:57:00.729476
2018-01-08,0001-01-01,103068,1279,completed,36,2021-06-15 03:57:00.729476
2018-01-08,0001-01-01,103070,1405,completed,36,2021-06-15 03:57:00.729476
2018-01-08,0001-01-01,103070,1252,completed,36,2021-06-15 03:57:00.729476
2018-01-08,0001-01-01,103070,1253,completed,36,2021-06-15 03:57:00.729476
2018-01-08,0001-01-01,103087,1249,completed,36,2021-06-15 03:57:00.729476
2018-01-08,0001-01-01,103097,1330,completed,36,2021-06-15 03:57:00.729476
2018-01-08,0001-01-01,103097,1331,completed,36,2021-06-15 03:57:00.729476
2018-01-08,0001-01-01,103097,1320,completed,36,2021-06-15 03:57:00.729476
2018-01-08,0001-01-01,103097,1327,completed,36,2021-06-15 03:57:00.729476
2018-01-08,0001-01-01,103108,1256,completed,36,2021-06-15 03:57:00.729476
2018-01-08,0001-01-01,103108,1249,completed,36,2021-06-15 03:57:00.729476
2018-01-08,0001-01-01,103108,1199,completed,36,2021-06-15 03:57:00.729476
2018-01-08,0001-01-01,103110,1402,completed,36,2021-06-15 03:57:00.729476
2018-01-08,0001-01-01,103110,1395,completed,36,2021-06-15 03:57:00.729476
2018-01-08,0001-01-01,103110,1391,completed,36,2021-06-15 03:57:00.729476
2018-01-08,0001-01-01,103116,1196,completed,36,2021-06-15 03:57:00.729476
2018-01-08,0001-01-01,103116,1101,completed,36,2021-06-15 03:57:00.729476
2018-01-08,0001-01-01,103120,1103,completed,36,2021-06-15 03:57:00.729476
2018-01-08,0001-01-01,103120,1112,completed,36,2021-06-15 03:57:00.729476
2018-01-08,0001-01-01,103134,1402,completed,36,2021-06-15 03:57:00.729476
2018-01-08,0001-01-01,103134,1391,completed,36,2021-06-15 03:57:00.729476
2018-01-08,0001-01-01,103134,1396,completed,36,2021-06-15 03:57:00.729476
2018-01-08,0001-01-01,103135,1282,completed,36,2021-06-15 03:57:00.729476
2018-01-08,0001-01-01,103135,1279,completed,36,2021-06-15 03:57:00.729476
2018-01-08,0001-01-01,103135,1291,completed,36,2021-06-15 03:57:00.729476
2018-01-08,0001-01-01,103140,1282,completed,36,2021-06-15 03:57:00.729476
2018-01-08,0001-01-01,103140,1290,completed,36,2021-06-15 03:57:00.729476
2018-01-08,0001-01-01,103140,1283,completed,36,2021-06-15 03:57:00.729476
2018-01-08,0001-01-01,103148,1277,completed,36,2021-06-15 03:57:00.729476
2018-01-08,0001-01-01,103148,1290,completed,36,2021-06-15 03:57:00.729476
2018-01-08,0001-01-01,103148,1283,completed,36,2021-06-15 03:57:00.729476
2018-01-08,0001-01-01,103171,1318,completed,36,2021-06-15 03:57:00.729476
2018-01-08,0001-01-01,103171,1330,completed,36,2021-06-15 03:57:00.729476
2018-01-08,0001-01-01,103171,1320,completed,36,2021-06-15 03:57:00.729476
2018-01-08,0001-01-01,103171,1325,completed,36,2021-06-15 03:57:00.729476
2018-01-08,0001-01-01,103171,1333,completed,36,2021-06-15 03:57:00.729476
2018-01-08,0001-01-01,103191,1249,completed,36,2021-06-15 03:57:00.729476
2018-01-08,0001-01-01,103191,1207,completed,36,2021-06-15 03:57:00.729476
2018-01-08,0001-01-01,103191,1246,completed,36,2021-06-15 03:57:00.729476
2018-01-08,0001-01-01,103202,1321,completed,36,2021-06-15 03:57:00.729476
2018-01-08,0001-01-01,103202,1324,completed,36,2021-06-15 03:57:00.729476
2018-01-08,0001-01-01,103202,1332,completed,36,2021-06-15 03:57:00.729476
2018-01-08,0001-01-01,103213,1293,completed,36,2021-06-15 03:57:00.729476
2018-01-08,0001-01-01,103249,1324,completed,36,2021-06-15 03:57:00.729476
2018-01-08,0001-01-01,103249,1333,completed,36,2021-06-15 03:57:00.729476
2018-01-08,0001-01-01,103249,1334,completed,36,2021-06-15 03:57:00.729476
2018-01-08,0001-01-01,103257,1396,completed,36,2021-06-15 03:57:00.729476
2018-01-08,0001-01-01,103257,1393,completed,36,2021-06-15 03:57:00.729476
2018-01-08,0001-01-01,103258,1392,completed,36,2021-06-15 03:57:00.729476
2018-01-08,0001-01-01,103258,1323,completed,36,2021-06-15 03:57:00.729476
2018-01-08,0001-01-01,103263,1107,completed,36,2021-06-15 03:57:00.729476
2018-01-08,0001-01-01,103275,1194,completed,36,2021-06-15 03:57:00.729476
2018-01-08,0001-01-01,103275,1283,completed,36,2021-06-15 03:57:00.729476
2018-01-08,0001-01-01,103297,1246,completed,36,2021-06-15 03:57:00.729476
2018-01-08,0001-01-01,103297,1405,completed,36,2021-06-15 03:57:00.729476
2018-01-08,0001-01-01,103300,1259,completed,36,2021-06-15 03:57:00.729476
2018-01-08,0001-01-01,103307,1277,completed,36,2021-06-15 03:57:00.729476
2018-01-08,0001-01-01,103307,1290,completed,36,2021-06-15 03:57:00.729476
2018-01-08,0001-01-01,103307,1283,completed,36,2021-06-15 03:57:00.729476
2018-01-08,0001-01-01,103307,1279,completed,36,2021-06-15 03:57:00.729476
2018-01-08,0001-01-01,103307,1393,completed,36,2021-06-15 03:57:00.729476
2018-01-08,0001-01-01,103339,1102,completed,36,2021-06-15 03:57:00.729476
2018-01-08,0001-01-01,103340,1290,completed,36,2021-06-15 03:57:00.729476
2018-01-08,0001-01-01,103359,1281,completed,36,2021-06-15 03:57:00.729476
2018-01-08,0001-01-01,103359,1289,completed,36,2021-06-15 03:57:00.729476
2018-01-08,0001-01-01,103359,1282,completed,36,2021-06-15 03:57:00.729476
2018-01-08,0001-01-01,103385,1331,completed,36,2021-06-15 03:57:00.729476
2018-01-08,0001-01-01,103385,1320,completed,36,2021-06-15 03:57:00.729476
2018-01-08,0001-01-01,103400,1249,completed,36,2021-06-15 03:57:00.729476
2018-01-08,0001-01-01,103400,1207,completed,36,2021-06-15 03:57:00.729476
2018-01-08,0001-01-01,103400,1250,completed,36,2021-06-15 03:57:00.729476
2018-01-08,0001-01-01,103403,1201,completed,36,2021-06-15 03:57:00.729476
2018-01-08,0001-01-01,103403,1247,completed,36,2021-06-15 03:57:00.729476
2018-01-08,0001-01-01,103403,1197,completed,36,2021-06-15 03:57:00.729476
2018-01-08,0001-01-01,103403,1102,completed,36,2021-06-15 03:57:00.729476
2018-01-08,0001-01-01,103450,1318,completed,36,2021-06-15 03:57:00.729476
2018-01-08,0001-01-01,103468,1291,completed,36,2021-06-15 03:57:00.729476
2018-01-08,0001-01-01,103468,1102,completed,36,2021-06-15 03:57:00.729476
2018-01-08,0001-01-01,103468,1284,completed,36,2021-06-15 03:57:00.729476
2018-01-08,0001-01-01,103468,1280,completed,36,2021-06-15 03:57:00.729476
2018-01-08,0001-01-01,103469,1319,completed,36,2021-06-15 03:57:00.729476
2018-01-08,0001-01-01,103469,1331,completed,36,2021-06-15 03:57:00.729476
2018-01-08,0001-01-01,103469,1333,completed,36,2021-06-15 03:57:00.729476
2018-01-08,0001-01-01,103476,1107,completed,36,2021-06-15 03:57:00.729476
2018-01-08,0001-01-01,103476,1247,completed,36,2021-06-15 03:57:00.729476
2018-01-08,0001-01-01,103496,1099,completed,36,2021-06-15 03:57:00.729476
2018-01-08,0001-01-01,103496,1199,completed,36,2021-06-15 03:57:00.729476
2018-01-08,0001-01-01,103496,1245,completed,36,2021-06-15 03:57:00.729476
2018-01-08,0001-01-01,103496,1107,completed,36,2021-06-15 03:57:00.729476
2018-01-08,0001-01-01,103503,1246,completed,36,2021-06-15 03:57:00.729476
2018-01-08,0001-01-01,103503,1283,completed,36,2021-06-15 03:57:00.729476
2018-01-08,0001-01-01,103503,1258,completed,36,2021-06-15 03:57:00.729476
2018-01-08,0001-01-01,103512,1282,completed,36,2021-06-15 03:57:00.729476
2018-01-08,0001-01-01,103512,1290,completed,36,2021-06-15 03:57:00.729476
2018-01-08,0001-01-01,103512,1279,completed,36,2021-06-15 03:57:00.729476
2018-01-08,0001-01-01,103512,1291,completed,36,2021-06-15 03:57:00.729476
2018-01-08,0001-01-01,103520,1395,completed,36,2021-06-15 03:57:00.729476
2018-01-08,0001-01-01,103520,1391,completed,36,2021-06-15 03:57:00.729476
2018-01-08,0001-01-01,103520,1403,completed,36,2021-06-15 03:57:00.729476
2018-01-08,0001-01-01,103520,1282,completed,36,2021-06-15 03:57:00.729476
2018-01-08,0001-01-01,103527,1200,completed,36,2021-06-15 03:57:00.729476
2018-01-08,0001-01-01,103535,1290,completed,36,2021-06-15 03:57:00.729476
2018-01-08,0001-01-01,103535,1283,completed,36,2021-06-15 03:57:00.729476
2018-01-08,0001-01-01,103535,1279,completed,36,2021-06-15 03:57:00.729476
2018-01-08,0001-01-01,103535,1284,completed,36,2021-06-15 03:57:00.729476
2018-01-08,0001-01-01,103544,1258,completed,36,2021-06-15 03:57:00.729476
2018-01-08,0001-01-01,103554,1199,completed,36,2021-06-15 03:57:00.729476
2018-01-08,0001-01-01,103555,1330,completed,36,2021-06-15 03:57:00.729476
2018-01-08,0001-01-01,103555,1196,completed,36,2021-06-15 03:57:00.729476
2018-01-08,0001-01-01,103562,1318,completed,36,2021-06-15 03:57:00.729476
2018-01-08,0001-01-01,103562,1330,completed,36,2021-06-15 03:57:00.729476
2018-01-08,0001-01-01,103562,1331,completed,36,2021-06-15 03:57:00.729476
2018-01-08,0001-01-01,103596,1282,completed,36,2021-06-15 03:57:00.729476
2018-01-08,0001-01-01,103596,1283,completed,36,2021-06-15 03:57:00.729476
2018-01-08,0001-01-01,103596,1291,completed,36,2021-06-15 03:57:00.729476
2018-01-08,0001-01-01,103596,1284,completed,36,2021-06-15 03:57:00.729476
2018-01-08,0001-01-01,103597,1403,completed,36,2021-06-15 03:57:00.729476
2018-01-08,0001-01-01,103597,1396,completed,36,2021-06-15 03:57:00.729476
2018-01-08,0001-01-01,103597,1392,completed,36,2021-06-15 03:57:00.729476
2018-01-08,0001-01-01,103601,1250,completed,36,2021-06-15 03:57:00.729476
2018-01-08,0001-01-01,103601,1290,completed,36,2021-06-15 03:57:00.729476
2018-01-08,0001-01-01,103621,1391,completed,36,2021-06-15 03:57:00.729476
2018-01-08,0001-01-01,103621,1403,completed,36,2021-06-15 03:57:00.729476
2018-01-08,0001-01-01,103621,1396,completed,36,2021-06-15 03:57:00.729476
2018-01-08,0001-01-01,103621,1392,completed,36,2021-06-15 03:57:00.729476
2018-01-08,0001-01-01,103635,1289,completed,36,2021-06-15 03:57:00.729476
2018-01-08,0001-01-01,103635,1282,completed,36,2021-06-15 03:57:00.729476
2018-01-08,0001-01-01,103635,1318,completed,36,2021-06-15 03:57:00.729476
2018-01-08,0001-01-01,103635,1290,completed,36,2021-06-15 03:57:00.729476
2018-01-08,0001-01-01,103635,1283,completed,36,2021-06-15 03:57:00.729476
2018-01-08,0001-01-01,103636,1246,completed,36,2021-06-15 03:57:00.729476
2018-01-08,0001-01-01,103636,1332,completed,36,2021-06-15 03:57:00.729476
2018-01-08,0001-01-01,103636,1325,completed,36,2021-06-15 03:57:00.729476
2018-01-08,0001-01-01,103636,1327,completed,36,2021-06-15 03:57:00.729476
2018-01-08,0001-01-01,103646,1099,completed,36,2021-06-15 03:57:00.729476
2018-01-08,0001-01-01,103646,1249,completed,36,2021-06-15 03:57:00.729476
2018-01-08,0001-01-01,103646,1199,completed,36,2021-06-15 03:57:00.729476
2018-01-08,0001-01-01,103646,1245,completed,36,2021-06-15 03:57:00.729476
2018-01-08,0001-01-01,103649,1395,completed,36,2021-06-15 03:57:00.729476
2018-01-08,0001-01-01,103649,1391,completed,36,2021-06-15 03:57:00.729476
2018-01-08,0001-01-01,103649,1403,completed,36,2021-06-15 03:57:00.729476
2018-01-08,0001-01-01,103651,1403,completed,36,2021-06-15 03:57:00.729476
2018-01-08,0001-01-01,103651,1392,completed,36,2021-06-15 03:57:00.729476
2018-01-08,0001-01-01,103651,1404,completed,36,2021-06-15 03:57:00.729476
2018-01-08,0001-01-01,103651,1290,completed,36,2021-06-15 03:57:00.729476
2018-01-08,0001-01-01,103657,1403,completed,36,2021-06-15 03:57:00.729476
2018-01-08,0001-01-01,103665,1201,completed,36,2021-06-15 03:57:00.729476
2018-01-08,0001-01-01,103667,1282,completed,36,2021-06-15 03:57:00.729476
2018-01-08,0001-01-01,103672,1094,completed,36,2021-06-15 03:57:00.729476
2018-01-08,0001-01-01,103681,1402,completed,36,2021-06-15 03:57:00.729476
2018-01-08,0001-01-01,103681,1395,completed,36,2021-06-15 03:57:00.729476
2018-01-08,0001-01-01,103681,1391,completed,36,2021-06-15 03:57:00.729476
2018-01-08,0001-01-01,103681,1403,completed,36,2021-06-15 03:57:00.729476
2018-01-08,0001-01-01,103685,1402,completed,36,2021-06-15 03:57:00.729476
2018-01-08,0001-01-01,103685,1395,completed,36,2021-06-15 03:57:00.729476
2018-01-08,0001-01-01,103685,1391,completed,36,2021-06-15 03:57:00.729476
2018-01-08,0001-01-01,103695,1321,completed,36,2021-06-15 03:57:00.729476
2018-01-08,0001-01-01,103695,1245,completed,36,2021-06-15 03:57:00.729476
2018-01-08,0001-01-01,103695,1320,completed,36,2021-06-15 03:57:00.729476
2018-01-08,0001-01-01,103706,1328,completed,36,2021-06-15 03:57:00.729476
2018-01-08,0001-01-01,103706,1329,completed,36,2021-06-15 03:57:00.729476
2018-01-08,0001-01-01,103713,1202,completed,36,2021-06-15 03:57:00.729476
2018-01-08,0001-01-01,103713,1263,completed,36,2021-06-15 03:57:00.729476
2018-01-08,0001-01-01,103713,1115,completed,36,2021-06-15 03:57:00.729476
2018-01-08,0001-01-01,103720,1202,completed,36,2021-06-15 03:57:00.729476
2018-01-08,0001-01-01,103720,1260,completed,36,2021-06-15 03:57:00.729476
2018-01-08,0001-01-01,103720,1333,completed,36,2021-06-15 03:57:00.729476
2018-01-08,0001-01-01,103720,1112,completed,36,2021-06-15 03:57:00.729476
2018-01-08,0001-01-01,103729,1403,completed,36,2021-06-15 03:57:00.729476
2018-01-08,0001-01-01,103729,1396,completed,36,2021-06-15 03:57:00.729476
2018-01-08,0001-01-01,103729,1392,completed,36,2021-06-15 03:57:00.729476
2018-01-08,0001-01-01,103740,1289,completed,36,2021-06-15 03:57:00.729476
2018-01-08,0001-01-01,103740,1282,completed,36,2021-06-15 03:57:00.729476
2018-01-08,0001-01-01,103740,1290,completed,36,2021-06-15 03:57:00.729476
2018-01-08,0001-01-01,103743,1290,completed,36,2021-06-15 03:57:00.729476
2018-01-08,0001-01-01,103743,1279,completed,36,2021-06-15 03:57:00.729476
2018-01-08,0001-01-01,103743,1291,completed,36,2021-06-15 03:57:00.729476
2018-01-08,0001-01-01,103747,1395,completed,36,2021-06-15 03:57:00.729476
2018-01-08,0001-01-01,103747,1391,completed,36,2021-06-15 03:57:00.729476
2018-01-08,0001-01-01,103747,1396,completed,36,2021-06-15 03:57:00.729476
2018-01-08,0001-01-01,103747,1393,completed,36,2021-06-15 03:57:00.729476
2018-01-08,0001-01-01,103761,1286,completed,36,2021-06-15 03:57:00.729476
2018-01-08,0001-01-01,103761,1261,completed,36,2021-06-15 03:57:00.729476
2018-01-08,0001-01-01,103761,1262,completed,36,2021-06-15 03:57:00.729476
2018-01-08,0001-01-01,103784,1207,completed,36,2021-06-15 03:57:00.729476
2018-01-08,0001-01-01,103784,1247,completed,36,2021-06-15 03:57:00.729476
2018-01-08,0001-01-01,103798,1107,completed,36,2021-06-15 03:57:00.729476
2018-01-08,0001-01-01,103798,1096,completed,36,2021-06-15 03:57:00.729476
2018-01-08,0001-01-01,103798,1097,completed,36,2021-06-15 03:57:00.729476
2018-01-08,0001-01-01,103798,1103,completed,36,2021-06-15 03:57:00.729476
2018-01-08,0001-01-01,103799,1402,completed,36,2021-06-15 03:57:00.729476
2018-01-08,0001-01-01,103812,1207,completed,36,2021-06-15 03:57:00.729476
2018-01-08,0001-01-01,103812,1197,completed,36,2021-06-15 03:57:00.729476
2018-01-08,0001-01-01,103812,1203,completed,36,2021-06-15 03:57:00.729476
2018-01-08,0001-01-01,103818,1322,completed,36,2021-06-15 03:57:00.729476
2018-01-08,0001-01-01,103818,1282,completed,36,2021-06-15 03:57:00.729476
2018-01-08,0001-01-01,103818,1323,completed,36,2021-06-15 03:57:00.729476
2018-01-08,0001-01-01,103828,1323,completed,36,2021-06-15 03:57:00.729476
2018-01-08,0001-01-01,103828,1319,completed,36,2021-06-15 03:57:00.729476
2018-01-08,0001-01-01,103828,1320,completed,36,2021-06-15 03:57:00.729476
2018-01-08,0001-01-01,103836,1331,completed,36,2021-06-15 03:57:00.729476
2018-01-08,0001-01-01,103836,1259,completed,36,2021-06-15 03:57:00.729476
2018-01-08,0001-01-01,103836,1333,completed,36,2021-06-15 03:57:00.729476
2018-01-08,0001-01-01,103847,1196,completed,36,2021-06-15 03:57:00.729476
2018-01-08,0001-01-01,103847,1102,completed,36,2021-06-15 03:57:00.729476
2018-01-08,0001-01-01,103847,1394,completed,36,2021-06-15 03:57:00.729476
2018-01-08,0001-01-01,103847,1098,completed,36,2021-06-15 03:57:00.729476
2018-01-08,0001-01-01,103852,1328,completed,36,2021-06-15 03:57:00.729476
2018-01-08,0001-01-01,103852,1329,completed,36,2021-06-15 03:57:00.729476
2018-01-08,0001-01-01,103852,1330,completed,36,2021-06-15 03:57:00.729476
2018-01-08,0001-01-01,103856,1322,completed,36,2021-06-15 03:57:00.729476
2018-01-08,0001-01-01,103856,1319,completed,36,2021-06-15 03:57:00.729476
2018-01-08,0001-01-01,103857,1391,completed,36,2021-06-15 03:57:00.729476
2018-01-08,0001-01-01,103857,1403,completed,36,2021-06-15 03:57:00.729476
2018-01-08,0001-01-01,103857,1396,completed,36,2021-06-15 03:57:00.729476
2018-01-08,0001-01-01,103863,1396,completed,36,2021-06-15 03:57:00.729476
2018-01-08,0001-01-01,103863,1392,completed,36,2021-06-15 03:57:00.729476
2018-01-08,0001-01-01,103863,1404,completed,36,2021-06-15 03:57:00.729476
2018-01-08,0001-01-01,103863,1283,completed,36,2021-06-15 03:57:00.729476
2018-01-08,0001-01-01,103891,1107,completed,36,2021-06-15 03:57:00.729476
2018-01-08,0001-01-01,103924,1318,completed,36,2021-06-15 03:57:00.729476
2018-01-08,0001-01-01,103924,1283,completed,36,2021-06-15 03:57:00.729476
2018-01-08,0001-01-01,103924,1291,completed,36,2021-06-15 03:57:00.729476
2018-01-08,0001-01-01,103924,1284,completed,36,2021-06-15 03:57:00.729476
2018-01-08,0001-01-01,103928,1329,completed,36,2021-06-15 03:57:00.729476
2018-01-08,0001-01-01,103928,1322,completed,36,2021-06-15 03:57:00.729476
2018-01-08,0001-01-01,103928,1323,completed,36,2021-06-15 03:57:00.729476
2018-01-08,0001-01-01,103928,1279,completed,36,2021-06-15 03:57:00.729476
2018-01-08,0001-01-01,103929,1095,completed,36,2021-06-15 03:57:00.729476
2018-01-08,0001-01-01,103939,1095,completed,36,2021-06-15 03:57:00.729476
2018-01-08,0001-01-01,103939,1289,completed,36,2021-06-15 03:57:00.729476
2018-01-08,0001-01-01,103939,1096,completed,36,2021-06-15 03:57:00.729476
2018-01-08,0001-01-01,103939,1101,completed,36,2021-06-15 03:57:00.729476
2018-01-08,0001-01-01,103942,1097,completed,36,2021-06-15 03:57:00.729476
2018-01-08,0001-01-01,103942,1098,completed,36,2021-06-15 03:57:00.729476
2018-01-08,0001-01-01,103942,1210,completed,36,2021-06-15 03:57:00.729476
2018-01-08,0001-01-01,103943,1194,completed,36,2021-06-15 03:57:00.729476
2018-01-08,0001-01-01,103943,1245,completed,36,2021-06-15 03:57:00.729476
2018-01-08,0001-01-01,103943,1258,completed,36,2021-06-15 03:57:00.729476
2018-01-08,0001-01-01,103948,1318,completed,36,2021-06-15 03:57:00.729476
2018-01-08,0001-01-01,103948,1331,completed,36,2021-06-15 03:57:00.729476
2018-01-08,0001-01-01,103948,1320,completed,36,2021-06-15 03:57:00.729476
2018-01-08,0001-01-01,103952,1395,completed,36,2021-06-15 03:57:00.729476
2018-01-08,0001-01-01,103952,1391,completed,36,2021-06-15 03:57:00.729476
2018-01-08,0001-01-01,103952,1403,completed,36,2021-06-15 03:57:00.729476
2018-01-08,0001-01-01,103952,1396,completed,36,2021-06-15 03:57:00.729476
2018-01-08,0001-01-01,103955,1289,completed,36,2021-06-15 03:57:00.729476
2018-01-08,0001-01-01,103955,1282,completed,36,2021-06-15 03:57:00.729476
2018-01-08,0001-01-01,103955,1290,completed,36,2021-06-15 03:57:00.729476
2018-01-08,0001-01-01,103975,1391,completed,36,2021-06-15 03:57:00.729476
2018-01-08,0001-01-01,103975,1403,completed,36,2021-06-15 03:57:00.729476
2018-01-08,0001-01-01,103975,1396,completed,36,2021-06-15 03:57:00.729476
2018-01-08,0001-01-01,103975,1392,completed,36,2021-06-15 03:57:00.729476
2018-01-08,0001-01-01,103980,1323,completed,36,2021-06-15 03:57:00.729476
2018-01-08,0001-01-01,103980,1247,completed,36,2021-06-15 03:57:00.729476
2018-01-08,0001-01-01,103980,1197,completed,36,2021-06-15 03:57:00.729476
2018-01-08,0001-01-01,103980,1259,completed,36,2021-06-15 03:57:00.729476
2018-01-08,0001-01-01,103989,1196,completed,36,2021-06-15 03:57:00.729476
2018-01-08,0001-01-01,103989,1324,completed,36,2021-06-15 03:57:00.729476
2018-01-08,0001-01-01,103990,1395,completed,36,2021-06-15 03:57:00.729476
2018-01-08,0001-01-01,103990,1391,completed,36,2021-06-15 03:57:00.729476
2018-01-08,0001-01-01,103990,1403,completed,36,2021-06-15 03:57:00.729476
2018-01-08,0001-01-01,103990,1396,completed,36,2021-06-15 03:57:00.729476
2018-01-08,0001-01-01,102000,1270,completed,36,2021-06-15 03:57:00.729476
2018-01-08,0001-01-01,102000,1122,completed,36,2021-06-15 03:57:00.729476
2018-01-08,0001-01-01,102000,1272,completed,36,2021-06-15 03:57:00.729476
2018-01-08,0001-01-01,102000,1228,completed,36,2021-06-15 03:57:00.729476
2018-01-08,0001-01-01,102003,1345,completed,36,2021-06-15 03:57:00.729476
2018-01-08,0001-01-01,102003,1346,completed,36,2021-06-15 03:57:00.729476
2018-01-08,0001-01-01,102003,1349,completed,36,2021-06-15 03:57:00.729476
2018-01-08,0001-01-01,102012,1285,completed,36,2021-06-15 03:57:00.729476
2018-01-08,0001-01-01,102012,1296,completed,36,2021-06-15 03:57:00.729476
2018-01-08,0001-01-01,102012,1297,completed,36,2021-06-15 03:57:00.729476
2018-01-08,0001-01-01,102012,1299,completed,36,2021-06-15 03:57:00.729476
2018-01-08,0001-01-01,102013,1118,completed,36,2021-06-15 03:57:00.729476
2018-01-08,0001-01-01,102013,1125,completed,36,2021-06-15 03:57:00.729476
2018-01-08,0001-01-01,102013,1126,completed,36,2021-06-15 03:57:00.729476
2018-01-08,0001-01-01,102018,1407,completed,36,2021-06-15 03:57:00.729476
2018-01-08,0001-01-01,102018,1400,completed,36,2021-06-15 03:57:00.729476
2018-01-08,0001-01-01,102018,1408,completed,36,2021-06-15 03:57:00.729476
2018-01-08,0001-01-01,102018,1409,completed,36,2021-06-15 03:57:00.729476
2018-01-08,0001-01-01,102031,1104,completed,36,2021-06-15 03:57:00.729476
2018-01-08,0001-01-01,102031,1204,completed,36,2021-06-15 03:57:00.729476
2018-01-08,0001-01-01,102068,1286,completed,36,2021-06-15 03:57:00.729476
2018-01-08,0001-01-01,102068,1294,completed,36,2021-06-15 03:57:00.729476
2018-01-08,0001-01-01,102068,1287,completed,36,2021-06-15 03:57:00.729476
2018-01-08,0001-01-01,102068,1295,completed,36,2021-06-15 03:57:00.729476
2018-01-08,0001-01-01,102070,1221,completed,36,2021-06-15 03:57:00.729476
2018-01-08,0001-01-01,102070,1305,completed,36,2021-06-15 03:57:00.729476
2018-01-08,0001-01-01,102070,1351,completed,36,2021-06-15 03:57:00.729476
2018-01-08,0001-01-01,102070,1352,completed,36,2021-06-15 03:57:00.729476
2018-01-08,0001-01-01,102098,1407,completed,36,2021-06-15 03:57:00.729476
2018-01-08,0001-01-01,102098,1408,completed,36,2021-06-15 03:57:00.729476
2018-01-08,0001-01-01,102098,1401,completed,36,2021-06-15 03:57:00.729476
2018-01-08,0001-01-01,102109,1285,completed,36,2021-06-15 03:57:00.729476
2018-01-08,0001-01-01,102109,1294,completed,36,2021-06-15 03:57:00.729476
2018-01-08,0001-01-01,102109,1287,completed,36,2021-06-15 03:57:00.729476
2018-01-08,0001-01-01,102109,1295,completed,36,2021-06-15 03:57:00.729476
2018-01-08,0001-01-01,102109,1296,completed,36,2021-06-15 03:57:00.729476
2018-01-08,0001-01-01,102120,1269,completed,36,2021-06-15 03:57:00.729476
2018-01-08,0001-01-01,102120,1120,completed,36,2021-06-15 03:57:00.729476
2018-01-08,0001-01-01,102120,1221,completed,36,2021-06-15 03:57:00.729476
2018-01-08,0001-01-01,102120,1223,completed,36,2021-06-15 03:57:00.729476
2018-01-08,0001-01-01,102126,1295,completed,36,2021-06-15 03:57:00.729476
2018-01-08,0001-01-01,102126,1297,completed,36,2021-06-15 03:57:00.729476
2018-01-08,0001-01-01,102130,1400,completed,36,2021-06-15 03:57:00.729476
2018-01-08,0001-01-01,102130,1408,completed,36,2021-06-15 03:57:00.729476
2018-01-08,0001-01-01,102130,1401,completed,36,2021-06-15 03:57:00.729476
2018-01-08,0001-01-01,102130,1410,completed,36,2021-06-15 03:57:00.729476
2018-01-08,0001-01-01,102130,1411,completed,36,2021-06-15 03:57:00.729476
2018-01-08,0001-01-01,102137,1400,completed,36,2021-06-15 03:57:00.729476
2018-01-08,0001-01-01,102137,1408,completed,36,2021-06-15 03:57:00.729476
2018-01-08,0001-01-01,102137,1401,completed,36,2021-06-15 03:57:00.729476
2018-01-08,0001-01-01,102137,1409,completed,36,2021-06-15 03:57:00.729476
2018-01-08,0001-01-01,102138,1216,completed,36,2021-06-15 03:57:00.729476
2018-01-08,0001-01-01,102138,1413,completed,36,2021-06-15 03:57:00.729476
2018-01-08,0001-01-01,102138,1122,completed,36,2021-06-15 03:57:00.729476
2018-01-08,0001-01-01,102138,1222,completed,36,2021-06-15 03:57:00.729476
2018-01-08,0001-01-01,102139,1215,completed,36,2021-06-15 03:57:00.729476
2018-01-08,0001-01-01,102141,1400,completed,36,2021-06-15 03:57:00.729476
2018-01-08,0001-01-01,102141,1408,completed,36,2021-06-15 03:57:00.729476
2018-01-08,0001-01-01,102141,1401,completed,36,2021-06-15 03:57:00.729476
2018-01-08,0001-01-01,102141,1409,completed,36,2021-06-15 03:57:00.729476
2018-01-08,0001-01-01,102164,1225,completed,36,2021-06-15 03:57:00.729476
2018-01-08,0001-01-01,102164,1226,completed,36,2021-06-15 03:57:00.729476
2018-01-08,0001-01-01,102164,1129,completed,36,2021-06-15 03:57:00.729476
2018-01-08,0001-01-01,102164,1135,completed,36,2021-06-15 03:57:00.729476
2018-01-08,0001-01-01,102164,1236,completed,36,2021-06-15 03:57:00.729476
2018-01-08,0001-01-01,102185,1292,completed,36,2021-06-15 03:57:00.729476
2018-01-08,0001-01-01,102185,1406,completed,36,2021-06-15 03:57:00.729476
2018-01-08,0001-01-01,102185,1399,completed,36,2021-06-15 03:57:00.729476
2018-01-08,0001-01-01,102185,1407,completed,36,2021-06-15 03:57:00.729476
2018-01-08,0001-01-01,102213,1335,completed,36,2021-06-15 03:57:00.729476
2018-01-08,0001-01-01,102213,1339,completed,36,2021-06-15 03:57:00.729476
2018-01-08,0001-01-01,102225,1112,completed,36,2021-06-15 03:57:00.729476
2018-01-08,0001-01-01,102225,1262,completed,36,2021-06-15 03:57:00.729476
2018-01-08,0001-01-01,102225,1122,completed,36,2021-06-15 03:57:00.729476
2018-01-08,0001-01-01,102230,1399,completed,36,2021-06-15 03:57:00.729476
2018-01-08,0001-01-01,102230,1293,completed,36,2021-06-15 03:57:00.729476
2018-01-08,0001-01-01,102230,1286,completed,36,2021-06-15 03:57:00.729476
2018-01-08,0001-01-01,102233,1285,completed,36,2021-06-15 03:57:00.729476
2018-01-08,0001-01-01,102233,1293,completed,36,2021-06-15 03:57:00.729476
2018-01-08,0001-01-01,102233,1286,completed,36,2021-06-15 03:57:00.729476
2018-01-08,0001-01-01,102233,1294,completed,36,2021-06-15 03:57:00.729476
2018-01-08,0001-01-01,102247,1112,completed,36,2021-06-15 03:57:00.729476
2018-01-08,0001-01-01,102256,1406,completed,36,2021-06-15 03:57:00.729476
2018-01-08,0001-01-01,102256,1399,completed,36,2021-06-15 03:57:00.729476
2018-01-08,0001-01-01,102256,1400,completed,36,2021-06-15 03:57:00.729476
2018-01-08,0001-01-01,102256,1408,completed,36,2021-06-15 03:57:00.729476
2018-01-08,0001-01-01,102273,1417,completed,36,2021-06-15 03:57:00.729476
2018-01-08,0001-01-01,102273,1343,completed,36,2021-06-15 03:57:00.729476
2018-01-08,0001-01-01,102278,1268,completed,36,2021-06-15 03:57:00.729476
2018-01-08,0001-01-01,102278,1121,completed,36,2021-06-15 03:57:00.729476
2018-01-08,0001-01-01,102285,1285,completed,36,2021-06-15 03:57:00.729476
2018-01-08,0001-01-01,102285,1293,completed,36,2021-06-15 03:57:00.729476
2018-01-08,0001-01-01,102316,1286,completed,36,2021-06-15 03:57:00.729476
2018-01-08,0001-01-01,102316,1294,completed,36,2021-06-15 03:57:00.729476
2018-01-08,0001-01-01,102316,1287,completed,36,2021-06-15 03:57:00.729476
2018-01-08,0001-01-01,102316,1295,completed,36,2021-06-15 03:57:00.729476
2018-01-08,0001-01-01,102318,1292,completed,36,2021-06-15 03:57:00.729476
2018-01-08,0001-01-01,102318,1260,completed,36,2021-06-15 03:57:00.729476
2018-01-08,0001-01-01,102318,1286,completed,36,2021-06-15 03:57:00.729476
2018-01-08,0001-01-01,102318,1294,completed,36,2021-06-15 03:57:00.729476
2018-01-08,0001-01-01,102320,1293,completed,36,2021-06-15 03:57:00.729476
2018-01-08,0001-01-01,102320,1286,completed,36,2021-06-15 03:57:00.729476
2018-01-08,0001-01-01,102320,1294,completed,36,2021-06-15 03:57:00.729476
2018-01-08,0001-01-01,102331,1205,completed,36,2021-06-15 03:57:00.729476
2018-01-08,0001-01-01,102331,1113,completed,36,2021-06-15 03:57:00.729476
2018-01-08,0001-01-01,102363,1343,completed,36,2021-06-15 03:57:00.729476
2018-01-08,0001-01-01,102363,1347,completed,36,2021-06-15 03:57:00.729476
2018-01-08,0001-01-01,102365,1285,completed,36,2021-06-15 03:57:00.729476
2018-01-08,0001-01-01,102365,1293,completed,36,2021-06-15 03:57:00.729476
2018-01-08,0001-01-01,102365,1286,completed,36,2021-06-15 03:57:00.729476
2018-01-08,0001-01-01,102365,1295,completed,36,2021-06-15 03:57:00.729476
2018-01-08,0001-01-01,102368,1407,completed,36,2021-06-15 03:57:00.729476
2018-01-08,0001-01-01,102368,1400,completed,36,2021-06-15 03:57:00.729476
2018-01-08,0001-01-01,102368,1408,completed,36,2021-06-15 03:57:00.729476
2018-01-08,0001-01-01,102368,1401,completed,36,2021-06-15 03:57:00.729476
2018-01-08,0001-01-01,102369,1211,completed,36,2021-06-15 03:57:00.729476
2018-01-08,0001-01-01,102390,1398,completed,36,2021-06-15 03:57:00.729476
2018-01-08,0001-01-01,102390,1394,completed,36,2021-06-15 03:57:00.729476
2018-01-08,0001-01-01,102390,1399,completed,36,2021-06-15 03:57:00.729476
2018-01-08,0001-01-01,102390,1400,completed,36,2021-06-15 03:57:00.729476
2018-01-08,0001-01-01,102390,1408,completed,36,2021-06-15 03:57:00.729476
2018-01-08,0001-01-01,102392,1255,completed,36,2021-06-15 03:57:00.729476
2018-01-08,0001-01-01,102392,1337,completed,36,2021-06-15 03:57:00.729476
2018-01-08,0001-01-01,102392,1215,completed,36,2021-06-15 03:57:00.729476
2018-01-08,0001-01-01,102392,1339,completed,36,2021-06-15 03:57:00.729476
2018-01-08,0001-01-01,102396,1335,completed,36,2021-06-15 03:57:00.729476
2018-01-08,0001-01-01,102396,1343,completed,36,2021-06-15 03:57:00.729476
2018-01-08,0001-01-01,102399,1220,completed,36,2021-06-15 03:57:00.729476
2018-01-08,0001-01-01,102399,1271,completed,36,2021-06-15 03:57:00.729476
2018-01-08,0001-01-01,102399,1222,completed,36,2021-06-15 03:57:00.729476
2018-01-08,0001-01-01,102399,1123,completed,36,2021-06-15 03:57:00.729476
2018-01-08,0001-01-01,102415,1398,completed,36,2021-06-15 03:57:00.729476
2018-01-08,0001-01-01,102415,1394,completed,36,2021-06-15 03:57:00.729476
2018-01-08,0001-01-01,102415,1399,completed,36,2021-06-15 03:57:00.729476
2018-01-08,0001-01-01,102415,1407,completed,36,2021-06-15 03:57:00.729476
2018-01-08,0001-01-01,102443,1285,completed,36,2021-06-15 03:57:00.729476
2018-01-08,0001-01-01,102443,1253,completed,36,2021-06-15 03:57:00.729476
2018-01-08,0001-01-01,102443,1293,completed,36,2021-06-15 03:57:00.729476
2018-01-08,0001-01-01,102443,1294,completed,36,2021-06-15 03:57:00.729476
2018-01-08,0001-01-01,102449,1345,completed,36,2021-06-15 03:57:00.729476
2018-01-08,0001-01-01,102449,1346,completed,36,2021-06-15 03:57:00.729476
2018-01-08,0001-01-01,102449,1351,completed,36,2021-06-15 03:57:00.729476
2018-01-08,0001-01-01,102452,1394,completed,36,2021-06-15 03:57:00.729476
2018-01-08,0001-01-01,102452,1400,completed,36,2021-06-15 03:57:00.729476
2018-01-08,0001-01-01,102452,1401,completed,36,2021-06-15 03:57:00.729476
2018-01-08,0001-01-01,102452,1409,completed,36,2021-06-15 03:57:00.729476
2018-01-08,0001-01-01,102454,1393,completed,36,2021-06-15 03:57:00.729476
2018-01-08,0001-01-01,102454,1399,completed,36,2021-06-15 03:57:00.729476
2018-01-08,0001-01-01,102454,1407,completed,36,2021-06-15 03:57:00.729476
2018-01-08,0001-01-01,102454,1400,completed,36,2021-06-15 03:57:00.729476
2018-01-08,0001-01-01,102461,1341,completed,36,2021-06-15 03:57:00.729476
2018-01-08,0001-01-01,102461,1219,completed,36,2021-06-15 03:57:00.729476
2018-01-08,0001-01-01,102461,1120,completed,36,2021-06-15 03:57:00.729476
2018-01-08,0001-01-01,102461,1416,completed,36,2021-06-15 03:57:00.729476
2018-01-08,0001-01-01,102461,1271,completed,36,2021-06-15 03:57:00.729476
2018-01-08,0001-01-01,102464,1399,completed,36,2021-06-15 03:57:00.729476
2018-01-08,0001-01-01,102464,1407,completed,36,2021-06-15 03:57:00.729476
2018-01-08,0001-01-01,102464,1400,completed,36,2021-06-15 03:57:00.729476
2018-01-08,0001-01-01,102464,1408,completed,36,2021-06-15 03:57:00.729476
2018-01-08,0001-01-01,102465,1320,completed,36,2021-06-15 03:57:00.729476
2018-01-08,0001-01-01,102465,1098,completed,36,2021-06-15 03:57:00.729476
2018-01-08,0001-01-01,102465,1332,completed,36,2021-06-15 03:57:00.729476
2018-01-08,0001-01-01,102465,1326,completed,36,2021-06-15 03:57:00.729476
2018-01-08,0001-01-01,102465,1341,completed,36,2021-06-15 03:57:00.729476
2018-01-08,0001-01-01,102475,1400,completed,36,2021-06-15 03:57:00.729476
2018-01-08,0001-01-01,102475,1287,completed,36,2021-06-15 03:57:00.729476
2018-01-08,0001-01-01,102475,1409,completed,36,2021-06-15 03:57:00.729476
2018-01-08,0001-01-01,102480,1337,completed,36,2021-06-15 03:57:00.729476
2018-01-08,0001-01-01,102480,1339,completed,36,2021-06-15 03:57:00.729476
2018-01-08,0001-01-01,102480,1344,completed,36,2021-06-15 03:57:00.729476
2018-01-08,0001-01-01,102480,1345,completed,36,2021-06-15 03:57:00.729476
2018-01-08,0001-01-01,102505,1115,completed,36,2021-06-15 03:57:00.729476
2018-01-08,0001-01-01,102505,1117,completed,36,2021-06-15 03:57:00.729476
2018-01-08,0001-01-01,102505,1120,completed,36,2021-06-15 03:57:00.729476
2018-01-08,0001-01-01,102505,1273,completed,36,2021-06-15 03:57:00.729476
2018-01-08,0001-01-01,102510,1267,completed,36,2021-06-15 03:57:00.729476
2018-01-08,0001-01-01,102510,1417,completed,36,2021-06-15 03:57:00.729476
2018-01-08,0001-01-01,102515,1398,completed,36,2021-06-15 03:57:00.729476
2018-01-08,0001-01-01,102515,1406,completed,36,2021-06-15 03:57:00.729476
2018-01-08,0001-01-01,102515,1400,completed,36,2021-06-15 03:57:00.729476
2018-01-08,0001-01-01,102515,1408,completed,36,2021-06-15 03:57:00.729476
2018-01-08,0001-01-01,102515,1113,completed,36,2021-06-15 03:57:00.729476
2018-01-08,0001-01-01,102521,1284,completed,36,2021-06-15 03:57:00.729476
2018-01-08,0001-01-01,102521,1292,completed,36,2021-06-15 03:57:00.729476
2018-01-08,0001-01-01,102521,1293,completed,36,2021-06-15 03:57:00.729476
2018-01-08,0001-01-01,102521,1286,completed,36,2021-06-15 03:57:00.729476
2018-01-08,0001-01-01,102521,1295,completed,36,2021-06-15 03:57:00.729476
2018-01-08,0001-01-01,102522,1213,completed,36,2021-06-15 03:57:00.729476
2018-01-08,0001-01-01,102522,1265,completed,36,2021-06-15 03:57:00.729476
2018-01-08,0001-01-01,102522,1215,completed,36,2021-06-15 03:57:00.729476
2018-01-08,0001-01-01,102536,1214,completed,36,2021-06-15 03:57:00.729476
2018-01-08,0001-01-01,102536,1337,completed,36,2021-06-15 03:57:00.729476
2018-01-08,0001-01-01,102536,1341,completed,36,2021-06-15 03:57:00.729476
2018-01-08,0001-01-01,102536,1343,completed,36,2021-06-15 03:57:00.729476
2018-01-08,0001-01-01,102536,1345,completed,36,2021-06-15 03:57:00.729476
2018-01-08,0001-01-01,102588,1204,completed,36,2021-06-15 03:57:00.729476
2018-01-08,0001-01-01,102588,1255,completed,36,2021-06-15 03:57:00.729476
2018-01-08,0001-01-01,102588,1117,completed,36,2021-06-15 03:57:00.729476
2018-01-08,0001-01-01,102595,1401,completed,36,2021-06-15 03:57:00.729476
2018-01-08,0001-01-01,102595,1327,completed,36,2021-06-15 03:57:00.729476
2018-01-08,0001-01-01,102595,1295,completed,36,2021-06-15 03:57:00.729476
2018-01-08,0001-01-01,102595,1335,completed,36,2021-06-15 03:57:00.729476
2018-01-08,0001-01-01,102603,1408,completed,36,2021-06-15 03:57:00.729476
2018-01-08,0001-01-01,102603,1401,completed,36,2021-06-15 03:57:00.729476
2018-01-08,0001-01-01,102603,1409,completed,36,2021-06-15 03:57:00.729476
2018-01-08,0001-01-01,102603,1410,completed,36,2021-06-15 03:57:00.729476
2018-01-08,0001-01-01,102604,1294,completed,36,2021-06-15 03:57:00.729476
2018-01-08,0001-01-01,102604,1287,completed,36,2021-06-15 03:57:00.729476
2018-01-08,0001-01-01,102604,1296,completed,36,2021-06-15 03:57:00.729476
2018-01-08,0001-01-01,102607,1261,completed,36,2021-06-15 03:57:00.729476
2018-01-08,0001-01-01,102607,1287,completed,36,2021-06-15 03:57:00.729476
2018-01-08,0001-01-01,102607,1212,completed,36,2021-06-15 03:57:00.729476
2018-01-08,0001-01-01,102607,1409,completed,36,2021-06-15 03:57:00.729476
2018-01-08,0001-01-01,102610,1287,completed,36,2021-06-15 03:57:00.729476
2018-01-08,0001-01-01,102610,1295,completed,36,2021-06-15 03:57:00.729476
2018-01-08,0001-01-01,102610,1296,completed,36,2021-06-15 03:57:00.729476
2018-01-08,0001-01-01,102610,1297,completed,36,2021-06-15 03:57:00.729476
2018-01-08,0001-01-01,102610,1299,completed,36,2021-06-15 03:57:00.729476
2018-01-08,0001-01-01,102621,1253,completed,36,2021-06-15 03:57:00.729476
2018-01-08,0001-01-01,102621,1293,completed,36,2021-06-15 03:57:00.729476
2018-01-08,0001-01-01,102621,1286,completed,36,2021-06-15 03:57:00.729476
2018-01-08,0001-01-01,102621,1294,completed,36,2021-06-15 03:57:00.729476
2018-01-08,0001-01-01,102623,1226,completed,36,2021-06-15 03:57:00.729476
2018-01-08,0001-01-01,102623,1233,completed,36,2021-06-15 03:57:00.729476
2018-01-08,0001-01-01,102624,1216,completed,36,2021-06-15 03:57:00.729476
2018-01-08,0001-01-01,102624,1119,completed,36,2021-06-15 03:57:00.729476
2018-01-08,0001-01-01,102624,1269,completed,36,2021-06-15 03:57:00.729476
2018-01-08,0001-01-01,102636,1320,completed,36,2021-06-15 03:57:00.729476
2018-01-08,0001-01-01,102636,1333,completed,36,2021-06-15 03:57:00.729476
2018-01-08,0001-01-01,102648,1098,completed,36,2021-06-15 03:57:00.729476
2018-01-08,0001-01-01,102648,1260,completed,36,2021-06-15 03:57:00.729476
2018-01-08,0001-01-01,102648,1205,completed,36,2021-06-15 03:57:00.729476
2018-01-08,0001-01-01,102648,1213,completed,36,2021-06-15 03:57:00.729476
2018-01-08,0001-01-01,102650,1406,completed,36,2021-06-15 03:57:00.729476
2018-01-08,0001-01-01,102650,1399,completed,36,2021-06-15 03:57:00.729476
2018-01-08,0001-01-01,102650,1407,completed,36,2021-06-15 03:57:00.729476
2018-01-08,0001-01-01,102650,1400,completed,36,2021-06-15 03:57:00.729476
2018-01-08,0001-01-01,102657,1405,completed,36,2021-06-15 03:57:00.729476
2018-01-08,0001-01-01,102657,1398,completed,36,2021-06-15 03:57:00.729476
2018-01-08,0001-01-01,102657,1394,completed,36,2021-06-15 03:57:00.729476
2018-01-08,0001-01-01,102657,1399,completed,36,2021-06-15 03:57:00.729476
2018-01-08,0001-01-01,102657,1407,completed,36,2021-06-15 03:57:00.729476
2018-01-08,0001-01-01,102663,1285,completed,36,2021-06-15 03:57:00.729476
2018-01-08,0001-01-01,102663,1286,completed,36,2021-06-15 03:57:00.729476
2018-01-08,0001-01-01,102663,1294,completed,36,2021-06-15 03:57:00.729476
2018-01-08,0001-01-01,102663,1287,completed,36,2021-06-15 03:57:00.729476
2018-01-08,0001-01-01,102665,1399,completed,36,2021-06-15 03:57:00.729476
2018-01-08,0001-01-01,102665,1400,completed,36,2021-06-15 03:57:00.729476
2018-01-08,0001-01-01,102665,1408,completed,36,2021-06-15 03:57:00.729476
2018-01-08,0001-01-01,102665,1401,completed,36,2021-06-15 03:57:00.729476
2018-01-08,0001-01-01,102665,1113,completed,36,2021-06-15 03:57:00.729476
2018-01-08,0001-01-01,102716,1399,completed,36,2021-06-15 03:57:00.729476
2018-01-08,0001-01-01,102716,1210,completed,36,2021-06-15 03:57:00.729476
2018-01-08,0001-01-01,102716,1400,completed,36,2021-06-15 03:57:00.729476
2018-01-08,0001-01-01,102716,1401,completed,36,2021-06-15 03:57:00.729476
2018-01-08,0001-01-01,102719,1286,completed,36,2021-06-15 03:57:00.729476
2018-01-08,0001-01-01,102719,1294,completed,36,2021-06-15 03:57:00.729476
2018-01-08,0001-01-01,102719,1327,completed,36,2021-06-15 03:57:00.729476
2018-01-08,0001-01-01,102719,1287,completed,36,2021-06-15 03:57:00.729476
2018-01-08,0001-01-01,102719,1297,completed,36,2021-06-15 03:57:00.729476
2018-01-08,0001-01-01,102725,1287,completed,36,2021-06-15 03:57:00.729476
2018-01-08,0001-01-01,102725,1343,completed,36,2021-06-15 03:57:00.729476
2018-01-08,0001-01-01,102725,1344,completed,36,2021-06-15 03:57:00.729476
2018-01-08,0001-01-01,102726,1292,completed,36,2021-06-15 03:57:00.729476
2018-01-08,0001-01-01,102726,1285,completed,36,2021-06-15 03:57:00.729476
2018-01-08,0001-01-01,102726,1286,completed,36,2021-06-15 03:57:00.729476
2018-01-08,0001-01-01,102739,1416,completed,36,2021-06-15 03:57:00.729476
2018-01-08,0001-01-01,102739,1121,completed,36,2021-06-15 03:57:00.729476
2018-01-08,0001-01-01,102745,1112,completed,36,2021-06-15 03:57:00.729476
2018-01-08,0001-01-01,102745,1220,completed,36,2021-06-15 03:57:00.729476
2018-01-08,0001-01-01,102745,1417,completed,36,2021-06-15 03:57:00.729476
2018-01-08,0001-01-01,102748,1215,completed,36,2021-06-15 03:57:00.729476
2018-01-08,0001-01-01,102748,1116,completed,36,2021-06-15 03:57:00.729476
2018-01-08,0001-01-01,102748,1219,completed,36,2021-06-15 03:57:00.729476
2018-01-08,0001-01-01,102748,1270,completed,36,2021-06-15 03:57:00.729476
2018-01-08,0001-01-01,102753,1408,completed,36,2021-06-15 03:57:00.729476
2018-01-08,0001-01-01,102753,1409,completed,36,2021-06-15 03:57:00.729476
2018-01-08,0001-01-01,102755,1286,completed,36,2021-06-15 03:57:00.729476
2018-01-08,0001-01-01,102755,1294,completed,36,2021-06-15 03:57:00.729476
2018-01-08,0001-01-01,102755,1287,completed,36,2021-06-15 03:57:00.729476
2018-01-08,0001-01-01,102755,1295,completed,36,2021-06-15 03:57:00.729476
2018-01-08,0001-01-01,102769,1400,completed,36,2021-06-15 03:57:00.729476
2018-01-08,0001-01-01,102769,1408,completed,36,2021-06-15 03:57:00.729476
2018-01-08,0001-01-01,102769,1401,completed,36,2021-06-15 03:57:00.729476
2018-01-08,0001-01-01,102781,1204,completed,36,2021-06-15 03:57:00.729476
2018-01-08,0001-01-01,102781,1334,completed,36,2021-06-15 03:57:00.729476
2018-01-08,0001-01-01,102781,1287,completed,36,2021-06-15 03:57:00.729476
2018-01-08,0001-01-01,102783,1210,completed,36,2021-06-15 03:57:00.729476
2018-01-08,0001-01-01,102783,1253,completed,36,2021-06-15 03:57:00.729476
2018-01-08,0001-01-01,102783,1211,completed,36,2021-06-15 03:57:00.729476
2018-01-08,0001-01-01,102783,1255,completed,36,2021-06-15 03:57:00.729476
2018-01-08,0001-01-01,102802,1334,completed,36,2021-06-15 03:57:00.729476
2018-01-08,0001-01-01,102802,1212,completed,36,2021-06-15 03:57:00.729476
2018-01-08,0001-01-01,102809,1263,completed,36,2021-06-15 03:57:00.729476
2018-01-08,0001-01-01,102818,1285,completed,36,2021-06-15 03:57:00.729476
2018-01-08,0001-01-01,102818,1293,completed,36,2021-06-15 03:57:00.729476
2018-01-08,0001-01-01,102840,1326,completed,36,2021-06-15 03:57:00.729476
2018-01-08,0001-01-01,102840,1343,completed,36,2021-06-15 03:57:00.729476
2018-01-08,0001-01-01,102854,1285,completed,36,2021-06-15 03:57:00.729476
2018-01-08,0001-01-01,102854,1286,completed,36,2021-06-15 03:57:00.729476
2018-01-08,0001-01-01,102854,1294,completed,36,2021-06-15 03:57:00.729476
2018-01-08,0001-01-01,102854,1287,completed,36,2021-06-15 03:57:00.729476
2018-01-08,0001-01-01,102864,1286,completed,36,2021-06-15 03:57:00.729476
2018-01-08,0001-01-01,102864,1294,completed,36,2021-06-15 03:57:00.729476
2018-01-08,0001-01-01,102864,1295,completed,36,2021-06-15 03:57:00.729476
2018-01-08,0001-01-01,102864,1296,completed,36,2021-06-15 03:57:00.729476
2018-01-08,0001-01-01,102865,1327,completed,36,2021-06-15 03:57:00.729476
2018-01-08,0001-01-01,102865,1287,completed,36,2021-06-15 03:57:00.729476
2018-01-08,0001-01-01,102865,1295,completed,36,2021-06-15 03:57:00.729476
2018-01-08,0001-01-01,102865,1296,completed,36,2021-06-15 03:57:00.729476
2018-01-08,0001-01-01,102871,1213,completed,36,2021-06-15 03:57:00.729476
2018-01-08,0001-01-01,102871,1265,completed,36,2021-06-15 03:57:00.729476
2018-01-08,0001-01-01,102871,1219,completed,36,2021-06-15 03:57:00.729476
2018-01-08,0001-01-01,102871,1270,completed,36,2021-06-15 03:57:00.729476
2018-01-08,0001-01-01,102871,1220,completed,36,2021-06-15 03:57:00.729476
2018-01-08,0001-01-01,102884,1210,completed,36,2021-06-15 03:57:00.729476
2018-01-08,0001-01-01,102884,1255,completed,36,2021-06-15 03:57:00.729476
2018-01-08,0001-01-01,102884,1205,completed,36,2021-06-15 03:57:00.729476
2018-01-08,0001-01-01,102884,1113,completed,36,2021-06-15 03:57:00.729476
2018-01-08,0001-01-01,102888,1123,completed,36,2021-06-15 03:57:00.729476
2018-01-08,0001-01-01,102888,1225,completed,36,2021-06-15 03:57:00.729476
2018-01-08,0001-01-01,102897,1280,completed,36,2021-06-15 03:57:00.729476
2018-01-08,0001-01-01,102897,1285,completed,36,2021-06-15 03:57:00.729476
2018-01-08,0001-01-01,102897,1286,completed,36,2021-06-15 03:57:00.729476
2018-01-08,0001-01-01,102901,1285,completed,36,2021-06-15 03:57:00.729476
2018-01-08,0001-01-01,102901,1293,completed,36,2021-06-15 03:57:00.729476
2018-01-08,0001-01-01,102901,1286,completed,36,2021-06-15 03:57:00.729476
2018-01-08,0001-01-01,102901,1294,completed,36,2021-06-15 03:57:00.729476
2018-01-08,0001-01-01,102902,1286,completed,36,2021-06-15 03:57:00.729476
2018-01-08,0001-01-01,102902,1294,completed,36,2021-06-15 03:57:00.729476
2018-01-08,0001-01-01,102902,1295,completed,36,2021-06-15 03:57:00.729476
2018-01-08,0001-01-01,102902,1296,completed,36,2021-06-15 03:57:00.729476
2018-01-08,0001-01-01,102902,1297,completed,36,2021-06-15 03:57:00.729476
2018-01-08,0001-01-01,102905,1215,completed,36,2021-06-15 03:57:00.729476
2018-01-08,0001-01-01,102905,1116,completed,36,2021-06-15 03:57:00.729476
2018-01-08,0001-01-01,102905,1120,completed,36,2021-06-15 03:57:00.729476
2018-01-08,0001-01-01,102907,1285,completed,36,2021-06-15 03:57:00.729476
2018-01-08,0001-01-01,102907,1293,completed,36,2021-06-15 03:57:00.729476
2018-01-08,0001-01-01,102917,1272,completed,36,2021-06-15 03:57:00.729476
2018-01-08,0001-01-01,102917,1126,completed,36,2021-06-15 03:57:00.729476
2018-01-08,0001-01-01,102917,1228,completed,36,2021-06-15 03:57:00.729476
2018-01-08,0001-01-01,102917,1231,completed,36,2021-06-15 03:57:00.729476
2018-01-08,0001-01-01,102930,1326,completed,36,2021-06-15 03:57:00.729476
2018-01-08,0001-01-01,102930,1327,completed,36,2021-06-15 03:57:00.729476
2018-01-08,0001-01-01,102930,1205,completed,36,2021-06-15 03:57:00.729476
2018-01-08,0001-01-01,102930,1336,completed,36,2021-06-15 03:57:00.729476
2018-01-08,0001-01-01,102946,1393,completed,36,2021-06-15 03:57:00.729476
2018-01-08,0001-01-01,102946,1405,completed,36,2021-06-15 03:57:00.729476
2018-01-08,0001-01-01,102946,1398,completed,36,2021-06-15 03:57:00.729476
2018-01-08,0001-01-01,102946,1394,completed,36,2021-06-15 03:57:00.729476
2018-01-08,0001-01-01,102946,1399,completed,36,2021-06-15 03:57:00.729476
2018-01-08,0001-01-01,102963,1262,completed,36,2021-06-15 03:57:00.729476
2018-01-08,0001-01-01,102963,1263,completed,36,2021-06-15 03:57:00.729476
2018-01-08,0001-01-01,102969,1320,completed,36,2021-06-15 03:57:00.729476
2018-01-08,0001-01-01,102969,1326,completed,36,2021-06-15 03:57:00.729476
2018-01-08,0001-01-01,102969,1334,completed,36,2021-06-15 03:57:00.729476
2018-01-08,0001-01-01,102985,1398,completed,36,2021-06-15 03:57:00.729476
2018-01-08,0001-01-01,102985,1407,completed,36,2021-06-15 03:57:00.729476
2018-01-08,0001-01-01,102985,1294,completed,36,2021-06-15 03:57:00.729476
2018-01-08,0001-01-01,102985,1408,completed,36,2021-06-15 03:57:00.729476
2018-01-08,0001-01-01,102994,1213,completed,36,2021-06-15 03:57:00.729476
2018-01-08,0001-01-01,102994,1297,completed,36,2021-06-15 03:57:00.729476
2018-01-08,0001-01-01,102994,1115,completed,36,2021-06-15 03:57:00.729476
2018-01-08,0001-01-01,102994,1219,completed,36,2021-06-15 03:57:00.729476
2018-01-08,0001-01-01,101003,1360,completed,36,2021-06-15 03:57:00.729476
2018-01-08,0001-01-01,101003,1365,completed,36,2021-06-15 03:57:00.729476
2018-01-08,0001-01-01,101003,1366,completed,36,2021-06-15 03:57:00.729476
2018-01-08,0001-01-01,101003,1370,completed,36,2021-06-15 03:57:00.729476
2018-01-08,0001-01-01,101019,1352,completed,36,2021-06-15 03:57:00.729476
2018-01-08,0001-01-01,101019,1355,completed,36,2021-06-15 03:57:00.729476
2018-01-08,0001-01-01,101019,1356,completed,36,2021-06-15 03:57:00.729476
2018-01-08,0001-01-01,101019,1358,completed,36,2021-06-15 03:57:00.729476
2018-01-08,0001-01-01,101019,1360,completed,36,2021-06-15 03:57:00.729476
2018-01-08,0001-01-01,101024,1353,completed,36,2021-06-15 03:57:00.729476
2018-01-08,0001-01-01,101024,1356,completed,36,2021-06-15 03:57:00.729476
2018-01-08,0001-01-01,101024,1360,completed,36,2021-06-15 03:57:00.729476
2018-01-08,0001-01-01,101024,1363,completed,36,2021-06-15 03:57:00.729476
2018-01-08,0001-01-01,101026,1410,completed,36,2021-06-15 03:57:00.729476
2018-01-08,0001-01-01,101026,1411,completed,36,2021-06-15 03:57:00.729476
2018-01-08,0001-01-01,101026,1412,completed,36,2021-06-15 03:57:00.729476
2018-01-08,0001-01-01,101026,1413,completed,36,2021-06-15 03:57:00.729476
2018-01-08,0001-01-01,101026,1414,completed,36,2021-06-15 03:57:00.729476
2018-01-08,0001-01-01,101035,1221,completed,36,2021-06-15 03:57:00.729476
2018-01-08,0001-01-01,101035,1239,completed,36,2021-06-15 03:57:00.729476
2018-01-08,0001-01-01,101036,1229,completed,36,2021-06-15 03:57:00.729476
2018-01-08,0001-01-01,101036,1235,completed,36,2021-06-15 03:57:00.729476
2018-01-08,0001-01-01,101055,1301,completed,36,2021-06-15 03:57:00.729476
2018-01-08,0001-01-01,101055,1305,completed,36,2021-06-15 03:57:00.729476
2018-01-08,0001-01-01,101055,1306,completed,36,2021-06-15 03:57:00.729476
2018-01-08,0001-01-01,101055,1309,completed,36,2021-06-15 03:57:00.729476
2018-01-08,0001-01-01,101056,1347,completed,36,2021-06-15 03:57:00.729476
2018-01-08,0001-01-01,101056,1360,completed,36,2021-06-15 03:57:00.729476
2018-01-08,0001-01-01,101056,1363,completed,36,2021-06-15 03:57:00.729476
2018-01-08,0001-01-01,101058,1413,completed,36,2021-06-15 03:57:00.729476
2018-01-08,0001-01-01,101058,1414,completed,36,2021-06-15 03:57:00.729476
2018-01-08,0001-01-01,101058,1415,completed,36,2021-06-15 03:57:00.729476
2018-01-08,0001-01-01,101058,1416,completed,36,2021-06-15 03:57:00.729476
2018-01-08,0001-01-01,101077,1140,completed,36,2021-06-15 03:57:00.729476
2018-01-08,0001-01-01,101083,1370,completed,36,2021-06-15 03:57:00.729476
2018-01-08,0001-01-01,101089,1347,completed,36,2021-06-15 03:57:00.729476
2018-01-08,0001-01-01,101089,1361,completed,36,2021-06-15 03:57:00.729476
2018-01-08,0001-01-01,101147,1356,completed,36,2021-06-15 03:57:00.729476
2018-01-08,0001-01-01,101147,1361,completed,36,2021-06-15 03:57:00.729476
2018-01-08,0001-01-01,101147,1363,completed,36,2021-06-15 03:57:00.729476
2018-01-08,0001-01-01,101147,1365,completed,36,2021-06-15 03:57:00.729476
2018-01-08,0001-01-01,101148,1365,completed,36,2021-06-15 03:57:00.729476
2018-01-08,0001-01-01,101148,1367,completed,36,2021-06-15 03:57:00.729476
2018-01-08,0001-01-01,101148,1371,completed,36,2021-06-15 03:57:00.729476
2018-01-08,0001-01-01,101150,1415,completed,36,2021-06-15 03:57:00.729476
2018-01-08,0001-01-01,101150,1416,completed,36,2021-06-15 03:57:00.729476
2018-01-08,0001-01-01,101150,1417,completed,36,2021-06-15 03:57:00.729476
2018-01-08,0001-01-01,101150,1418,completed,36,2021-06-15 03:57:00.729476
2018-01-08,0001-01-01,101150,1222,completed,36,2021-06-15 03:57:00.729476
2018-01-08,0001-01-01,101164,1269,completed,36,2021-06-15 03:57:00.729476
2018-01-08,0001-01-01,101164,1125,completed,36,2021-06-15 03:57:00.729476
2018-01-08,0001-01-01,101164,1227,completed,36,2021-06-15 03:57:00.729476
2018-01-08,0001-01-01,101164,1130,completed,36,2021-06-15 03:57:00.729476
2018-01-08,0001-01-01,101165,1268,completed,36,2021-06-15 03:57:00.729476
2018-01-08,0001-01-01,101165,1415,completed,36,2021-06-15 03:57:00.729476
2018-01-08,0001-01-01,101165,1416,completed,36,2021-06-15 03:57:00.729476
2018-01-08,0001-01-01,101165,1420,completed,36,2021-06-15 03:57:00.729476
2018-01-08,0001-01-01,101187,1236,completed,36,2021-06-15 03:57:00.729476
2018-01-08,0001-01-01,101188,1147,completed,36,2021-06-15 03:57:00.729476
2018-01-08,0001-01-01,101200,1223,completed,36,2021-06-15 03:57:00.729476
2018-01-08,0001-01-01,101200,1420,completed,36,2021-06-15 03:57:00.729476
2018-01-08,0001-01-01,101211,1376,completed,36,2021-06-15 03:57:00.729476
2018-01-08,0001-01-01,101211,1155,completed,36,2021-06-15 03:57:00.729476
2018-01-08,0001-01-01,101215,1231,completed,36,2021-06-15 03:57:00.729476
2018-01-08,0001-01-01,101215,1132,completed,36,2021-06-15 03:57:00.729476
2018-01-08,0001-01-01,101215,1135,completed,36,2021-06-15 03:57:00.729476
2018-01-08,0001-01-01,101238,1300,completed,36,2021-06-15 03:57:00.729476
2018-01-08,0001-01-01,101238,1301,completed,36,2021-06-15 03:57:00.729476
2018-01-08,0001-01-01,101238,1306,completed,36,2021-06-15 03:57:00.729476
2018-01-08,0001-01-01,101238,1307,completed,36,2021-06-15 03:57:00.729476
2018-01-08,0001-01-01,101245,1356,completed,36,2021-06-15 03:57:00.729476
2018-01-08,0001-01-01,101266,1360,completed,36,2021-06-15 03:57:00.729476
2018-01-08,0001-01-01,101266,1364,completed,36,2021-06-15 03:57:00.729476
2018-01-08,0001-01-01,101266,1370,completed,36,2021-06-15 03:57:00.729476
2018-01-08,0001-01-01,101266,1371,completed,36,2021-06-15 03:57:00.729476
2018-01-08,0001-01-01,101273,1271,completed,36,2021-06-15 03:57:00.729476
2018-01-08,0001-01-01,101275,1417,completed,36,2021-06-15 03:57:00.729476
2018-01-08,0001-01-01,101275,1418,completed,36,2021-06-15 03:57:00.729476
2018-01-08,0001-01-01,101275,1420,completed,36,2021-06-15 03:57:00.729476
2018-01-08,0001-01-01,101278,1347,completed,36,2021-06-15 03:57:00.729476
2018-01-08,0001-01-01,101278,1351,completed,36,2021-06-15 03:57:00.729476
2018-01-08,0001-01-01,101278,1353,completed,36,2021-06-15 03:57:00.729476
2018-01-08,0001-01-01,101290,1357,completed,36,2021-06-15 03:57:00.729476
2018-01-08,0001-01-01,101290,1358,completed,36,2021-06-15 03:57:00.729476
2018-01-08,0001-01-01,101290,1363,completed,36,2021-06-15 03:57:00.729476
2018-01-08,0001-01-01,101293,1262,completed,36,2021-06-15 03:57:00.729476
2018-01-08,0001-01-01,101293,1295,completed,36,2021-06-15 03:57:00.729476
2018-01-08,0001-01-01,101293,1341,completed,36,2021-06-15 03:57:00.729476
2018-01-08,0001-01-01,101306,1233,completed,36,2021-06-15 03:57:00.729476
2018-01-08,0001-01-01,101306,1358,completed,36,2021-06-15 03:57:00.729476
2018-01-08,0001-01-01,101329,1135,completed,36,2021-06-15 03:57:00.729476
2018-01-08,0001-01-01,101329,1136,completed,36,2021-06-15 03:57:00.729476
2018-01-08,0001-01-01,101329,1140,completed,36,2021-06-15 03:57:00.729476
2018-01-08,0001-01-01,101329,1141,completed,36,2021-06-15 03:57:00.729476
2018-01-08,0001-01-01,101336,1412,completed,36,2021-06-15 03:57:00.729476
2018-01-08,0001-01-01,101336,1413,completed,36,2021-06-15 03:57:00.729476
2018-01-08,0001-01-01,101336,1414,completed,36,2021-06-15 03:57:00.729476
2018-01-08,0001-01-01,101336,1417,completed,36,2021-06-15 03:57:00.729476
2018-01-08,0001-01-01,101336,1418,completed,36,2021-06-15 03:57:00.729476
2018-01-08,0001-01-01,101347,1410,completed,36,2021-06-15 03:57:00.729476
2018-01-08,0001-01-01,101347,1411,completed,36,2021-06-15 03:57:00.729476
2018-01-08,0001-01-01,101347,1413,completed,36,2021-06-15 03:57:00.729476
2018-01-08,0001-01-01,101347,1414,completed,36,2021-06-15 03:57:00.729476
2018-01-08,0001-01-01,101347,1415,completed,36,2021-06-15 03:57:00.729476
2018-01-08,0001-01-01,101358,1415,completed,36,2021-06-15 03:57:00.729476
2018-01-08,0001-01-01,101358,1416,completed,36,2021-06-15 03:57:00.729476
2018-01-08,0001-01-01,101358,1417,completed,36,2021-06-15 03:57:00.729476
2018-01-08,0001-01-01,101358,1418,completed,36,2021-06-15 03:57:00.729476
2018-01-08,0001-01-01,101358,1420,completed,36,2021-06-15 03:57:00.729476
2018-01-08,0001-01-01,101376,1145,completed,36,2021-06-15 03:57:00.729476
2018-01-08,0001-01-01,101376,1147,completed,36,2021-06-15 03:57:00.729476
2018-01-08,0001-01-01,101376,1148,completed,36,2021-06-15 03:57:00.729476
2018-01-08,0001-01-01,101376,1152,completed,36,2021-06-15 03:57:00.729476
2018-01-08,0001-01-01,101382,1237,completed,36,2021-06-15 03:57:00.729476
2018-01-08,0001-01-01,101385,1240,completed,36,2021-06-15 03:57:00.729476
2018-01-08,0001-01-01,101387,1365,completed,36,2021-06-15 03:57:00.729476
2018-01-08,0001-01-01,101387,1367,completed,36,2021-06-15 03:57:00.729476
2018-01-08,0001-01-01,101387,1368,completed,36,2021-06-15 03:57:00.729476
2018-01-08,0001-01-01,101387,1369,completed,36,2021-06-15 03:57:00.729476
2018-01-08,0001-01-01,101392,1136,completed,36,2021-06-15 03:57:00.729476
2018-01-08,0001-01-01,101398,1310,completed,36,2021-06-15 03:57:00.729476
2018-01-08,0001-01-01,101398,1138,completed,36,2021-06-15 03:57:00.729476
2018-01-08,0001-01-01,101399,1228,completed,36,2021-06-15 03:57:00.729476
2018-01-08,0001-01-01,101399,1137,completed,36,2021-06-15 03:57:00.729476
2018-01-08,0001-01-01,101399,1239,completed,36,2021-06-15 03:57:00.729476
2018-01-08,0001-01-01,101399,1240,completed,36,2021-06-15 03:57:00.729476
2018-01-08,0001-01-01,101399,1241,completed,36,2021-06-15 03:57:00.729476
2018-01-08,0001-01-01,101431,1122,completed,36,2021-06-15 03:57:00.729476
2018-01-08,0001-01-01,101438,1304,completed,36,2021-06-15 03:57:00.729476
2018-01-08,0001-01-01,101438,1305,completed,36,2021-06-15 03:57:00.729476
2018-01-08,0001-01-01,101438,1306,completed,36,2021-06-15 03:57:00.729476
2018-01-08,0001-01-01,101438,1307,completed,36,2021-06-15 03:57:00.729476
2018-01-08,0001-01-01,101483,1122,completed,36,2021-06-15 03:57:00.729476
2018-01-08,0001-01-01,101491,1304,completed,36,2021-06-15 03:57:00.729476
2018-01-08,0001-01-01,101491,1305,completed,36,2021-06-15 03:57:00.729476
2018-01-08,0001-01-01,101491,1306,completed,36,2021-06-15 03:57:00.729476
2018-01-08,0001-01-01,101491,1307,completed,36,2021-06-15 03:57:00.729476
2018-01-08,0001-01-01,101505,1305,completed,36,2021-06-15 03:57:00.729476
2018-01-08,0001-01-01,101505,1306,completed,36,2021-06-15 03:57:00.729476
2018-01-08,0001-01-01,101505,1307,completed,36,2021-06-15 03:57:00.729476
2018-01-08,0001-01-01,101505,1309,completed,36,2021-06-15 03:57:00.729476
2018-01-08,0001-01-01,101519,1356,completed,36,2021-06-15 03:57:00.729476
2018-01-08,0001-01-01,101519,1360,completed,36,2021-06-15 03:57:00.729476
2018-01-08,0001-01-01,101519,1363,completed,36,2021-06-15 03:57:00.729476
2018-01-08,0001-01-01,101519,1368,completed,36,2021-06-15 03:57:00.729476
2018-01-08,0001-01-01,101563,1140,completed,36,2021-06-15 03:57:00.729476
2018-01-08,0001-01-01,101582,1412,completed,36,2021-06-15 03:57:00.729476
2018-01-08,0001-01-01,101582,1413,completed,36,2021-06-15 03:57:00.729476
2018-01-08,0001-01-01,101582,1414,completed,36,2021-06-15 03:57:00.729476
2018-01-08,0001-01-01,101582,1415,completed,36,2021-06-15 03:57:00.729476
2018-01-08,0001-01-01,101583,1357,completed,36,2021-06-15 03:57:00.729476
2018-01-08,0001-01-01,101583,1358,completed,36,2021-06-15 03:57:00.729476
2018-01-08,0001-01-01,101583,1361,completed,36,2021-06-15 03:57:00.729476
2018-01-08,0001-01-01,101583,1367,completed,36,2021-06-15 03:57:00.729476
2018-01-08,0001-01-01,101596,1232,completed,36,2021-06-15 03:57:00.729476
2018-01-08,0001-01-01,101603,1226,completed,36,2021-06-15 03:57:00.729476
2018-01-08,0001-01-01,101603,1228,completed,36,2021-06-15 03:57:00.729476
2018-01-08,0001-01-01,101606,1233,completed,36,2021-06-15 03:57:00.729476
2018-01-08,0001-01-01,101606,1136,completed,36,2021-06-15 03:57:00.729476
2018-01-08,0001-01-01,101616,1225,completed,36,2021-06-15 03:57:00.729476
2018-01-08,0001-01-01,101616,1232,completed,36,2021-06-15 03:57:00.729476
2018-01-08,0001-01-01,101617,1138,completed,36,2021-06-15 03:57:00.729476
2018-01-08,0001-01-01,101617,1147,completed,36,2021-06-15 03:57:00.729476
2018-01-08,0001-01-01,101617,1153,completed,36,2021-06-15 03:57:00.729476
2018-01-08,0001-01-01,101618,1307,completed,36,2021-06-15 03:57:00.729476
2018-01-08,0001-01-01,101618,1309,completed,36,2021-06-15 03:57:00.729476
2018-01-08,0001-01-01,101618,1310,completed,36,2021-06-15 03:57:00.729476
2018-01-08,0001-01-01,101618,1311,completed,36,2021-06-15 03:57:00.729476
2018-01-08,0001-01-01,101635,1358,completed,36,2021-06-15 03:57:00.729476
2018-01-08,0001-01-01,101635,1361,completed,36,2021-06-15 03:57:00.729476
2018-01-08,0001-01-01,101650,1135,completed,36,2021-06-15 03:57:00.729476
2018-01-08,0001-01-01,101650,1139,completed,36,2021-06-15 03:57:00.729476
2018-01-08,0001-01-01,101650,1240,completed,36,2021-06-15 03:57:00.729476
2018-01-08,0001-01-01,101650,1147,completed,36,2021-06-15 03:57:00.729476
2018-01-08,0001-01-01,101667,1305,completed,36,2021-06-15 03:57:00.729476
2018-01-08,0001-01-01,101667,1141,completed,36,2021-06-15 03:57:00.729476
2018-01-08,0001-01-01,101680,1228,completed,36,2021-06-15 03:57:00.729476
2018-01-08,0001-01-01,101680,1230,completed,36,2021-06-15 03:57:00.729476
2018-01-08,0001-01-01,101680,1239,completed,36,2021-06-15 03:57:00.729476
2018-01-08,0001-01-01,101680,1240,completed,36,2021-06-15 03:57:00.729476
2018-01-08,0001-01-01,101681,1235,completed,36,2021-06-15 03:57:00.729476
2018-01-08,0001-01-01,101688,1301,completed,36,2021-06-15 03:57:00.729476
2018-01-08,0001-01-01,101688,1302,completed,36,2021-06-15 03:57:00.729476
2018-01-08,0001-01-01,101688,1304,completed,36,2021-06-15 03:57:00.729476
2018-01-08,0001-01-01,101688,1305,completed,36,2021-06-15 03:57:00.729476
2018-01-08,0001-01-01,101690,1355,completed,36,2021-06-15 03:57:00.729476
2018-01-08,0001-01-01,101690,1357,completed,36,2021-06-15 03:57:00.729476
2018-01-08,0001-01-01,101690,1358,completed,36,2021-06-15 03:57:00.729476
2018-01-08,0001-01-01,101690,1360,completed,36,2021-06-15 03:57:00.729476
2018-01-08,0001-01-01,101694,1123,completed,36,2021-06-15 03:57:00.729476
2018-01-08,0001-01-01,101699,1305,completed,36,2021-06-15 03:57:00.729476
2018-01-08,0001-01-01,101699,1306,completed,36,2021-06-15 03:57:00.729476
2018-01-08,0001-01-01,101721,1131,completed,36,2021-06-15 03:57:00.729476
2018-01-08,0001-01-01,101721,1354,completed,36,2021-06-15 03:57:00.729476
2018-01-08,0001-01-01,101721,1233,completed,36,2021-06-15 03:57:00.729476
2018-01-08,0001-01-01,101721,1239,completed,36,2021-06-15 03:57:00.729476
2018-01-08,0001-01-01,101723,1241,completed,36,2021-06-15 03:57:00.729476
2018-01-08,0001-01-01,101723,1155,completed,36,2021-06-15 03:57:00.729476
2018-01-08,0001-01-01,101739,1297,completed,36,2021-06-15 03:57:00.729476
2018-01-08,0001-01-01,101739,1299,completed,36,2021-06-15 03:57:00.729476
2018-01-08,0001-01-01,101739,1300,completed,36,2021-06-15 03:57:00.729476
2018-01-08,0001-01-01,101747,1148,completed,36,2021-06-15 03:57:00.729476
2018-01-08,0001-01-01,101747,1150,completed,36,2021-06-15 03:57:00.729476
2018-01-08,0001-01-01,101747,1153,completed,36,2021-06-15 03:57:00.729476
2018-01-08,0001-01-01,101752,1355,completed,36,2021-06-15 03:57:00.729476
2018-01-08,0001-01-01,101752,1364,completed,36,2021-06-15 03:57:00.729476
2018-01-08,0001-01-01,101752,1366,completed,36,2021-06-15 03:57:00.729476
2018-01-08,0001-01-01,101752,1367,completed,36,2021-06-15 03:57:00.729476
2018-01-08,0001-01-01,101759,1355,completed,36,2021-06-15 03:57:00.729476
2018-01-08,0001-01-01,101759,1363,completed,36,2021-06-15 03:57:00.729476
2018-01-08,0001-01-01,101759,1365,completed,36,2021-06-15 03:57:00.729476
2018-01-08,0001-01-01,101762,1135,completed,36,2021-06-15 03:57:00.729476
2018-01-08,0001-01-01,101762,1138,completed,36,2021-06-15 03:57:00.729476
2018-01-08,0001-01-01,101772,1226,completed,36,2021-06-15 03:57:00.729476
2018-01-08,0001-01-01,101772,1232,completed,36,2021-06-15 03:57:00.729476
2018-01-08,0001-01-01,101783,1132,completed,36,2021-06-15 03:57:00.729476
2018-01-08,0001-01-01,101808,1239,completed,36,2021-06-15 03:57:00.729476
2018-01-08,0001-01-01,101808,1143,completed,36,2021-06-15 03:57:00.729476
2018-01-08,0001-01-01,101808,1145,completed,36,2021-06-15 03:57:00.729476
2018-01-08,0001-01-01,101814,1352,completed,36,2021-06-15 03:57:00.729476
2018-01-08,0001-01-01,101814,1354,completed,36,2021-06-15 03:57:00.729476
2018-01-08,0001-01-01,101814,1356,completed,36,2021-06-15 03:57:00.729476
2018-01-08,0001-01-01,101814,1357,completed,36,2021-06-15 03:57:00.729476
2018-01-08,0001-01-01,101814,1237,completed,36,2021-06-15 03:57:00.729476
2018-01-08,0001-01-01,101820,1355,completed,36,2021-06-15 03:57:00.729476
2018-01-08,0001-01-01,101820,1137,completed,36,2021-06-15 03:57:00.729476
2018-01-08,0001-01-01,101820,1139,completed,36,2021-06-15 03:57:00.729476
2018-01-08,0001-01-01,101826,1140,completed,36,2021-06-15 03:57:00.729476
2018-01-08,0001-01-01,101826,1142,completed,36,2021-06-15 03:57:00.729476
2018-01-08,0001-01-01,101838,1141,completed,36,2021-06-15 03:57:00.729476
2018-01-08,0001-01-01,101838,1153,completed,36,2021-06-15 03:57:00.729476
2018-01-08,0001-01-01,101840,1361,completed,36,2021-06-15 03:57:00.729476
2018-01-08,0001-01-01,101840,1363,completed,36,2021-06-15 03:57:00.729476
2018-01-08,0001-01-01,101840,1364,completed,36,2021-06-15 03:57:00.729476
2018-01-08,0001-01-01,101852,1369,completed,36,2021-06-15 03:57:00.729476
2018-01-08,0001-01-01,101862,1309,completed,36,2021-06-15 03:57:00.729476
2018-01-08,0001-01-01,101862,1353,completed,36,2021-06-15 03:57:00.729476
2018-01-08,0001-01-01,101868,1150,completed,36,2021-06-15 03:57:00.729476
2018-01-08,0001-01-01,101868,1154,completed,36,2021-06-15 03:57:00.729476
2018-01-08,0001-01-01,101873,1363,completed,36,2021-06-15 03:57:00.729476
2018-01-08,0001-01-01,101873,1364,completed,36,2021-06-15 03:57:00.729476
2018-01-08,0001-01-01,101873,1368,completed,36,2021-06-15 03:57:00.729476
2018-01-08,0001-01-01,101873,1370,completed,36,2021-06-15 03:57:00.729476
2018-01-08,0001-01-01,101891,1352,completed,36,2021-06-15 03:57:00.729476
2018-01-08,0001-01-01,101891,1355,completed,36,2021-06-15 03:57:00.729476
2018-01-08,0001-01-01,101891,1356,completed,36,2021-06-15 03:57:00.729476
2018-01-08,0001-01-01,101891,1357,completed,36,2021-06-15 03:57:00.729476
2018-01-08,0001-01-01,101898,1299,completed,36,2021-06-15 03:57:00.729476
2018-01-08,0001-01-01,101898,1302,completed,36,2021-06-15 03:57:00.729476
2018-01-08,0001-01-01,101898,1304,completed,36,2021-06-15 03:57:00.729476
2018-01-08,0001-01-01,101916,1414,completed,36,2021-06-15 03:57:00.729476
2018-01-08,0001-01-01,101916,1415,completed,36,2021-06-15 03:57:00.729476
2018-01-08,0001-01-01,101916,1417,completed,36,2021-06-15 03:57:00.729476
2018-01-08,0001-01-01,101916,1418,completed,36,2021-06-15 03:57:00.729476
2018-01-08,0001-01-01,101916,1421,completed,36,2021-06-15 03:57:00.729476
2018-01-08,0001-01-01,101919,1235,completed,36,2021-06-15 03:57:00.729476
2018-01-08,0001-01-01,101919,1238,completed,36,2021-06-15 03:57:00.729476
2018-01-08,0001-01-01,101919,1364,completed,36,2021-06-15 03:57:00.729476
2018-01-08,0001-01-01,101931,1355,completed,36,2021-06-15 03:57:00.729476
2018-01-08,0001-01-01,101931,1356,completed,36,2021-06-15 03:57:00.729476
2018-01-08,0001-01-01,101931,1357,completed,36,2021-06-15 03:57:00.729476
2018-01-08,0001-01-01,101941,1142,completed,36,2021-06-15 03:57:00.729476
2018-01-08,0001-01-01,101943,1417,completed,36,2021-06-15 03:57:00.729476
2018-01-08,0001-01-01,101943,1418,completed,36,2021-06-15 03:57:00.729476
2018-01-08,0001-01-01,101943,1273,completed,36,2021-06-15 03:57:00.729476
2018-01-08,0001-01-01,101943,1420,completed,36,2021-06-15 03:57:00.729476
2018-01-08,0001-01-01,101963,1354,completed,36,2021-06-15 03:57:00.729476
2018-01-08,0001-01-01,101963,1356,completed,36,2021-06-15 03:57:00.729476
2018-01-08,0001-01-01,101963,1357,completed,36,2021-06-15 03:57:00.729476
2018-01-08,0001-01-01,101963,1360,completed,36,2021-06-15 03:57:00.729476
2018-01-08,0001-01-01,101963,1361,completed,36,2021-06-15 03:57:00.729476
2018-01-08,0001-01-01,101974,1232,completed,36,2021-06-15 03:57:00.729476
2018-01-08,0001-01-01,101974,1233,completed,36,2021-06-15 03:57:00.729476
2018-01-08,0001-01-01,101974,1235,completed,36,2021-06-15 03:57:00.729476
2018-01-08,0001-01-01,101994,1134,completed,36,2021-06-15 03:57:00.729476
2018-01-08,0001-01-01,101994,1136,completed,36,2021-06-15 03:57:00.729476
2018-01-08,0001-01-01,101994,1236,completed,36,2021-06-15 03:57:00.729476
2018-01-08,0001-01-01,101994,1138,completed,36,2021-06-15 03:57:00.729476
2018-01-08,0001-01-01,101999,1134,completed,36,2021-06-15 03:57:00.729476
2018-01-08,0001-01-01,101999,1137,completed,36,2021-06-15 03:57:00.729476
2018-01-08,0001-01-01,101999,1239,completed,36,2021-06-15 03:57:00.729476
2018-01-08,0001-01-01,101999,1143,completed,36,2021-06-15 03:57:00.729476
2018-01-08,0001-01-01,100033,1171,completed,36,2021-06-15 03:57:00.729476
2018-01-08,0001-01-01,100033,1172,completed,36,2021-06-15 03:57:00.729476
2018-01-08,0001-01-01,100033,1174,completed,36,2021-06-15 03:57:00.729476
2018-01-08,0001-01-01,100033,1180,completed,36,2021-06-15 03:57:00.729476
2018-01-08,0001-01-01,100043,1180,completed,36,2021-06-15 03:57:00.729476
2018-01-08,0001-01-01,100048,1374,completed,36,2021-06-15 03:57:00.729476
2018-01-08,0001-01-01,100063,1238,completed,36,2021-06-15 03:57:00.729476
2018-01-08,0001-01-01,100063,1142,completed,36,2021-06-15 03:57:00.729476
2018-01-08,0001-01-01,100093,1379,completed,36,2021-06-15 03:57:00.729476
2018-01-08,0001-01-01,100093,1381,completed,36,2021-06-15 03:57:00.729476
2018-01-08,0001-01-01,100096,1375,completed,36,2021-06-15 03:57:00.729476
2018-01-08,0001-01-01,100101,1376,completed,36,2021-06-15 03:57:00.729476
2018-01-08,0001-01-01,100101,1163,completed,36,2021-06-15 03:57:00.729476
2018-01-08,0001-01-01,100105,1172,completed,36,2021-06-15 03:57:00.729476
2018-01-08,0001-01-01,100105,1181,completed,36,2021-06-15 03:57:00.729476
2018-01-08,0001-01-01,100117,1382,completed,36,2021-06-15 03:57:00.729476
2018-01-08,0001-01-01,100117,1386,completed,36,2021-06-15 03:57:00.729476
2018-01-08,0001-01-01,100118,1380,completed,36,2021-06-15 03:57:00.729476
2018-01-08,0001-01-01,100151,1181,completed,36,2021-06-15 03:57:00.729476
2018-01-08,0001-01-01,100151,1183,completed,36,2021-06-15 03:57:00.729476
2018-01-08,0001-01-01,100166,1313,completed,36,2021-06-15 03:57:00.729476
2018-01-08,0001-01-01,100167,1135,completed,36,2021-06-15 03:57:00.729476
2018-01-08,0001-01-01,100167,1365,completed,36,2021-06-15 03:57:00.729476
2018-01-08,0001-01-01,100192,1386,completed,36,2021-06-15 03:57:00.729476
2018-01-08,0001-01-01,100196,1386,completed,36,2021-06-15 03:57:00.729476
2018-01-08,0001-01-01,100197,1378,completed,36,2021-06-15 03:57:00.729476
2018-01-08,0001-01-01,100210,1172,completed,36,2021-06-15 03:57:00.729476
2018-01-08,0001-01-01,100210,1187,completed,36,2021-06-15 03:57:00.729476
2018-01-08,0001-01-01,100224,1167,completed,36,2021-06-15 03:57:00.729476
2018-01-08,0001-01-01,100225,1378,completed,36,2021-06-15 03:57:00.729476
2018-01-08,0001-01-01,100225,1383,completed,36,2021-06-15 03:57:00.729476
2018-01-08,0001-01-01,100225,1386,completed,36,2021-06-15 03:57:00.729476
2018-01-08,0001-01-01,100241,1135,completed,36,2021-06-15 03:57:00.729476
2018-01-08,0001-01-01,100253,1380,completed,36,2021-06-15 03:57:00.729476
2018-01-08,0001-01-01,100254,1180,completed,36,2021-06-15 03:57:00.729476
2018-01-08,0001-01-01,100254,1182,completed,36,2021-06-15 03:57:00.729476
2018-01-08,0001-01-01,100262,1313,completed,36,2021-06-15 03:57:00.729476
2018-01-08,0001-01-01,100262,1139,completed,36,2021-06-15 03:57:00.729476
2018-01-08,0001-01-01,100262,1166,completed,36,2021-06-15 03:57:00.729476
2018-01-08,0001-01-01,100263,1383,completed,36,2021-06-15 03:57:00.729476
2018-01-08,0001-01-01,100290,1180,completed,36,2021-06-15 03:57:00.729476
2018-01-08,0001-01-01,100299,1381,completed,36,2021-06-15 03:57:00.729476
2018-01-08,0001-01-01,100299,1168,completed,36,2021-06-15 03:57:00.729476
2018-01-08,0001-01-01,100303,1161,completed,36,2021-06-15 03:57:00.729476
2018-01-08,0001-01-01,100303,1169,completed,36,2021-06-15 03:57:00.729476
2018-01-08,0001-01-01,100352,1175,completed,36,2021-06-15 03:57:00.729476
2018-01-08,0001-01-01,100373,1172,completed,36,2021-06-15 03:57:00.729476
2018-01-08,0001-01-01,100392,1180,completed,36,2021-06-15 03:57:00.729476
2018-01-08,0001-01-01,100399,1169,completed,36,2021-06-15 03:57:00.729476
2018-01-08,0001-01-01,100402,1310,completed,36,2021-06-15 03:57:00.729476
2018-01-08,0001-01-01,100402,1311,completed,36,2021-06-15 03:57:00.729476
2018-01-08,0001-01-01,100434,1312,completed,36,2021-06-15 03:57:00.729476
2018-01-08,0001-01-01,100436,1183,completed,36,2021-06-15 03:57:00.729476
2018-01-08,0001-01-01,100449,1140,completed,36,2021-06-15 03:57:00.729476
2018-01-08,0001-01-01,100449,1161,completed,36,2021-06-15 03:57:00.729476
2018-01-08,0001-01-01,100478,1238,completed,36,2021-06-15 03:57:00.729476
2018-01-08,0001-01-01,100478,1140,completed,36,2021-06-15 03:57:00.729476
2018-01-08,0001-01-01,100478,1141,completed,36,2021-06-15 03:57:00.729476
2018-01-08,0001-01-01,100488,1380,completed,36,2021-06-15 03:57:00.729476
2018-01-08,0001-01-01,100490,1171,completed,36,2021-06-15 03:57:00.729476
2018-01-08,0001-01-01,100490,1191,completed,36,2021-06-15 03:57:00.729476
2018-01-08,0001-01-01,100522,1379,completed,36,2021-06-15 03:57:00.729476
2018-01-08,0001-01-01,100522,1380,completed,36,2021-06-15 03:57:00.729476
2018-01-08,0001-01-01,100522,1383,completed,36,2021-06-15 03:57:00.729476
2018-01-08,0001-01-01,100552,1179,completed,36,2021-06-15 03:57:00.729476
2018-01-08,0001-01-01,100552,1183,completed,36,2021-06-15 03:57:00.729476
2018-01-08,0001-01-01,100552,1190,completed,36,2021-06-15 03:57:00.729476
2018-01-08,0001-01-01,100576,1147,completed,36,2021-06-15 03:57:00.729476
2018-01-08,0001-01-01,100576,1153,completed,36,2021-06-15 03:57:00.729476
2018-01-08,0001-01-01,100576,1161,completed,36,2021-06-15 03:57:00.729476
2018-01-08,0001-01-01,100576,1164,completed,36,2021-06-15 03:57:00.729476
2018-01-08,0001-01-01,100599,1140,completed,36,2021-06-15 03:57:00.729476
2018-01-08,0001-01-01,100627,1420,completed,36,2021-06-15 03:57:00.729476
2018-01-08,0001-01-01,100627,1421,completed,36,2021-06-15 03:57:00.729476
2018-01-08,0001-01-01,100627,1422,completed,36,2021-06-15 03:57:00.729476
2018-01-08,0001-01-01,100642,1370,completed,36,2021-06-15 03:57:00.729476
2018-01-08,0001-01-01,100642,1379,completed,36,2021-06-15 03:57:00.729476
2018-01-08,0001-01-01,100642,1187,completed,36,2021-06-15 03:57:00.729476
2018-01-08,0001-01-01,100646,1159,completed,36,2021-06-15 03:57:00.729476
2018-01-08,0001-01-01,100646,1166,completed,36,2021-06-15 03:57:00.729476
2018-01-08,0001-01-01,100646,1174,completed,36,2021-06-15 03:57:00.729476
2018-01-08,0001-01-01,100662,1238,completed,36,2021-06-15 03:57:00.729476
2018-01-08,0001-01-01,100698,1380,completed,36,2021-06-15 03:57:00.729476
2018-01-08,0001-01-01,100698,1386,completed,36,2021-06-15 03:57:00.729476
2018-01-08,0001-01-01,100700,1157,completed,36,2021-06-15 03:57:00.729476
2018-01-08,0001-01-01,100708,1422,completed,36,2021-06-15 03:57:00.729476
2018-01-08,0001-01-01,100708,1131,completed,36,2021-06-15 03:57:00.729476
2018-01-08,0001-01-01,100708,1179,completed,36,2021-06-15 03:57:00.729476
2018-01-08,0001-01-01,100713,1312,completed,36,2021-06-15 03:57:00.729476
2018-01-08,0001-01-01,100716,1182,completed,36,2021-06-15 03:57:00.729476
2018-01-08,0001-01-01,100729,1170,completed,36,2021-06-15 03:57:00.729476
2018-01-08,0001-01-01,100734,1421,completed,36,2021-06-15 03:57:00.729476
2018-01-08,0001-01-01,100734,1422,completed,36,2021-06-15 03:57:00.729476
2018-01-08,0001-01-01,100734,1130,completed,36,2021-06-15 03:57:00.729476
2018-01-08,0001-01-01,100779,1175,completed,36,2021-06-15 03:57:00.729476
2018-01-08,0001-01-01,100782,1169,completed,36,2021-06-15 03:57:00.729476
2018-01-08,0001-01-01,100782,1183,completed,36,2021-06-15 03:57:00.729476
2018-01-08,0001-01-01,100785,1163,completed,36,2021-06-15 03:57:00.729476
2018-01-08,0001-01-01,100788,1375,completed,36,2021-06-15 03:57:00.729476
2018-01-08,0001-01-01,100788,1377,completed,36,2021-06-15 03:57:00.729476
2018-01-08,0001-01-01,100800,1369,completed,36,2021-06-15 03:57:00.729476
2018-01-08,0001-01-01,100800,1374,completed,36,2021-06-15 03:57:00.729476
2018-01-08,0001-01-01,100800,1375,completed,36,2021-06-15 03:57:00.729476
2018-01-08,0001-01-01,100800,1378,completed,36,2021-06-15 03:57:00.729476
2018-01-08,0001-01-01,100806,1151,completed,36,2021-06-15 03:57:00.729476
2018-01-08,0001-01-01,100825,1376,completed,36,2021-06-15 03:57:00.729476
2018-01-08,0001-01-01,100825,1377,completed,36,2021-06-15 03:57:00.729476
2018-01-08,0001-01-01,100825,1378,completed,36,2021-06-15 03:57:00.729476
2018-01-08,0001-01-01,100825,1380,completed,36,2021-06-15 03:57:00.729476
2018-01-08,0001-01-01,100827,1164,completed,36,2021-06-15 03:57:00.729476
2018-01-08,0001-01-01,100827,1175,completed,36,2021-06-15 03:57:00.729476
2018-01-08,0001-01-01,100845,1148,completed,36,2021-06-15 03:57:00.729476
2018-01-08,0001-01-01,100847,1151,completed,36,2021-06-15 03:57:00.729476
2018-01-08,0001-01-01,100851,1380,completed,36,2021-06-15 03:57:00.729476
2018-01-08,0001-01-01,100851,1183,completed,36,2021-06-15 03:57:00.729476
2018-01-08,0001-01-01,100893,1166,completed,36,2021-06-15 03:57:00.729476
2018-01-08,0001-01-01,100913,1311,completed,36,2021-06-15 03:57:00.729476
2018-01-08,0001-01-01,100913,1312,completed,36,2021-06-15 03:57:00.729476
2018-01-08,0001-01-01,100945,1153,completed,36,2021-06-15 03:57:00.729476
2018-01-08,0001-01-01,100945,1161,completed,36,2021-06-15 03:57:00.729476
2018-01-08,0001-01-01,100945,1185,completed,36,2021-06-15 03:57:00.729476
2018-01-08,0001-01-01,100952,1175,completed,36,2021-06-15 03:57:00.729476
2018-01-08,0001-01-01,100952,1176,completed,36,2021-06-15 03:57:00.729476
2018-01-08,0001-01-01,100952,1177,completed,36,2021-06-15 03:57:00.729476
2018-01-08,0001-01-01,100952,1189,completed,36,2021-06-15 03:57:00.729476
2018-01-08,0001-01-01,100956,1378,completed,36,2021-06-15 03:57:00.729476
2018-01-08,0001-01-01,100956,1379,completed,36,2021-06-15 03:57:00.729476
2018-01-08,0001-01-01,100956,1161,completed,36,2021-06-15 03:57:00.729476
2018-01-08,0001-01-01,100956,1383,completed,36,2021-06-15 03:57:00.729476
2018-01-08,0001-01-01,100958,1375,completed,36,2021-06-15 03:57:00.729476
2018-01-08,0001-01-01,100958,1381,completed,36,2021-06-15 03:57:00.729476
2018-01-08,0001-01-01,100958,1383,completed,36,2021-06-15 03:57:00.729476
2018-01-08,0001-01-01,100958,1172,completed,36,2021-06-15 03:57:00.729476
2018-01-08,0001-01-01,100963,1381,completed,36,2021-06-15 03:57:00.729476
2018-01-08,0001-01-01,100963,1382,completed,36,2021-06-15 03:57:00.729476
2018-01-08,0001-01-01,100963,1383,completed,36,2021-06-15 03:57:00.729476
2018-01-08,0001-01-01,100964,1369,completed,36,2021-06-15 03:57:00.729476
2018-01-08,0001-01-01,100971,1174,completed,36,2021-06-15 03:57:00.729476
2018-01-08,0001-01-01,100981,1180,completed,36,2021-06-15 03:57:00.729476
2018-01-08,0001-01-01,100995,1313,completed,36,2021-06-15 03:57:00.729476
2018-01-08,0001-01-01,100995,1374,completed,36,2021-06-15 03:57:00.729476
2018-01-08,0001-01-01,100995,1380,completed,36,2021-06-15 03:57:00.729476
2018-08-06,0001-01-01,104046,1315,completed,37,2021-06-15 04:32:02.034690
2018-08-06,0001-01-01,104046,1329,completed,37,2021-06-15 04:32:02.034690
2018-08-06,0001-01-01,104057,1315,completed,37,2021-06-15 04:32:02.034690
2018-08-06,0001-01-01,104057,1316,completed,37,2021-06-15 04:32:02.034690
2018-08-06,0001-01-01,104057,1328,completed,37,2021-06-15 04:32:02.034690
2018-08-06,0001-01-01,104066,1316,completed,37,2021-06-15 04:32:02.034690
2018-08-06,0001-01-01,104066,1200,completed,37,2021-06-15 04:32:02.034690
2018-08-06,0001-01-01,104066,1330,completed,37,2021-06-15 04:32:02.034690
2018-08-06,0001-01-01,104070,1315,completed,37,2021-06-15 04:32:02.034690
2018-08-06,0001-01-01,104070,1321,completed,37,2021-06-15 04:32:02.034690
2018-08-06,0001-01-01,104094,1274,completed,37,2021-06-15 04:32:02.034690
2018-08-06,0001-01-01,104094,1402,completed,37,2021-06-15 04:32:02.034690
2018-08-06,0001-01-01,104094,1281,completed,37,2021-06-15 04:32:02.034690
2018-08-06,0001-01-01,104094,1277,completed,37,2021-06-15 04:32:02.034690
2018-08-06,0001-01-01,104094,1289,completed,37,2021-06-15 04:32:02.034690
2018-08-06,0001-01-01,104105,1274,completed,37,2021-06-15 04:32:02.034690
2018-08-06,0001-01-01,104105,1090,completed,37,2021-06-15 04:32:02.034690
2018-08-06,0001-01-01,104105,1091,completed,37,2021-06-15 04:32:02.034690
2018-08-06,0001-01-01,104109,1275,completed,37,2021-06-15 04:32:02.034690
2018-08-06,0001-01-01,104109,1281,completed,37,2021-06-15 04:32:02.034690
2018-08-06,0001-01-01,104109,1289,completed,37,2021-06-15 04:32:02.034690
2018-08-06,0001-01-01,104121,1274,completed,37,2021-06-15 04:32:02.034690
2018-08-06,0001-01-01,104121,1275,completed,37,2021-06-15 04:32:02.034690
2018-08-06,0001-01-01,104121,1282,completed,37,2021-06-15 04:32:02.034690
2018-08-06,0001-01-01,104121,1290,completed,37,2021-06-15 04:32:02.034690
2018-08-06,0001-01-01,104161,1192,completed,37,2021-06-15 04:32:02.034690
2018-08-06,0001-01-01,104161,1256,completed,37,2021-06-15 04:32:02.034690
2018-08-06,0001-01-01,104167,1274,completed,37,2021-06-15 04:32:02.034690
2018-08-06,0001-01-01,104167,1277,completed,37,2021-06-15 04:32:02.034690
2018-08-06,0001-01-01,104167,1289,completed,37,2021-06-15 04:32:02.034690
2018-08-06,0001-01-01,104176,1274,completed,37,2021-06-15 04:32:02.034690
2018-08-06,0001-01-01,104176,1281,completed,37,2021-06-15 04:32:02.034690
2018-08-06,0001-01-01,104189,1328,completed,37,2021-06-15 04:32:02.034690
2018-08-06,0001-01-01,104189,1321,completed,37,2021-06-15 04:32:02.034690
2018-08-06,0001-01-01,104189,1318,completed,37,2021-06-15 04:32:02.034690
2018-08-06,0001-01-01,104189,1290,completed,37,2021-06-15 04:32:02.034690
2018-08-06,0001-01-01,104197,1192,completed,37,2021-06-15 04:32:02.034690
2018-08-06,0001-01-01,104197,1194,completed,37,2021-06-15 04:32:02.034690
2018-08-06,0001-01-01,104206,1314,completed,37,2021-06-15 04:32:02.034690
2018-08-06,0001-01-01,104206,1316,completed,37,2021-06-15 04:32:02.034690
2018-08-06,0001-01-01,104206,1328,completed,37,2021-06-15 04:32:02.034690
2018-08-06,0001-01-01,104231,1193,completed,37,2021-06-15 04:32:02.034690
2018-08-06,0001-01-01,104231,1316,completed,37,2021-06-15 04:32:02.034690
2018-08-06,0001-01-01,104231,1107,completed,37,2021-06-15 04:32:02.034690
2018-08-06,0001-01-01,104231,1200,completed,37,2021-06-15 04:32:02.034690
2018-08-06,0001-01-01,104245,1248,completed,37,2021-06-15 04:32:02.034690
2018-08-06,0001-01-01,104245,1094,completed,37,2021-06-15 04:32:02.034690
2018-08-06,0001-01-01,104257,1090,completed,37,2021-06-15 04:32:02.034690
2018-08-06,0001-01-01,104257,1091,completed,37,2021-06-15 04:32:02.034690
2018-08-06,0001-01-01,104270,1388,completed,37,2021-06-15 04:32:02.034690
2018-08-06,0001-01-01,104270,1390,completed,37,2021-06-15 04:32:02.034690
2018-08-06,0001-01-01,104278,1193,completed,37,2021-06-15 04:32:02.034690
2018-08-06,0001-01-01,104278,1206,completed,37,2021-06-15 04:32:02.034690
2018-08-06,0001-01-01,104297,1274,completed,37,2021-06-15 04:32:02.034690
2018-08-06,0001-01-01,104297,1242,completed,37,2021-06-15 04:32:02.034690
2018-08-06,0001-01-01,104297,1275,completed,37,2021-06-15 04:32:02.034690
2018-08-06,0001-01-01,104297,1194,completed,37,2021-06-15 04:32:02.034690
2018-08-06,0001-01-01,104299,1388,completed,37,2021-06-15 04:32:02.034690
2018-08-06,0001-01-01,104299,1093,completed,37,2021-06-15 04:32:02.034690
2018-08-06,0001-01-01,104299,1389,completed,37,2021-06-15 04:32:02.034690
2018-08-06,0001-01-01,104299,1390,completed,37,2021-06-15 04:32:02.034690
2018-08-06,0001-01-01,104319,1242,completed,37,2021-06-15 04:32:02.034690
2018-08-06,0001-01-01,104319,1194,completed,37,2021-06-15 04:32:02.034690
2018-08-06,0001-01-01,104319,1206,completed,37,2021-06-15 04:32:02.034690
2018-08-06,0001-01-01,104331,1388,completed,37,2021-06-15 04:32:02.034690
2018-08-06,0001-01-01,104331,1389,completed,37,2021-06-15 04:32:02.034690
2018-08-06,0001-01-01,104331,1390,completed,37,2021-06-15 04:32:02.034690
2018-08-06,0001-01-01,104346,1388,completed,37,2021-06-15 04:32:02.034690
2018-08-06,0001-01-01,104346,1389,completed,37,2021-06-15 04:32:02.034690
2018-08-06,0001-01-01,104346,1390,completed,37,2021-06-15 04:32:02.034690
2018-08-06,0001-01-01,104346,1402,completed,37,2021-06-15 04:32:02.034690
2018-08-06,0001-01-01,104346,1395,completed,37,2021-06-15 04:32:02.034690
2018-08-06,0001-01-01,104354,1090,completed,37,2021-06-15 04:32:02.034690
2018-08-06,0001-01-01,104354,1314,completed,37,2021-06-15 04:32:02.034690
2018-08-06,0001-01-01,104354,1092,completed,37,2021-06-15 04:32:02.034690
2018-08-06,0001-01-01,104354,1091,completed,37,2021-06-15 04:32:02.034690
2018-08-06,0001-01-01,104362,1388,completed,37,2021-06-15 04:32:02.034690
2018-08-06,0001-01-01,104362,1389,completed,37,2021-06-15 04:32:02.034690
2018-08-06,0001-01-01,104362,1094,completed,37,2021-06-15 04:32:02.034690
2018-08-06,0001-01-01,104362,1390,completed,37,2021-06-15 04:32:02.034690
2018-08-06,0001-01-01,104362,1402,completed,37,2021-06-15 04:32:02.034690
2018-08-06,0001-01-01,104387,1389,completed,37,2021-06-15 04:32:02.034690
2018-08-06,0001-01-01,104387,1390,completed,37,2021-06-15 04:32:02.034690
2018-08-06,0001-01-01,104393,1274,completed,37,2021-06-15 04:32:02.034690
2018-08-06,0001-01-01,104393,1093,completed,37,2021-06-15 04:32:02.034690
2018-08-06,0001-01-01,104393,1281,completed,37,2021-06-15 04:32:02.034690
2018-08-06,0001-01-01,104393,1277,completed,37,2021-06-15 04:32:02.034690
2018-08-06,0001-01-01,104399,1090,completed,37,2021-06-15 04:32:02.034690
2018-08-06,0001-01-01,104399,1091,completed,37,2021-06-15 04:32:02.034690
2018-08-06,0001-01-01,104409,1388,completed,37,2021-06-15 04:32:02.034690
2018-08-06,0001-01-01,104409,1390,completed,37,2021-06-15 04:32:02.034690
2018-08-06,0001-01-01,104409,1402,completed,37,2021-06-15 04:32:02.034690
2018-08-06,0001-01-01,104409,1395,completed,37,2021-06-15 04:32:02.034690
2018-08-06,0001-01-01,104409,1321,completed,37,2021-06-15 04:32:02.034690
2018-08-06,0001-01-01,104423,1277,completed,37,2021-06-15 04:32:02.034690
2018-08-06,0001-01-01,104423,1245,completed,37,2021-06-15 04:32:02.034690
2018-08-06,0001-01-01,104425,1090,completed,37,2021-06-15 04:32:02.034690
2018-08-06,0001-01-01,104425,1091,completed,37,2021-06-15 04:32:02.034690
2018-08-06,0001-01-01,104434,1390,completed,37,2021-06-15 04:32:02.034690
2018-08-06,0001-01-01,104434,1402,completed,37,2021-06-15 04:32:02.034690
2018-08-06,0001-01-01,104434,1395,completed,37,2021-06-15 04:32:02.034690
2018-08-06,0001-01-01,104434,1391,completed,37,2021-06-15 04:32:02.034690
2018-08-06,0001-01-01,104436,1193,completed,37,2021-06-15 04:32:02.034690
2018-08-06,0001-01-01,104436,1248,completed,37,2021-06-15 04:32:02.034690
2018-08-06,0001-01-01,104436,1095,completed,37,2021-06-15 04:32:02.034690
2018-08-06,0001-01-01,104442,1274,completed,37,2021-06-15 04:32:02.034690
2018-08-06,0001-01-01,104442,1275,completed,37,2021-06-15 04:32:02.034690
2018-08-06,0001-01-01,104446,1316,completed,37,2021-06-15 04:32:02.034690
2018-08-06,0001-01-01,104446,1321,completed,37,2021-06-15 04:32:02.034690
2018-08-06,0001-01-01,104446,1322,completed,37,2021-06-15 04:32:02.034690
2018-08-06,0001-01-01,104448,1090,completed,37,2021-06-15 04:32:02.034690
2018-08-06,0001-01-01,104448,1091,completed,37,2021-06-15 04:32:02.034690
2018-08-06,0001-01-01,104448,1093,completed,37,2021-06-15 04:32:02.034690
2018-08-06,0001-01-01,104449,1274,completed,37,2021-06-15 04:32:02.034690
2018-08-06,0001-01-01,104449,1275,completed,37,2021-06-15 04:32:02.034690
2018-08-06,0001-01-01,104453,1274,completed,37,2021-06-15 04:32:02.034690
2018-08-06,0001-01-01,104453,1275,completed,37,2021-06-15 04:32:02.034690
2018-08-06,0001-01-01,104453,1281,completed,37,2021-06-15 04:32:02.034690
2018-08-06,0001-01-01,104453,1277,completed,37,2021-06-15 04:32:02.034690
2018-08-06,0001-01-01,104466,1388,completed,37,2021-06-15 04:32:02.034690
2018-08-06,0001-01-01,104466,1090,completed,37,2021-06-15 04:32:02.034690
2018-08-06,0001-01-01,104466,1091,completed,37,2021-06-15 04:32:02.034690
2018-08-06,0001-01-01,104468,1193,completed,37,2021-06-15 04:32:02.034690
2018-08-06,0001-01-01,104468,1099,completed,37,2021-06-15 04:32:02.034690
2018-08-06,0001-01-01,104468,1199,completed,37,2021-06-15 04:32:02.034690
2018-08-06,0001-01-01,104483,1314,completed,37,2021-06-15 04:32:02.034690
2018-08-06,0001-01-01,104483,1316,completed,37,2021-06-15 04:32:02.034690
2018-08-06,0001-01-01,104483,1318,completed,37,2021-06-15 04:32:02.034690
2018-08-06,0001-01-01,104484,1388,completed,37,2021-06-15 04:32:02.034690
2018-08-06,0001-01-01,104484,1389,completed,37,2021-06-15 04:32:02.034690
2018-08-06,0001-01-01,104484,1390,completed,37,2021-06-15 04:32:02.034690
2018-08-06,0001-01-01,104484,1402,completed,37,2021-06-15 04:32:02.034690
2018-08-06,0001-01-01,104488,1316,completed,37,2021-06-15 04:32:02.034690
2018-08-06,0001-01-01,104488,1328,completed,37,2021-06-15 04:32:02.034690
2018-08-06,0001-01-01,104488,1256,completed,37,2021-06-15 04:32:02.034690
2018-08-06,0001-01-01,104488,1329,completed,37,2021-06-15 04:32:02.034690
2018-08-06,0001-01-01,104491,1274,completed,37,2021-06-15 04:32:02.034690
2018-08-06,0001-01-01,104491,1275,completed,37,2021-06-15 04:32:02.034690
2018-08-06,0001-01-01,104491,1281,completed,37,2021-06-15 04:32:02.034690
2018-08-06,0001-01-01,104491,1277,completed,37,2021-06-15 04:32:02.034690
2018-08-06,0001-01-01,104495,1389,completed,37,2021-06-15 04:32:02.034690
2018-08-06,0001-01-01,104495,1390,completed,37,2021-06-15 04:32:02.034690
2018-08-06,0001-01-01,104495,1402,completed,37,2021-06-15 04:32:02.034690
2018-08-06,0001-01-01,104498,1314,completed,37,2021-06-15 04:32:02.034690
2018-08-06,0001-01-01,104498,1316,completed,37,2021-06-15 04:32:02.034690
2018-08-06,0001-01-01,104507,1389,completed,37,2021-06-15 04:32:02.034690
2018-08-06,0001-01-01,104507,1390,completed,37,2021-06-15 04:32:02.034690
2018-08-06,0001-01-01,104507,1402,completed,37,2021-06-15 04:32:02.034690
2018-08-06,0001-01-01,104507,1395,completed,37,2021-06-15 04:32:02.034690
2018-08-06,0001-01-01,104515,1274,completed,37,2021-06-15 04:32:02.034690
2018-08-06,0001-01-01,104515,1275,completed,37,2021-06-15 04:32:02.034690
2018-08-06,0001-01-01,104515,1281,completed,37,2021-06-15 04:32:02.034690
2018-08-06,0001-01-01,104515,1277,completed,37,2021-06-15 04:32:02.034690
2018-08-06,0001-01-01,104517,1314,completed,37,2021-06-15 04:32:02.034690
2018-08-06,0001-01-01,104517,1328,completed,37,2021-06-15 04:32:02.034690
2018-08-06,0001-01-01,104517,1395,completed,37,2021-06-15 04:32:02.034690
2018-08-06,0001-01-01,104527,1328,completed,37,2021-06-15 04:32:02.034690
2018-08-06,0001-01-01,104527,1330,completed,37,2021-06-15 04:32:02.034690
2018-08-06,0001-01-01,104527,1319,completed,37,2021-06-15 04:32:02.034690
2018-08-06,0001-01-01,104528,1090,completed,37,2021-06-15 04:32:02.034690
2018-08-06,0001-01-01,104528,1091,completed,37,2021-06-15 04:32:02.034690
2018-08-06,0001-01-01,104546,1092,completed,37,2021-06-15 04:32:02.034690
2018-08-06,0001-01-01,104546,1243,completed,37,2021-06-15 04:32:02.034690
2018-08-06,0001-01-01,104547,1274,completed,37,2021-06-15 04:32:02.034690
2018-08-06,0001-01-01,104547,1275,completed,37,2021-06-15 04:32:02.034690
2018-08-06,0001-01-01,104547,1281,completed,37,2021-06-15 04:32:02.034690
2018-08-06,0001-01-01,104547,1277,completed,37,2021-06-15 04:32:02.034690
2018-08-06,0001-01-01,104551,1242,completed,37,2021-06-15 04:32:02.034690
2018-08-06,0001-01-01,104551,1094,completed,37,2021-06-15 04:32:02.034690
2018-08-06,0001-01-01,104551,1249,completed,37,2021-06-15 04:32:02.034690
2018-08-06,0001-01-01,104561,1090,completed,37,2021-06-15 04:32:02.034690
2018-08-06,0001-01-01,104561,1091,completed,37,2021-06-15 04:32:02.034690
2018-08-06,0001-01-01,104561,1396,completed,37,2021-06-15 04:32:02.034690
2018-08-06,0001-01-01,104578,1314,completed,37,2021-06-15 04:32:02.034690
2018-08-06,0001-01-01,104578,1321,completed,37,2021-06-15 04:32:02.034690
2018-08-06,0001-01-01,104578,1329,completed,37,2021-06-15 04:32:02.034690
2018-08-06,0001-01-01,104582,1090,completed,37,2021-06-15 04:32:02.034690
2018-08-06,0001-01-01,104582,1091,completed,37,2021-06-15 04:32:02.034690
2018-08-06,0001-01-01,104590,1090,completed,37,2021-06-15 04:32:02.034690
2018-08-06,0001-01-01,104590,1091,completed,37,2021-06-15 04:32:02.034690
2018-08-06,0001-01-01,104597,1090,completed,37,2021-06-15 04:32:02.034690
2018-08-06,0001-01-01,104597,1091,completed,37,2021-06-15 04:32:02.034690
2018-08-06,0001-01-01,104607,1192,completed,37,2021-06-15 04:32:02.034690
2018-08-06,0001-01-01,104607,1093,completed,37,2021-06-15 04:32:02.034690
2018-08-06,0001-01-01,104620,1314,completed,37,2021-06-15 04:32:02.034690
2018-08-06,0001-01-01,104620,1092,completed,37,2021-06-15 04:32:02.034690
2018-08-06,0001-01-01,104620,1249,completed,37,2021-06-15 04:32:02.034690
2018-08-06,0001-01-01,104620,1095,completed,37,2021-06-15 04:32:02.034690
2018-08-06,0001-01-01,104626,1090,completed,37,2021-06-15 04:32:02.034690
2018-08-06,0001-01-01,104626,1091,completed,37,2021-06-15 04:32:02.034690
2018-08-06,0001-01-01,104637,1274,completed,37,2021-06-15 04:32:02.034690
2018-08-06,0001-01-01,104637,1275,completed,37,2021-06-15 04:32:02.034690
2018-08-06,0001-01-01,104641,1274,completed,37,2021-06-15 04:32:02.034690
2018-08-06,0001-01-01,104641,1275,completed,37,2021-06-15 04:32:02.034690
2018-08-06,0001-01-01,104641,1206,completed,37,2021-06-15 04:32:02.034690
2018-08-06,0001-01-01,104641,1277,completed,37,2021-06-15 04:32:02.034690
2018-08-06,0001-01-01,104645,1090,completed,37,2021-06-15 04:32:02.034690
2018-08-06,0001-01-01,104645,1091,completed,37,2021-06-15 04:32:02.034690
2018-08-06,0001-01-01,104647,1275,completed,37,2021-06-15 04:32:02.034690
2018-08-06,0001-01-01,104647,1281,completed,37,2021-06-15 04:32:02.034690
2018-08-06,0001-01-01,104647,1282,completed,37,2021-06-15 04:32:02.034690
2018-08-06,0001-01-01,104654,1275,completed,37,2021-06-15 04:32:02.034690
2018-08-06,0001-01-01,104654,1281,completed,37,2021-06-15 04:32:02.034690
2018-08-06,0001-01-01,104654,1199,completed,37,2021-06-15 04:32:02.034690
2018-08-06,0001-01-01,104654,1277,completed,37,2021-06-15 04:32:02.034690
2018-08-06,0001-01-01,104657,1090,completed,37,2021-06-15 04:32:02.034690
2018-08-06,0001-01-01,104657,1091,completed,37,2021-06-15 04:32:02.034690
2018-08-06,0001-01-01,104671,1314,completed,37,2021-06-15 04:32:02.034690
2018-08-06,0001-01-01,104671,1328,completed,37,2021-06-15 04:32:02.034690
2018-08-06,0001-01-01,104671,1321,completed,37,2021-06-15 04:32:02.034690
2018-08-06,0001-01-01,104672,1274,completed,37,2021-06-15 04:32:02.034690
2018-08-06,0001-01-01,104672,1281,completed,37,2021-06-15 04:32:02.034690
2018-08-06,0001-01-01,104672,1277,completed,37,2021-06-15 04:32:02.034690
2018-08-06,0001-01-01,104672,1290,completed,37,2021-06-15 04:32:02.034690
2018-08-06,0001-01-01,104690,1388,completed,37,2021-06-15 04:32:02.034690
2018-08-06,0001-01-01,104690,1389,completed,37,2021-06-15 04:32:02.034690
2018-08-06,0001-01-01,104690,1402,completed,37,2021-06-15 04:32:02.034690
2018-08-06,0001-01-01,104699,1402,completed,37,2021-06-15 04:32:02.034690
2018-08-06,0001-01-01,104699,1391,completed,37,2021-06-15 04:32:02.034690
2018-08-06,0001-01-01,104699,1403,completed,37,2021-06-15 04:32:02.034690
2018-08-06,0001-01-01,104706,1388,completed,37,2021-06-15 04:32:02.034690
2018-08-06,0001-01-01,104706,1319,completed,37,2021-06-15 04:32:02.034690
2018-08-06,0001-01-01,104708,1388,completed,37,2021-06-15 04:32:02.034690
2018-08-06,0001-01-01,104708,1390,completed,37,2021-06-15 04:32:02.034690
2018-08-06,0001-01-01,104708,1395,completed,37,2021-06-15 04:32:02.034690
2018-08-06,0001-01-01,104708,1396,completed,37,2021-06-15 04:32:02.034690
2018-08-06,0001-01-01,104724,1388,completed,37,2021-06-15 04:32:02.034690
2018-08-06,0001-01-01,104724,1243,completed,37,2021-06-15 04:32:02.034690
2018-08-06,0001-01-01,104724,1390,completed,37,2021-06-15 04:32:02.034690
2018-08-06,0001-01-01,104724,1402,completed,37,2021-06-15 04:32:02.034690
2018-08-06,0001-01-01,104724,1395,completed,37,2021-06-15 04:32:02.034690
2018-08-06,0001-01-01,104733,1275,completed,37,2021-06-15 04:32:02.034690
2018-08-06,0001-01-01,104733,1281,completed,37,2021-06-15 04:32:02.034690
2018-08-06,0001-01-01,104740,1274,completed,37,2021-06-15 04:32:02.034690
2018-08-06,0001-01-01,104740,1275,completed,37,2021-06-15 04:32:02.034690
2018-08-06,0001-01-01,104743,1093,completed,37,2021-06-15 04:32:02.034690
2018-08-06,0001-01-01,104743,1243,completed,37,2021-06-15 04:32:02.034690
2018-08-06,0001-01-01,104743,1390,completed,37,2021-06-15 04:32:02.034690
2018-08-06,0001-01-01,104774,1388,completed,37,2021-06-15 04:32:02.034690
2018-08-06,0001-01-01,104774,1389,completed,37,2021-06-15 04:32:02.034690
2018-08-06,0001-01-01,104774,1390,completed,37,2021-06-15 04:32:02.034690
2018-08-06,0001-01-01,104774,1402,completed,37,2021-06-15 04:32:02.034690
2018-08-06,0001-01-01,104776,1318,completed,37,2021-06-15 04:32:02.034690
2018-08-06,0001-01-01,104794,1389,completed,37,2021-06-15 04:32:02.034690
2018-08-06,0001-01-01,104794,1390,completed,37,2021-06-15 04:32:02.034690
2018-08-06,0001-01-01,104794,1395,completed,37,2021-06-15 04:32:02.034690
2018-08-06,0001-01-01,104800,1388,completed,37,2021-06-15 04:32:02.034690
2018-08-06,0001-01-01,104800,1389,completed,37,2021-06-15 04:32:02.034690
2018-08-06,0001-01-01,104800,1390,completed,37,2021-06-15 04:32:02.034690
2018-08-06,0001-01-01,104807,1274,completed,37,2021-06-15 04:32:02.034690
2018-08-06,0001-01-01,104807,1275,completed,37,2021-06-15 04:32:02.034690
2018-08-06,0001-01-01,104807,1277,completed,37,2021-06-15 04:32:02.034690
2018-08-06,0001-01-01,104817,1388,completed,37,2021-06-15 04:32:02.034690
2018-08-06,0001-01-01,104817,1390,completed,37,2021-06-15 04:32:02.034690
2018-08-06,0001-01-01,104817,1402,completed,37,2021-06-15 04:32:02.034690
2018-08-06,0001-01-01,104817,1395,completed,37,2021-06-15 04:32:02.034690
2018-08-06,0001-01-01,104817,1403,completed,37,2021-06-15 04:32:02.034690
2018-08-06,0001-01-01,104851,1314,completed,37,2021-06-15 04:32:02.034690
2018-08-06,0001-01-01,104851,1402,completed,37,2021-06-15 04:32:02.034690
2018-08-06,0001-01-01,104851,1395,completed,37,2021-06-15 04:32:02.034690
2018-08-06,0001-01-01,104878,1314,completed,37,2021-06-15 04:32:02.034690
2018-08-06,0001-01-01,104878,1315,completed,37,2021-06-15 04:32:02.034690
2018-08-06,0001-01-01,104884,1390,completed,37,2021-06-15 04:32:02.034690
2018-08-06,0001-01-01,104884,1402,completed,37,2021-06-15 04:32:02.034690
2018-08-06,0001-01-01,104884,1328,completed,37,2021-06-15 04:32:02.034690
2018-08-06,0001-01-01,104902,1242,completed,37,2021-06-15 04:32:02.034690
2018-08-06,0001-01-01,104902,1206,completed,37,2021-06-15 04:32:02.034690
2018-08-06,0001-01-01,104905,1316,completed,37,2021-06-15 04:32:02.034690
2018-08-06,0001-01-01,104905,1094,completed,37,2021-06-15 04:32:02.034690
2018-08-06,0001-01-01,104905,1206,completed,37,2021-06-15 04:32:02.034690
2018-08-06,0001-01-01,104905,1249,completed,37,2021-06-15 04:32:02.034690
2018-08-06,0001-01-01,104915,1242,completed,37,2021-06-15 04:32:02.034690
2018-08-06,0001-01-01,104915,1315,completed,37,2021-06-15 04:32:02.034690
2018-08-06,0001-01-01,104915,1194,completed,37,2021-06-15 04:32:02.034690
2018-08-06,0001-01-01,104919,1388,completed,37,2021-06-15 04:32:02.034690
2018-08-06,0001-01-01,104919,1389,completed,37,2021-06-15 04:32:02.034690
2018-08-06,0001-01-01,104919,1390,completed,37,2021-06-15 04:32:02.034690
2018-08-06,0001-01-01,104919,1402,completed,37,2021-06-15 04:32:02.034690
2018-08-06,0001-01-01,104925,1092,completed,37,2021-06-15 04:32:02.034690
2018-08-06,0001-01-01,104925,1248,completed,37,2021-06-15 04:32:02.034690
2018-08-06,0001-01-01,104926,1315,completed,37,2021-06-15 04:32:02.034690
2018-08-06,0001-01-01,104926,1316,completed,37,2021-06-15 04:32:02.034690
2018-08-06,0001-01-01,104926,1321,completed,37,2021-06-15 04:32:02.034690
2018-08-06,0001-01-01,104957,1193,completed,37,2021-06-15 04:32:02.034690
2018-08-06,0001-01-01,104957,1248,completed,37,2021-06-15 04:32:02.034690
2018-08-06,0001-01-01,104964,1090,completed,37,2021-06-15 04:32:02.034690
2018-08-06,0001-01-01,104964,1091,completed,37,2021-06-15 04:32:02.034690
2018-08-06,0001-01-01,104964,1256,completed,37,2021-06-15 04:32:02.034690
2018-08-06,0001-01-01,104977,1090,completed,37,2021-06-15 04:32:02.034690
2018-08-06,0001-01-01,104977,1091,completed,37,2021-06-15 04:32:02.034690
2018-08-06,0001-01-01,104984,1090,completed,37,2021-06-15 04:32:02.034690
2018-08-06,0001-01-01,104984,1091,completed,37,2021-06-15 04:32:02.034690
2018-08-06,0001-01-01,104997,1274,completed,37,2021-06-15 04:32:02.034690
2018-08-06,0001-01-01,103000,1290,completed,37,2021-06-15 04:32:02.034690
2018-08-06,0001-01-01,103000,1283,completed,37,2021-06-15 04:32:02.034690
2018-08-06,0001-01-01,103000,1291,completed,37,2021-06-15 04:32:02.034690
2018-08-06,0001-01-01,103000,1284,completed,37,2021-06-15 04:32:02.034690
2018-08-06,0001-01-01,103005,1205,completed,37,2021-06-15 04:32:02.034690
2018-08-06,0001-01-01,103005,1115,completed,37,2021-06-15 04:32:02.034690
2018-08-06,0001-01-01,103005,1119,completed,37,2021-06-15 04:32:02.034690
2018-08-06,0001-01-01,103007,1201,completed,37,2021-06-15 04:32:02.034690
2018-08-06,0001-01-01,103009,1283,completed,37,2021-06-15 04:32:02.034690
2018-08-06,0001-01-01,103009,1279,completed,37,2021-06-15 04:32:02.034690
2018-08-06,0001-01-01,103009,1284,completed,37,2021-06-15 04:32:02.034690
2018-08-06,0001-01-01,103009,1280,completed,37,2021-06-15 04:32:02.034690
2018-08-06,0001-01-01,103010,1279,completed,37,2021-06-15 04:32:02.034690
2018-08-06,0001-01-01,103011,1112,completed,37,2021-06-15 04:32:02.034690
2018-08-06,0001-01-01,103011,1262,completed,37,2021-06-15 04:32:02.034690
2018-08-06,0001-01-01,103011,1255,completed,37,2021-06-15 04:32:02.034690
2018-08-06,0001-01-01,103011,1265,completed,37,2021-06-15 04:32:02.034690
2018-08-06,0001-01-01,103012,1405,completed,37,2021-06-15 04:32:02.034690
2018-08-06,0001-01-01,103012,1394,completed,37,2021-06-15 04:32:02.034690
2018-08-06,0001-01-01,103012,1399,completed,37,2021-06-15 04:32:02.034690
2018-08-06,0001-01-01,103037,1323,completed,37,2021-06-15 04:32:02.034690
2018-08-06,0001-01-01,103037,1320,completed,37,2021-06-15 04:32:02.034690
2018-08-06,0001-01-01,103055,1097,completed,37,2021-06-15 04:32:02.034690
2018-08-06,0001-01-01,103055,1247,completed,37,2021-06-15 04:32:02.034690
2018-08-06,0001-01-01,103066,1297,completed,37,2021-06-15 04:32:02.034690
2018-08-06,0001-01-01,103068,1291,completed,37,2021-06-15 04:32:02.034690
2018-08-06,0001-01-01,103068,1324,completed,37,2021-06-15 04:32:02.034690
2018-08-06,0001-01-01,103068,1280,completed,37,2021-06-15 04:32:02.034690
2018-08-06,0001-01-01,103070,1203,completed,37,2021-06-15 04:32:02.034690
2018-08-06,0001-01-01,103070,1255,completed,37,2021-06-15 04:32:02.034690
2018-08-06,0001-01-01,103087,1258,completed,37,2021-06-15 04:32:02.034690
2018-08-06,0001-01-01,103087,1102,completed,37,2021-06-15 04:32:02.034690
2018-08-06,0001-01-01,103087,1280,completed,37,2021-06-15 04:32:02.034690
2018-08-06,0001-01-01,103087,1260,completed,37,2021-06-15 04:32:02.034690
2018-08-06,0001-01-01,103097,1335,completed,37,2021-06-15 04:32:02.034690
2018-08-06,0001-01-01,103097,1266,completed,37,2021-06-15 04:32:02.034690
2018-08-06,0001-01-01,103108,1200,completed,37,2021-06-15 04:32:02.034690
2018-08-06,0001-01-01,103108,1196,completed,37,2021-06-15 04:32:02.034690
2018-08-06,0001-01-01,103108,1323,completed,37,2021-06-15 04:32:02.034690
2018-08-06,0001-01-01,103110,1403,completed,37,2021-06-15 04:32:02.034690
2018-08-06,0001-01-01,103110,1392,completed,37,2021-06-15 04:32:02.034690
2018-08-06,0001-01-01,103110,1404,completed,37,2021-06-15 04:32:02.034690
2018-08-06,0001-01-01,103116,1252,completed,37,2021-06-15 04:32:02.034690
2018-08-06,0001-01-01,103116,1399,completed,37,2021-06-15 04:32:02.034690
2018-08-06,0001-01-01,103116,1260,completed,37,2021-06-15 04:32:02.034690
2018-08-06,0001-01-01,103116,1261,completed,37,2021-06-15 04:32:02.034690
2018-08-06,0001-01-01,103120,1205,completed,37,2021-06-15 04:32:02.034690
2018-08-06,0001-01-01,103120,1263,completed,37,2021-06-15 04:32:02.034690
2018-08-06,0001-01-01,103120,1214,completed,37,2021-06-15 04:32:02.034690
2018-08-06,0001-01-01,103134,1392,completed,37,2021-06-15 04:32:02.034690
2018-08-06,0001-01-01,103134,1404,completed,37,2021-06-15 04:32:02.034690
2018-08-06,0001-01-01,103134,1196,completed,37,2021-06-15 04:32:02.034690
2018-08-06,0001-01-01,103134,1393,completed,37,2021-06-15 04:32:02.034690
2018-08-06,0001-01-01,103134,1405,completed,37,2021-06-15 04:32:02.034690
2018-08-06,0001-01-01,103135,1284,completed,37,2021-06-15 04:32:02.034690
2018-08-06,0001-01-01,103135,1280,completed,37,2021-06-15 04:32:02.034690
2018-08-06,0001-01-01,103135,1292,completed,37,2021-06-15 04:32:02.034690
2018-08-06,0001-01-01,103135,1285,completed,37,2021-06-15 04:32:02.034690
2018-08-06,0001-01-01,103135,1293,completed,37,2021-06-15 04:32:02.034690
2018-08-06,0001-01-01,103140,1279,completed,37,2021-06-15 04:32:02.034690
2018-08-06,0001-01-01,103140,1284,completed,37,2021-06-15 04:32:02.034690
2018-08-06,0001-01-01,103148,1279,completed,37,2021-06-15 04:32:02.034690
2018-08-06,0001-01-01,103148,1291,completed,37,2021-06-15 04:32:02.034690
2018-08-06,0001-01-01,103148,1280,completed,37,2021-06-15 04:32:02.034690
2018-08-06,0001-01-01,103171,1327,completed,37,2021-06-15 04:32:02.034690
2018-08-06,0001-01-01,103171,1336,completed,37,2021-06-15 04:32:02.034690
2018-08-06,0001-01-01,103171,1337,completed,37,2021-06-15 04:32:02.034690
2018-08-06,0001-01-01,103171,1339,completed,37,2021-06-15 04:32:02.034690
2018-08-06,0001-01-01,103191,1251,completed,37,2021-06-15 04:32:02.034690
2018-08-06,0001-01-01,103191,1097,completed,37,2021-06-15 04:32:02.034690
2018-08-06,0001-01-01,103202,1334,completed,37,2021-06-15 04:32:02.034690
2018-08-06,0001-01-01,103202,1411,completed,37,2021-06-15 04:32:02.034690
2018-08-06,0001-01-01,103202,1337,completed,37,2021-06-15 04:32:02.034690
2018-08-06,0001-01-01,103234,1097,completed,37,2021-06-15 04:32:02.034690
2018-08-06,0001-01-01,103249,1327,completed,37,2021-06-15 04:32:02.034690
2018-08-06,0001-01-01,103249,1287,completed,37,2021-06-15 04:32:02.034690
2018-08-06,0001-01-01,103257,1398,completed,37,2021-06-15 04:32:02.034690
2018-08-06,0001-01-01,103257,1259,completed,37,2021-06-15 04:32:02.034690
2018-08-06,0001-01-01,103257,1394,completed,37,2021-06-15 04:32:02.034690
2018-08-06,0001-01-01,103257,1406,completed,37,2021-06-15 04:32:02.034690
2018-08-06,0001-01-01,103257,1399,completed,37,2021-06-15 04:32:02.034690
2018-08-06,0001-01-01,103263,1259,completed,37,2021-06-15 04:32:02.034690
2018-08-06,0001-01-01,103275,1098,completed,37,2021-06-15 04:32:02.034690
2018-08-06,0001-01-01,103297,1294,completed,37,2021-06-15 04:32:02.034690
2018-08-06,0001-01-01,103300,1210,completed,37,2021-06-15 04:32:02.034690
2018-08-06,0001-01-01,103300,1204,completed,37,2021-06-15 04:32:02.034690
2018-08-06,0001-01-01,103300,1327,completed,37,2021-06-15 04:32:02.034690
2018-08-06,0001-01-01,103300,1255,completed,37,2021-06-15 04:32:02.034690
2018-08-06,0001-01-01,103307,1284,completed,37,2021-06-15 04:32:02.034690
2018-08-06,0001-01-01,103307,1280,completed,37,2021-06-15 04:32:02.034690
2018-08-06,0001-01-01,103307,1292,completed,37,2021-06-15 04:32:02.034690
2018-08-06,0001-01-01,103307,1285,completed,37,2021-06-15 04:32:02.034690
2018-08-06,0001-01-01,103339,1254,completed,37,2021-06-15 04:32:02.034690
2018-08-06,0001-01-01,103339,1262,completed,37,2021-06-15 04:32:02.034690
2018-08-06,0001-01-01,103340,1261,completed,37,2021-06-15 04:32:02.034690
2018-08-06,0001-01-01,103340,1266,completed,37,2021-06-15 04:32:02.034690
2018-08-06,0001-01-01,103359,1290,completed,37,2021-06-15 04:32:02.034690
2018-08-06,0001-01-01,103359,1283,completed,37,2021-06-15 04:32:02.034690
2018-08-06,0001-01-01,103359,1279,completed,37,2021-06-15 04:32:02.034690
2018-08-06,0001-01-01,103359,1291,completed,37,2021-06-15 04:32:02.034690
2018-08-06,0001-01-01,103381,1202,completed,37,2021-06-15 04:32:02.034690
2018-08-06,0001-01-01,103381,1292,completed,37,2021-06-15 04:32:02.034690
2018-08-06,0001-01-01,103381,1103,completed,37,2021-06-15 04:32:02.034690
2018-08-06,0001-01-01,103385,1333,completed,37,2021-06-15 04:32:02.034690
2018-08-06,0001-01-01,103400,1201,completed,37,2021-06-15 04:32:02.034690
2018-08-06,0001-01-01,103400,1197,completed,37,2021-06-15 04:32:02.034690
2018-08-06,0001-01-01,103400,1103,completed,37,2021-06-15 04:32:02.034690
2018-08-06,0001-01-01,103400,1210,completed,37,2021-06-15 04:32:02.034690
2018-08-06,0001-01-01,103403,1285,completed,37,2021-06-15 04:32:02.034690
2018-08-06,0001-01-01,103403,1203,completed,37,2021-06-15 04:32:02.034690
2018-08-06,0001-01-01,103403,1326,completed,37,2021-06-15 04:32:02.034690
2018-08-06,0001-01-01,103403,1204,completed,37,2021-06-15 04:32:02.034690
2018-08-06,0001-01-01,103450,1320,completed,37,2021-06-15 04:32:02.034690
2018-08-06,0001-01-01,103450,1333,completed,37,2021-06-15 04:32:02.034690
2018-08-06,0001-01-01,103450,1335,completed,37,2021-06-15 04:32:02.034690
2018-08-06,0001-01-01,103468,1292,completed,37,2021-06-15 04:32:02.034690
2018-08-06,0001-01-01,103468,1293,completed,37,2021-06-15 04:32:02.034690
2018-08-06,0001-01-01,103468,1286,completed,37,2021-06-15 04:32:02.034690
2018-08-06,0001-01-01,103468,1294,completed,37,2021-06-15 04:32:02.034690
2018-08-06,0001-01-01,103468,1287,completed,37,2021-06-15 04:32:02.034690
2018-08-06,0001-01-01,103469,1211,completed,37,2021-06-15 04:32:02.034690
2018-08-06,0001-01-01,103469,1327,completed,37,2021-06-15 04:32:02.034690
2018-08-06,0001-01-01,103469,1335,completed,37,2021-06-15 04:32:02.034690
2018-08-06,0001-01-01,103469,1263,completed,37,2021-06-15 04:32:02.034690
2018-08-06,0001-01-01,103469,1336,completed,37,2021-06-15 04:32:02.034690
2018-08-06,0001-01-01,103476,1287,completed,37,2021-06-15 04:32:02.034690
2018-08-06,0001-01-01,103496,1208,completed,37,2021-06-15 04:32:02.034690
2018-08-06,0001-01-01,103503,1279,completed,37,2021-06-15 04:32:02.034690
2018-08-06,0001-01-01,103503,1291,completed,37,2021-06-15 04:32:02.034690
2018-08-06,0001-01-01,103503,1284,completed,37,2021-06-15 04:32:02.034690
2018-08-06,0001-01-01,103503,1292,completed,37,2021-06-15 04:32:02.034690
2018-08-06,0001-01-01,103503,1285,completed,37,2021-06-15 04:32:02.034690
2018-08-06,0001-01-01,103507,1289,completed,37,2021-06-15 04:32:02.034690
2018-08-06,0001-01-01,103512,1284,completed,37,2021-06-15 04:32:02.034690
2018-08-06,0001-01-01,103512,1280,completed,37,2021-06-15 04:32:02.034690
2018-08-06,0001-01-01,103512,1292,completed,37,2021-06-15 04:32:02.034690
2018-08-06,0001-01-01,103512,1285,completed,37,2021-06-15 04:32:02.034690
2018-08-06,0001-01-01,103520,1396,completed,37,2021-06-15 04:32:02.034690
2018-08-06,0001-01-01,103520,1392,completed,37,2021-06-15 04:32:02.034690
2018-08-06,0001-01-01,103527,1259,completed,37,2021-06-15 04:32:02.034690
2018-08-06,0001-01-01,103527,1098,completed,37,2021-06-15 04:32:02.034690
2018-08-06,0001-01-01,103527,1113,completed,37,2021-06-15 04:32:02.034690
2018-08-06,0001-01-01,103535,1292,completed,37,2021-06-15 04:32:02.034690
2018-08-06,0001-01-01,103535,1285,completed,37,2021-06-15 04:32:02.034690
2018-08-06,0001-01-01,103544,1112,completed,37,2021-06-15 04:32:02.034690
2018-08-06,0001-01-01,103544,1262,completed,37,2021-06-15 04:32:02.034690
2018-08-06,0001-01-01,103544,1205,completed,37,2021-06-15 04:32:02.034690
2018-08-06,0001-01-01,103554,1324,completed,37,2021-06-15 04:32:02.034690
2018-08-06,0001-01-01,103555,1103,completed,37,2021-06-15 04:32:02.034690
2018-08-06,0001-01-01,103555,1253,completed,37,2021-06-15 04:32:02.034690
2018-08-06,0001-01-01,103555,1254,completed,37,2021-06-15 04:32:02.034690
2018-08-06,0001-01-01,103555,1112,completed,37,2021-06-15 04:32:02.034690
2018-08-06,0001-01-01,103562,1324,completed,37,2021-06-15 04:32:02.034690
2018-08-06,0001-01-01,103562,1332,completed,37,2021-06-15 04:32:02.034690
2018-08-06,0001-01-01,103562,1325,completed,37,2021-06-15 04:32:02.034690
2018-08-06,0001-01-01,103562,1326,completed,37,2021-06-15 04:32:02.034690
2018-08-06,0001-01-01,103596,1280,completed,37,2021-06-15 04:32:02.034690
2018-08-06,0001-01-01,103596,1292,completed,37,2021-06-15 04:32:02.034690
2018-08-06,0001-01-01,103596,1293,completed,37,2021-06-15 04:32:02.034690
2018-08-06,0001-01-01,103597,1404,completed,37,2021-06-15 04:32:02.034690
2018-08-06,0001-01-01,103597,1405,completed,37,2021-06-15 04:32:02.034690
2018-08-06,0001-01-01,103597,1398,completed,37,2021-06-15 04:32:02.034690
2018-08-06,0001-01-01,103601,1283,completed,37,2021-06-15 04:32:02.034690
2018-08-06,0001-01-01,103601,1279,completed,37,2021-06-15 04:32:02.034690
2018-08-06,0001-01-01,103601,1291,completed,37,2021-06-15 04:32:02.034690
2018-08-06,0001-01-01,103601,1284,completed,37,2021-06-15 04:32:02.034690
2018-08-06,0001-01-01,103621,1404,completed,37,2021-06-15 04:32:02.034690
2018-08-06,0001-01-01,103621,1393,completed,37,2021-06-15 04:32:02.034690
2018-08-06,0001-01-01,103621,1405,completed,37,2021-06-15 04:32:02.034690
2018-08-06,0001-01-01,103621,1398,completed,37,2021-06-15 04:32:02.034690
2018-08-06,0001-01-01,103621,1394,completed,37,2021-06-15 04:32:02.034690
2018-08-06,0001-01-01,103635,1279,completed,37,2021-06-15 04:32:02.034690
2018-08-06,0001-01-01,103635,1291,completed,37,2021-06-15 04:32:02.034690
2018-08-06,0001-01-01,103635,1284,completed,37,2021-06-15 04:32:02.034690
2018-08-06,0001-01-01,103635,1280,completed,37,2021-06-15 04:32:02.034690
2018-08-06,0001-01-01,103635,1285,completed,37,2021-06-15 04:32:02.034690
2018-08-06,0001-01-01,103636,1335,completed,37,2021-06-15 04:32:02.034690
2018-08-06,0001-01-01,103636,1341,completed,37,2021-06-15 04:32:02.034690
2018-08-06,0001-01-01,103636,1343,completed,37,2021-06-15 04:32:02.034690
2018-08-06,0001-01-01,103646,1250,completed,37,2021-06-15 04:32:02.034690
2018-08-06,0001-01-01,103646,1196,completed,37,2021-06-15 04:32:02.034690
2018-08-06,0001-01-01,103646,1292,completed,37,2021-06-15 04:32:02.034690
2018-08-06,0001-01-01,103649,1396,completed,37,2021-06-15 04:32:02.034690
2018-08-06,0001-01-01,103649,1404,completed,37,2021-06-15 04:32:02.034690
2018-08-06,0001-01-01,103649,1393,completed,37,2021-06-15 04:32:02.034690
2018-08-06,0001-01-01,103649,1394,completed,37,2021-06-15 04:32:02.034690
2018-08-06,0001-01-01,103651,1101,completed,37,2021-06-15 04:32:02.034690
2018-08-06,0001-01-01,103651,1393,completed,37,2021-06-15 04:32:02.034690
2018-08-06,0001-01-01,103651,1405,completed,37,2021-06-15 04:32:02.034690
2018-08-06,0001-01-01,103651,1394,completed,37,2021-06-15 04:32:02.034690
2018-08-06,0001-01-01,103657,1396,completed,37,2021-06-15 04:32:02.034690
2018-08-06,0001-01-01,103657,1392,completed,37,2021-06-15 04:32:02.034690
2018-08-06,0001-01-01,103657,1290,completed,37,2021-06-15 04:32:02.034690
2018-08-06,0001-01-01,103665,1286,completed,37,2021-06-15 04:32:02.034690
2018-08-06,0001-01-01,103667,1098,completed,37,2021-06-15 04:32:02.034690
2018-08-06,0001-01-01,103667,1408,completed,37,2021-06-15 04:32:02.034690
2018-08-06,0001-01-01,103672,1097,completed,37,2021-06-15 04:32:02.034690
2018-08-06,0001-01-01,103672,1259,completed,37,2021-06-15 04:32:02.034690
2018-08-06,0001-01-01,103672,1252,completed,37,2021-06-15 04:32:02.034690
2018-08-06,0001-01-01,103672,1202,completed,37,2021-06-15 04:32:02.034690
2018-08-06,0001-01-01,103681,1392,completed,37,2021-06-15 04:32:02.034690
2018-08-06,0001-01-01,103681,1404,completed,37,2021-06-15 04:32:02.034690
2018-08-06,0001-01-01,103681,1405,completed,37,2021-06-15 04:32:02.034690
2018-08-06,0001-01-01,103681,1394,completed,37,2021-06-15 04:32:02.034690
2018-08-06,0001-01-01,103685,1403,completed,37,2021-06-15 04:32:02.034690
2018-08-06,0001-01-01,103685,1392,completed,37,2021-06-15 04:32:02.034690
2018-08-06,0001-01-01,103685,1404,completed,37,2021-06-15 04:32:02.034690
2018-08-06,0001-01-01,103695,1325,completed,37,2021-06-15 04:32:02.034690
2018-08-06,0001-01-01,103695,1327,completed,37,2021-06-15 04:32:02.034690
2018-08-06,0001-01-01,103695,1335,completed,37,2021-06-15 04:32:02.034690
2018-08-06,0001-01-01,103695,1265,completed,37,2021-06-15 04:32:02.034690
2018-08-06,0001-01-01,103713,1116,completed,37,2021-06-15 04:32:02.034690
2018-08-06,0001-01-01,103713,1122,completed,37,2021-06-15 04:32:02.034690
2018-08-06,0001-01-01,103713,1124,completed,37,2021-06-15 04:32:02.034690
2018-08-06,0001-01-01,103720,1263,completed,37,2021-06-15 04:32:02.034690
2018-08-06,0001-01-01,103720,1213,completed,37,2021-06-15 04:32:02.034690
2018-08-06,0001-01-01,103729,1404,completed,37,2021-06-15 04:32:02.034690
2018-08-06,0001-01-01,103729,1393,completed,37,2021-06-15 04:32:02.034690
2018-08-06,0001-01-01,103729,1405,completed,37,2021-06-15 04:32:02.034690
2018-08-06,0001-01-01,103740,1283,completed,37,2021-06-15 04:32:02.034690
2018-08-06,0001-01-01,103740,1291,completed,37,2021-06-15 04:32:02.034690
2018-08-06,0001-01-01,103740,1280,completed,37,2021-06-15 04:32:02.034690
2018-08-06,0001-01-01,103743,1284,completed,37,2021-06-15 04:32:02.034690
2018-08-06,0001-01-01,103743,1202,completed,37,2021-06-15 04:32:02.034690
2018-08-06,0001-01-01,103743,1285,completed,37,2021-06-15 04:32:02.034690
2018-08-06,0001-01-01,103743,1293,completed,37,2021-06-15 04:32:02.034690
2018-08-06,0001-01-01,103743,1286,completed,37,2021-06-15 04:32:02.034690
2018-08-06,0001-01-01,103747,1398,completed,37,2021-06-15 04:32:02.034690
2018-08-06,0001-01-01,103747,1394,completed,37,2021-06-15 04:32:02.034690
2018-08-06,0001-01-01,103747,1406,completed,37,2021-06-15 04:32:02.034690
2018-08-06,0001-01-01,103761,1255,completed,37,2021-06-15 04:32:02.034690
2018-08-06,0001-01-01,103761,1113,completed,37,2021-06-15 04:32:02.034690
2018-08-06,0001-01-01,103761,1215,completed,37,2021-06-15 04:32:02.034690
2018-08-06,0001-01-01,103761,1219,completed,37,2021-06-15 04:32:02.034690
2018-08-06,0001-01-01,103784,1202,completed,37,2021-06-15 04:32:02.034690
2018-08-06,0001-01-01,103784,1104,completed,37,2021-06-15 04:32:02.034690
2018-08-06,0001-01-01,103784,1262,completed,37,2021-06-15 04:32:02.034690
2018-08-06,0001-01-01,103798,1104,completed,37,2021-06-15 04:32:02.034690
2018-08-06,0001-01-01,103798,1212,completed,37,2021-06-15 04:32:02.034690
2018-08-06,0001-01-01,103812,1268,completed,37,2021-06-15 04:32:02.034690
2018-08-06,0001-01-01,103812,1119,completed,37,2021-06-15 04:32:02.034690
2018-08-06,0001-01-01,103812,1121,completed,37,2021-06-15 04:32:02.034690
2018-08-06,0001-01-01,103818,1208,completed,37,2021-06-15 04:32:02.034690
2018-08-06,0001-01-01,103818,1319,completed,37,2021-06-15 04:32:02.034690
2018-08-06,0001-01-01,103818,1332,completed,37,2021-06-15 04:32:02.034690
2018-08-06,0001-01-01,103818,1325,completed,37,2021-06-15 04:32:02.034690
2018-08-06,0001-01-01,103828,1332,completed,37,2021-06-15 04:32:02.034690
2018-08-06,0001-01-01,103828,1325,completed,37,2021-06-15 04:32:02.034690
2018-08-06,0001-01-01,103836,1326,completed,37,2021-06-15 04:32:02.034690
2018-08-06,0001-01-01,103836,1334,completed,37,2021-06-15 04:32:02.034690
2018-08-06,0001-01-01,103836,1327,completed,37,2021-06-15 04:32:02.034690
2018-08-06,0001-01-01,103836,1335,completed,37,2021-06-15 04:32:02.034690
2018-08-06,0001-01-01,103847,1103,completed,37,2021-06-15 04:32:02.034690
2018-08-06,0001-01-01,103847,1211,completed,37,2021-06-15 04:32:02.034690
2018-08-06,0001-01-01,103852,1101,completed,37,2021-06-15 04:32:02.034690
2018-08-06,0001-01-01,103852,1097,completed,37,2021-06-15 04:32:02.034690
2018-08-06,0001-01-01,103852,1324,completed,37,2021-06-15 04:32:02.034690
2018-08-06,0001-01-01,103852,1332,completed,37,2021-06-15 04:32:02.034690
2018-08-06,0001-01-01,103856,1331,completed,37,2021-06-15 04:32:02.034690
2018-08-06,0001-01-01,103856,1320,completed,37,2021-06-15 04:32:02.034690
2018-08-06,0001-01-01,103856,1332,completed,37,2021-06-15 04:32:02.034690
2018-08-06,0001-01-01,103856,1335,completed,37,2021-06-15 04:32:02.034690
2018-08-06,0001-01-01,103857,1405,completed,37,2021-06-15 04:32:02.034690
2018-08-06,0001-01-01,103857,1398,completed,37,2021-06-15 04:32:02.034690
2018-08-06,0001-01-01,103857,1394,completed,37,2021-06-15 04:32:02.034690
2018-08-06,0001-01-01,103863,1393,completed,37,2021-06-15 04:32:02.034690
2018-08-06,0001-01-01,103863,1405,completed,37,2021-06-15 04:32:02.034690
2018-08-06,0001-01-01,103863,1398,completed,37,2021-06-15 04:32:02.034690
2018-08-06,0001-01-01,103891,1259,completed,37,2021-06-15 04:32:02.034690
2018-08-06,0001-01-01,103904,1294,completed,37,2021-06-15 04:32:02.034690
2018-08-06,0001-01-01,103904,1214,completed,37,2021-06-15 04:32:02.034690
2018-08-06,0001-01-01,103924,1280,completed,37,2021-06-15 04:32:02.034690
2018-08-06,0001-01-01,103924,1285,completed,37,2021-06-15 04:32:02.034690
2018-08-06,0001-01-01,103928,1320,completed,37,2021-06-15 04:32:02.034690
2018-08-06,0001-01-01,103928,1332,completed,37,2021-06-15 04:32:02.034690
2018-08-06,0001-01-01,103928,1333,completed,37,2021-06-15 04:32:02.034690
2018-08-06,0001-01-01,103929,1101,completed,37,2021-06-15 04:32:02.034690
2018-08-06,0001-01-01,103929,1251,completed,37,2021-06-15 04:32:02.034690
2018-08-06,0001-01-01,103929,1252,completed,37,2021-06-15 04:32:02.034690
2018-08-06,0001-01-01,103929,1211,completed,37,2021-06-15 04:32:02.034690
2018-08-06,0001-01-01,103939,1258,completed,37,2021-06-15 04:32:02.034690
2018-08-06,0001-01-01,103939,1252,completed,37,2021-06-15 04:32:02.034690
2018-08-06,0001-01-01,103939,1210,completed,37,2021-06-15 04:32:02.034690
2018-08-06,0001-01-01,103939,1253,completed,37,2021-06-15 04:32:02.034690
2018-08-06,0001-01-01,103942,1254,completed,37,2021-06-15 04:32:02.034690
2018-08-06,0001-01-01,103942,1220,completed,37,2021-06-15 04:32:02.034690
2018-08-06,0001-01-01,103943,1097,completed,37,2021-06-15 04:32:02.034690
2018-08-06,0001-01-01,103943,1252,completed,37,2021-06-15 04:32:02.034690
2018-08-06,0001-01-01,103948,1325,completed,37,2021-06-15 04:32:02.034690
2018-08-06,0001-01-01,103948,1261,completed,37,2021-06-15 04:32:02.034690
2018-08-06,0001-01-01,103948,1263,completed,37,2021-06-15 04:32:02.034690
2018-08-06,0001-01-01,103948,1337,completed,37,2021-06-15 04:32:02.034690
2018-08-06,0001-01-01,103952,1392,completed,37,2021-06-15 04:32:02.034690
2018-08-06,0001-01-01,103952,1323,completed,37,2021-06-15 04:32:02.034690
2018-08-06,0001-01-01,103952,1393,completed,37,2021-06-15 04:32:02.034690
2018-08-06,0001-01-01,103952,1405,completed,37,2021-06-15 04:32:02.034690
2018-08-06,0001-01-01,103952,1406,completed,37,2021-06-15 04:32:02.034690
2018-08-06,0001-01-01,103955,1283,completed,37,2021-06-15 04:32:02.034690
2018-08-06,0001-01-01,103955,1279,completed,37,2021-06-15 04:32:02.034690
2018-08-06,0001-01-01,103955,1291,completed,37,2021-06-15 04:32:02.034690
2018-08-06,0001-01-01,103975,1393,completed,37,2021-06-15 04:32:02.034690
2018-08-06,0001-01-01,103975,1405,completed,37,2021-06-15 04:32:02.034690
2018-08-06,0001-01-01,103980,1103,completed,37,2021-06-15 04:32:02.034690
2018-08-06,0001-01-01,103980,1260,completed,37,2021-06-15 04:32:02.034690
2018-08-06,0001-01-01,103980,1104,completed,37,2021-06-15 04:32:02.034690
2018-08-06,0001-01-01,103980,1262,completed,37,2021-06-15 04:32:02.034690
2018-08-06,0001-01-01,103989,1320,completed,37,2021-06-15 04:32:02.034690
2018-08-06,0001-01-01,103989,1336,completed,37,2021-06-15 04:32:02.034690
2018-08-06,0001-01-01,103989,1339,completed,37,2021-06-15 04:32:02.034690
2018-08-06,0001-01-01,103990,1392,completed,37,2021-06-15 04:32:02.034690
2018-08-06,0001-01-01,103990,1290,completed,37,2021-06-15 04:32:02.034690
2018-08-06,0001-01-01,103990,1393,completed,37,2021-06-15 04:32:02.034690
2018-08-06,0001-01-01,103990,1398,completed,37,2021-06-15 04:32:02.034690
2018-08-06,0001-01-01,102000,1136,completed,37,2021-06-15 04:32:02.034690
2018-08-06,0001-01-01,102000,1241,completed,37,2021-06-15 04:32:02.034690
2018-08-06,0001-01-01,102003,1352,completed,37,2021-06-15 04:32:02.034690
2018-08-06,0001-01-01,102003,1353,completed,37,2021-06-15 04:32:02.034690
2018-08-06,0001-01-01,102003,1354,completed,37,2021-06-15 04:32:02.034690
2018-08-06,0001-01-01,102003,1135,completed,37,2021-06-15 04:32:02.034690
2018-08-06,0001-01-01,102003,1361,completed,37,2021-06-15 04:32:02.034690
2018-08-06,0001-01-01,102012,1300,completed,37,2021-06-15 04:32:02.034690
2018-08-06,0001-01-01,102012,1301,completed,37,2021-06-15 04:32:02.034690
2018-08-06,0001-01-01,102012,1302,completed,37,2021-06-15 04:32:02.034690
2018-08-06,0001-01-01,102012,1304,completed,37,2021-06-15 04:32:02.034690
2018-08-06,0001-01-01,102013,1129,completed,37,2021-06-15 04:32:02.034690
2018-08-06,0001-01-01,102013,1229,completed,37,2021-06-15 04:32:02.034690
2018-08-06,0001-01-01,102013,1236,completed,37,2021-06-15 04:32:02.034690
2018-08-06,0001-01-01,102013,1145,completed,37,2021-06-15 04:32:02.034690
2018-08-06,0001-01-01,102018,1263,completed,37,2021-06-15 04:32:02.034690
2018-08-06,0001-01-01,102018,1410,completed,37,2021-06-15 04:32:02.034690
2018-08-06,0001-01-01,102018,1412,completed,37,2021-06-15 04:32:02.034690
2018-08-06,0001-01-01,102018,1413,completed,37,2021-06-15 04:32:02.034690
2018-08-06,0001-01-01,102031,1116,completed,37,2021-06-15 04:32:02.034690
2018-08-06,0001-01-01,102031,1266,completed,37,2021-06-15 04:32:02.034690
2018-08-06,0001-01-01,102031,1124,completed,37,2021-06-15 04:32:02.034690
2018-08-06,0001-01-01,102068,1296,completed,37,2021-06-15 04:32:02.034690
2018-08-06,0001-01-01,102068,1297,completed,37,2021-06-15 04:32:02.034690
2018-08-06,0001-01-01,102068,1299,completed,37,2021-06-15 04:32:02.034690
2018-08-06,0001-01-01,102068,1301,completed,37,2021-06-15 04:32:02.034690
2018-08-06,0001-01-01,102068,1302,completed,37,2021-06-15 04:32:02.034690
2018-08-06,0001-01-01,102070,1354,completed,37,2021-06-15 04:32:02.034690
2018-08-06,0001-01-01,102070,1355,completed,37,2021-06-15 04:32:02.034690
2018-08-06,0001-01-01,102070,1356,completed,37,2021-06-15 04:32:02.034690
2018-08-06,0001-01-01,102070,1357,completed,37,2021-06-15 04:32:02.034690
2018-08-06,0001-01-01,102070,1358,completed,37,2021-06-15 04:32:02.034690
2018-08-06,0001-01-01,102098,1410,completed,37,2021-06-15 04:32:02.034690
2018-08-06,0001-01-01,102098,1411,completed,37,2021-06-15 04:32:02.034690
2018-08-06,0001-01-01,102109,1297,completed,37,2021-06-15 04:32:02.034690
2018-08-06,0001-01-01,102109,1412,completed,37,2021-06-15 04:32:02.034690
2018-08-06,0001-01-01,102109,1299,completed,37,2021-06-15 04:32:02.034690
2018-08-06,0001-01-01,102109,1300,completed,37,2021-06-15 04:32:02.034690
2018-08-06,0001-01-01,102120,1225,completed,37,2021-06-15 04:32:02.034690
2018-08-06,0001-01-01,102120,1229,completed,37,2021-06-15 04:32:02.034690
2018-08-06,0001-01-01,102120,1230,completed,37,2021-06-15 04:32:02.034690
2018-08-06,0001-01-01,102120,1238,completed,37,2021-06-15 04:32:02.034690
2018-08-06,0001-01-01,102120,1142,completed,37,2021-06-15 04:32:02.034690
2018-08-06,0001-01-01,102126,1299,completed,37,2021-06-15 04:32:02.034690
2018-08-06,0001-01-01,102126,1300,completed,37,2021-06-15 04:32:02.034690
2018-08-06,0001-01-01,102126,1301,completed,37,2021-06-15 04:32:02.034690
2018-08-06,0001-01-01,102130,1412,completed,37,2021-06-15 04:32:02.034690
2018-08-06,0001-01-01,102130,1413,completed,37,2021-06-15 04:32:02.034690
2018-08-06,0001-01-01,102130,1414,completed,37,2021-06-15 04:32:02.034690
2018-08-06,0001-01-01,102137,1410,completed,37,2021-06-15 04:32:02.034690
2018-08-06,0001-01-01,102137,1411,completed,37,2021-06-15 04:32:02.034690
2018-08-06,0001-01-01,102137,1412,completed,37,2021-06-15 04:32:02.034690
2018-08-06,0001-01-01,102137,1413,completed,37,2021-06-15 04:32:02.034690
2018-08-06,0001-01-01,102138,1223,completed,37,2021-06-15 04:32:02.034690
2018-08-06,0001-01-01,102138,1129,completed,37,2021-06-15 04:32:02.034690
2018-08-06,0001-01-01,102139,1273,completed,37,2021-06-15 04:32:02.034690
2018-08-06,0001-01-01,102141,1410,completed,37,2021-06-15 04:32:02.034690
2018-08-06,0001-01-01,102141,1412,completed,37,2021-06-15 04:32:02.034690
2018-08-06,0001-01-01,102141,1414,completed,37,2021-06-15 04:32:02.034690
2018-08-06,0001-01-01,102141,1416,completed,37,2021-06-15 04:32:02.034690
2018-08-06,0001-01-01,102164,1238,completed,37,2021-06-15 04:32:02.034690
2018-08-06,0001-01-01,102164,1142,completed,37,2021-06-15 04:32:02.034690
2018-08-06,0001-01-01,102164,1145,completed,37,2021-06-15 04:32:02.034690
2018-08-06,0001-01-01,102185,1400,completed,37,2021-06-15 04:32:02.034690
2018-08-06,0001-01-01,102185,1408,completed,37,2021-06-15 04:32:02.034690
2018-08-06,0001-01-01,102185,1401,completed,37,2021-06-15 04:32:02.034690
2018-08-06,0001-01-01,102185,1409,completed,37,2021-06-15 04:32:02.034690
2018-08-06,0001-01-01,102185,1410,completed,37,2021-06-15 04:32:02.034690
2018-08-06,0001-01-01,102213,1343,completed,37,2021-06-15 04:32:02.034690
2018-08-06,0001-01-01,102213,1417,completed,37,2021-06-15 04:32:02.034690
2018-08-06,0001-01-01,102213,1347,completed,37,2021-06-15 04:32:02.034690
2018-08-06,0001-01-01,102213,1351,completed,37,2021-06-15 04:32:02.034690
2018-08-06,0001-01-01,102225,1125,completed,37,2021-06-15 04:32:02.034690
2018-08-06,0001-01-01,102225,1230,completed,37,2021-06-15 04:32:02.034690
2018-08-06,0001-01-01,102225,1231,completed,37,2021-06-15 04:32:02.034690
2018-08-06,0001-01-01,102230,1295,completed,37,2021-06-15 04:32:02.034690
2018-08-06,0001-01-01,102230,1299,completed,37,2021-06-15 04:32:02.034690
2018-08-06,0001-01-01,102230,1301,completed,37,2021-06-15 04:32:02.034690
2018-08-06,0001-01-01,102233,1295,completed,37,2021-06-15 04:32:02.034690
2018-08-06,0001-01-01,102233,1296,completed,37,2021-06-15 04:32:02.034690
2018-08-06,0001-01-01,102233,1297,completed,37,2021-06-15 04:32:02.034690
2018-08-06,0001-01-01,102233,1299,completed,37,2021-06-15 04:32:02.034690
2018-08-06,0001-01-01,102247,1123,completed,37,2021-06-15 04:32:02.034690
2018-08-06,0001-01-01,102256,1410,completed,37,2021-06-15 04:32:02.034690
2018-08-06,0001-01-01,102256,1411,completed,37,2021-06-15 04:32:02.034690
2018-08-06,0001-01-01,102273,1135,completed,37,2021-06-15 04:32:02.034690
2018-08-06,0001-01-01,102273,1372,completed,37,2021-06-15 04:32:02.034690
2018-08-06,0001-01-01,102278,1226,completed,37,2021-06-15 04:32:02.034690
2018-08-06,0001-01-01,102278,1128,completed,37,2021-06-15 04:32:02.034690
2018-08-06,0001-01-01,102278,1129,completed,37,2021-06-15 04:32:02.034690
2018-08-06,0001-01-01,102285,1401,completed,37,2021-06-15 04:32:02.034690
2018-08-06,0001-01-01,102285,1295,completed,37,2021-06-15 04:32:02.034690
2018-08-06,0001-01-01,102285,1296,completed,37,2021-06-15 04:32:02.034690
2018-08-06,0001-01-01,102285,1299,completed,37,2021-06-15 04:32:02.034690
2018-08-06,0001-01-01,102316,1213,completed,37,2021-06-15 04:32:02.034690
2018-08-06,0001-01-01,102316,1297,completed,37,2021-06-15 04:32:02.034690
2018-08-06,0001-01-01,102316,1301,completed,37,2021-06-15 04:32:02.034690
2018-08-06,0001-01-01,102318,1287,completed,37,2021-06-15 04:32:02.034690
2018-08-06,0001-01-01,102318,1296,completed,37,2021-06-15 04:32:02.034690
2018-08-06,0001-01-01,102318,1297,completed,37,2021-06-15 04:32:02.034690
2018-08-06,0001-01-01,102318,1299,completed,37,2021-06-15 04:32:02.034690
2018-08-06,0001-01-01,102320,1287,completed,37,2021-06-15 04:32:02.034690
2018-08-06,0001-01-01,102320,1295,completed,37,2021-06-15 04:32:02.034690
2018-08-06,0001-01-01,102320,1296,completed,37,2021-06-15 04:32:02.034690
2018-08-06,0001-01-01,102320,1297,completed,37,2021-06-15 04:32:02.034690
2018-08-06,0001-01-01,102320,1299,completed,37,2021-06-15 04:32:02.034690
2018-08-06,0001-01-01,102363,1351,completed,37,2021-06-15 04:32:02.034690
2018-08-06,0001-01-01,102363,1354,completed,37,2021-06-15 04:32:02.034690
2018-08-06,0001-01-01,102363,1355,completed,37,2021-06-15 04:32:02.034690
2018-08-06,0001-01-01,102363,1356,completed,37,2021-06-15 04:32:02.034690
2018-08-06,0001-01-01,102363,1357,completed,37,2021-06-15 04:32:02.034690
2018-08-06,0001-01-01,102365,1299,completed,37,2021-06-15 04:32:02.034690
2018-08-06,0001-01-01,102365,1300,completed,37,2021-06-15 04:32:02.034690
2018-08-06,0001-01-01,102365,1301,completed,37,2021-06-15 04:32:02.034690
2018-08-06,0001-01-01,102368,1409,completed,37,2021-06-15 04:32:02.034690
2018-08-06,0001-01-01,102368,1410,completed,37,2021-06-15 04:32:02.034690
2018-08-06,0001-01-01,102368,1411,completed,37,2021-06-15 04:32:02.034690
2018-08-06,0001-01-01,102368,1413,completed,37,2021-06-15 04:32:02.034690
2018-08-06,0001-01-01,102368,1415,completed,37,2021-06-15 04:32:02.034690
2018-08-06,0001-01-01,102390,1409,completed,37,2021-06-15 04:32:02.034690
2018-08-06,0001-01-01,102390,1410,completed,37,2021-06-15 04:32:02.034690
2018-08-06,0001-01-01,102390,1411,completed,37,2021-06-15 04:32:02.034690
2018-08-06,0001-01-01,102390,1412,completed,37,2021-06-15 04:32:02.034690
2018-08-06,0001-01-01,102392,1415,completed,37,2021-06-15 04:32:02.034690
2018-08-06,0001-01-01,102392,1344,completed,37,2021-06-15 04:32:02.034690
2018-08-06,0001-01-01,102392,1345,completed,37,2021-06-15 04:32:02.034690
2018-08-06,0001-01-01,102396,1346,completed,37,2021-06-15 04:32:02.034690
2018-08-06,0001-01-01,102396,1347,completed,37,2021-06-15 04:32:02.034690
2018-08-06,0001-01-01,102396,1352,completed,37,2021-06-15 04:32:02.034690
2018-08-06,0001-01-01,102396,1231,completed,37,2021-06-15 04:32:02.034690
2018-08-06,0001-01-01,102396,1354,completed,37,2021-06-15 04:32:02.034690
2018-08-06,0001-01-01,102399,1224,completed,37,2021-06-15 04:32:02.034690
2018-08-06,0001-01-01,102399,1227,completed,37,2021-06-15 04:32:02.034690
2018-08-06,0001-01-01,102399,1229,completed,37,2021-06-15 04:32:02.034690
2018-08-06,0001-01-01,102399,1354,completed,37,2021-06-15 04:32:02.034690
2018-08-06,0001-01-01,102415,1400,completed,37,2021-06-15 04:32:02.034690
2018-08-06,0001-01-01,102415,1408,completed,37,2021-06-15 04:32:02.034690
2018-08-06,0001-01-01,102415,1287,completed,37,2021-06-15 04:32:02.034690
2018-08-06,0001-01-01,102415,1411,completed,37,2021-06-15 04:32:02.034690
2018-08-06,0001-01-01,102443,1297,completed,37,2021-06-15 04:32:02.034690
2018-08-06,0001-01-01,102443,1299,completed,37,2021-06-15 04:32:02.034690
2018-08-06,0001-01-01,102443,1301,completed,37,2021-06-15 04:32:02.034690
2018-08-06,0001-01-01,102449,1358,completed,37,2021-06-15 04:32:02.034690
2018-08-06,0001-01-01,102449,1360,completed,37,2021-06-15 04:32:02.034690
2018-08-06,0001-01-01,102449,1363,completed,37,2021-06-15 04:32:02.034690
2018-08-06,0001-01-01,102452,1412,completed,37,2021-06-15 04:32:02.034690
2018-08-06,0001-01-01,102452,1413,completed,37,2021-06-15 04:32:02.034690
2018-08-06,0001-01-01,102452,1414,completed,37,2021-06-15 04:32:02.034690
2018-08-06,0001-01-01,102452,1415,completed,37,2021-06-15 04:32:02.034690
2018-08-06,0001-01-01,102454,1408,completed,37,2021-06-15 04:32:02.034690
2018-08-06,0001-01-01,102454,1287,completed,37,2021-06-15 04:32:02.034690
2018-08-06,0001-01-01,102454,1401,completed,37,2021-06-15 04:32:02.034690
2018-08-06,0001-01-01,102454,1409,completed,37,2021-06-15 04:32:02.034690
2018-08-06,0001-01-01,102461,1272,completed,37,2021-06-15 04:32:02.034690
2018-08-06,0001-01-01,102461,1224,completed,37,2021-06-15 04:32:02.034690
2018-08-06,0001-01-01,102461,1312,completed,37,2021-06-15 04:32:02.034690
2018-08-06,0001-01-01,102461,1133,completed,37,2021-06-15 04:32:02.034690
2018-08-06,0001-01-01,102464,1401,completed,37,2021-06-15 04:32:02.034690
2018-08-06,0001-01-01,102464,1295,completed,37,2021-06-15 04:32:02.034690
2018-08-06,0001-01-01,102464,1409,completed,37,2021-06-15 04:32:02.034690
2018-08-06,0001-01-01,102464,1410,completed,37,2021-06-15 04:32:02.034690
2018-08-06,0001-01-01,102465,1346,completed,37,2021-06-15 04:32:02.034690
2018-08-06,0001-01-01,102465,1352,completed,37,2021-06-15 04:32:02.034690
2018-08-06,0001-01-01,102465,1353,completed,37,2021-06-15 04:32:02.034690
2018-08-06,0001-01-01,102475,1295,completed,37,2021-06-15 04:32:02.034690
2018-08-06,0001-01-01,102475,1296,completed,37,2021-06-15 04:32:02.034690
2018-08-06,0001-01-01,102475,1297,completed,37,2021-06-15 04:32:02.034690
2018-08-06,0001-01-01,102475,1299,completed,37,2021-06-15 04:32:02.034690
2018-08-06,0001-01-01,102480,1346,completed,37,2021-06-15 04:32:02.034690
2018-08-06,0001-01-01,102480,1420,completed,37,2021-06-15 04:32:02.034690
2018-08-06,0001-01-01,102480,1347,completed,37,2021-06-15 04:32:02.034690
2018-08-06,0001-01-01,102480,1352,completed,37,2021-06-15 04:32:02.034690
2018-08-06,0001-01-01,102505,1223,completed,37,2021-06-15 04:32:02.034690
2018-08-06,0001-01-01,102505,1226,completed,37,2021-06-15 04:32:02.034690
2018-08-06,0001-01-01,102505,1229,completed,37,2021-06-15 04:32:02.034690
2018-08-06,0001-01-01,102505,1312,completed,37,2021-06-15 04:32:02.034690
2018-08-06,0001-01-01,102510,1310,completed,37,2021-06-15 04:32:02.034690
2018-08-06,0001-01-01,102510,1311,completed,37,2021-06-15 04:32:02.034690
2018-08-06,0001-01-01,102510,1351,completed,37,2021-06-15 04:32:02.034690
2018-08-06,0001-01-01,102515,1411,completed,37,2021-06-15 04:32:02.034690
2018-08-06,0001-01-01,102515,1412,completed,37,2021-06-15 04:32:02.034690
2018-08-06,0001-01-01,102515,1413,completed,37,2021-06-15 04:32:02.034690
2018-08-06,0001-01-01,102521,1297,completed,37,2021-06-15 04:32:02.034690
2018-08-06,0001-01-01,102521,1299,completed,37,2021-06-15 04:32:02.034690
2018-08-06,0001-01-01,102522,1122,completed,37,2021-06-15 04:32:02.034690
2018-08-06,0001-01-01,102522,1130,completed,37,2021-06-15 04:32:02.034690
2018-08-06,0001-01-01,102536,1346,completed,37,2021-06-15 04:32:02.034690
2018-08-06,0001-01-01,102536,1351,completed,37,2021-06-15 04:32:02.034690
2018-08-06,0001-01-01,102536,1352,completed,37,2021-06-15 04:32:02.034690
2018-08-06,0001-01-01,102588,1119,completed,37,2021-06-15 04:32:02.034690
2018-08-06,0001-01-01,102588,1126,completed,37,2021-06-15 04:32:02.034690
2018-08-06,0001-01-01,102595,1343,completed,37,2021-06-15 04:32:02.034690
2018-08-06,0001-01-01,102595,1346,completed,37,2021-06-15 04:32:02.034690
2018-08-06,0001-01-01,102595,1347,completed,37,2021-06-15 04:32:02.034690
2018-08-06,0001-01-01,102595,1351,completed,37,2021-06-15 04:32:02.034690
2018-08-06,0001-01-01,102603,1411,completed,37,2021-06-15 04:32:02.034690
2018-08-06,0001-01-01,102603,1412,completed,37,2021-06-15 04:32:02.034690
2018-08-06,0001-01-01,102603,1414,completed,37,2021-06-15 04:32:02.034690
2018-08-06,0001-01-01,102603,1416,completed,37,2021-06-15 04:32:02.034690
2018-08-06,0001-01-01,102604,1297,completed,37,2021-06-15 04:32:02.034690
2018-08-06,0001-01-01,102604,1299,completed,37,2021-06-15 04:32:02.034690
2018-08-06,0001-01-01,102604,1301,completed,37,2021-06-15 04:32:02.034690
2018-08-06,0001-01-01,102607,1119,completed,37,2021-06-15 04:32:02.034690
2018-08-06,0001-01-01,102607,1120,completed,37,2021-06-15 04:32:02.034690
2018-08-06,0001-01-01,102607,1122,completed,37,2021-06-15 04:32:02.034690
2018-08-06,0001-01-01,102610,1300,completed,37,2021-06-15 04:32:02.034690
2018-08-06,0001-01-01,102610,1301,completed,37,2021-06-15 04:32:02.034690
2018-08-06,0001-01-01,102610,1304,completed,37,2021-06-15 04:32:02.034690
2018-08-06,0001-01-01,102621,1287,completed,37,2021-06-15 04:32:02.034690
2018-08-06,0001-01-01,102621,1295,completed,37,2021-06-15 04:32:02.034690
2018-08-06,0001-01-01,102621,1297,completed,37,2021-06-15 04:32:02.034690
2018-08-06,0001-01-01,102621,1299,completed,37,2021-06-15 04:32:02.034690
2018-08-06,0001-01-01,102623,1134,completed,37,2021-06-15 04:32:02.034690
2018-08-06,0001-01-01,102623,1137,completed,37,2021-06-15 04:32:02.034690
2018-08-06,0001-01-01,102623,1138,completed,37,2021-06-15 04:32:02.034690
2018-08-06,0001-01-01,102623,1140,completed,37,2021-06-15 04:32:02.034690
2018-08-06,0001-01-01,102624,1221,completed,37,2021-06-15 04:32:02.034690
2018-08-06,0001-01-01,102624,1224,completed,37,2021-06-15 04:32:02.034690
2018-08-06,0001-01-01,102624,1226,completed,37,2021-06-15 04:32:02.034690
2018-08-06,0001-01-01,102624,1227,completed,37,2021-06-15 04:32:02.034690
2018-08-06,0001-01-01,102636,1326,completed,37,2021-06-15 04:32:02.034690
2018-08-06,0001-01-01,102636,1335,completed,37,2021-06-15 04:32:02.034690
2018-08-06,0001-01-01,102636,1336,completed,37,2021-06-15 04:32:02.034690
2018-08-06,0001-01-01,102636,1341,completed,37,2021-06-15 04:32:02.034690
2018-08-06,0001-01-01,102648,1265,completed,37,2021-06-15 04:32:02.034690
2018-08-06,0001-01-01,102648,1215,completed,37,2021-06-15 04:32:02.034690
2018-08-06,0001-01-01,102648,1116,completed,37,2021-06-15 04:32:02.034690
2018-08-06,0001-01-01,102650,1408,completed,37,2021-06-15 04:32:02.034690
2018-08-06,0001-01-01,102650,1401,completed,37,2021-06-15 04:32:02.034690
2018-08-06,0001-01-01,102650,1409,completed,37,2021-06-15 04:32:02.034690
2018-08-06,0001-01-01,102650,1410,completed,37,2021-06-15 04:32:02.034690
2018-08-06,0001-01-01,102657,1400,completed,37,2021-06-15 04:32:02.034690
2018-08-06,0001-01-01,102657,1408,completed,37,2021-06-15 04:32:02.034690
2018-08-06,0001-01-01,102657,1401,completed,37,2021-06-15 04:32:02.034690
2018-08-06,0001-01-01,102657,1409,completed,37,2021-06-15 04:32:02.034690
2018-08-06,0001-01-01,102663,1295,completed,37,2021-06-15 04:32:02.034690
2018-08-06,0001-01-01,102663,1299,completed,37,2021-06-15 04:32:02.034690
2018-08-06,0001-01-01,102663,1300,completed,37,2021-06-15 04:32:02.034690
2018-08-06,0001-01-01,102665,1410,completed,37,2021-06-15 04:32:02.034690
2018-08-06,0001-01-01,102665,1412,completed,37,2021-06-15 04:32:02.034690
2018-08-06,0001-01-01,102665,1413,completed,37,2021-06-15 04:32:02.034690
2018-08-06,0001-01-01,102665,1414,completed,37,2021-06-15 04:32:02.034690
2018-08-06,0001-01-01,102716,1409,completed,37,2021-06-15 04:32:02.034690
2018-08-06,0001-01-01,102716,1263,completed,37,2021-06-15 04:32:02.034690
2018-08-06,0001-01-01,102716,1410,completed,37,2021-06-15 04:32:02.034690
2018-08-06,0001-01-01,102716,1411,completed,37,2021-06-15 04:32:02.034690
2018-08-06,0001-01-01,102716,1413,completed,37,2021-06-15 04:32:02.034690
2018-08-06,0001-01-01,102719,1299,completed,37,2021-06-15 04:32:02.034690
2018-08-06,0001-01-01,102719,1301,completed,37,2021-06-15 04:32:02.034690
2018-08-06,0001-01-01,102719,1302,completed,37,2021-06-15 04:32:02.034690
2018-08-06,0001-01-01,102725,1346,completed,37,2021-06-15 04:32:02.034690
2018-08-06,0001-01-01,102725,1349,completed,37,2021-06-15 04:32:02.034690
2018-08-06,0001-01-01,102725,1351,completed,37,2021-06-15 04:32:02.034690
2018-08-06,0001-01-01,102725,1354,completed,37,2021-06-15 04:32:02.034690
2018-08-06,0001-01-01,102726,1287,completed,37,2021-06-15 04:32:02.034690
2018-08-06,0001-01-01,102726,1295,completed,37,2021-06-15 04:32:02.034690
2018-08-06,0001-01-01,102726,1296,completed,37,2021-06-15 04:32:02.034690
2018-08-06,0001-01-01,102745,1225,completed,37,2021-06-15 04:32:02.034690
2018-08-06,0001-01-01,102745,1229,completed,37,2021-06-15 04:32:02.034690
2018-08-06,0001-01-01,102745,1133,completed,37,2021-06-15 04:32:02.034690
2018-08-06,0001-01-01,102748,1232,completed,37,2021-06-15 04:32:02.034690
2018-08-06,0001-01-01,102748,1135,completed,37,2021-06-15 04:32:02.034690
2018-08-06,0001-01-01,102748,1237,completed,37,2021-06-15 04:32:02.034690
2018-08-06,0001-01-01,102753,1410,completed,37,2021-06-15 04:32:02.034690
2018-08-06,0001-01-01,102753,1412,completed,37,2021-06-15 04:32:02.034690
2018-08-06,0001-01-01,102753,1413,completed,37,2021-06-15 04:32:02.034690
2018-08-06,0001-01-01,102753,1414,completed,37,2021-06-15 04:32:02.034690
2018-08-06,0001-01-01,102755,1296,completed,37,2021-06-15 04:32:02.034690
2018-08-06,0001-01-01,102755,1299,completed,37,2021-06-15 04:32:02.034690
2018-08-06,0001-01-01,102755,1300,completed,37,2021-06-15 04:32:02.034690
2018-08-06,0001-01-01,102755,1301,completed,37,2021-06-15 04:32:02.034690
2018-08-06,0001-01-01,102769,1409,completed,37,2021-06-15 04:32:02.034690
2018-08-06,0001-01-01,102769,1410,completed,37,2021-06-15 04:32:02.034690
2018-08-06,0001-01-01,102769,1411,completed,37,2021-06-15 04:32:02.034690
2018-08-06,0001-01-01,102781,1335,completed,37,2021-06-15 04:32:02.034690
2018-08-06,0001-01-01,102781,1341,completed,37,2021-06-15 04:32:02.034690
2018-08-06,0001-01-01,102781,1344,completed,37,2021-06-15 04:32:02.034690
2018-08-06,0001-01-01,102781,1345,completed,37,2021-06-15 04:32:02.034690
2018-08-06,0001-01-01,102783,1266,completed,37,2021-06-15 04:32:02.034690
2018-08-06,0001-01-01,102783,1270,completed,37,2021-06-15 04:32:02.034690
2018-08-06,0001-01-01,102802,1411,completed,37,2021-06-15 04:32:02.034690
2018-08-06,0001-01-01,102802,1128,completed,37,2021-06-15 04:32:02.034690
2018-08-06,0001-01-01,102805,1135,completed,37,2021-06-15 04:32:02.034690
2018-08-06,0001-01-01,102809,1117,completed,37,2021-06-15 04:32:02.034690
2018-08-06,0001-01-01,102818,1287,completed,37,2021-06-15 04:32:02.034690
2018-08-06,0001-01-01,102818,1295,completed,37,2021-06-15 04:32:02.034690
2018-08-06,0001-01-01,102818,1296,completed,37,2021-06-15 04:32:02.034690
2018-08-06,0001-01-01,102840,1344,completed,37,2021-06-15 04:32:02.034690
2018-08-06,0001-01-01,102840,1358,completed,37,2021-06-15 04:32:02.034690
2018-08-06,0001-01-01,102854,1295,completed,37,2021-06-15 04:32:02.034690
2018-08-06,0001-01-01,102854,1296,completed,37,2021-06-15 04:32:02.034690
2018-08-06,0001-01-01,102854,1299,completed,37,2021-06-15 04:32:02.034690
2018-08-06,0001-01-01,102864,1299,completed,37,2021-06-15 04:32:02.034690
2018-08-06,0001-01-01,102864,1300,completed,37,2021-06-15 04:32:02.034690
2018-08-06,0001-01-01,102864,1304,completed,37,2021-06-15 04:32:02.034690
2018-08-06,0001-01-01,102865,1299,completed,37,2021-06-15 04:32:02.034690
2018-08-06,0001-01-01,102865,1301,completed,37,2021-06-15 04:32:02.034690
2018-08-06,0001-01-01,102865,1302,completed,37,2021-06-15 04:32:02.034690
2018-08-06,0001-01-01,102865,1305,completed,37,2021-06-15 04:32:02.034690
2018-08-06,0001-01-01,102871,1222,completed,37,2021-06-15 04:32:02.034690
2018-08-06,0001-01-01,102871,1123,completed,37,2021-06-15 04:32:02.034690
2018-08-06,0001-01-01,102871,1227,completed,37,2021-06-15 04:32:02.034690
2018-08-06,0001-01-01,102884,1122,completed,37,2021-06-15 04:32:02.034690
2018-08-06,0001-01-01,102884,1225,completed,37,2021-06-15 04:32:02.034690
2018-08-06,0001-01-01,102884,1136,completed,37,2021-06-15 04:32:02.034690
2018-08-06,0001-01-01,102888,1129,completed,37,2021-06-15 04:32:02.034690
2018-08-06,0001-01-01,102888,1229,completed,37,2021-06-15 04:32:02.034690
2018-08-06,0001-01-01,102888,1134,completed,37,2021-06-15 04:32:02.034690
2018-08-06,0001-01-01,102897,1294,completed,37,2021-06-15 04:32:02.034690
2018-08-06,0001-01-01,102897,1295,completed,37,2021-06-15 04:32:02.034690
2018-08-06,0001-01-01,102897,1296,completed,37,2021-06-15 04:32:02.034690
2018-08-06,0001-01-01,102897,1297,completed,37,2021-06-15 04:32:02.034690
2018-08-06,0001-01-01,102901,1287,completed,37,2021-06-15 04:32:02.034690
2018-08-06,0001-01-01,102901,1295,completed,37,2021-06-15 04:32:02.034690
2018-08-06,0001-01-01,102901,1296,completed,37,2021-06-15 04:32:02.034690
2018-08-06,0001-01-01,102901,1297,completed,37,2021-06-15 04:32:02.034690
2018-08-06,0001-01-01,102902,1299,completed,37,2021-06-15 04:32:02.034690
2018-08-06,0001-01-01,102902,1300,completed,37,2021-06-15 04:32:02.034690
2018-08-06,0001-01-01,102902,1301,completed,37,2021-06-15 04:32:02.034690
2018-08-06,0001-01-01,102902,1302,completed,37,2021-06-15 04:32:02.034690
2018-08-06,0001-01-01,102905,1344,completed,37,2021-06-15 04:32:02.034690
2018-08-06,0001-01-01,102905,1352,completed,37,2021-06-15 04:32:02.034690
2018-08-06,0001-01-01,102907,1286,completed,37,2021-06-15 04:32:02.034690
2018-08-06,0001-01-01,102907,1287,completed,37,2021-06-15 04:32:02.034690
2018-08-06,0001-01-01,102907,1297,completed,37,2021-06-15 04:32:02.034690
2018-08-06,0001-01-01,102907,1299,completed,37,2021-06-15 04:32:02.034690
2018-08-06,0001-01-01,102917,1233,completed,37,2021-06-15 04:32:02.034690
2018-08-06,0001-01-01,102917,1134,completed,37,2021-06-15 04:32:02.034690
2018-08-06,0001-01-01,102917,1136,completed,37,2021-06-15 04:32:02.034690
2018-08-06,0001-01-01,102917,1140,completed,37,2021-06-15 04:32:02.034690
2018-08-06,0001-01-01,102930,1118,completed,37,2021-06-15 04:32:02.034690
2018-08-06,0001-01-01,102930,1343,completed,37,2021-06-15 04:32:02.034690
2018-08-06,0001-01-01,102930,1344,completed,37,2021-06-15 04:32:02.034690
2018-08-06,0001-01-01,102930,1345,completed,37,2021-06-15 04:32:02.034690
2018-08-06,0001-01-01,102936,1309,completed,37,2021-06-15 04:32:02.034690
2018-08-06,0001-01-01,102946,1407,completed,37,2021-06-15 04:32:02.034690
2018-08-06,0001-01-01,102946,1408,completed,37,2021-06-15 04:32:02.034690
2018-08-06,0001-01-01,102946,1401,completed,37,2021-06-15 04:32:02.034690
2018-08-06,0001-01-01,102946,1409,completed,37,2021-06-15 04:32:02.034690
2018-08-06,0001-01-01,102946,1410,completed,37,2021-06-15 04:32:02.034690
2018-08-06,0001-01-01,102963,1227,completed,37,2021-06-15 04:32:02.034690
2018-08-06,0001-01-01,102963,1351,completed,37,2021-06-15 04:32:02.034690
2018-08-06,0001-01-01,102969,1336,completed,37,2021-06-15 04:32:02.034690
2018-08-06,0001-01-01,102969,1337,completed,37,2021-06-15 04:32:02.034690
2018-08-06,0001-01-01,102969,1339,completed,37,2021-06-15 04:32:02.034690
2018-08-06,0001-01-01,102969,1343,completed,37,2021-06-15 04:32:02.034690
2018-08-06,0001-01-01,102985,1401,completed,37,2021-06-15 04:32:02.034690
2018-08-06,0001-01-01,102985,1409,completed,37,2021-06-15 04:32:02.034690
2018-08-06,0001-01-01,102985,1410,completed,37,2021-06-15 04:32:02.034690
2018-08-06,0001-01-01,102985,1412,completed,37,2021-06-15 04:32:02.034690
2018-08-06,0001-01-01,102994,1220,completed,37,2021-06-15 04:32:02.034690
2018-08-06,0001-01-01,102994,1271,completed,37,2021-06-15 04:32:02.034690
2018-08-06,0001-01-01,102994,1221,completed,37,2021-06-15 04:32:02.034690
2018-08-06,0001-01-01,102994,1222,completed,37,2021-06-15 04:32:02.034690
2018-08-06,0001-01-01,101003,1377,completed,37,2021-06-15 04:32:02.034690
2018-08-06,0001-01-01,101003,1378,completed,37,2021-06-15 04:32:02.034690
2018-08-06,0001-01-01,101003,1379,completed,37,2021-06-15 04:32:02.034690
2018-08-06,0001-01-01,101003,1380,completed,37,2021-06-15 04:32:02.034690
2018-08-06,0001-01-01,101003,1381,completed,37,2021-06-15 04:32:02.034690
2018-08-06,0001-01-01,101019,1361,completed,37,2021-06-15 04:32:02.034690
2018-08-06,0001-01-01,101019,1364,completed,37,2021-06-15 04:32:02.034690
2018-08-06,0001-01-01,101019,1365,completed,37,2021-06-15 04:32:02.034690
2018-08-06,0001-01-01,101019,1371,completed,37,2021-06-15 04:32:02.034690
2018-08-06,0001-01-01,101024,1365,completed,37,2021-06-15 04:32:02.034690
2018-08-06,0001-01-01,101024,1373,completed,37,2021-06-15 04:32:02.034690
2018-08-06,0001-01-01,101024,1374,completed,37,2021-06-15 04:32:02.034690
2018-08-06,0001-01-01,101024,1379,completed,37,2021-06-15 04:32:02.034690
2018-08-06,0001-01-01,101026,1416,completed,37,2021-06-15 04:32:02.034690
2018-08-06,0001-01-01,101026,1418,completed,37,2021-06-15 04:32:02.034690
2018-08-06,0001-01-01,101026,1421,completed,37,2021-06-15 04:32:02.034690
2018-08-06,0001-01-01,101035,1163,completed,37,2021-06-15 04:32:02.034690
2018-08-06,0001-01-01,101035,1174,completed,37,2021-06-15 04:32:02.034690
2018-08-06,0001-01-01,101036,1237,completed,37,2021-06-15 04:32:02.034690
2018-08-06,0001-01-01,101055,1310,completed,37,2021-06-15 04:32:02.034690
2018-08-06,0001-01-01,101055,1311,completed,37,2021-06-15 04:32:02.034690
2018-08-06,0001-01-01,101055,1312,completed,37,2021-06-15 04:32:02.034690
2018-08-06,0001-01-01,101056,1365,completed,37,2021-06-15 04:32:02.034690
2018-08-06,0001-01-01,101056,1366,completed,37,2021-06-15 04:32:02.034690
2018-08-06,0001-01-01,101056,1367,completed,37,2021-06-15 04:32:02.034690
2018-08-06,0001-01-01,101058,1420,completed,37,2021-06-15 04:32:02.034690
2018-08-06,0001-01-01,101058,1421,completed,37,2021-06-15 04:32:02.034690
2018-08-06,0001-01-01,101058,1422,completed,37,2021-06-15 04:32:02.034690
2018-08-06,0001-01-01,101077,1166,completed,37,2021-06-15 04:32:02.034690
2018-08-06,0001-01-01,101077,1170,completed,37,2021-06-15 04:32:02.034690
2018-08-06,0001-01-01,101077,1171,completed,37,2021-06-15 04:32:02.034690
2018-08-06,0001-01-01,101083,1151,completed,37,2021-06-15 04:32:02.034690
2018-08-06,0001-01-01,101083,1161,completed,37,2021-06-15 04:32:02.034690
2018-08-06,0001-01-01,101089,1366,completed,37,2021-06-15 04:32:02.034690
2018-08-06,0001-01-01,101089,1367,completed,37,2021-06-15 04:32:02.034690
2018-08-06,0001-01-01,101089,1368,completed,37,2021-06-15 04:32:02.034690
2018-08-06,0001-01-01,101147,1368,completed,37,2021-06-15 04:32:02.034690
2018-08-06,0001-01-01,101147,1371,completed,37,2021-06-15 04:32:02.034690
2018-08-06,0001-01-01,101147,1372,completed,37,2021-06-15 04:32:02.034690
2018-08-06,0001-01-01,101147,1374,completed,37,2021-06-15 04:32:02.034690
2018-08-06,0001-01-01,101148,1373,completed,37,2021-06-15 04:32:02.034690
2018-08-06,0001-01-01,101148,1374,completed,37,2021-06-15 04:32:02.034690
2018-08-06,0001-01-01,101148,1380,completed,37,2021-06-15 04:32:02.034690
2018-08-06,0001-01-01,101150,1420,completed,37,2021-06-15 04:32:02.034690
2018-08-06,0001-01-01,101150,1421,completed,37,2021-06-15 04:32:02.034690
2018-08-06,0001-01-01,101150,1422,completed,37,2021-06-15 04:32:02.034690
2018-08-06,0001-01-01,101164,1138,completed,37,2021-06-15 04:32:02.034690
2018-08-06,0001-01-01,101164,1142,completed,37,2021-06-15 04:32:02.034690
2018-08-06,0001-01-01,101165,1224,completed,37,2021-06-15 04:32:02.034690
2018-08-06,0001-01-01,101165,1421,completed,37,2021-06-15 04:32:02.034690
2018-08-06,0001-01-01,101165,1422,completed,37,2021-06-15 04:32:02.034690
2018-08-06,0001-01-01,101187,1152,completed,37,2021-06-15 04:32:02.034690
2018-08-06,0001-01-01,101188,1153,completed,37,2021-06-15 04:32:02.034690
2018-08-06,0001-01-01,101200,1148,completed,37,2021-06-15 04:32:02.034690
2018-08-06,0001-01-01,101200,1370,completed,37,2021-06-15 04:32:02.034690
2018-08-06,0001-01-01,101200,1373,completed,37,2021-06-15 04:32:02.034690
2018-08-06,0001-01-01,101215,1147,completed,37,2021-06-15 04:32:02.034690
2018-08-06,0001-01-01,101215,1159,completed,37,2021-06-15 04:32:02.034690
2018-08-06,0001-01-01,101238,1309,completed,37,2021-06-15 04:32:02.034690
2018-08-06,0001-01-01,101238,1310,completed,37,2021-06-15 04:32:02.034690
2018-08-06,0001-01-01,101238,1311,completed,37,2021-06-15 04:32:02.034690
2018-08-06,0001-01-01,101238,1312,completed,37,2021-06-15 04:32:02.034690
2018-08-06,0001-01-01,101238,1313,completed,37,2021-06-15 04:32:02.034690
2018-08-06,0001-01-01,101245,1381,completed,37,2021-06-15 04:32:02.034690
2018-08-06,0001-01-01,101266,1373,completed,37,2021-06-15 04:32:02.034690
2018-08-06,0001-01-01,101266,1374,completed,37,2021-06-15 04:32:02.034690
2018-08-06,0001-01-01,101266,1376,completed,37,2021-06-15 04:32:02.034690
2018-08-06,0001-01-01,101266,1378,completed,37,2021-06-15 04:32:02.034690
2018-08-06,0001-01-01,101266,1379,completed,37,2021-06-15 04:32:02.034690
2018-08-06,0001-01-01,101273,1159,completed,37,2021-06-15 04:32:02.034690
2018-08-06,0001-01-01,101275,1421,completed,37,2021-06-15 04:32:02.034690
2018-08-06,0001-01-01,101275,1422,completed,37,2021-06-15 04:32:02.034690
2018-08-06,0001-01-01,101278,1354,completed,37,2021-06-15 04:32:02.034690
2018-08-06,0001-01-01,101278,1356,completed,37,2021-06-15 04:32:02.034690
2018-08-06,0001-01-01,101278,1370,completed,37,2021-06-15 04:32:02.034690
2018-08-06,0001-01-01,101278,1375,completed,37,2021-06-15 04:32:02.034690
2018-08-06,0001-01-01,101290,1366,completed,37,2021-06-15 04:32:02.034690
2018-08-06,0001-01-01,101290,1372,completed,37,2021-06-15 04:32:02.034690
2018-08-06,0001-01-01,101290,1151,completed,37,2021-06-15 04:32:02.034690
2018-08-06,0001-01-01,101290,1156,completed,37,2021-06-15 04:32:02.034690
2018-08-06,0001-01-01,101293,1222,completed,37,2021-06-15 04:32:02.034690
2018-08-06,0001-01-01,101293,1351,completed,37,2021-06-15 04:32:02.034690
2018-08-06,0001-01-01,101293,1145,completed,37,2021-06-15 04:32:02.034690
2018-08-06,0001-01-01,101329,1143,completed,37,2021-06-15 04:32:02.034690
2018-08-06,0001-01-01,101329,1148,completed,37,2021-06-15 04:32:02.034690
2018-08-06,0001-01-01,101329,1153,completed,37,2021-06-15 04:32:02.034690
2018-08-06,0001-01-01,101329,1155,completed,37,2021-06-15 04:32:02.034690
2018-08-06,0001-01-01,101336,1421,completed,37,2021-06-15 04:32:02.034690
2018-08-06,0001-01-01,101347,1417,completed,37,2021-06-15 04:32:02.034690
2018-08-06,0001-01-01,101347,1421,completed,37,2021-06-15 04:32:02.034690
2018-08-06,0001-01-01,101347,1422,completed,37,2021-06-15 04:32:02.034690
2018-08-06,0001-01-01,101358,1306,completed,37,2021-06-15 04:32:02.034690
2018-08-06,0001-01-01,101358,1421,completed,37,2021-06-15 04:32:02.034690
2018-08-06,0001-01-01,101376,1155,completed,37,2021-06-15 04:32:02.034690
2018-08-06,0001-01-01,101376,1161,completed,37,2021-06-15 04:32:02.034690
2018-08-06,0001-01-01,101376,1163,completed,37,2021-06-15 04:32:02.034690
2018-08-06,0001-01-01,101381,1174,completed,37,2021-06-15 04:32:02.034690
2018-08-06,0001-01-01,101385,1154,completed,37,2021-06-15 04:32:02.034690
2018-08-06,0001-01-01,101385,1376,completed,37,2021-06-15 04:32:02.034690
2018-08-06,0001-01-01,101387,1372,completed,37,2021-06-15 04:32:02.034690
2018-08-06,0001-01-01,101387,1373,completed,37,2021-06-15 04:32:02.034690
2018-08-06,0001-01-01,101387,1377,completed,37,2021-06-15 04:32:02.034690
2018-08-06,0001-01-01,101387,1378,completed,37,2021-06-15 04:32:02.034690
2018-08-06,0001-01-01,101392,1169,completed,37,2021-06-15 04:32:02.034690
2018-08-06,0001-01-01,101398,1370,completed,37,2021-06-15 04:32:02.034690
2018-08-06,0001-01-01,101399,1142,completed,37,2021-06-15 04:32:02.034690
2018-08-06,0001-01-01,101399,1157,completed,37,2021-06-15 04:32:02.034690
2018-08-06,0001-01-01,101399,1168,completed,37,2021-06-15 04:32:02.034690
2018-08-06,0001-01-01,101438,1309,completed,37,2021-06-15 04:32:02.034690
2018-08-06,0001-01-01,101438,1310,completed,37,2021-06-15 04:32:02.034690
2018-08-06,0001-01-01,101438,1311,completed,37,2021-06-15 04:32:02.034690
2018-08-06,0001-01-01,101491,1309,completed,37,2021-06-15 04:32:02.034690
2018-08-06,0001-01-01,101491,1310,completed,37,2021-06-15 04:32:02.034690
2018-08-06,0001-01-01,101491,1313,completed,37,2021-06-15 04:32:02.034690
2018-08-06,0001-01-01,101505,1310,completed,37,2021-06-15 04:32:02.034690
2018-08-06,0001-01-01,101505,1311,completed,37,2021-06-15 04:32:02.034690
2018-08-06,0001-01-01,101505,1313,completed,37,2021-06-15 04:32:02.034690
2018-08-06,0001-01-01,101519,1373,completed,37,2021-06-15 04:32:02.034690
2018-08-06,0001-01-01,101519,1374,completed,37,2021-06-15 04:32:02.034690
2018-08-06,0001-01-01,101519,1376,completed,37,2021-06-15 04:32:02.034690
2018-08-06,0001-01-01,101519,1378,completed,37,2021-06-15 04:32:02.034690
2018-08-06,0001-01-01,101536,1377,completed,37,2021-06-15 04:32:02.034690
2018-08-06,0001-01-01,101563,1141,completed,37,2021-06-15 04:32:02.034690
2018-08-06,0001-01-01,101582,1418,completed,37,2021-06-15 04:32:02.034690
2018-08-06,0001-01-01,101582,1420,completed,37,2021-06-15 04:32:02.034690
2018-08-06,0001-01-01,101582,1347,completed,37,2021-06-15 04:32:02.034690
2018-08-06,0001-01-01,101582,1422,completed,37,2021-06-15 04:32:02.034690
2018-08-06,0001-01-01,101583,1368,completed,37,2021-06-15 04:32:02.034690
2018-08-06,0001-01-01,101583,1377,completed,37,2021-06-15 04:32:02.034690
2018-08-06,0001-01-01,101583,1379,completed,37,2021-06-15 04:32:02.034690
2018-08-06,0001-01-01,101583,1380,completed,37,2021-06-15 04:32:02.034690
2018-08-06,0001-01-01,101596,1375,completed,37,2021-06-15 04:32:02.034690
2018-08-06,0001-01-01,101603,1159,completed,37,2021-06-15 04:32:02.034690
2018-08-06,0001-01-01,101616,1159,completed,37,2021-06-15 04:32:02.034690
2018-08-06,0001-01-01,101616,1162,completed,37,2021-06-15 04:32:02.034690
2018-08-06,0001-01-01,101616,1166,completed,37,2021-06-15 04:32:02.034690
2018-08-06,0001-01-01,101616,1175,completed,37,2021-06-15 04:32:02.034690
2018-08-06,0001-01-01,101617,1161,completed,37,2021-06-15 04:32:02.034690
2018-08-06,0001-01-01,101617,1166,completed,37,2021-06-15 04:32:02.034690
2018-08-06,0001-01-01,101617,1176,completed,37,2021-06-15 04:32:02.034690
2018-08-06,0001-01-01,101618,1312,completed,37,2021-06-15 04:32:02.034690
2018-08-06,0001-01-01,101618,1313,completed,37,2021-06-15 04:32:02.034690
2018-08-06,0001-01-01,101618,1142,completed,37,2021-06-15 04:32:02.034690
2018-08-06,0001-01-01,101635,1370,completed,37,2021-06-15 04:32:02.034690
2018-08-06,0001-01-01,101635,1373,completed,37,2021-06-15 04:32:02.034690
2018-08-06,0001-01-01,101635,1374,completed,37,2021-06-15 04:32:02.034690
2018-08-06,0001-01-01,101650,1152,completed,37,2021-06-15 04:32:02.034690
2018-08-06,0001-01-01,101650,1153,completed,37,2021-06-15 04:32:02.034690
2018-08-06,0001-01-01,101650,1155,completed,37,2021-06-15 04:32:02.034690
2018-08-06,0001-01-01,101667,1366,completed,37,2021-06-15 04:32:02.034690
2018-08-06,0001-01-01,101680,1162,completed,37,2021-06-15 04:32:02.034690
2018-08-06,0001-01-01,101681,1157,completed,37,2021-06-15 04:32:02.034690
2018-08-06,0001-01-01,101688,1306,completed,37,2021-06-15 04:32:02.034690
2018-08-06,0001-01-01,101688,1309,completed,37,2021-06-15 04:32:02.034690
2018-08-06,0001-01-01,101688,1312,completed,37,2021-06-15 04:32:02.034690
2018-08-06,0001-01-01,101688,1313,completed,37,2021-06-15 04:32:02.034690
2018-08-06,0001-01-01,101690,1363,completed,37,2021-06-15 04:32:02.034690
2018-08-06,0001-01-01,101690,1364,completed,37,2021-06-15 04:32:02.034690
2018-08-06,0001-01-01,101690,1367,completed,37,2021-06-15 04:32:02.034690
2018-08-06,0001-01-01,101690,1370,completed,37,2021-06-15 04:32:02.034690
2018-08-06,0001-01-01,101694,1358,completed,37,2021-06-15 04:32:02.034690
2018-08-06,0001-01-01,101699,1349,completed,37,2021-06-15 04:32:02.034690
2018-08-06,0001-01-01,101699,1309,completed,37,2021-06-15 04:32:02.034690
2018-08-06,0001-01-01,101721,1240,completed,37,2021-06-15 04:32:02.034690
2018-08-06,0001-01-01,101721,1241,completed,37,2021-06-15 04:32:02.034690
2018-08-06,0001-01-01,101723,1156,completed,37,2021-06-15 04:32:02.034690
2018-08-06,0001-01-01,101723,1165,completed,37,2021-06-15 04:32:02.034690
2018-08-06,0001-01-01,101723,1175,completed,37,2021-06-15 04:32:02.034690
2018-08-06,0001-01-01,101739,1305,completed,37,2021-06-15 04:32:02.034690
2018-08-06,0001-01-01,101739,1307,completed,37,2021-06-15 04:32:02.034690
2018-08-06,0001-01-01,101739,1310,completed,37,2021-06-15 04:32:02.034690
2018-08-06,0001-01-01,101739,1311,completed,37,2021-06-15 04:32:02.034690
2018-08-06,0001-01-01,101747,1156,completed,37,2021-06-15 04:32:02.034690
2018-08-06,0001-01-01,101747,1161,completed,37,2021-06-15 04:32:02.034690
2018-08-06,0001-01-01,101752,1368,completed,37,2021-06-15 04:32:02.034690
2018-08-06,0001-01-01,101752,1373,completed,37,2021-06-15 04:32:02.034690
2018-08-06,0001-01-01,101752,1374,completed,37,2021-06-15 04:32:02.034690
2018-08-06,0001-01-01,101752,1375,completed,37,2021-06-15 04:32:02.034690
2018-08-06,0001-01-01,101759,1366,completed,37,2021-06-15 04:32:02.034690
2018-08-06,0001-01-01,101759,1367,completed,37,2021-06-15 04:32:02.034690
2018-08-06,0001-01-01,101759,1370,completed,37,2021-06-15 04:32:02.034690
2018-08-06,0001-01-01,101762,1151,completed,37,2021-06-15 04:32:02.034690
2018-08-06,0001-01-01,101762,1153,completed,37,2021-06-15 04:32:02.034690
2018-08-06,0001-01-01,101783,1366,completed,37,2021-06-15 04:32:02.034690
2018-08-06,0001-01-01,101788,1159,completed,37,2021-06-15 04:32:02.034690
2018-08-06,0001-01-01,101808,1151,completed,37,2021-06-15 04:32:02.034690
2018-08-06,0001-01-01,101808,1373,completed,37,2021-06-15 04:32:02.034690
2018-08-06,0001-01-01,101808,1374,completed,37,2021-06-15 04:32:02.034690
2018-08-06,0001-01-01,101808,1380,completed,37,2021-06-15 04:32:02.034690
2018-08-06,0001-01-01,101808,1162,completed,37,2021-06-15 04:32:02.034690
2018-08-06,0001-01-01,101814,1364,completed,37,2021-06-15 04:32:02.034690
2018-08-06,0001-01-01,101814,1367,completed,37,2021-06-15 04:32:02.034690
2018-08-06,0001-01-01,101814,1369,completed,37,2021-06-15 04:32:02.034690
2018-08-06,0001-01-01,101826,1156,completed,37,2021-06-15 04:32:02.034690
2018-08-06,0001-01-01,101826,1161,completed,37,2021-06-15 04:32:02.034690
2018-08-06,0001-01-01,101826,1165,completed,37,2021-06-15 04:32:02.034690
2018-08-06,0001-01-01,101838,1155,completed,37,2021-06-15 04:32:02.034690
2018-08-06,0001-01-01,101838,1379,completed,37,2021-06-15 04:32:02.034690
2018-08-06,0001-01-01,101838,1161,completed,37,2021-06-15 04:32:02.034690
2018-08-06,0001-01-01,101838,1166,completed,37,2021-06-15 04:32:02.034690
2018-08-06,0001-01-01,101840,1365,completed,37,2021-06-15 04:32:02.034690
2018-08-06,0001-01-01,101840,1369,completed,37,2021-06-15 04:32:02.034690
2018-08-06,0001-01-01,101840,1371,completed,37,2021-06-15 04:32:02.034690
2018-08-06,0001-01-01,101840,1377,completed,37,2021-06-15 04:32:02.034690
2018-08-06,0001-01-01,101852,1167,completed,37,2021-06-15 04:32:02.034690
2018-08-06,0001-01-01,101868,1161,completed,37,2021-06-15 04:32:02.034690
2018-08-06,0001-01-01,101868,1166,completed,37,2021-06-15 04:32:02.034690
2018-08-06,0001-01-01,101868,1168,completed,37,2021-06-15 04:32:02.034690
2018-08-06,0001-01-01,101873,1371,completed,37,2021-06-15 04:32:02.034690
2018-08-06,0001-01-01,101873,1376,completed,37,2021-06-15 04:32:02.034690
2018-08-06,0001-01-01,101873,1377,completed,37,2021-06-15 04:32:02.034690
2018-08-06,0001-01-01,101873,1378,completed,37,2021-06-15 04:32:02.034690
2018-08-06,0001-01-01,101891,1358,completed,37,2021-06-15 04:32:02.034690
2018-08-06,0001-01-01,101891,1364,completed,37,2021-06-15 04:32:02.034690
2018-08-06,0001-01-01,101891,1369,completed,37,2021-06-15 04:32:02.034690
2018-08-06,0001-01-01,101898,1306,completed,37,2021-06-15 04:32:02.034690
2018-08-06,0001-01-01,101898,1307,completed,37,2021-06-15 04:32:02.034690
2018-08-06,0001-01-01,101898,1421,completed,37,2021-06-15 04:32:02.034690
2018-08-06,0001-01-01,101898,1310,completed,37,2021-06-15 04:32:02.034690
2018-08-06,0001-01-01,101898,1312,completed,37,2021-06-15 04:32:02.034690
2018-08-06,0001-01-01,101916,1422,completed,37,2021-06-15 04:32:02.034690
2018-08-06,0001-01-01,101916,1355,completed,37,2021-06-15 04:32:02.034690
2018-08-06,0001-01-01,101916,1364,completed,37,2021-06-15 04:32:02.034690
2018-08-06,0001-01-01,101919,1145,completed,37,2021-06-15 04:32:02.034690
2018-08-06,0001-01-01,101919,1152,completed,37,2021-06-15 04:32:02.034690
2018-08-06,0001-01-01,101919,1382,completed,37,2021-06-15 04:32:02.034690
2018-08-06,0001-01-01,101919,1162,completed,37,2021-06-15 04:32:02.034690
2018-08-06,0001-01-01,101931,1358,completed,37,2021-06-15 04:32:02.034690
2018-08-06,0001-01-01,101931,1364,completed,37,2021-06-15 04:32:02.034690
2018-08-06,0001-01-01,101931,1368,completed,37,2021-06-15 04:32:02.034690
2018-08-06,0001-01-01,101931,1369,completed,37,2021-06-15 04:32:02.034690
2018-08-06,0001-01-01,101941,1381,completed,37,2021-06-15 04:32:02.034690
2018-08-06,0001-01-01,101943,1421,completed,37,2021-06-15 04:32:02.034690
2018-08-06,0001-01-01,101943,1422,completed,37,2021-06-15 04:32:02.034690
2018-08-06,0001-01-01,101963,1363,completed,37,2021-06-15 04:32:02.034690
2018-08-06,0001-01-01,101963,1364,completed,37,2021-06-15 04:32:02.034690
2018-08-06,0001-01-01,101963,1367,completed,37,2021-06-15 04:32:02.034690
2018-08-06,0001-01-01,101974,1136,completed,37,2021-06-15 04:32:02.034690
2018-08-06,0001-01-01,101974,1239,completed,37,2021-06-15 04:32:02.034690
2018-08-06,0001-01-01,101974,1147,completed,37,2021-06-15 04:32:02.034690
2018-08-06,0001-01-01,101999,1147,completed,37,2021-06-15 04:32:02.034690
2018-08-06,0001-01-01,101999,1373,completed,37,2021-06-15 04:32:02.034690
2019-01-07,0001-01-01,104019,1391,completed,38,2021-06-15 05:07:06.202930
2019-01-07,0001-01-01,104019,1404,completed,38,2021-06-15 05:07:06.202930
2019-01-07,0001-01-01,104019,1201,completed,38,2021-06-15 05:07:06.202930
2019-01-07,0001-01-01,104020,1200,completed,38,2021-06-15 05:07:06.202930
2019-01-07,0001-01-01,104020,1392,completed,38,2021-06-15 05:07:06.202930
2019-01-07,0001-01-01,104020,1404,completed,38,2021-06-15 05:07:06.202930
2019-01-07,0001-01-01,104020,1393,completed,38,2021-06-15 05:07:06.202930
2019-01-07,0001-01-01,104046,1322,completed,38,2021-06-15 05:07:06.202930
2019-01-07,0001-01-01,104046,1318,completed,38,2021-06-15 05:07:06.202930
2019-01-07,0001-01-01,104046,1330,completed,38,2021-06-15 05:07:06.202930
2019-01-07,0001-01-01,104046,1320,completed,38,2021-06-15 05:07:06.202930
2019-01-07,0001-01-01,104057,1330,completed,38,2021-06-15 05:07:06.202930
2019-01-07,0001-01-01,104057,1324,completed,38,2021-06-15 05:07:06.202930
2019-01-07,0001-01-01,104057,1332,completed,38,2021-06-15 05:07:06.202930
2019-01-07,0001-01-01,104066,1323,completed,38,2021-06-15 05:07:06.202930
2019-01-07,0001-01-01,104066,1324,completed,38,2021-06-15 05:07:06.202930
2019-01-07,0001-01-01,104066,1332,completed,38,2021-06-15 05:07:06.202930
2019-01-07,0001-01-01,104070,1322,completed,38,2021-06-15 05:07:06.202930
2019-01-07,0001-01-01,104070,1330,completed,38,2021-06-15 05:07:06.202930
2019-01-07,0001-01-01,104070,1319,completed,38,2021-06-15 05:07:06.202930
2019-01-07,0001-01-01,104094,1282,completed,38,2021-06-15 05:07:06.202930
2019-01-07,0001-01-01,104094,1290,completed,38,2021-06-15 05:07:06.202930
2019-01-07,0001-01-01,104094,1283,completed,38,2021-06-15 05:07:06.202930
2019-01-07,0001-01-01,104094,1279,completed,38,2021-06-15 05:07:06.202930
2019-01-07,0001-01-01,104105,1402,completed,38,2021-06-15 05:07:06.202930
2019-01-07,0001-01-01,104109,1290,completed,38,2021-06-15 05:07:06.202930
2019-01-07,0001-01-01,104109,1279,completed,38,2021-06-15 05:07:06.202930
2019-01-07,0001-01-01,104121,1283,completed,38,2021-06-15 05:07:06.202930
2019-01-07,0001-01-01,104121,1279,completed,38,2021-06-15 05:07:06.202930
2019-01-07,0001-01-01,104121,1291,completed,38,2021-06-15 05:07:06.202930
2019-01-07,0001-01-01,104121,1284,completed,38,2021-06-15 05:07:06.202930
2019-01-07,0001-01-01,104161,1196,completed,38,2021-06-15 05:07:06.202930
2019-01-07,0001-01-01,104161,1101,completed,38,2021-06-15 05:07:06.202930
2019-01-07,0001-01-01,104161,1251,completed,38,2021-06-15 05:07:06.202930
2019-01-07,0001-01-01,104167,1282,completed,38,2021-06-15 05:07:06.202930
2019-01-07,0001-01-01,104167,1290,completed,38,2021-06-15 05:07:06.202930
2019-01-07,0001-01-01,104167,1283,completed,38,2021-06-15 05:07:06.202930
2019-01-07,0001-01-01,104176,1289,completed,38,2021-06-15 05:07:06.202930
2019-01-07,0001-01-01,104176,1290,completed,38,2021-06-15 05:07:06.202930
2019-01-07,0001-01-01,104176,1291,completed,38,2021-06-15 05:07:06.202930
2019-01-07,0001-01-01,104189,1323,completed,38,2021-06-15 05:07:06.202930
2019-01-07,0001-01-01,104189,1319,completed,38,2021-06-15 05:07:06.202930
2019-01-07,0001-01-01,104189,1325,completed,38,2021-06-15 05:07:06.202930
2019-01-07,0001-01-01,104197,1250,completed,38,2021-06-15 05:07:06.202930
2019-01-07,0001-01-01,104197,1252,completed,38,2021-06-15 05:07:06.202930
2019-01-07,0001-01-01,104197,1204,completed,38,2021-06-15 05:07:06.202930
2019-01-07,0001-01-01,104206,1329,completed,38,2021-06-15 05:07:06.202930
2019-01-07,0001-01-01,104206,1318,completed,38,2021-06-15 05:07:06.202930
2019-01-07,0001-01-01,104231,1291,completed,38,2021-06-15 05:07:06.202930
2019-01-07,0001-01-01,104231,1197,completed,38,2021-06-15 05:07:06.202930
2019-01-07,0001-01-01,104245,1251,completed,38,2021-06-15 05:07:06.202930
2019-01-07,0001-01-01,104245,1097,completed,38,2021-06-15 05:07:06.202930
2019-01-07,0001-01-01,104257,1330,completed,38,2021-06-15 05:07:06.202930
2019-01-07,0001-01-01,104270,1402,completed,38,2021-06-15 05:07:06.202930
2019-01-07,0001-01-01,104270,1395,completed,38,2021-06-15 05:07:06.202930
2019-01-07,0001-01-01,104270,1391,completed,38,2021-06-15 05:07:06.202930
2019-01-07,0001-01-01,104270,1403,completed,38,2021-06-15 05:07:06.202930
2019-01-07,0001-01-01,104270,1396,completed,38,2021-06-15 05:07:06.202930
2019-01-07,0001-01-01,104278,1207,completed,38,2021-06-15 05:07:06.202930
2019-01-07,0001-01-01,104278,1246,completed,38,2021-06-15 05:07:06.202930
2019-01-07,0001-01-01,104278,1101,completed,38,2021-06-15 05:07:06.202930
2019-01-07,0001-01-01,104278,1258,completed,38,2021-06-15 05:07:06.202930
2019-01-07,0001-01-01,104297,1289,completed,38,2021-06-15 05:07:06.202930
2019-01-07,0001-01-01,104297,1282,completed,38,2021-06-15 05:07:06.202930
2019-01-07,0001-01-01,104299,1391,completed,38,2021-06-15 05:07:06.202930
2019-01-07,0001-01-01,104299,1095,completed,38,2021-06-15 05:07:06.202930
2019-01-07,0001-01-01,104299,1403,completed,38,2021-06-15 05:07:06.202930
2019-01-07,0001-01-01,104299,1396,completed,38,2021-06-15 05:07:06.202930
2019-01-07,0001-01-01,104299,1392,completed,38,2021-06-15 05:07:06.202930
2019-01-07,0001-01-01,104319,1095,completed,38,2021-06-15 05:07:06.202930
2019-01-07,0001-01-01,104319,1398,completed,38,2021-06-15 05:07:06.202930
2019-01-07,0001-01-01,104331,1402,completed,38,2021-06-15 05:07:06.202930
2019-01-07,0001-01-01,104331,1395,completed,38,2021-06-15 05:07:06.202930
2019-01-07,0001-01-01,104331,1391,completed,38,2021-06-15 05:07:06.202930
2019-01-07,0001-01-01,104346,1391,completed,38,2021-06-15 05:07:06.202930
2019-01-07,0001-01-01,104346,1403,completed,38,2021-06-15 05:07:06.202930
2019-01-07,0001-01-01,104346,1392,completed,38,2021-06-15 05:07:06.202930
2019-01-07,0001-01-01,104346,1404,completed,38,2021-06-15 05:07:06.202930
2019-01-07,0001-01-01,104346,1405,completed,38,2021-06-15 05:07:06.202930
2019-01-07,0001-01-01,104362,1395,completed,38,2021-06-15 05:07:06.202930
2019-01-07,0001-01-01,104362,1391,completed,38,2021-06-15 05:07:06.202930
2019-01-07,0001-01-01,104362,1396,completed,38,2021-06-15 05:07:06.202930
2019-01-07,0001-01-01,104387,1391,completed,38,2021-06-15 05:07:06.202930
2019-01-07,0001-01-01,104387,1392,completed,38,2021-06-15 05:07:06.202930
2019-01-07,0001-01-01,104393,1290,completed,38,2021-06-15 05:07:06.202930
2019-01-07,0001-01-01,104393,1283,completed,38,2021-06-15 05:07:06.202930
2019-01-07,0001-01-01,104393,1291,completed,38,2021-06-15 05:07:06.202930
2019-01-07,0001-01-01,104399,1095,completed,38,2021-06-15 05:07:06.202930
2019-01-07,0001-01-01,104409,1199,completed,38,2021-06-15 05:07:06.202930
2019-01-07,0001-01-01,104409,1391,completed,38,2021-06-15 05:07:06.202930
2019-01-07,0001-01-01,104409,1403,completed,38,2021-06-15 05:07:06.202930
2019-01-07,0001-01-01,104409,1396,completed,38,2021-06-15 05:07:06.202930
2019-01-07,0001-01-01,104409,1392,completed,38,2021-06-15 05:07:06.202930
2019-01-07,0001-01-01,104423,1282,completed,38,2021-06-15 05:07:06.202930
2019-01-07,0001-01-01,104423,1246,completed,38,2021-06-15 05:07:06.202930
2019-01-07,0001-01-01,104423,1279,completed,38,2021-06-15 05:07:06.202930
2019-01-07,0001-01-01,104423,1284,completed,38,2021-06-15 05:07:06.202930
2019-01-07,0001-01-01,104423,1280,completed,38,2021-06-15 05:07:06.202930
2019-01-07,0001-01-01,104434,1403,completed,38,2021-06-15 05:07:06.202930
2019-01-07,0001-01-01,104434,1282,completed,38,2021-06-15 05:07:06.202930
2019-01-07,0001-01-01,104434,1396,completed,38,2021-06-15 05:07:06.202930
2019-01-07,0001-01-01,104436,1247,completed,38,2021-06-15 05:07:06.202930
2019-01-07,0001-01-01,104436,1331,completed,38,2021-06-15 05:07:06.202930
2019-01-07,0001-01-01,104436,1259,completed,38,2021-06-15 05:07:06.202930
2019-01-07,0001-01-01,104442,1281,completed,38,2021-06-15 05:07:06.202930
2019-01-07,0001-01-01,104442,1277,completed,38,2021-06-15 05:07:06.202930
2019-01-07,0001-01-01,104442,1282,completed,38,2021-06-15 05:07:06.202930
2019-01-07,0001-01-01,104446,1330,completed,38,2021-06-15 05:07:06.202930
2019-01-07,0001-01-01,104446,1319,completed,38,2021-06-15 05:07:06.202930
2019-01-07,0001-01-01,104448,1322,completed,38,2021-06-15 05:07:06.202930
2019-01-07,0001-01-01,104448,1200,completed,38,2021-06-15 05:07:06.202930
2019-01-07,0001-01-01,104448,1279,completed,38,2021-06-15 05:07:06.202930
2019-01-07,0001-01-01,104449,1289,completed,38,2021-06-15 05:07:06.202930
2019-01-07,0001-01-01,104449,1282,completed,38,2021-06-15 05:07:06.202930
2019-01-07,0001-01-01,104449,1290,completed,38,2021-06-15 05:07:06.202930
2019-01-07,0001-01-01,104453,1282,completed,38,2021-06-15 05:07:06.202930
2019-01-07,0001-01-01,104453,1290,completed,38,2021-06-15 05:07:06.202930
2019-01-07,0001-01-01,104453,1279,completed,38,2021-06-15 05:07:06.202930
2019-01-07,0001-01-01,104466,1396,completed,38,2021-06-15 05:07:06.202930
2019-01-07,0001-01-01,104466,1330,completed,38,2021-06-15 05:07:06.202930
2019-01-07,0001-01-01,104468,1250,completed,38,2021-06-15 05:07:06.202930
2019-01-07,0001-01-01,104468,1200,completed,38,2021-06-15 05:07:06.202930
2019-01-07,0001-01-01,104483,1319,completed,38,2021-06-15 05:07:06.202930
2019-01-07,0001-01-01,104483,1252,completed,38,2021-06-15 05:07:06.202930
2019-01-07,0001-01-01,104483,1320,completed,38,2021-06-15 05:07:06.202930
2019-01-07,0001-01-01,104483,1325,completed,38,2021-06-15 05:07:06.202930
2019-01-07,0001-01-01,104484,1281,completed,38,2021-06-15 05:07:06.202930
2019-01-07,0001-01-01,104484,1395,completed,38,2021-06-15 05:07:06.202930
2019-01-07,0001-01-01,104484,1391,completed,38,2021-06-15 05:07:06.202930
2019-01-07,0001-01-01,104484,1403,completed,38,2021-06-15 05:07:06.202930
2019-01-07,0001-01-01,104484,1392,completed,38,2021-06-15 05:07:06.202930
2019-01-07,0001-01-01,104488,1318,completed,38,2021-06-15 05:07:06.202930
2019-01-07,0001-01-01,104488,1319,completed,38,2021-06-15 05:07:06.202930
2019-01-07,0001-01-01,104488,1331,completed,38,2021-06-15 05:07:06.202930
2019-01-07,0001-01-01,104491,1282,completed,38,2021-06-15 05:07:06.202930
2019-01-07,0001-01-01,104491,1290,completed,38,2021-06-15 05:07:06.202930
2019-01-07,0001-01-01,104491,1283,completed,38,2021-06-15 05:07:06.202930
2019-01-07,0001-01-01,104491,1279,completed,38,2021-06-15 05:07:06.202930
2019-01-07,0001-01-01,104495,1395,completed,38,2021-06-15 05:07:06.202930
2019-01-07,0001-01-01,104495,1391,completed,38,2021-06-15 05:07:06.202930
2019-01-07,0001-01-01,104495,1392,completed,38,2021-06-15 05:07:06.202930
2019-01-07,0001-01-01,104495,1404,completed,38,2021-06-15 05:07:06.202930
2019-01-07,0001-01-01,104498,1322,completed,38,2021-06-15 05:07:06.202930
2019-01-07,0001-01-01,104498,1320,completed,38,2021-06-15 05:07:06.202930
2019-01-07,0001-01-01,104498,1334,completed,38,2021-06-15 05:07:06.202930
2019-01-07,0001-01-01,104507,1403,completed,38,2021-06-15 05:07:06.202930
2019-01-07,0001-01-01,104507,1396,completed,38,2021-06-15 05:07:06.202930
2019-01-07,0001-01-01,104507,1392,completed,38,2021-06-15 05:07:06.202930
2019-01-07,0001-01-01,104507,1404,completed,38,2021-06-15 05:07:06.202930
2019-01-07,0001-01-01,104515,1245,completed,38,2021-06-15 05:07:06.202930
2019-01-07,0001-01-01,104515,1289,completed,38,2021-06-15 05:07:06.202930
2019-01-07,0001-01-01,104517,1323,completed,38,2021-06-15 05:07:06.202930
2019-01-07,0001-01-01,104517,1324,completed,38,2021-06-15 05:07:06.202930
2019-01-07,0001-01-01,104527,1291,completed,38,2021-06-15 05:07:06.202930
2019-01-07,0001-01-01,104527,1324,completed,38,2021-06-15 05:07:06.202930
2019-01-07,0001-01-01,104527,1320,completed,38,2021-06-15 05:07:06.202930
2019-01-07,0001-01-01,104528,1316,completed,38,2021-06-15 05:07:06.202930
2019-01-07,0001-01-01,104528,1206,completed,38,2021-06-15 05:07:06.202930
2019-01-07,0001-01-01,104546,1107,completed,38,2021-06-15 05:07:06.202930
2019-01-07,0001-01-01,104546,1246,completed,38,2021-06-15 05:07:06.202930
2019-01-07,0001-01-01,104547,1282,completed,38,2021-06-15 05:07:06.202930
2019-01-07,0001-01-01,104547,1290,completed,38,2021-06-15 05:07:06.202930
2019-01-07,0001-01-01,104547,1283,completed,38,2021-06-15 05:07:06.202930
2019-01-07,0001-01-01,104551,1107,completed,38,2021-06-15 05:07:06.202930
2019-01-07,0001-01-01,104551,1322,completed,38,2021-06-15 05:07:06.202930
2019-01-07,0001-01-01,104551,1246,completed,38,2021-06-15 05:07:06.202930
2019-01-07,0001-01-01,104551,1251,completed,38,2021-06-15 05:07:06.202930
2019-01-07,0001-01-01,104551,1201,completed,38,2021-06-15 05:07:06.202930
2019-01-07,0001-01-01,104561,1405,completed,38,2021-06-15 05:07:06.202930
2019-01-07,0001-01-01,104561,1197,completed,38,2021-06-15 05:07:06.202930
2019-01-07,0001-01-01,104561,1292,completed,38,2021-06-15 05:07:06.202930
2019-01-07,0001-01-01,104578,1330,completed,38,2021-06-15 05:07:06.202930
2019-01-07,0001-01-01,104578,1323,completed,38,2021-06-15 05:07:06.202930
2019-01-07,0001-01-01,104578,1283,completed,38,2021-06-15 05:07:06.202930
2019-01-07,0001-01-01,104590,1199,completed,38,2021-06-15 05:07:06.202930
2019-01-07,0001-01-01,104607,1249,completed,38,2021-06-15 05:07:06.202930
2019-01-07,0001-01-01,104607,1199,completed,38,2021-06-15 05:07:06.202930
2019-01-07,0001-01-01,104607,1196,completed,38,2021-06-15 05:07:06.202930
2019-01-07,0001-01-01,104620,1200,completed,38,2021-06-15 05:07:06.202930
2019-01-07,0001-01-01,104620,1246,completed,38,2021-06-15 05:07:06.202930
2019-01-07,0001-01-01,104620,1196,completed,38,2021-06-15 05:07:06.202930
2019-01-07,0001-01-01,104620,1202,completed,38,2021-06-15 05:07:06.202930
2019-01-07,0001-01-01,104626,1329,completed,38,2021-06-15 05:07:06.202930
2019-01-07,0001-01-01,104637,1281,completed,38,2021-06-15 05:07:06.202930
2019-01-07,0001-01-01,104637,1277,completed,38,2021-06-15 05:07:06.202930
2019-01-07,0001-01-01,104637,1107,completed,38,2021-06-15 05:07:06.202930
2019-01-07,0001-01-01,104637,1282,completed,38,2021-06-15 05:07:06.202930
2019-01-07,0001-01-01,104641,1289,completed,38,2021-06-15 05:07:06.202930
2019-01-07,0001-01-01,104641,1396,completed,38,2021-06-15 05:07:06.202930
2019-01-07,0001-01-01,104641,1282,completed,38,2021-06-15 05:07:06.202930
2019-01-07,0001-01-01,104645,1246,completed,38,2021-06-15 05:07:06.202930
2019-01-07,0001-01-01,104647,1283,completed,38,2021-06-15 05:07:06.202930
2019-01-07,0001-01-01,104647,1279,completed,38,2021-06-15 05:07:06.202930
2019-01-07,0001-01-01,104647,1291,completed,38,2021-06-15 05:07:06.202930
2019-01-07,0001-01-01,104647,1280,completed,38,2021-06-15 05:07:06.202930
2019-01-07,0001-01-01,104654,1282,completed,38,2021-06-15 05:07:06.202930
2019-01-07,0001-01-01,104657,1249,completed,38,2021-06-15 05:07:06.202930
2019-01-07,0001-01-01,104671,1329,completed,38,2021-06-15 05:07:06.202930
2019-01-07,0001-01-01,104671,1330,completed,38,2021-06-15 05:07:06.202930
2019-01-07,0001-01-01,104671,1323,completed,38,2021-06-15 05:07:06.202930
2019-01-07,0001-01-01,104672,1283,completed,38,2021-06-15 05:07:06.202930
2019-01-07,0001-01-01,104672,1279,completed,38,2021-06-15 05:07:06.202930
2019-01-07,0001-01-01,104672,1197,completed,38,2021-06-15 05:07:06.202930
2019-01-07,0001-01-01,104672,1292,completed,38,2021-06-15 05:07:06.202930
2019-01-07,0001-01-01,104690,1395,completed,38,2021-06-15 05:07:06.202930
2019-01-07,0001-01-01,104690,1249,completed,38,2021-06-15 05:07:06.202930
2019-01-07,0001-01-01,104690,1391,completed,38,2021-06-15 05:07:06.202930
2019-01-07,0001-01-01,104690,1403,completed,38,2021-06-15 05:07:06.202930
2019-01-07,0001-01-01,104699,1396,completed,38,2021-06-15 05:07:06.202930
2019-01-07,0001-01-01,104699,1392,completed,38,2021-06-15 05:07:06.202930
2019-01-07,0001-01-01,104699,1404,completed,38,2021-06-15 05:07:06.202930
2019-01-07,0001-01-01,104699,1101,completed,38,2021-06-15 05:07:06.202930
2019-01-07,0001-01-01,104706,1291,completed,38,2021-06-15 05:07:06.202930
2019-01-07,0001-01-01,104706,1324,completed,38,2021-06-15 05:07:06.202930
2019-01-07,0001-01-01,104708,1392,completed,38,2021-06-15 05:07:06.202930
2019-01-07,0001-01-01,104708,1404,completed,38,2021-06-15 05:07:06.202930
2019-01-07,0001-01-01,104708,1393,completed,38,2021-06-15 05:07:06.202930
2019-01-07,0001-01-01,104708,1405,completed,38,2021-06-15 05:07:06.202930
2019-01-07,0001-01-01,104724,1403,completed,38,2021-06-15 05:07:06.202930
2019-01-07,0001-01-01,104724,1396,completed,38,2021-06-15 05:07:06.202930
2019-01-07,0001-01-01,104724,1392,completed,38,2021-06-15 05:07:06.202930
2019-01-07,0001-01-01,104724,1393,completed,38,2021-06-15 05:07:06.202930
2019-01-07,0001-01-01,104733,1282,completed,38,2021-06-15 05:07:06.202930
2019-01-07,0001-01-01,104733,1290,completed,38,2021-06-15 05:07:06.202930
2019-01-07,0001-01-01,104733,1283,completed,38,2021-06-15 05:07:06.202930
2019-01-07,0001-01-01,104733,1279,completed,38,2021-06-15 05:07:06.202930
2019-01-07,0001-01-01,104733,1284,completed,38,2021-06-15 05:07:06.202930
2019-01-07,0001-01-01,104740,1281,completed,38,2021-06-15 05:07:06.202930
2019-01-07,0001-01-01,104740,1277,completed,38,2021-06-15 05:07:06.202930
2019-01-07,0001-01-01,104740,1289,completed,38,2021-06-15 05:07:06.202930
2019-01-07,0001-01-01,104740,1282,completed,38,2021-06-15 05:07:06.202930
2019-01-07,0001-01-01,104743,1252,completed,38,2021-06-15 05:07:06.202930
2019-01-07,0001-01-01,104774,1395,completed,38,2021-06-15 05:07:06.202930
2019-01-07,0001-01-01,104774,1403,completed,38,2021-06-15 05:07:06.202930
2019-01-07,0001-01-01,104776,1330,completed,38,2021-06-15 05:07:06.202930
2019-01-07,0001-01-01,104776,1323,completed,38,2021-06-15 05:07:06.202930
2019-01-07,0001-01-01,104776,1319,completed,38,2021-06-15 05:07:06.202930
2019-01-07,0001-01-01,104776,1331,completed,38,2021-06-15 05:07:06.202930
2019-01-07,0001-01-01,104776,1332,completed,38,2021-06-15 05:07:06.202930
2019-01-07,0001-01-01,104794,1391,completed,38,2021-06-15 05:07:06.202930
2019-01-07,0001-01-01,104794,1396,completed,38,2021-06-15 05:07:06.202930
2019-01-07,0001-01-01,104794,1404,completed,38,2021-06-15 05:07:06.202930
2019-01-07,0001-01-01,104800,1391,completed,38,2021-06-15 05:07:06.202930
2019-01-07,0001-01-01,104800,1403,completed,38,2021-06-15 05:07:06.202930
2019-01-07,0001-01-01,104800,1396,completed,38,2021-06-15 05:07:06.202930
2019-01-07,0001-01-01,104807,1282,completed,38,2021-06-15 05:07:06.202930
2019-01-07,0001-01-01,104807,1290,completed,38,2021-06-15 05:07:06.202930
2019-01-07,0001-01-01,104807,1283,completed,38,2021-06-15 05:07:06.202930
2019-01-07,0001-01-01,104807,1279,completed,38,2021-06-15 05:07:06.202930
2019-01-07,0001-01-01,104817,1396,completed,38,2021-06-15 05:07:06.202930
2019-01-07,0001-01-01,104817,1404,completed,38,2021-06-15 05:07:06.202930
2019-01-07,0001-01-01,104817,1398,completed,38,2021-06-15 05:07:06.202930
2019-01-07,0001-01-01,104817,1102,completed,38,2021-06-15 05:07:06.202930
2019-01-07,0001-01-01,104851,1392,completed,38,2021-06-15 05:07:06.202930
2019-01-07,0001-01-01,104851,1404,completed,38,2021-06-15 05:07:06.202930
2019-01-07,0001-01-01,104878,1318,completed,38,2021-06-15 05:07:06.202930
2019-01-07,0001-01-01,104878,1319,completed,38,2021-06-15 05:07:06.202930
2019-01-07,0001-01-01,104878,1291,completed,38,2021-06-15 05:07:06.202930
2019-01-07,0001-01-01,104878,1102,completed,38,2021-06-15 05:07:06.202930
2019-01-07,0001-01-01,104878,1252,completed,38,2021-06-15 05:07:06.202930
2019-01-07,0001-01-01,104884,1391,completed,38,2021-06-15 05:07:06.202930
2019-01-07,0001-01-01,104884,1396,completed,38,2021-06-15 05:07:06.202930
2019-01-07,0001-01-01,104884,1392,completed,38,2021-06-15 05:07:06.202930
2019-01-07,0001-01-01,104902,1245,completed,38,2021-06-15 05:07:06.202930
2019-01-07,0001-01-01,104902,1250,completed,38,2021-06-15 05:07:06.202930
2019-01-07,0001-01-01,104902,1200,completed,38,2021-06-15 05:07:06.202930
2019-01-07,0001-01-01,104902,1096,completed,38,2021-06-15 05:07:06.202930
2019-01-07,0001-01-01,104905,1250,completed,38,2021-06-15 05:07:06.202930
2019-01-07,0001-01-01,104905,1197,completed,38,2021-06-15 05:07:06.202930
2019-01-07,0001-01-01,104915,1321,completed,38,2021-06-15 05:07:06.202930
2019-01-07,0001-01-01,104915,1329,completed,38,2021-06-15 05:07:06.202930
2019-01-07,0001-01-01,104915,1322,completed,38,2021-06-15 05:07:06.202930
2019-01-07,0001-01-01,104919,1095,completed,38,2021-06-15 05:07:06.202930
2019-01-07,0001-01-01,104919,1391,completed,38,2021-06-15 05:07:06.202930
2019-01-07,0001-01-01,104919,1404,completed,38,2021-06-15 05:07:06.202930
2019-01-07,0001-01-01,104925,1099,completed,38,2021-06-15 05:07:06.202930
2019-01-07,0001-01-01,104925,1246,completed,38,2021-06-15 05:07:06.202930
2019-01-07,0001-01-01,104925,1247,completed,38,2021-06-15 05:07:06.202930
2019-01-07,0001-01-01,104926,1329,completed,38,2021-06-15 05:07:06.202930
2019-01-07,0001-01-01,104926,1318,completed,38,2021-06-15 05:07:06.202930
2019-01-07,0001-01-01,104926,1323,completed,38,2021-06-15 05:07:06.202930
2019-01-07,0001-01-01,104926,1319,completed,38,2021-06-15 05:07:06.202930
2019-01-07,0001-01-01,104957,1247,completed,38,2021-06-15 05:07:06.202930
2019-01-07,0001-01-01,104964,1199,completed,38,2021-06-15 05:07:06.202930
2019-01-07,0001-01-01,104964,1207,completed,38,2021-06-15 05:07:06.202930
2019-01-07,0001-01-01,104977,1321,completed,38,2021-06-15 05:07:06.202930
2019-01-07,0001-01-01,104977,1318,completed,38,2021-06-15 05:07:06.202930
2019-01-07,0001-01-01,104984,1290,completed,38,2021-06-15 05:07:06.202930
2019-01-07,0001-01-01,104997,1277,completed,38,2021-06-15 05:07:06.202930
2019-01-07,0001-01-01,104997,1290,completed,38,2021-06-15 05:07:06.202930
2019-01-07,0001-01-01,104997,1283,completed,38,2021-06-15 05:07:06.202930
2019-01-07,0001-01-01,104997,1101,completed,38,2021-06-15 05:07:06.202930
2019-01-07,0001-01-01,103000,1292,completed,38,2021-06-15 05:07:06.202930
2019-01-07,0001-01-01,103000,1293,completed,38,2021-06-15 05:07:06.202930
2019-01-07,0001-01-01,103000,1286,completed,38,2021-06-15 05:07:06.202930
2019-01-07,0001-01-01,103000,1295,completed,38,2021-06-15 05:07:06.202930
2019-01-07,0001-01-01,103005,1269,completed,38,2021-06-15 05:07:06.202930
2019-01-07,0001-01-01,103005,1270,completed,38,2021-06-15 05:07:06.202930
2019-01-07,0001-01-01,103005,1272,completed,38,2021-06-15 05:07:06.202930
2019-01-07,0001-01-01,103005,1222,completed,38,2021-06-15 05:07:06.202930
2019-01-07,0001-01-01,103009,1103,completed,38,2021-06-15 05:07:06.202930
2019-01-07,0001-01-01,103009,1293,completed,38,2021-06-15 05:07:06.202930
2019-01-07,0001-01-01,103009,1286,completed,38,2021-06-15 05:07:06.202930
2019-01-07,0001-01-01,103010,1407,completed,38,2021-06-15 05:07:06.202930
2019-01-07,0001-01-01,103011,1117,completed,38,2021-06-15 05:07:06.202930
2019-01-07,0001-01-01,103011,1219,completed,38,2021-06-15 05:07:06.202930
2019-01-07,0001-01-01,103011,1220,completed,38,2021-06-15 05:07:06.202930
2019-01-07,0001-01-01,103011,1273,completed,38,2021-06-15 05:07:06.202930
2019-01-07,0001-01-01,103012,1407,completed,38,2021-06-15 05:07:06.202930
2019-01-07,0001-01-01,103012,1408,completed,38,2021-06-15 05:07:06.202930
2019-01-07,0001-01-01,103012,1410,completed,38,2021-06-15 05:07:06.202930
2019-01-07,0001-01-01,103012,1411,completed,38,2021-06-15 05:07:06.202930
2019-01-07,0001-01-01,103037,1332,completed,38,2021-06-15 05:07:06.202930
2019-01-07,0001-01-01,103037,1333,completed,38,2021-06-15 05:07:06.202930
2019-01-07,0001-01-01,103037,1326,completed,38,2021-06-15 05:07:06.202930
2019-01-07,0001-01-01,103037,1334,completed,38,2021-06-15 05:07:06.202930
2019-01-07,0001-01-01,103037,1327,completed,38,2021-06-15 05:07:06.202930
2019-01-07,0001-01-01,103055,1254,completed,38,2021-06-15 05:07:06.202930
2019-01-07,0001-01-01,103055,1262,completed,38,2021-06-15 05:07:06.202930
2019-01-07,0001-01-01,103055,1213,completed,38,2021-06-15 05:07:06.202930
2019-01-07,0001-01-01,103055,1265,completed,38,2021-06-15 05:07:06.202930
2019-01-07,0001-01-01,103066,1415,completed,38,2021-06-15 05:07:06.202930
2019-01-07,0001-01-01,103066,1220,completed,38,2021-06-15 05:07:06.202930
2019-01-07,0001-01-01,103068,1293,completed,38,2021-06-15 05:07:06.202930
2019-01-07,0001-01-01,103068,1286,completed,38,2021-06-15 05:07:06.202930
2019-01-07,0001-01-01,103070,1116,completed,38,2021-06-15 05:07:06.202930
2019-01-07,0001-01-01,103070,1268,completed,38,2021-06-15 05:07:06.202930
2019-01-07,0001-01-01,103087,1120,completed,38,2021-06-15 05:07:06.202930
2019-01-07,0001-01-01,103087,1124,completed,38,2021-06-15 05:07:06.202930
2019-01-07,0001-01-01,103087,1225,completed,38,2021-06-15 05:07:06.202930
2019-01-07,0001-01-01,103097,1343,completed,38,2021-06-15 05:07:06.202930
2019-01-07,0001-01-01,103097,1271,completed,38,2021-06-15 05:07:06.202930
2019-01-07,0001-01-01,103097,1345,completed,38,2021-06-15 05:07:06.202930
2019-01-07,0001-01-01,103097,1346,completed,38,2021-06-15 05:07:06.202930
2019-01-07,0001-01-01,103097,1349,completed,38,2021-06-15 05:07:06.202930
2019-01-07,0001-01-01,103108,1202,completed,38,2021-06-15 05:07:06.202930
2019-01-07,0001-01-01,103108,1210,completed,38,2021-06-15 05:07:06.202930
2019-01-07,0001-01-01,103108,1261,completed,38,2021-06-15 05:07:06.202930
2019-01-07,0001-01-01,103108,1211,completed,38,2021-06-15 05:07:06.202930
2019-01-07,0001-01-01,103110,1393,completed,38,2021-06-15 05:07:06.202930
2019-01-07,0001-01-01,103110,1405,completed,38,2021-06-15 05:07:06.202930
2019-01-07,0001-01-01,103110,1394,completed,38,2021-06-15 05:07:06.202930
2019-01-07,0001-01-01,103110,1406,completed,38,2021-06-15 05:07:06.202930
2019-01-07,0001-01-01,103116,1262,completed,38,2021-06-15 05:07:06.202930
2019-01-07,0001-01-01,103116,1113,completed,38,2021-06-15 05:07:06.202930
2019-01-07,0001-01-01,103116,1296,completed,38,2021-06-15 05:07:06.202930
2019-01-07,0001-01-01,103116,1214,completed,38,2021-06-15 05:07:06.202930
2019-01-07,0001-01-01,103116,1116,completed,38,2021-06-15 05:07:06.202930
2019-01-07,0001-01-01,103120,1265,completed,38,2021-06-15 05:07:06.202930
2019-01-07,0001-01-01,103120,1116,completed,38,2021-06-15 05:07:06.202930
2019-01-07,0001-01-01,103120,1117,completed,38,2021-06-15 05:07:06.202930
2019-01-07,0001-01-01,103120,1118,completed,38,2021-06-15 05:07:06.202930
2019-01-07,0001-01-01,103129,1305,completed,38,2021-06-15 05:07:06.202930
2019-01-07,0001-01-01,103129,1346,completed,38,2021-06-15 05:07:06.202930
2019-01-07,0001-01-01,103129,1421,completed,38,2021-06-15 05:07:06.202930
2019-01-07,0001-01-01,103134,1398,completed,38,2021-06-15 05:07:06.202930
2019-01-07,0001-01-01,103134,1406,completed,38,2021-06-15 05:07:06.202930
2019-01-07,0001-01-01,103134,1399,completed,38,2021-06-15 05:07:06.202930
2019-01-07,0001-01-01,103134,1407,completed,38,2021-06-15 05:07:06.202930
2019-01-07,0001-01-01,103134,1400,completed,38,2021-06-15 05:07:06.202930
2019-01-07,0001-01-01,103135,1286,completed,38,2021-06-15 05:07:06.202930
2019-01-07,0001-01-01,103135,1294,completed,38,2021-06-15 05:07:06.202930
2019-01-07,0001-01-01,103135,1287,completed,38,2021-06-15 05:07:06.202930
2019-01-07,0001-01-01,103135,1296,completed,38,2021-06-15 05:07:06.202930
2019-01-07,0001-01-01,103135,1297,completed,38,2021-06-15 05:07:06.202930
2019-01-07,0001-01-01,103140,1292,completed,38,2021-06-15 05:07:06.202930
2019-01-07,0001-01-01,103140,1285,completed,38,2021-06-15 05:07:06.202930
2019-01-07,0001-01-01,103140,1399,completed,38,2021-06-15 05:07:06.202930
2019-01-07,0001-01-01,103140,1286,completed,38,2021-06-15 05:07:06.202930
2019-01-07,0001-01-01,103148,1285,completed,38,2021-06-15 05:07:06.202930
2019-01-07,0001-01-01,103148,1293,completed,38,2021-06-15 05:07:06.202930
2019-01-07,0001-01-01,103148,1286,completed,38,2021-06-15 05:07:06.202930
2019-01-07,0001-01-01,103148,1294,completed,38,2021-06-15 05:07:06.202930
2019-01-07,0001-01-01,103171,1341,completed,38,2021-06-15 05:07:06.202930
2019-01-07,0001-01-01,103171,1343,completed,38,2021-06-15 05:07:06.202930
2019-01-07,0001-01-01,103191,1211,completed,38,2021-06-15 05:07:06.202930
2019-01-07,0001-01-01,103191,1414,completed,38,2021-06-15 05:07:06.202930
2019-01-07,0001-01-01,103191,1270,completed,38,2021-06-15 05:07:06.202930
2019-01-07,0001-01-01,103191,1221,completed,38,2021-06-15 05:07:06.202930
2019-01-07,0001-01-01,103202,1339,completed,38,2021-06-15 05:07:06.202930
2019-01-07,0001-01-01,103202,1341,completed,38,2021-06-15 05:07:06.202930
2019-01-07,0001-01-01,103202,1343,completed,38,2021-06-15 05:07:06.202930
2019-01-07,0001-01-01,103202,1345,completed,38,2021-06-15 05:07:06.202930
2019-01-07,0001-01-01,103202,1347,completed,38,2021-06-15 05:07:06.202930
2019-01-07,0001-01-01,103227,1255,completed,38,2021-06-15 05:07:06.202930
2019-01-07,0001-01-01,103234,1399,completed,38,2021-06-15 05:07:06.202930
2019-01-07,0001-01-01,103234,1113,completed,38,2021-06-15 05:07:06.202930
2019-01-07,0001-01-01,103249,1229,completed,38,2021-06-15 05:07:06.202930
2019-01-07,0001-01-01,103249,1353,completed,38,2021-06-15 05:07:06.202930
2019-01-07,0001-01-01,103249,1355,completed,38,2021-06-15 05:07:06.202930
2019-01-07,0001-01-01,103257,1407,completed,38,2021-06-15 05:07:06.202930
2019-01-07,0001-01-01,103257,1400,completed,38,2021-06-15 05:07:06.202930
2019-01-07,0001-01-01,103257,1401,completed,38,2021-06-15 05:07:06.202930
2019-01-07,0001-01-01,103258,1400,completed,38,2021-06-15 05:07:06.202930
2019-01-07,0001-01-01,103258,1118,completed,38,2021-06-15 05:07:06.202930
2019-01-07,0001-01-01,103263,1112,completed,38,2021-06-15 05:07:06.202930
2019-01-07,0001-01-01,103275,1326,completed,38,2021-06-15 05:07:06.202930
2019-01-07,0001-01-01,103275,1265,completed,38,2021-06-15 05:07:06.202930
2019-01-07,0001-01-01,103297,1296,completed,38,2021-06-15 05:07:06.202930
2019-01-07,0001-01-01,103300,1263,completed,38,2021-06-15 05:07:06.202930
2019-01-07,0001-01-01,103300,1268,completed,38,2021-06-15 05:07:06.202930
2019-01-07,0001-01-01,103300,1270,completed,38,2021-06-15 05:07:06.202930
2019-01-07,0001-01-01,103300,1224,completed,38,2021-06-15 05:07:06.202930
2019-01-07,0001-01-01,103307,1293,completed,38,2021-06-15 05:07:06.202930
2019-01-07,0001-01-01,103307,1286,completed,38,2021-06-15 05:07:06.202930
2019-01-07,0001-01-01,103307,1294,completed,38,2021-06-15 05:07:06.202930
2019-01-07,0001-01-01,103339,1263,completed,38,2021-06-15 05:07:06.202930
2019-01-07,0001-01-01,103339,1213,completed,38,2021-06-15 05:07:06.202930
2019-01-07,0001-01-01,103339,1116,completed,38,2021-06-15 05:07:06.202930
2019-01-07,0001-01-01,103359,1280,completed,38,2021-06-15 05:07:06.202930
2019-01-07,0001-01-01,103359,1292,completed,38,2021-06-15 05:07:06.202930
2019-01-07,0001-01-01,103359,1285,completed,38,2021-06-15 05:07:06.202930
2019-01-07,0001-01-01,103359,1293,completed,38,2021-06-15 05:07:06.202930
2019-01-07,0001-01-01,103367,1297,completed,38,2021-06-15 05:07:06.202930
2019-01-07,0001-01-01,103367,1116,completed,38,2021-06-15 05:07:06.202930
2019-01-07,0001-01-01,103381,1413,completed,38,2021-06-15 05:07:06.202930
2019-01-07,0001-01-01,103381,1415,completed,38,2021-06-15 05:07:06.202930
2019-01-07,0001-01-01,103381,1345,completed,38,2021-06-15 05:07:06.202930
2019-01-07,0001-01-01,103381,1305,completed,38,2021-06-15 05:07:06.202930
2019-01-07,0001-01-01,103385,1335,completed,38,2021-06-15 05:07:06.202930
2019-01-07,0001-01-01,103385,1336,completed,38,2021-06-15 05:07:06.202930
2019-01-07,0001-01-01,103385,1337,completed,38,2021-06-15 05:07:06.202930
2019-01-07,0001-01-01,103385,1339,completed,38,2021-06-15 05:07:06.202930
2019-01-07,0001-01-01,103400,1253,completed,38,2021-06-15 05:07:06.202930
2019-01-07,0001-01-01,103400,1261,completed,38,2021-06-15 05:07:06.202930
2019-01-07,0001-01-01,103400,1204,completed,38,2021-06-15 05:07:06.202930
2019-01-07,0001-01-01,103400,1255,completed,38,2021-06-15 05:07:06.202930
2019-01-07,0001-01-01,103403,1262,completed,38,2021-06-15 05:07:06.202930
2019-01-07,0001-01-01,103403,1265,completed,38,2021-06-15 05:07:06.202930
2019-01-07,0001-01-01,103403,1116,completed,38,2021-06-15 05:07:06.202930
2019-01-07,0001-01-01,103403,1266,completed,38,2021-06-15 05:07:06.202930
2019-01-07,0001-01-01,103450,1345,completed,38,2021-06-15 05:07:06.202930
2019-01-07,0001-01-01,103450,1347,completed,38,2021-06-15 05:07:06.202930
2019-01-07,0001-01-01,103450,1354,completed,38,2021-06-15 05:07:06.202930
2019-01-07,0001-01-01,103468,1295,completed,38,2021-06-15 05:07:06.202930
2019-01-07,0001-01-01,103468,1297,completed,38,2021-06-15 05:07:06.202930
2019-01-07,0001-01-01,103468,1299,completed,38,2021-06-15 05:07:06.202930
2019-01-07,0001-01-01,103468,1300,completed,38,2021-06-15 05:07:06.202930
2019-01-07,0001-01-01,103469,1341,completed,38,2021-06-15 05:07:06.202930
2019-01-07,0001-01-01,103469,1344,completed,38,2021-06-15 05:07:06.202930
2019-01-07,0001-01-01,103469,1345,completed,38,2021-06-15 05:07:06.202930
2019-01-07,0001-01-01,103469,1310,completed,38,2021-06-15 05:07:06.202930
2019-01-07,0001-01-01,103469,1354,completed,38,2021-06-15 05:07:06.202930
2019-01-07,0001-01-01,103476,1272,completed,38,2021-06-15 05:07:06.202930
2019-01-07,0001-01-01,103496,1112,completed,38,2021-06-15 05:07:06.202930
2019-01-07,0001-01-01,103496,1262,completed,38,2021-06-15 05:07:06.202930
2019-01-07,0001-01-01,103496,1113,completed,38,2021-06-15 05:07:06.202930
2019-01-07,0001-01-01,103503,1294,completed,38,2021-06-15 05:07:06.202930
2019-01-07,0001-01-01,103503,1287,completed,38,2021-06-15 05:07:06.202930
2019-01-07,0001-01-01,103503,1401,completed,38,2021-06-15 05:07:06.202930
2019-01-07,0001-01-01,103503,1295,completed,38,2021-06-15 05:07:06.202930
2019-01-07,0001-01-01,103507,1393,completed,38,2021-06-15 05:07:06.202930
2019-01-07,0001-01-01,103507,1252,completed,38,2021-06-15 05:07:06.202930
2019-01-07,0001-01-01,103512,1293,completed,38,2021-06-15 05:07:06.202930
2019-01-07,0001-01-01,103512,1286,completed,38,2021-06-15 05:07:06.202930
2019-01-07,0001-01-01,103512,1294,completed,38,2021-06-15 05:07:06.202930
2019-01-07,0001-01-01,103512,1296,completed,38,2021-06-15 05:07:06.202930
2019-01-07,0001-01-01,103512,1265,completed,38,2021-06-15 05:07:06.202930
2019-01-07,0001-01-01,103520,1393,completed,38,2021-06-15 05:07:06.202930
2019-01-07,0001-01-01,103520,1405,completed,38,2021-06-15 05:07:06.202930
2019-01-07,0001-01-01,103520,1398,completed,38,2021-06-15 05:07:06.202930
2019-01-07,0001-01-01,103527,1119,completed,38,2021-06-15 05:07:06.202930
2019-01-07,0001-01-01,103527,1120,completed,38,2021-06-15 05:07:06.202930
2019-01-07,0001-01-01,103527,1270,completed,38,2021-06-15 05:07:06.202930
2019-01-07,0001-01-01,103535,1293,completed,38,2021-06-15 05:07:06.202930
2019-01-07,0001-01-01,103535,1286,completed,38,2021-06-15 05:07:06.202930
2019-01-07,0001-01-01,103535,1294,completed,38,2021-06-15 05:07:06.202930
2019-01-07,0001-01-01,103535,1287,completed,38,2021-06-15 05:07:06.202930
2019-01-07,0001-01-01,103544,1266,completed,38,2021-06-15 05:07:06.202930
2019-01-07,0001-01-01,103544,1216,completed,38,2021-06-15 05:07:06.202930
2019-01-07,0001-01-01,103544,1267,completed,38,2021-06-15 05:07:06.202930
2019-01-07,0001-01-01,103544,1119,completed,38,2021-06-15 05:07:06.202930
2019-01-07,0001-01-01,103555,1339,completed,38,2021-06-15 05:07:06.202930
2019-01-07,0001-01-01,103555,1268,completed,38,2021-06-15 05:07:06.202930
2019-01-07,0001-01-01,103555,1219,completed,38,2021-06-15 05:07:06.202930
2019-01-07,0001-01-01,103555,1121,completed,38,2021-06-15 05:07:06.202930
2019-01-07,0001-01-01,103562,1335,completed,38,2021-06-15 05:07:06.202930
2019-01-07,0001-01-01,103596,1294,completed,38,2021-06-15 05:07:06.202930
2019-01-07,0001-01-01,103596,1287,completed,38,2021-06-15 05:07:06.202930
2019-01-07,0001-01-01,103596,1295,completed,38,2021-06-15 05:07:06.202930
2019-01-07,0001-01-01,103596,1296,completed,38,2021-06-15 05:07:06.202930
2019-01-07,0001-01-01,103597,1394,completed,38,2021-06-15 05:07:06.202930
2019-01-07,0001-01-01,103597,1406,completed,38,2021-06-15 05:07:06.202930
2019-01-07,0001-01-01,103597,1400,completed,38,2021-06-15 05:07:06.202930
2019-01-07,0001-01-01,103597,1408,completed,38,2021-06-15 05:07:06.202930
2019-01-07,0001-01-01,103601,1292,completed,38,2021-06-15 05:07:06.202930
2019-01-07,0001-01-01,103601,1285,completed,38,2021-06-15 05:07:06.202930
2019-01-07,0001-01-01,103601,1286,completed,38,2021-06-15 05:07:06.202930
2019-01-07,0001-01-01,103601,1294,completed,38,2021-06-15 05:07:06.202930
2019-01-07,0001-01-01,103601,1287,completed,38,2021-06-15 05:07:06.202930
2019-01-07,0001-01-01,103621,1406,completed,38,2021-06-15 05:07:06.202930
2019-01-07,0001-01-01,103621,1400,completed,38,2021-06-15 05:07:06.202930
2019-01-07,0001-01-01,103621,1408,completed,38,2021-06-15 05:07:06.202930
2019-01-07,0001-01-01,103621,1401,completed,38,2021-06-15 05:07:06.202930
2019-01-07,0001-01-01,103635,1294,completed,38,2021-06-15 05:07:06.202930
2019-01-07,0001-01-01,103635,1287,completed,38,2021-06-15 05:07:06.202930
2019-01-07,0001-01-01,103635,1295,completed,38,2021-06-15 05:07:06.202930
2019-01-07,0001-01-01,103635,1296,completed,38,2021-06-15 05:07:06.202930
2019-01-07,0001-01-01,103636,1344,completed,38,2021-06-15 05:07:06.202930
2019-01-07,0001-01-01,103636,1345,completed,38,2021-06-15 05:07:06.202930
2019-01-07,0001-01-01,103636,1349,completed,38,2021-06-15 05:07:06.202930
2019-01-07,0001-01-01,103646,1204,completed,38,2021-06-15 05:07:06.202930
2019-01-07,0001-01-01,103646,1205,completed,38,2021-06-15 05:07:06.202930
2019-01-07,0001-01-01,103646,1117,completed,38,2021-06-15 05:07:06.202930
2019-01-07,0001-01-01,103649,1103,completed,38,2021-06-15 05:07:06.202930
2019-01-07,0001-01-01,103649,1399,completed,38,2021-06-15 05:07:06.202930
2019-01-07,0001-01-01,103649,1407,completed,38,2021-06-15 05:07:06.202930
2019-01-07,0001-01-01,103649,1400,completed,38,2021-06-15 05:07:06.202930
2019-01-07,0001-01-01,103649,1401,completed,38,2021-06-15 05:07:06.202930
2019-01-07,0001-01-01,103651,1406,completed,38,2021-06-15 05:07:06.202930
2019-01-07,0001-01-01,103651,1400,completed,38,2021-06-15 05:07:06.202930
2019-01-07,0001-01-01,103651,1204,completed,38,2021-06-15 05:07:06.202930
2019-01-07,0001-01-01,103651,1408,completed,38,2021-06-15 05:07:06.202930
2019-01-07,0001-01-01,103651,1410,completed,38,2021-06-15 05:07:06.202930
2019-01-07,0001-01-01,103657,1393,completed,38,2021-06-15 05:07:06.202930
2019-01-07,0001-01-01,103657,1405,completed,38,2021-06-15 05:07:06.202930
2019-01-07,0001-01-01,103657,1406,completed,38,2021-06-15 05:07:06.202930
2019-01-07,0001-01-01,103667,1401,completed,38,2021-06-15 05:07:06.202930
2019-01-07,0001-01-01,103667,1295,completed,38,2021-06-15 05:07:06.202930
2019-01-07,0001-01-01,103672,1203,completed,38,2021-06-15 05:07:06.202930
2019-01-07,0001-01-01,103672,1261,completed,38,2021-06-15 05:07:06.202930
2019-01-07,0001-01-01,103672,1213,completed,38,2021-06-15 05:07:06.202930
2019-01-07,0001-01-01,103681,1406,completed,38,2021-06-15 05:07:06.202930
2019-01-07,0001-01-01,103681,1399,completed,38,2021-06-15 05:07:06.202930
2019-01-07,0001-01-01,103681,1407,completed,38,2021-06-15 05:07:06.202930
2019-01-07,0001-01-01,103685,1405,completed,38,2021-06-15 05:07:06.202930
2019-01-07,0001-01-01,103685,1398,completed,38,2021-06-15 05:07:06.202930
2019-01-07,0001-01-01,103685,1406,completed,38,2021-06-15 05:07:06.202930
2019-01-07,0001-01-01,103685,1399,completed,38,2021-06-15 05:07:06.202930
2019-01-07,0001-01-01,103685,1407,completed,38,2021-06-15 05:07:06.202930
2019-01-07,0001-01-01,103695,1341,completed,38,2021-06-15 05:07:06.202930
2019-01-07,0001-01-01,103695,1346,completed,38,2021-06-15 05:07:06.202930
2019-01-07,0001-01-01,103695,1347,completed,38,2021-06-15 05:07:06.202930
2019-01-07,0001-01-01,103695,1353,completed,38,2021-06-15 05:07:06.202930
2019-01-07,0001-01-01,103706,1334,completed,38,2021-06-15 05:07:06.202930
2019-01-07,0001-01-01,103713,1226,completed,38,2021-06-15 05:07:06.202930
2019-01-07,0001-01-01,103713,1230,completed,38,2021-06-15 05:07:06.202930
2019-01-07,0001-01-01,103713,1131,completed,38,2021-06-15 05:07:06.202930
2019-01-07,0001-01-01,103713,1231,completed,38,2021-06-15 05:07:06.202930
2019-01-07,0001-01-01,103720,1269,completed,38,2021-06-15 05:07:06.202930
2019-01-07,0001-01-01,103720,1121,completed,38,2021-06-15 05:07:06.202930
2019-01-07,0001-01-01,103720,1221,completed,38,2021-06-15 05:07:06.202930
2019-01-07,0001-01-01,103720,1123,completed,38,2021-06-15 05:07:06.202930
2019-01-07,0001-01-01,103720,1223,completed,38,2021-06-15 05:07:06.202930
2019-01-07,0001-01-01,103729,1394,completed,38,2021-06-15 05:07:06.202930
2019-01-07,0001-01-01,103729,1406,completed,38,2021-06-15 05:07:06.202930
2019-01-07,0001-01-01,103729,1285,completed,38,2021-06-15 05:07:06.202930
2019-01-07,0001-01-01,103729,1407,completed,38,2021-06-15 05:07:06.202930
2019-01-07,0001-01-01,103740,1285,completed,38,2021-06-15 05:07:06.202930
2019-01-07,0001-01-01,103740,1294,completed,38,2021-06-15 05:07:06.202930
2019-01-07,0001-01-01,103740,1287,completed,38,2021-06-15 05:07:06.202930
2019-01-07,0001-01-01,103740,1295,completed,38,2021-06-15 05:07:06.202930
2019-01-07,0001-01-01,103743,1294,completed,38,2021-06-15 05:07:06.202930
2019-01-07,0001-01-01,103743,1297,completed,38,2021-06-15 05:07:06.202930
2019-01-07,0001-01-01,103743,1299,completed,38,2021-06-15 05:07:06.202930
2019-01-07,0001-01-01,103747,1399,completed,38,2021-06-15 05:07:06.202930
2019-01-07,0001-01-01,103747,1400,completed,38,2021-06-15 05:07:06.202930
2019-01-07,0001-01-01,103747,1401,completed,38,2021-06-15 05:07:06.202930
2019-01-07,0001-01-01,103747,1409,completed,38,2021-06-15 05:07:06.202930
2019-01-07,0001-01-01,103761,1222,completed,38,2021-06-15 05:07:06.202930
2019-01-07,0001-01-01,103761,1273,completed,38,2021-06-15 05:07:06.202930
2019-01-07,0001-01-01,103761,1126,completed,38,2021-06-15 05:07:06.202930
2019-01-07,0001-01-01,103761,1129,completed,38,2021-06-15 05:07:06.202930
2019-01-07,0001-01-01,103784,1265,completed,38,2021-06-15 05:07:06.202930
2019-01-07,0001-01-01,103784,1117,completed,38,2021-06-15 05:07:06.202930
2019-01-07,0001-01-01,103784,1269,completed,38,2021-06-15 05:07:06.202930
2019-01-07,0001-01-01,103784,1221,completed,38,2021-06-15 05:07:06.202930
2019-01-07,0001-01-01,103784,1225,completed,38,2021-06-15 05:07:06.202930
2019-01-07,0001-01-01,103798,1297,completed,38,2021-06-15 05:07:06.202930
2019-01-07,0001-01-01,103798,1215,completed,38,2021-06-15 05:07:06.202930
2019-01-07,0001-01-01,103798,1216,completed,38,2021-06-15 05:07:06.202930
2019-01-07,0001-01-01,103798,1121,completed,38,2021-06-15 05:07:06.202930
2019-01-07,0001-01-01,103799,1113,completed,38,2021-06-15 05:07:06.202930
2019-01-07,0001-01-01,103812,1222,completed,38,2021-06-15 05:07:06.202930
2019-01-07,0001-01-01,103812,1224,completed,38,2021-06-15 05:07:06.202930
2019-01-07,0001-01-01,103812,1421,completed,38,2021-06-15 05:07:06.202930
2019-01-07,0001-01-01,103812,1130,completed,38,2021-06-15 05:07:06.202930
2019-01-07,0001-01-01,103818,1333,completed,38,2021-06-15 05:07:06.202930
2019-01-07,0001-01-01,103818,1293,completed,38,2021-06-15 05:07:06.202930
2019-01-07,0001-01-01,103818,1334,completed,38,2021-06-15 05:07:06.202930
2019-01-07,0001-01-01,103818,1335,completed,38,2021-06-15 05:07:06.202930
2019-01-07,0001-01-01,103828,1336,completed,38,2021-06-15 05:07:06.202930
2019-01-07,0001-01-01,103836,1336,completed,38,2021-06-15 05:07:06.202930
2019-01-07,0001-01-01,103836,1339,completed,38,2021-06-15 05:07:06.202930
2019-01-07,0001-01-01,103836,1341,completed,38,2021-06-15 05:07:06.202930
2019-01-07,0001-01-01,103847,1213,completed,38,2021-06-15 05:07:06.202930
2019-01-07,0001-01-01,103847,1265,completed,38,2021-06-15 05:07:06.202930
2019-01-07,0001-01-01,103847,1116,completed,38,2021-06-15 05:07:06.202930
2019-01-07,0001-01-01,103852,1325,completed,38,2021-06-15 05:07:06.202930
2019-01-07,0001-01-01,103852,1334,completed,38,2021-06-15 05:07:06.202930
2019-01-07,0001-01-01,103852,1327,completed,38,2021-06-15 05:07:06.202930
2019-01-07,0001-01-01,103856,1341,completed,38,2021-06-15 05:07:06.202930
2019-01-07,0001-01-01,103856,1344,completed,38,2021-06-15 05:07:06.202930
2019-01-07,0001-01-01,103856,1349,completed,38,2021-06-15 05:07:06.202930
2019-01-07,0001-01-01,103857,1406,completed,38,2021-06-15 05:07:06.202930
2019-01-07,0001-01-01,103857,1407,completed,38,2021-06-15 05:07:06.202930
2019-01-07,0001-01-01,103857,1408,completed,38,2021-06-15 05:07:06.202930
2019-01-07,0001-01-01,103857,1409,completed,38,2021-06-15 05:07:06.202930
2019-01-07,0001-01-01,103863,1394,completed,38,2021-06-15 05:07:06.202930
2019-01-07,0001-01-01,103863,1407,completed,38,2021-06-15 05:07:06.202930
2019-01-07,0001-01-01,103863,1400,completed,38,2021-06-15 05:07:06.202930
2019-01-07,0001-01-01,103863,1408,completed,38,2021-06-15 05:07:06.202930
2019-01-07,0001-01-01,103891,1222,completed,38,2021-06-15 05:07:06.202930
2019-01-07,0001-01-01,103904,1225,completed,38,2021-06-15 05:07:06.202930
2019-01-07,0001-01-01,103924,1293,completed,38,2021-06-15 05:07:06.202930
2019-01-07,0001-01-01,103924,1286,completed,38,2021-06-15 05:07:06.202930
2019-01-07,0001-01-01,103924,1295,completed,38,2021-06-15 05:07:06.202930
2019-01-07,0001-01-01,103924,1297,completed,38,2021-06-15 05:07:06.202930
2019-01-07,0001-01-01,103928,1334,completed,38,2021-06-15 05:07:06.202930
2019-01-07,0001-01-01,103928,1339,completed,38,2021-06-15 05:07:06.202930
2019-01-07,0001-01-01,103928,1414,completed,38,2021-06-15 05:07:06.202930
2019-01-07,0001-01-01,103929,1267,completed,38,2021-06-15 05:07:06.202930
2019-01-07,0001-01-01,103929,1118,completed,38,2021-06-15 05:07:06.202930
2019-01-07,0001-01-01,103929,1220,completed,38,2021-06-15 05:07:06.202930
2019-01-07,0001-01-01,103939,1333,completed,38,2021-06-15 05:07:06.202930
2019-01-07,0001-01-01,103939,1113,completed,38,2021-06-15 05:07:06.202930
2019-01-07,0001-01-01,103942,1121,completed,38,2021-06-15 05:07:06.202930
2019-01-07,0001-01-01,103942,1221,completed,38,2021-06-15 05:07:06.202930
2019-01-07,0001-01-01,103942,1222,completed,38,2021-06-15 05:07:06.202930
2019-01-07,0001-01-01,103943,1260,completed,38,2021-06-15 05:07:06.202930
2019-01-07,0001-01-01,103943,1253,completed,38,2021-06-15 05:07:06.202930
2019-01-07,0001-01-01,103943,1115,completed,38,2021-06-15 05:07:06.202930
2019-01-07,0001-01-01,103948,1339,completed,38,2021-06-15 05:07:06.202930
2019-01-07,0001-01-01,103948,1341,completed,38,2021-06-15 05:07:06.202930
2019-01-07,0001-01-01,103948,1343,completed,38,2021-06-15 05:07:06.202930
2019-01-07,0001-01-01,103948,1345,completed,38,2021-06-15 05:07:06.202930
2019-01-07,0001-01-01,103952,1399,completed,38,2021-06-15 05:07:06.202930
2019-01-07,0001-01-01,103952,1400,completed,38,2021-06-15 05:07:06.202930
2019-01-07,0001-01-01,103952,1408,completed,38,2021-06-15 05:07:06.202930
2019-01-07,0001-01-01,103952,1401,completed,38,2021-06-15 05:07:06.202930
2019-01-07,0001-01-01,103955,1292,completed,38,2021-06-15 05:07:06.202930
2019-01-07,0001-01-01,103955,1285,completed,38,2021-06-15 05:07:06.202930
2019-01-07,0001-01-01,103955,1293,completed,38,2021-06-15 05:07:06.202930
2019-01-07,0001-01-01,103955,1294,completed,38,2021-06-15 05:07:06.202930
2019-01-07,0001-01-01,103975,1398,completed,38,2021-06-15 05:07:06.202930
2019-01-07,0001-01-01,103975,1399,completed,38,2021-06-15 05:07:06.202930
2019-01-07,0001-01-01,103975,1400,completed,38,2021-06-15 05:07:06.202930
2019-01-07,0001-01-01,103975,1408,completed,38,2021-06-15 05:07:06.202930
2019-01-07,0001-01-01,103980,1119,completed,38,2021-06-15 05:07:06.202930
2019-01-07,0001-01-01,103980,1220,completed,38,2021-06-15 05:07:06.202930
2019-01-07,0001-01-01,103980,1273,completed,38,2021-06-15 05:07:06.202930
2019-01-07,0001-01-01,103989,1341,completed,38,2021-06-15 05:07:06.202930
2019-01-07,0001-01-01,103989,1343,completed,38,2021-06-15 05:07:06.202930
2019-01-07,0001-01-01,103989,1344,completed,38,2021-06-15 05:07:06.202930
2019-01-07,0001-01-01,103989,1346,completed,38,2021-06-15 05:07:06.202930
2019-01-07,0001-01-01,103990,1399,completed,38,2021-06-15 05:07:06.202930
2019-01-07,0001-01-01,103990,1407,completed,38,2021-06-15 05:07:06.202930
2019-01-07,0001-01-01,103990,1400,completed,38,2021-06-15 05:07:06.202930
2019-01-07,0001-01-01,102000,1147,completed,38,2021-06-15 05:07:06.202930
2019-01-07,0001-01-01,102000,1150,completed,38,2021-06-15 05:07:06.202930
2019-01-07,0001-01-01,102003,1364,completed,38,2021-06-15 05:07:06.202930
2019-01-07,0001-01-01,102003,1368,completed,38,2021-06-15 05:07:06.202930
2019-01-07,0001-01-01,102003,1372,completed,38,2021-06-15 05:07:06.202930
2019-01-07,0001-01-01,102003,1373,completed,38,2021-06-15 05:07:06.202930
2019-01-07,0001-01-01,102012,1305,completed,38,2021-06-15 05:07:06.202930
2019-01-07,0001-01-01,102012,1306,completed,38,2021-06-15 05:07:06.202930
2019-01-07,0001-01-01,102012,1307,completed,38,2021-06-15 05:07:06.202930
2019-01-07,0001-01-01,102012,1309,completed,38,2021-06-15 05:07:06.202930
2019-01-07,0001-01-01,102012,1310,completed,38,2021-06-15 05:07:06.202930
2019-01-07,0001-01-01,102013,1150,completed,38,2021-06-15 05:07:06.202930
2019-01-07,0001-01-01,102018,1415,completed,38,2021-06-15 05:07:06.202930
2019-01-07,0001-01-01,102018,1416,completed,38,2021-06-15 05:07:06.202930
2019-01-07,0001-01-01,102018,1420,completed,38,2021-06-15 05:07:06.202930
2019-01-07,0001-01-01,102068,1305,completed,38,2021-06-15 05:07:06.202930
2019-01-07,0001-01-01,102068,1306,completed,38,2021-06-15 05:07:06.202930
2019-01-07,0001-01-01,102068,1309,completed,38,2021-06-15 05:07:06.202930
2019-01-07,0001-01-01,102070,1360,completed,38,2021-06-15 05:07:06.202930
2019-01-07,0001-01-01,102070,1363,completed,38,2021-06-15 05:07:06.202930
2019-01-07,0001-01-01,102070,1367,completed,38,2021-06-15 05:07:06.202930
2019-01-07,0001-01-01,102098,1412,completed,38,2021-06-15 05:07:06.202930
2019-01-07,0001-01-01,102098,1413,completed,38,2021-06-15 05:07:06.202930
2019-01-07,0001-01-01,102098,1414,completed,38,2021-06-15 05:07:06.202930
2019-01-07,0001-01-01,102098,1415,completed,38,2021-06-15 05:07:06.202930
2019-01-07,0001-01-01,102098,1416,completed,38,2021-06-15 05:07:06.202930
2019-01-07,0001-01-01,102109,1302,completed,38,2021-06-15 05:07:06.202930
2019-01-07,0001-01-01,102109,1304,completed,38,2021-06-15 05:07:06.202930
2019-01-07,0001-01-01,102109,1305,completed,38,2021-06-15 05:07:06.202930
2019-01-07,0001-01-01,102109,1223,completed,38,2021-06-15 05:07:06.202930
2019-01-07,0001-01-01,102109,1306,completed,38,2021-06-15 05:07:06.202930
2019-01-07,0001-01-01,102126,1302,completed,38,2021-06-15 05:07:06.202930
2019-01-07,0001-01-01,102126,1304,completed,38,2021-06-15 05:07:06.202930
2019-01-07,0001-01-01,102126,1305,completed,38,2021-06-15 05:07:06.202930
2019-01-07,0001-01-01,102126,1306,completed,38,2021-06-15 05:07:06.202930
2019-01-07,0001-01-01,102130,1300,completed,38,2021-06-15 05:07:06.202930
2019-01-07,0001-01-01,102130,1416,completed,38,2021-06-15 05:07:06.202930
2019-01-07,0001-01-01,102130,1417,completed,38,2021-06-15 05:07:06.202930
2019-01-07,0001-01-01,102130,1418,completed,38,2021-06-15 05:07:06.202930
2019-01-07,0001-01-01,102130,1420,completed,38,2021-06-15 05:07:06.202930
2019-01-07,0001-01-01,102137,1416,completed,38,2021-06-15 05:07:06.202930
2019-01-07,0001-01-01,102137,1417,completed,38,2021-06-15 05:07:06.202930
2019-01-07,0001-01-01,102137,1420,completed,38,2021-06-15 05:07:06.202930
2019-01-07,0001-01-01,102138,1132,completed,38,2021-06-15 05:07:06.202930
2019-01-07,0001-01-01,102138,1134,completed,38,2021-06-15 05:07:06.202930
2019-01-07,0001-01-01,102138,1135,completed,38,2021-06-15 05:07:06.202930
2019-01-07,0001-01-01,102138,1138,completed,38,2021-06-15 05:07:06.202930
2019-01-07,0001-01-01,102138,1141,completed,38,2021-06-15 05:07:06.202930
2019-01-07,0001-01-01,102139,1356,completed,38,2021-06-15 05:07:06.202930
2019-01-07,0001-01-01,102141,1417,completed,38,2021-06-15 05:07:06.202930
2019-01-07,0001-01-01,102141,1418,completed,38,2021-06-15 05:07:06.202930
2019-01-07,0001-01-01,102141,1420,completed,38,2021-06-15 05:07:06.202930
2019-01-07,0001-01-01,102141,1125,completed,38,2021-06-15 05:07:06.202930
2019-01-07,0001-01-01,102164,1374,completed,38,2021-06-15 05:07:06.202930
2019-01-07,0001-01-01,102164,1157,completed,38,2021-06-15 05:07:06.202930
2019-01-07,0001-01-01,102185,1411,completed,38,2021-06-15 05:07:06.202930
2019-01-07,0001-01-01,102185,1412,completed,38,2021-06-15 05:07:06.202930
2019-01-07,0001-01-01,102185,1414,completed,38,2021-06-15 05:07:06.202930
2019-01-07,0001-01-01,102185,1417,completed,38,2021-06-15 05:07:06.202930
2019-01-07,0001-01-01,102213,1353,completed,38,2021-06-15 05:07:06.202930
2019-01-07,0001-01-01,102213,1354,completed,38,2021-06-15 05:07:06.202930
2019-01-07,0001-01-01,102213,1355,completed,38,2021-06-15 05:07:06.202930
2019-01-07,0001-01-01,102213,1356,completed,38,2021-06-15 05:07:06.202930
2019-01-07,0001-01-01,102225,1232,completed,38,2021-06-15 05:07:06.202930
2019-01-07,0001-01-01,102225,1137,completed,38,2021-06-15 05:07:06.202930
2019-01-07,0001-01-01,102225,1142,completed,38,2021-06-15 05:07:06.202930
2019-01-07,0001-01-01,102230,1302,completed,38,2021-06-15 05:07:06.202930
2019-01-07,0001-01-01,102230,1304,completed,38,2021-06-15 05:07:06.202930
2019-01-07,0001-01-01,102230,1306,completed,38,2021-06-15 05:07:06.202930
2019-01-07,0001-01-01,102230,1307,completed,38,2021-06-15 05:07:06.202930
2019-01-07,0001-01-01,102233,1300,completed,38,2021-06-15 05:07:06.202930
2019-01-07,0001-01-01,102233,1301,completed,38,2021-06-15 05:07:06.202930
2019-01-07,0001-01-01,102233,1302,completed,38,2021-06-15 05:07:06.202930
2019-01-07,0001-01-01,102233,1304,completed,38,2021-06-15 05:07:06.202930
2019-01-07,0001-01-01,102233,1305,completed,38,2021-06-15 05:07:06.202930
2019-01-07,0001-01-01,102247,1131,completed,38,2021-06-15 05:07:06.202930
2019-01-07,0001-01-01,102256,1412,completed,38,2021-06-15 05:07:06.202930
2019-01-07,0001-01-01,102256,1413,completed,38,2021-06-15 05:07:06.202930
2019-01-07,0001-01-01,102256,1414,completed,38,2021-06-15 05:07:06.202930
2019-01-07,0001-01-01,102278,1236,completed,38,2021-06-15 05:07:06.202930
2019-01-07,0001-01-01,102278,1147,completed,38,2021-06-15 05:07:06.202930
2019-01-07,0001-01-01,102278,1148,completed,38,2021-06-15 05:07:06.202930
2019-01-07,0001-01-01,102285,1300,completed,38,2021-06-15 05:07:06.202930
2019-01-07,0001-01-01,102285,1302,completed,38,2021-06-15 05:07:06.202930
2019-01-07,0001-01-01,102285,1304,completed,38,2021-06-15 05:07:06.202930
2019-01-07,0001-01-01,102285,1305,completed,38,2021-06-15 05:07:06.202930
2019-01-07,0001-01-01,102316,1302,completed,38,2021-06-15 05:07:06.202930
2019-01-07,0001-01-01,102316,1304,completed,38,2021-06-15 05:07:06.202930
2019-01-07,0001-01-01,102316,1306,completed,38,2021-06-15 05:07:06.202930
2019-01-07,0001-01-01,102316,1307,completed,38,2021-06-15 05:07:06.202930
2019-01-07,0001-01-01,102318,1300,completed,38,2021-06-15 05:07:06.202930
2019-01-07,0001-01-01,102318,1301,completed,38,2021-06-15 05:07:06.202930
2019-01-07,0001-01-01,102318,1302,completed,38,2021-06-15 05:07:06.202930
2019-01-07,0001-01-01,102318,1304,completed,38,2021-06-15 05:07:06.202930
2019-01-07,0001-01-01,102318,1305,completed,38,2021-06-15 05:07:06.202930
2019-01-07,0001-01-01,102320,1300,completed,38,2021-06-15 05:07:06.202930
2019-01-07,0001-01-01,102320,1301,completed,38,2021-06-15 05:07:06.202930
2019-01-07,0001-01-01,102320,1302,completed,38,2021-06-15 05:07:06.202930
2019-01-07,0001-01-01,102363,1361,completed,38,2021-06-15 05:07:06.202930
2019-01-07,0001-01-01,102363,1363,completed,38,2021-06-15 05:07:06.202930
2019-01-07,0001-01-01,102363,1364,completed,38,2021-06-15 05:07:06.202930
2019-01-07,0001-01-01,102363,1365,completed,38,2021-06-15 05:07:06.202930
2019-01-07,0001-01-01,102365,1302,completed,38,2021-06-15 05:07:06.202930
2019-01-07,0001-01-01,102365,1304,completed,38,2021-06-15 05:07:06.202930
2019-01-07,0001-01-01,102365,1305,completed,38,2021-06-15 05:07:06.202930
2019-01-07,0001-01-01,102365,1223,completed,38,2021-06-15 05:07:06.202930
2019-01-07,0001-01-01,102365,1306,completed,38,2021-06-15 05:07:06.202930
2019-01-07,0001-01-01,102368,1416,completed,38,2021-06-15 05:07:06.202930
2019-01-07,0001-01-01,102368,1417,completed,38,2021-06-15 05:07:06.202930
2019-01-07,0001-01-01,102368,1418,completed,38,2021-06-15 05:07:06.202930
2019-01-07,0001-01-01,102368,1420,completed,38,2021-06-15 05:07:06.202930
2019-01-07,0001-01-01,102369,1271,completed,38,2021-06-15 05:07:06.202930
2019-01-07,0001-01-01,102390,1414,completed,38,2021-06-15 05:07:06.202930
2019-01-07,0001-01-01,102390,1415,completed,38,2021-06-15 05:07:06.202930
2019-01-07,0001-01-01,102390,1416,completed,38,2021-06-15 05:07:06.202930
2019-01-07,0001-01-01,102390,1417,completed,38,2021-06-15 05:07:06.202930
2019-01-07,0001-01-01,102390,1418,completed,38,2021-06-15 05:07:06.202930
2019-01-07,0001-01-01,102392,1353,completed,38,2021-06-15 05:07:06.202930
2019-01-07,0001-01-01,102392,1354,completed,38,2021-06-15 05:07:06.202930
2019-01-07,0001-01-01,102392,1355,completed,38,2021-06-15 05:07:06.202930
2019-01-07,0001-01-01,102392,1358,completed,38,2021-06-15 05:07:06.202930
2019-01-07,0001-01-01,102392,1360,completed,38,2021-06-15 05:07:06.202930
2019-01-07,0001-01-01,102396,1355,completed,38,2021-06-15 05:07:06.202930
2019-01-07,0001-01-01,102396,1358,completed,38,2021-06-15 05:07:06.202930
2019-01-07,0001-01-01,102396,1360,completed,38,2021-06-15 05:07:06.202930
2019-01-07,0001-01-01,102399,1233,completed,38,2021-06-15 05:07:06.202930
2019-01-07,0001-01-01,102399,1236,completed,38,2021-06-15 05:07:06.202930
2019-01-07,0001-01-01,102399,1238,completed,38,2021-06-15 05:07:06.202930
2019-01-07,0001-01-01,102415,1412,completed,38,2021-06-15 05:07:06.202930
2019-01-07,0001-01-01,102415,1414,completed,38,2021-06-15 05:07:06.202930
2019-01-07,0001-01-01,102415,1415,completed,38,2021-06-15 05:07:06.202930
2019-01-07,0001-01-01,102415,1416,completed,38,2021-06-15 05:07:06.202930
2019-01-07,0001-01-01,102415,1417,completed,38,2021-06-15 05:07:06.202930
2019-01-07,0001-01-01,102443,1302,completed,38,2021-06-15 05:07:06.202930
2019-01-07,0001-01-01,102443,1304,completed,38,2021-06-15 05:07:06.202930
2019-01-07,0001-01-01,102443,1272,completed,38,2021-06-15 05:07:06.202930
2019-01-07,0001-01-01,102443,1305,completed,38,2021-06-15 05:07:06.202930
2019-01-07,0001-01-01,102443,1306,completed,38,2021-06-15 05:07:06.202930
2019-01-07,0001-01-01,102449,1365,completed,38,2021-06-15 05:07:06.202930
2019-01-07,0001-01-01,102449,1368,completed,38,2021-06-15 05:07:06.202930
2019-01-07,0001-01-01,102449,1369,completed,38,2021-06-15 05:07:06.202930
2019-01-07,0001-01-01,102449,1370,completed,38,2021-06-15 05:07:06.202930
2019-01-07,0001-01-01,102449,1372,completed,38,2021-06-15 05:07:06.202930
2019-01-07,0001-01-01,102452,1417,completed,38,2021-06-15 05:07:06.202930
2019-01-07,0001-01-01,102452,1418,completed,38,2021-06-15 05:07:06.202930
2019-01-07,0001-01-01,102452,1420,completed,38,2021-06-15 05:07:06.202930
2019-01-07,0001-01-01,102452,1421,completed,38,2021-06-15 05:07:06.202930
2019-01-07,0001-01-01,102454,1410,completed,38,2021-06-15 05:07:06.202930
2019-01-07,0001-01-01,102454,1411,completed,38,2021-06-15 05:07:06.202930
2019-01-07,0001-01-01,102454,1413,completed,38,2021-06-15 05:07:06.202930
2019-01-07,0001-01-01,102454,1416,completed,38,2021-06-15 05:07:06.202930
2019-01-07,0001-01-01,102454,1417,completed,38,2021-06-15 05:07:06.202930
2019-01-07,0001-01-01,102461,1233,completed,38,2021-06-15 05:07:06.202930
2019-01-07,0001-01-01,102461,1135,completed,38,2021-06-15 05:07:06.202930
2019-01-07,0001-01-01,102461,1136,completed,38,2021-06-15 05:07:06.202930
2019-01-07,0001-01-01,102464,1412,completed,38,2021-06-15 05:07:06.202930
2019-01-07,0001-01-01,102464,1414,completed,38,2021-06-15 05:07:06.202930
2019-01-07,0001-01-01,102464,1415,completed,38,2021-06-15 05:07:06.202930
2019-01-07,0001-01-01,102464,1417,completed,38,2021-06-15 05:07:06.202930
2019-01-07,0001-01-01,102465,1357,completed,38,2021-06-15 05:07:06.202930
2019-01-07,0001-01-01,102465,1360,completed,38,2021-06-15 05:07:06.202930
2019-01-07,0001-01-01,102465,1365,completed,38,2021-06-15 05:07:06.202930
2019-01-07,0001-01-01,102475,1300,completed,38,2021-06-15 05:07:06.202930
2019-01-07,0001-01-01,102475,1302,completed,38,2021-06-15 05:07:06.202930
2019-01-07,0001-01-01,102475,1304,completed,38,2021-06-15 05:07:06.202930
2019-01-07,0001-01-01,102475,1305,completed,38,2021-06-15 05:07:06.202930
2019-01-07,0001-01-01,102475,1306,completed,38,2021-06-15 05:07:06.202930
2019-01-07,0001-01-01,102480,1354,completed,38,2021-06-15 05:07:06.202930
2019-01-07,0001-01-01,102480,1355,completed,38,2021-06-15 05:07:06.202930
2019-01-07,0001-01-01,102480,1361,completed,38,2021-06-15 05:07:06.202930
2019-01-07,0001-01-01,102505,1231,completed,38,2021-06-15 05:07:06.202930
2019-01-07,0001-01-01,102505,1139,completed,38,2021-06-15 05:07:06.202930
2019-01-07,0001-01-01,102505,1241,completed,38,2021-06-15 05:07:06.202930
2019-01-07,0001-01-01,102505,1364,completed,38,2021-06-15 05:07:06.202930
2019-01-07,0001-01-01,102510,1356,completed,38,2021-06-15 05:07:06.202930
2019-01-07,0001-01-01,102515,1414,completed,38,2021-06-15 05:07:06.202930
2019-01-07,0001-01-01,102515,1415,completed,38,2021-06-15 05:07:06.202930
2019-01-07,0001-01-01,102515,1416,completed,38,2021-06-15 05:07:06.202930
2019-01-07,0001-01-01,102515,1417,completed,38,2021-06-15 05:07:06.202930
2019-01-07,0001-01-01,102515,1418,completed,38,2021-06-15 05:07:06.202930
2019-01-07,0001-01-01,102521,1300,completed,38,2021-06-15 05:07:06.202930
2019-01-07,0001-01-01,102521,1301,completed,38,2021-06-15 05:07:06.202930
2019-01-07,0001-01-01,102521,1302,completed,38,2021-06-15 05:07:06.202930
2019-01-07,0001-01-01,102521,1305,completed,38,2021-06-15 05:07:06.202930
2019-01-07,0001-01-01,102521,1306,completed,38,2021-06-15 05:07:06.202930
2019-01-07,0001-01-01,102522,1131,completed,38,2021-06-15 05:07:06.202930
2019-01-07,0001-01-01,102522,1238,completed,38,2021-06-15 05:07:06.202930
2019-01-07,0001-01-01,102536,1354,completed,38,2021-06-15 05:07:06.202930
2019-01-07,0001-01-01,102536,1356,completed,38,2021-06-15 05:07:06.202930
2019-01-07,0001-01-01,102536,1358,completed,38,2021-06-15 05:07:06.202930
2019-01-07,0001-01-01,102588,1138,completed,38,2021-06-15 05:07:06.202930
2019-01-07,0001-01-01,102588,1238,completed,38,2021-06-15 05:07:06.202930
2019-01-07,0001-01-01,102588,1141,completed,38,2021-06-15 05:07:06.202930
2019-01-07,0001-01-01,102595,1353,completed,38,2021-06-15 05:07:06.202930
2019-01-07,0001-01-01,102595,1357,completed,38,2021-06-15 05:07:06.202930
2019-01-07,0001-01-01,102595,1361,completed,38,2021-06-15 05:07:06.202930
2019-01-07,0001-01-01,102603,1417,completed,38,2021-06-15 05:07:06.202930
2019-01-07,0001-01-01,102603,1418,completed,38,2021-06-15 05:07:06.202930
2019-01-07,0001-01-01,102603,1420,completed,38,2021-06-15 05:07:06.202930
2019-01-07,0001-01-01,102603,1422,completed,38,2021-06-15 05:07:06.202930
2019-01-07,0001-01-01,102604,1302,completed,38,2021-06-15 05:07:06.202930
2019-01-07,0001-01-01,102604,1304,completed,38,2021-06-15 05:07:06.202930
2019-01-07,0001-01-01,102604,1305,completed,38,2021-06-15 05:07:06.202930
2019-01-07,0001-01-01,102604,1306,completed,38,2021-06-15 05:07:06.202930
2019-01-07,0001-01-01,102605,1239,completed,38,2021-06-15 05:07:06.202930
2019-01-07,0001-01-01,102607,1232,completed,38,2021-06-15 05:07:06.202930
2019-01-07,0001-01-01,102607,1136,completed,38,2021-06-15 05:07:06.202930
2019-01-07,0001-01-01,102607,1139,completed,38,2021-06-15 05:07:06.202930
2019-01-07,0001-01-01,102607,1143,completed,38,2021-06-15 05:07:06.202930
2019-01-07,0001-01-01,102610,1420,completed,38,2021-06-15 05:07:06.202930
2019-01-07,0001-01-01,102610,1307,completed,38,2021-06-15 05:07:06.202930
2019-01-07,0001-01-01,102610,1309,completed,38,2021-06-15 05:07:06.202930
2019-01-07,0001-01-01,102621,1300,completed,38,2021-06-15 05:07:06.202930
2019-01-07,0001-01-01,102621,1304,completed,38,2021-06-15 05:07:06.202930
2019-01-07,0001-01-01,102623,1141,completed,38,2021-06-15 05:07:06.202930
2019-01-07,0001-01-01,102623,1142,completed,38,2021-06-15 05:07:06.202930
2019-01-07,0001-01-01,102623,1148,completed,38,2021-06-15 05:07:06.202930
2019-01-07,0001-01-01,102623,1154,completed,38,2021-06-15 05:07:06.202930
2019-01-07,0001-01-01,102624,1228,completed,38,2021-06-15 05:07:06.202930
2019-01-07,0001-01-01,102624,1136,completed,38,2021-06-15 05:07:06.202930
2019-01-07,0001-01-01,102624,1236,completed,38,2021-06-15 05:07:06.202930
2019-01-07,0001-01-01,102636,1345,completed,38,2021-06-15 05:07:06.202930
2019-01-07,0001-01-01,102636,1347,completed,38,2021-06-15 05:07:06.202930
2019-01-07,0001-01-01,102636,1352,completed,38,2021-06-15 05:07:06.202930
2019-01-07,0001-01-01,102636,1356,completed,38,2021-06-15 05:07:06.202930
2019-01-07,0001-01-01,102648,1268,completed,38,2021-06-15 05:07:06.202930
2019-01-07,0001-01-01,102648,1123,completed,38,2021-06-15 05:07:06.202930
2019-01-07,0001-01-01,102648,1273,completed,38,2021-06-15 05:07:06.202930
2019-01-07,0001-01-01,102648,1307,completed,38,2021-06-15 05:07:06.202930
2019-01-07,0001-01-01,102648,1131,completed,38,2021-06-15 05:07:06.202930
2019-01-07,0001-01-01,102650,1411,completed,38,2021-06-15 05:07:06.202930
2019-01-07,0001-01-01,102650,1415,completed,38,2021-06-15 05:07:06.202930
2019-01-07,0001-01-01,102657,1410,completed,38,2021-06-15 05:07:06.202930
2019-01-07,0001-01-01,102657,1411,completed,38,2021-06-15 05:07:06.202930
2019-01-07,0001-01-01,102657,1412,completed,38,2021-06-15 05:07:06.202930
2019-01-07,0001-01-01,102657,1413,completed,38,2021-06-15 05:07:06.202930
2019-01-07,0001-01-01,102657,1415,completed,38,2021-06-15 05:07:06.202930
2019-01-07,0001-01-01,102663,1301,completed,38,2021-06-15 05:07:06.202930
2019-01-07,0001-01-01,102663,1304,completed,38,2021-06-15 05:07:06.202930
2019-01-07,0001-01-01,102663,1305,completed,38,2021-06-15 05:07:06.202930
2019-01-07,0001-01-01,102663,1307,completed,38,2021-06-15 05:07:06.202930
2019-01-07,0001-01-01,102665,1119,completed,38,2021-06-15 05:07:06.202930
2019-01-07,0001-01-01,102665,1415,completed,38,2021-06-15 05:07:06.202930
2019-01-07,0001-01-01,102665,1416,completed,38,2021-06-15 05:07:06.202930
2019-01-07,0001-01-01,102665,1417,completed,38,2021-06-15 05:07:06.202930
2019-01-07,0001-01-01,102665,1418,completed,38,2021-06-15 05:07:06.202930
2019-01-07,0001-01-01,102716,1414,completed,38,2021-06-15 05:07:06.202930
2019-01-07,0001-01-01,102716,1415,completed,38,2021-06-15 05:07:06.202930
2019-01-07,0001-01-01,102716,1416,completed,38,2021-06-15 05:07:06.202930
2019-01-07,0001-01-01,102716,1417,completed,38,2021-06-15 05:07:06.202930
2019-01-07,0001-01-01,102716,1418,completed,38,2021-06-15 05:07:06.202930
2019-01-07,0001-01-01,102719,1304,completed,38,2021-06-15 05:07:06.202930
2019-01-07,0001-01-01,102719,1305,completed,38,2021-06-15 05:07:06.202930
2019-01-07,0001-01-01,102719,1306,completed,38,2021-06-15 05:07:06.202930
2019-01-07,0001-01-01,102725,1356,completed,38,2021-06-15 05:07:06.202930
2019-01-07,0001-01-01,102725,1357,completed,38,2021-06-15 05:07:06.202930
2019-01-07,0001-01-01,102725,1358,completed,38,2021-06-15 05:07:06.202930
2019-01-07,0001-01-01,102725,1361,completed,38,2021-06-15 05:07:06.202930
2019-01-07,0001-01-01,102725,1363,completed,38,2021-06-15 05:07:06.202930
2019-01-07,0001-01-01,102726,1339,completed,38,2021-06-15 05:07:06.202930
2019-01-07,0001-01-01,102726,1301,completed,38,2021-06-15 05:07:06.202930
2019-01-07,0001-01-01,102726,1302,completed,38,2021-06-15 05:07:06.202930
2019-01-07,0001-01-01,102726,1304,completed,38,2021-06-15 05:07:06.202930
2019-01-07,0001-01-01,102726,1305,completed,38,2021-06-15 05:07:06.202930
2019-01-07,0001-01-01,102739,1239,completed,38,2021-06-15 05:07:06.202930
2019-01-07,0001-01-01,102745,1233,completed,38,2021-06-15 05:07:06.202930
2019-01-07,0001-01-01,102745,1235,completed,38,2021-06-15 05:07:06.202930
2019-01-07,0001-01-01,102745,1137,completed,38,2021-06-15 05:07:06.202930
2019-01-07,0001-01-01,102745,1138,completed,38,2021-06-15 05:07:06.202930
2019-01-07,0001-01-01,102748,1241,completed,38,2021-06-15 05:07:06.202930
2019-01-07,0001-01-01,102748,1151,completed,38,2021-06-15 05:07:06.202930
2019-01-07,0001-01-01,102748,1153,completed,38,2021-06-15 05:07:06.202930
2019-01-07,0001-01-01,102748,1154,completed,38,2021-06-15 05:07:06.202930
2019-01-07,0001-01-01,102753,1416,completed,38,2021-06-15 05:07:06.202930
2019-01-07,0001-01-01,102753,1417,completed,38,2021-06-15 05:07:06.202930
2019-01-07,0001-01-01,102753,1418,completed,38,2021-06-15 05:07:06.202930
2019-01-07,0001-01-01,102755,1302,completed,38,2021-06-15 05:07:06.202930
2019-01-07,0001-01-01,102755,1304,completed,38,2021-06-15 05:07:06.202930
2019-01-07,0001-01-01,102755,1305,completed,38,2021-06-15 05:07:06.202930
2019-01-07,0001-01-01,102769,1412,completed,38,2021-06-15 05:07:06.202930
2019-01-07,0001-01-01,102769,1413,completed,38,2021-06-15 05:07:06.202930
2019-01-07,0001-01-01,102769,1415,completed,38,2021-06-15 05:07:06.202930
2019-01-07,0001-01-01,102769,1416,completed,38,2021-06-15 05:07:06.202930
2019-01-07,0001-01-01,102781,1349,completed,38,2021-06-15 05:07:06.202930
2019-01-07,0001-01-01,102781,1355,completed,38,2021-06-15 05:07:06.202930
2019-01-07,0001-01-01,102781,1356,completed,38,2021-06-15 05:07:06.202930
2019-01-07,0001-01-01,102781,1363,completed,38,2021-06-15 05:07:06.202930
2019-01-07,0001-01-01,102783,1131,completed,38,2021-06-15 05:07:06.202930
2019-01-07,0001-01-01,102783,1145,completed,38,2021-06-15 05:07:06.202930
2019-01-07,0001-01-01,102783,1150,completed,38,2021-06-15 05:07:06.202930
2019-01-07,0001-01-01,102783,1154,completed,38,2021-06-15 05:07:06.202930
2019-01-07,0001-01-01,102802,1363,completed,38,2021-06-15 05:07:06.202930
2019-01-07,0001-01-01,102805,1370,completed,38,2021-06-15 05:07:06.202930
2019-01-07,0001-01-01,102809,1239,completed,38,2021-06-15 05:07:06.202930
2019-01-07,0001-01-01,102818,1297,completed,38,2021-06-15 05:07:06.202930
2019-01-07,0001-01-01,102818,1115,completed,38,2021-06-15 05:07:06.202930
2019-01-07,0001-01-01,102818,1299,completed,38,2021-06-15 05:07:06.202930
2019-01-07,0001-01-01,102818,1300,completed,38,2021-06-15 05:07:06.202930
2019-01-07,0001-01-01,102818,1304,completed,38,2021-06-15 05:07:06.202930
2019-01-07,0001-01-01,102840,1361,completed,38,2021-06-15 05:07:06.202930
2019-01-07,0001-01-01,102840,1363,completed,38,2021-06-15 05:07:06.202930
2019-01-07,0001-01-01,102840,1366,completed,38,2021-06-15 05:07:06.202930
2019-01-07,0001-01-01,102840,1367,completed,38,2021-06-15 05:07:06.202930
2019-01-07,0001-01-01,102840,1369,completed,38,2021-06-15 05:07:06.202930
2019-01-07,0001-01-01,102854,1300,completed,38,2021-06-15 05:07:06.202930
2019-01-07,0001-01-01,102854,1301,completed,38,2021-06-15 05:07:06.202930
2019-01-07,0001-01-01,102854,1220,completed,38,2021-06-15 05:07:06.202930
2019-01-07,0001-01-01,102854,1304,completed,38,2021-06-15 05:07:06.202930
2019-01-07,0001-01-01,102864,1305,completed,38,2021-06-15 05:07:06.202930
2019-01-07,0001-01-01,102864,1306,completed,38,2021-06-15 05:07:06.202930
2019-01-07,0001-01-01,102864,1307,completed,38,2021-06-15 05:07:06.202930
2019-01-07,0001-01-01,102864,1309,completed,38,2021-06-15 05:07:06.202930
2019-01-07,0001-01-01,102865,1306,completed,38,2021-06-15 05:07:06.202930
2019-01-07,0001-01-01,102865,1307,completed,38,2021-06-15 05:07:06.202930
2019-01-07,0001-01-01,102871,1139,completed,38,2021-06-15 05:07:06.202930
2019-01-07,0001-01-01,102871,1140,completed,38,2021-06-15 05:07:06.202930
2019-01-07,0001-01-01,102871,1241,completed,38,2021-06-15 05:07:06.202930
2019-01-07,0001-01-01,102871,1142,completed,38,2021-06-15 05:07:06.202930
2019-01-07,0001-01-01,102871,1147,completed,38,2021-06-15 05:07:06.202930
2019-01-07,0001-01-01,102884,1236,completed,38,2021-06-15 05:07:06.202930
2019-01-07,0001-01-01,102884,1137,completed,38,2021-06-15 05:07:06.202930
2019-01-07,0001-01-01,102884,1138,completed,38,2021-06-15 05:07:06.202930
2019-01-07,0001-01-01,102888,1237,completed,38,2021-06-15 05:07:06.202930
2019-01-07,0001-01-01,102888,1138,completed,38,2021-06-15 05:07:06.202930
2019-01-07,0001-01-01,102888,1241,completed,38,2021-06-15 05:07:06.202930
2019-01-07,0001-01-01,102897,1300,completed,38,2021-06-15 05:07:06.202930
2019-01-07,0001-01-01,102897,1301,completed,38,2021-06-15 05:07:06.202930
2019-01-07,0001-01-01,102897,1302,completed,38,2021-06-15 05:07:06.202930
2019-01-07,0001-01-01,102897,1304,completed,38,2021-06-15 05:07:06.202930
2019-01-07,0001-01-01,102897,1305,completed,38,2021-06-15 05:07:06.202930
2019-01-07,0001-01-01,102901,1299,completed,38,2021-06-15 05:07:06.202930
2019-01-07,0001-01-01,102901,1300,completed,38,2021-06-15 05:07:06.202930
2019-01-07,0001-01-01,102901,1118,completed,38,2021-06-15 05:07:06.202930
2019-01-07,0001-01-01,102901,1304,completed,38,2021-06-15 05:07:06.202930
2019-01-07,0001-01-01,102901,1305,completed,38,2021-06-15 05:07:06.202930
2019-01-07,0001-01-01,102902,1222,completed,38,2021-06-15 05:07:06.202930
2019-01-07,0001-01-01,102902,1305,completed,38,2021-06-15 05:07:06.202930
2019-01-07,0001-01-01,102902,1310,completed,38,2021-06-15 05:07:06.202930
2019-01-07,0001-01-01,102902,1311,completed,38,2021-06-15 05:07:06.202930
2019-01-07,0001-01-01,102902,1312,completed,38,2021-06-15 05:07:06.202930
2019-01-07,0001-01-01,102905,1134,completed,38,2021-06-15 05:07:06.202930
2019-01-07,0001-01-01,102905,1236,completed,38,2021-06-15 05:07:06.202930
2019-01-07,0001-01-01,102905,1360,completed,38,2021-06-15 05:07:06.202930
2019-01-07,0001-01-01,102907,1300,completed,38,2021-06-15 05:07:06.202930
2019-01-07,0001-01-01,102907,1341,completed,38,2021-06-15 05:07:06.202930
2019-01-07,0001-01-01,102907,1343,completed,38,2021-06-15 05:07:06.202930
2019-01-07,0001-01-01,102907,1304,completed,38,2021-06-15 05:07:06.202930
2019-01-07,0001-01-01,102907,1305,completed,38,2021-06-15 05:07:06.202930
2019-01-07,0001-01-01,102917,1147,completed,38,2021-06-15 05:07:06.202930
2019-01-07,0001-01-01,102917,1154,completed,38,2021-06-15 05:07:06.202930
2019-01-07,0001-01-01,102930,1123,completed,38,2021-06-15 05:07:06.202930
2019-01-07,0001-01-01,102930,1349,completed,38,2021-06-15 05:07:06.202930
2019-01-07,0001-01-01,102930,1352,completed,38,2021-06-15 05:07:06.202930
2019-01-07,0001-01-01,102936,1228,completed,38,2021-06-15 05:07:06.202930
2019-01-07,0001-01-01,102946,1411,completed,38,2021-06-15 05:07:06.202930
2019-01-07,0001-01-01,102946,1413,completed,38,2021-06-15 05:07:06.202930
2019-01-07,0001-01-01,102946,1414,completed,38,2021-06-15 05:07:06.202930
2019-01-07,0001-01-01,102963,1129,completed,38,2021-06-15 05:07:06.202930
2019-01-07,0001-01-01,102969,1344,completed,38,2021-06-15 05:07:06.202930
2019-01-07,0001-01-01,102969,1306,completed,38,2021-06-15 05:07:06.202930
2019-01-07,0001-01-01,102969,1307,completed,38,2021-06-15 05:07:06.202930
2019-01-07,0001-01-01,102985,1413,completed,38,2021-06-15 05:07:06.202930
2019-01-07,0001-01-01,102985,1414,completed,38,2021-06-15 05:07:06.202930
2019-01-07,0001-01-01,102985,1415,completed,38,2021-06-15 05:07:06.202930
2019-01-07,0001-01-01,102985,1417,completed,38,2021-06-15 05:07:06.202930
2019-01-07,0001-01-01,102985,1418,completed,38,2021-06-15 05:07:06.202930
2019-01-07,0001-01-01,102994,1125,completed,38,2021-06-15 05:07:06.202930
2019-01-07,0001-01-01,102994,1225,completed,38,2021-06-15 05:07:06.202930
2019-01-07,0001-01-01,102994,1128,completed,38,2021-06-15 05:07:06.202930
2019-01-07,0001-01-01,102994,1131,completed,38,2021-06-15 05:07:06.202930
2019-01-07,0001-01-01,102994,1353,completed,38,2021-06-15 05:07:06.202930
2019-01-07,0001-01-01,101003,1382,completed,38,2021-06-15 05:07:06.202930
2019-01-07,0001-01-01,101003,1185,completed,38,2021-06-15 05:07:06.202930
2019-01-07,0001-01-01,101019,1373,completed,38,2021-06-15 05:07:06.202930
2019-01-07,0001-01-01,101019,1374,completed,38,2021-06-15 05:07:06.202930
2019-01-07,0001-01-01,101019,1376,completed,38,2021-06-15 05:07:06.202930
2019-01-07,0001-01-01,101019,1377,completed,38,2021-06-15 05:07:06.202930
2019-01-07,0001-01-01,101024,1383,completed,38,2021-06-15 05:07:06.202930
2019-01-07,0001-01-01,101024,1386,completed,38,2021-06-15 05:07:06.202930
2019-01-07,0001-01-01,101036,1189,completed,38,2021-06-15 05:07:06.202930
2019-01-07,0001-01-01,101055,1150,completed,38,2021-06-15 05:07:06.202930
2019-01-07,0001-01-01,101056,1153,completed,38,2021-06-15 05:07:06.202930
2019-01-07,0001-01-01,101056,1376,completed,38,2021-06-15 05:07:06.202930
2019-01-07,0001-01-01,101056,1379,completed,38,2021-06-15 05:07:06.202930
2019-01-07,0001-01-01,101056,1381,completed,38,2021-06-15 05:07:06.202930
2019-01-07,0001-01-01,101058,1353,completed,38,2021-06-15 05:07:06.202930
2019-01-07,0001-01-01,101077,1180,completed,38,2021-06-15 05:07:06.202930
2019-01-07,0001-01-01,101077,1182,completed,38,2021-06-15 05:07:06.202930
2019-01-07,0001-01-01,101077,1183,completed,38,2021-06-15 05:07:06.202930
2019-01-07,0001-01-01,101077,1187,completed,38,2021-06-15 05:07:06.202930
2019-01-07,0001-01-01,101083,1164,completed,38,2021-06-15 05:07:06.202930
2019-01-07,0001-01-01,101083,1177,completed,38,2021-06-15 05:07:06.202930
2019-01-07,0001-01-01,101089,1373,completed,38,2021-06-15 05:07:06.202930
2019-01-07,0001-01-01,101089,1375,completed,38,2021-06-15 05:07:06.202930
2019-01-07,0001-01-01,101089,1376,completed,38,2021-06-15 05:07:06.202930
2019-01-07,0001-01-01,101089,1379,completed,38,2021-06-15 05:07:06.202930
2019-01-07,0001-01-01,101089,1383,completed,38,2021-06-15 05:07:06.202930
2019-01-07,0001-01-01,101147,1380,completed,38,2021-06-15 05:07:06.202930
2019-01-07,0001-01-01,101147,1382,completed,38,2021-06-15 05:07:06.202930
2019-01-07,0001-01-01,101148,1382,completed,38,2021-06-15 05:07:06.202930
2019-01-07,0001-01-01,101148,1383,completed,38,2021-06-15 05:07:06.202930
2019-01-07,0001-01-01,101148,1185,completed,38,2021-06-15 05:07:06.202930
2019-01-07,0001-01-01,101150,1361,completed,38,2021-06-15 05:07:06.202930
2019-01-07,0001-01-01,101158,1171,completed,38,2021-06-15 05:07:06.202930
2019-01-07,0001-01-01,101158,1172,completed,38,2021-06-15 05:07:06.202930
2019-01-07,0001-01-01,101164,1151,completed,38,2021-06-15 05:07:06.202930
2019-01-07,0001-01-01,101164,1155,completed,38,2021-06-15 05:07:06.202930
2019-01-07,0001-01-01,101164,1162,completed,38,2021-06-15 05:07:06.202930
2019-01-07,0001-01-01,101164,1189,completed,38,2021-06-15 05:07:06.202930
2019-01-07,0001-01-01,101165,1380,completed,38,2021-06-15 05:07:06.202930
2019-01-07,0001-01-01,101165,1182,completed,38,2021-06-15 05:07:06.202930
2019-01-07,0001-01-01,101187,1174,completed,38,2021-06-15 05:07:06.202930
2019-01-07,0001-01-01,101187,1176,completed,38,2021-06-15 05:07:06.202930
2019-01-07,0001-01-01,101200,1164,completed,38,2021-06-15 05:07:06.202930
2019-01-07,0001-01-01,101200,1177,completed,38,2021-06-15 05:07:06.202930
2019-01-07,0001-01-01,101215,1166,completed,38,2021-06-15 05:07:06.202930
2019-01-07,0001-01-01,101215,1169,completed,38,2021-06-15 05:07:06.202930
2019-01-07,0001-01-01,101215,1180,completed,38,2021-06-15 05:07:06.202930
2019-01-07,0001-01-01,101215,1187,completed,38,2021-06-15 05:07:06.202930
2019-01-07,0001-01-01,101238,1182,completed,38,2021-06-15 05:07:06.202930
2019-01-07,0001-01-01,101245,1168,completed,38,2021-06-15 05:07:06.202930
2019-01-07,0001-01-01,101245,1171,completed,38,2021-06-15 05:07:06.202930
2019-01-07,0001-01-01,101266,1381,completed,38,2021-06-15 05:07:06.202930
2019-01-07,0001-01-01,101266,1383,completed,38,2021-06-15 05:07:06.202930
2019-01-07,0001-01-01,101266,1386,completed,38,2021-06-15 05:07:06.202930
2019-01-07,0001-01-01,101268,1175,completed,38,2021-06-15 05:07:06.202930
2019-01-07,0001-01-01,101268,1190,completed,38,2021-06-15 05:07:06.202930
2019-01-07,0001-01-01,101273,1161,completed,38,2021-06-15 05:07:06.202930
2019-01-07,0001-01-01,101273,1187,completed,38,2021-06-15 05:07:06.202930
2019-01-07,0001-01-01,101275,1150,completed,38,2021-06-15 05:07:06.202930
2019-01-07,0001-01-01,101278,1386,completed,38,2021-06-15 05:07:06.202930
2019-01-07,0001-01-01,101282,1163,completed,38,2021-06-15 05:07:06.202930
2019-01-07,0001-01-01,101282,1174,completed,38,2021-06-15 05:07:06.202930
2019-01-07,0001-01-01,101290,1380,completed,38,2021-06-15 05:07:06.202930
2019-01-07,0001-01-01,101290,1383,completed,38,2021-06-15 05:07:06.202930
2019-01-07,0001-01-01,101293,1376,completed,38,2021-06-15 05:07:06.202930
2019-01-07,0001-01-01,101329,1187,completed,38,2021-06-15 05:07:06.202930
2019-01-07,0001-01-01,101358,1238,completed,38,2021-06-15 05:07:06.202930
2019-01-07,0001-01-01,101358,1157,completed,38,2021-06-15 05:07:06.202930
2019-01-07,0001-01-01,101376,1168,completed,38,2021-06-15 05:07:06.202930
2019-01-07,0001-01-01,101376,1177,completed,38,2021-06-15 05:07:06.202930
2019-01-07,0001-01-01,101376,1185,completed,38,2021-06-15 05:07:06.202930
2019-01-07,0001-01-01,101376,1191,completed,38,2021-06-15 05:07:06.202930
2019-01-07,0001-01-01,101382,1377,completed,38,2021-06-15 05:07:06.202930
2019-01-07,0001-01-01,101387,1380,completed,38,2021-06-15 05:07:06.202930
2019-01-07,0001-01-01,101387,1383,completed,38,2021-06-15 05:07:06.202930
2019-01-07,0001-01-01,101398,1168,completed,38,2021-06-15 05:07:06.202930
2019-01-07,0001-01-01,101399,1169,completed,38,2021-06-15 05:07:06.202930
2019-01-07,0001-01-01,101399,1176,completed,38,2021-06-15 05:07:06.202930
2019-01-07,0001-01-01,101399,1187,completed,38,2021-06-15 05:07:06.202930
2019-01-07,0001-01-01,101438,1313,completed,38,2021-06-15 05:07:06.202930
2019-01-07,0001-01-01,101438,1374,completed,38,2021-06-15 05:07:06.202930
2019-01-07,0001-01-01,101505,1142,completed,38,2021-06-15 05:07:06.202930
2019-01-07,0001-01-01,101505,1156,completed,38,2021-06-15 05:07:06.202930
2019-01-07,0001-01-01,101519,1379,completed,38,2021-06-15 05:07:06.202930
2019-01-07,0001-01-01,101519,1383,completed,38,2021-06-15 05:07:06.202930
2019-01-07,0001-01-01,101519,1386,completed,38,2021-06-15 05:07:06.202930
2019-01-07,0001-01-01,101536,1382,completed,38,2021-06-15 05:07:06.202930
2019-01-07,0001-01-01,101563,1185,completed,38,2021-06-15 05:07:06.202930
2019-01-07,0001-01-01,101563,1190,completed,38,2021-06-15 05:07:06.202930
2019-01-07,0001-01-01,101582,1228,completed,38,2021-06-15 05:07:06.202930
2019-01-07,0001-01-01,101582,1241,completed,38,2021-06-15 05:07:06.202930
2019-01-07,0001-01-01,101582,1183,completed,38,2021-06-15 05:07:06.202930
2019-01-07,0001-01-01,101583,1382,completed,38,2021-06-15 05:07:06.202930
2019-01-07,0001-01-01,101583,1383,completed,38,2021-06-15 05:07:06.202930
2019-01-07,0001-01-01,101596,1383,completed,38,2021-06-15 05:07:06.202930
2019-01-07,0001-01-01,101596,1172,completed,38,2021-06-15 05:07:06.202930
2019-01-07,0001-01-01,101603,1161,completed,38,2021-06-15 05:07:06.202930
2019-01-07,0001-01-01,101603,1166,completed,38,2021-06-15 05:07:06.202930
2019-01-07,0001-01-01,101603,1169,completed,38,2021-06-15 05:07:06.202930
2019-01-07,0001-01-01,101603,1187,completed,38,2021-06-15 05:07:06.202930
2019-01-07,0001-01-01,101616,1176,completed,38,2021-06-15 05:07:06.202930
2019-01-07,0001-01-01,101616,1182,completed,38,2021-06-15 05:07:06.202930
2019-01-07,0001-01-01,101616,1189,completed,38,2021-06-15 05:07:06.202930
2019-01-07,0001-01-01,101617,1180,completed,38,2021-06-15 05:07:06.202930
2019-01-07,0001-01-01,101617,1189,completed,38,2021-06-15 05:07:06.202930
2019-01-07,0001-01-01,101635,1376,completed,38,2021-06-15 05:07:06.202930
2019-01-07,0001-01-01,101635,1381,completed,38,2021-06-15 05:07:06.202930
2019-01-07,0001-01-01,101650,1382,completed,38,2021-06-15 05:07:06.202930
2019-01-07,0001-01-01,101650,1176,completed,38,2021-06-15 05:07:06.202930
2019-01-07,0001-01-01,101650,1191,completed,38,2021-06-15 05:07:06.202930
2019-01-07,0001-01-01,101667,1381,completed,38,2021-06-15 05:07:06.202930
2019-01-07,0001-01-01,101680,1164,completed,38,2021-06-15 05:07:06.202930
2019-01-07,0001-01-01,101680,1168,completed,38,2021-06-15 05:07:06.202930
2019-01-07,0001-01-01,101680,1179,completed,38,2021-06-15 05:07:06.202930
2019-01-07,0001-01-01,101680,1183,completed,38,2021-06-15 05:07:06.202930
2019-01-07,0001-01-01,101690,1374,completed,38,2021-06-15 05:07:06.202930
2019-01-07,0001-01-01,101690,1375,completed,38,2021-06-15 05:07:06.202930
2019-01-07,0001-01-01,101690,1379,completed,38,2021-06-15 05:07:06.202930
2019-01-07,0001-01-01,101694,1156,completed,38,2021-06-15 05:07:06.202930
2019-01-07,0001-01-01,101694,1163,completed,38,2021-06-15 05:07:06.202930
2019-01-07,0001-01-01,101694,1386,completed,38,2021-06-15 05:07:06.202930
2019-01-07,0001-01-01,101699,1310,completed,38,2021-06-15 05:07:06.202930
2019-01-07,0001-01-01,101699,1311,completed,38,2021-06-15 05:07:06.202930
2019-01-07,0001-01-01,101699,1312,completed,38,2021-06-15 05:07:06.202930
2019-01-07,0001-01-01,101699,1190,completed,38,2021-06-15 05:07:06.202930
2019-01-07,0001-01-01,101721,1167,completed,38,2021-06-15 05:07:06.202930
2019-01-07,0001-01-01,101721,1170,completed,38,2021-06-15 05:07:06.202930
2019-01-07,0001-01-01,101721,1183,completed,38,2021-06-15 05:07:06.202930
2019-01-07,0001-01-01,101723,1180,completed,38,2021-06-15 05:07:06.202930
2019-01-07,0001-01-01,101723,1182,completed,38,2021-06-15 05:07:06.202930
2019-01-07,0001-01-01,101723,1185,completed,38,2021-06-15 05:07:06.202930
2019-01-07,0001-01-01,101723,1187,completed,38,2021-06-15 05:07:06.202930
2019-01-07,0001-01-01,101723,1190,completed,38,2021-06-15 05:07:06.202930
2019-01-07,0001-01-01,101739,1312,completed,38,2021-06-15 05:07:06.202930
2019-01-07,0001-01-01,101739,1159,completed,38,2021-06-15 05:07:06.202930
2019-01-07,0001-01-01,101747,1172,completed,38,2021-06-15 05:07:06.202930
2019-01-07,0001-01-01,101747,1174,completed,38,2021-06-15 05:07:06.202930
2019-01-07,0001-01-01,101747,1191,completed,38,2021-06-15 05:07:06.202930
2019-01-07,0001-01-01,101752,1378,completed,38,2021-06-15 05:07:06.202930
2019-01-07,0001-01-01,101752,1379,completed,38,2021-06-15 05:07:06.202930
2019-01-07,0001-01-01,101752,1380,completed,38,2021-06-15 05:07:06.202930
2019-01-07,0001-01-01,101752,1383,completed,38,2021-06-15 05:07:06.202930
2019-01-07,0001-01-01,101759,1372,completed,38,2021-06-15 05:07:06.202930
2019-01-07,0001-01-01,101759,1374,completed,38,2021-06-15 05:07:06.202930
2019-01-07,0001-01-01,101759,1376,completed,38,2021-06-15 05:07:06.202930
2019-01-07,0001-01-01,101759,1377,completed,38,2021-06-15 05:07:06.202930
2019-01-07,0001-01-01,101762,1155,completed,38,2021-06-15 05:07:06.202930
2019-01-07,0001-01-01,101762,1163,completed,38,2021-06-15 05:07:06.202930
2019-01-07,0001-01-01,101762,1166,completed,38,2021-06-15 05:07:06.202930
2019-01-07,0001-01-01,101762,1169,completed,38,2021-06-15 05:07:06.202930
2019-01-07,0001-01-01,101772,1164,completed,38,2021-06-15 05:07:06.202930
2019-01-07,0001-01-01,101788,1185,completed,38,2021-06-15 05:07:06.202930
2019-01-07,0001-01-01,101808,1165,completed,38,2021-06-15 05:07:06.202930
2019-01-07,0001-01-01,101808,1174,completed,38,2021-06-15 05:07:06.202930
2019-01-07,0001-01-01,101808,1177,completed,38,2021-06-15 05:07:06.202930
2019-01-07,0001-01-01,101808,1191,completed,38,2021-06-15 05:07:06.202930
2019-01-07,0001-01-01,101814,1372,completed,38,2021-06-15 05:07:06.202930
2019-01-07,0001-01-01,101814,1373,completed,38,2021-06-15 05:07:06.202930
2019-01-07,0001-01-01,101814,1375,completed,38,2021-06-15 05:07:06.202930
2019-01-07,0001-01-01,101814,1376,completed,38,2021-06-15 05:07:06.202930
2019-01-07,0001-01-01,101814,1381,completed,38,2021-06-15 05:07:06.202930
2019-01-07,0001-01-01,101820,1172,completed,38,2021-06-15 05:07:06.202930
2019-01-07,0001-01-01,101820,1189,completed,38,2021-06-15 05:07:06.202930
2019-01-07,0001-01-01,101826,1172,completed,38,2021-06-15 05:07:06.202930
2019-01-07,0001-01-01,101826,1180,completed,38,2021-06-15 05:07:06.202930
2019-01-07,0001-01-01,101826,1189,completed,38,2021-06-15 05:07:06.202930
2019-01-07,0001-01-01,101838,1177,completed,38,2021-06-15 05:07:06.202930
2019-01-07,0001-01-01,101838,1183,completed,38,2021-06-15 05:07:06.202930
2019-01-07,0001-01-01,101838,1190,completed,38,2021-06-15 05:07:06.202930
2019-01-07,0001-01-01,101840,1378,completed,38,2021-06-15 05:07:06.202930
2019-01-07,0001-01-01,101840,1382,completed,38,2021-06-15 05:07:06.202930
2019-01-07,0001-01-01,101840,1179,completed,38,2021-06-15 05:07:06.202930
2019-01-07,0001-01-01,101852,1172,completed,38,2021-06-15 05:07:06.202930
2019-01-07,0001-01-01,101862,1179,completed,38,2021-06-15 05:07:06.202930
2019-01-07,0001-01-01,101868,1171,completed,38,2021-06-15 05:07:06.202930
2019-01-07,0001-01-01,101868,1172,completed,38,2021-06-15 05:07:06.202930
2019-01-07,0001-01-01,101868,1175,completed,38,2021-06-15 05:07:06.202930
2019-01-07,0001-01-01,101868,1180,completed,38,2021-06-15 05:07:06.202930
2019-01-07,0001-01-01,101873,1383,completed,38,2021-06-15 05:07:06.202930
2019-01-07,0001-01-01,101873,1165,completed,38,2021-06-15 05:07:06.202930
2019-01-07,0001-01-01,101873,1176,completed,38,2021-06-15 05:07:06.202930
2019-01-07,0001-01-01,101891,1371,completed,38,2021-06-15 05:07:06.202930
2019-01-07,0001-01-01,101891,1373,completed,38,2021-06-15 05:07:06.202930
2019-01-07,0001-01-01,101891,1382,completed,38,2021-06-15 05:07:06.202930
2019-01-07,0001-01-01,101891,1383,completed,38,2021-06-15 05:07:06.202930
2019-01-07,0001-01-01,101898,1313,completed,38,2021-06-15 05:07:06.202930
2019-01-07,0001-01-01,101898,1143,completed,38,2021-06-15 05:07:06.202930
2019-01-07,0001-01-01,101916,1382,completed,38,2021-06-15 05:07:06.202930
2019-01-07,0001-01-01,101916,1187,completed,38,2021-06-15 05:07:06.202930
2019-01-07,0001-01-01,101919,1166,completed,38,2021-06-15 05:07:06.202930
2019-01-07,0001-01-01,101919,1171,completed,38,2021-06-15 05:07:06.202930
2019-01-07,0001-01-01,101919,1180,completed,38,2021-06-15 05:07:06.202930
2019-01-07,0001-01-01,101931,1370,completed,38,2021-06-15 05:07:06.202930
2019-01-07,0001-01-01,101931,1371,completed,38,2021-06-15 05:07:06.202930
2019-01-07,0001-01-01,101931,1375,completed,38,2021-06-15 05:07:06.202930
2019-01-07,0001-01-01,101931,1377,completed,38,2021-06-15 05:07:06.202930
2019-01-07,0001-01-01,101941,1170,completed,38,2021-06-15 05:07:06.202930
2019-01-07,0001-01-01,101963,1379,completed,38,2021-06-15 05:07:06.202930
2019-01-07,0001-01-01,101963,1161,completed,38,2021-06-15 05:07:06.202930
2019-01-07,0001-01-01,101974,1167,completed,38,2021-06-15 05:07:06.202930
2019-01-07,0001-01-01,101974,1168,completed,38,2021-06-15 05:07:06.202930
2019-01-07,0001-01-01,101974,1169,completed,38,2021-06-15 05:07:06.202930
2019-01-07,0001-01-01,101974,1179,completed,38,2021-06-15 05:07:06.202930
2019-01-07,0001-01-01,101974,1183,completed,38,2021-06-15 05:07:06.202930
2019-01-07,0001-01-01,101994,1176,completed,38,2021-06-15 05:07:06.202930
2019-01-07,0001-01-01,101994,1179,completed,38,2021-06-15 05:07:06.202930
2019-01-07,0001-01-01,101994,1183,completed,38,2021-06-15 05:07:06.202930
2019-01-07,0001-01-01,101994,1189,completed,38,2021-06-15 05:07:06.202930
2019-01-07,0001-01-01,101999,1162,completed,38,2021-06-15 05:07:06.202930
2019-01-07,0001-01-01,101999,1166,completed,38,2021-06-15 05:07:06.202930
2019-08-05,0001-01-01,105011,1090,completed,39,2021-06-15 05:42:31.036527
2019-08-05,0001-01-01,105011,1091,completed,39,2021-06-15 05:42:31.036527
2019-08-05,0001-01-01,105011,1094,completed,39,2021-06-15 05:42:31.036527
2019-08-05,0001-01-01,105014,1274,completed,39,2021-06-15 05:42:31.036527
2019-08-05,0001-01-01,105014,1275,completed,39,2021-06-15 05:42:31.036527
2019-08-05,0001-01-01,105014,1281,completed,39,2021-06-15 05:42:31.036527
2019-08-05,0001-01-01,105050,1090,completed,39,2021-06-15 05:42:31.036527
2019-08-05,0001-01-01,105050,1242,completed,39,2021-06-15 05:42:31.036527
2019-08-05,0001-01-01,105050,1091,completed,39,2021-06-15 05:42:31.036527
2019-08-05,0001-01-01,105051,1389,completed,39,2021-06-15 05:42:31.036527
2019-08-05,0001-01-01,105051,1402,completed,39,2021-06-15 05:42:31.036527
2019-08-05,0001-01-01,105051,1395,completed,39,2021-06-15 05:42:31.036527
2019-08-05,0001-01-01,105054,1090,completed,39,2021-06-15 05:42:31.036527
2019-08-05,0001-01-01,105054,1242,completed,39,2021-06-15 05:42:31.036527
2019-08-05,0001-01-01,105064,1194,completed,39,2021-06-15 05:42:31.036527
2019-08-05,0001-01-01,105064,1200,completed,39,2021-06-15 05:42:31.036527
2019-08-05,0001-01-01,105065,1094,completed,39,2021-06-15 05:42:31.036527
2019-08-05,0001-01-01,105065,1316,completed,39,2021-06-15 05:42:31.036527
2019-08-05,0001-01-01,105065,1321,completed,39,2021-06-15 05:42:31.036527
2019-08-05,0001-01-01,105078,1314,completed,39,2021-06-15 05:42:31.036527
2019-08-05,0001-01-01,105078,1315,completed,39,2021-06-15 05:42:31.036527
2019-08-05,0001-01-01,105078,1322,completed,39,2021-06-15 05:42:31.036527
2019-08-05,0001-01-01,105097,1388,completed,39,2021-06-15 05:42:31.036527
2019-08-05,0001-01-01,105097,1389,completed,39,2021-06-15 05:42:31.036527
2019-08-05,0001-01-01,105097,1390,completed,39,2021-06-15 05:42:31.036527
2019-08-05,0001-01-01,105097,1395,completed,39,2021-06-15 05:42:31.036527
2019-08-05,0001-01-01,105104,1274,completed,39,2021-06-15 05:42:31.036527
2019-08-05,0001-01-01,105104,1275,completed,39,2021-06-15 05:42:31.036527
2019-08-05,0001-01-01,105104,1093,completed,39,2021-06-15 05:42:31.036527
2019-08-05,0001-01-01,105104,1277,completed,39,2021-06-15 05:42:31.036527
2019-08-05,0001-01-01,105109,1315,completed,39,2021-06-15 05:42:31.036527
2019-08-05,0001-01-01,105109,1316,completed,39,2021-06-15 05:42:31.036527
2019-08-05,0001-01-01,105109,1322,completed,39,2021-06-15 05:42:31.036527
2019-08-05,0001-01-01,105111,1389,completed,39,2021-06-15 05:42:31.036527
2019-08-05,0001-01-01,105111,1395,completed,39,2021-06-15 05:42:31.036527
2019-08-05,0001-01-01,105111,1206,completed,39,2021-06-15 05:42:31.036527
2019-08-05,0001-01-01,105111,1391,completed,39,2021-06-15 05:42:31.036527
2019-08-05,0001-01-01,105127,1274,completed,39,2021-06-15 05:42:31.036527
2019-08-05,0001-01-01,105127,1275,completed,39,2021-06-15 05:42:31.036527
2019-08-05,0001-01-01,105127,1281,completed,39,2021-06-15 05:42:31.036527
2019-08-05,0001-01-01,105131,1090,completed,39,2021-06-15 05:42:31.036527
2019-08-05,0001-01-01,105131,1092,completed,39,2021-06-15 05:42:31.036527
2019-08-05,0001-01-01,105131,1192,completed,39,2021-06-15 05:42:31.036527
2019-08-05,0001-01-01,105131,1091,completed,39,2021-06-15 05:42:31.036527
2019-08-05,0001-01-01,105144,1090,completed,39,2021-06-15 05:42:31.036527
2019-08-05,0001-01-01,105144,1091,completed,39,2021-06-15 05:42:31.036527
2019-08-05,0001-01-01,105157,1395,completed,39,2021-06-15 05:42:31.036527
2019-08-05,0001-01-01,105157,1206,completed,39,2021-06-15 05:42:31.036527
2019-08-05,0001-01-01,105157,1249,completed,39,2021-06-15 05:42:31.036527
2019-08-05,0001-01-01,105179,1256,completed,39,2021-06-15 05:42:31.036527
2019-08-05,0001-01-01,105179,1206,completed,39,2021-06-15 05:42:31.036527
2019-08-05,0001-01-01,105198,1314,completed,39,2021-06-15 05:42:31.036527
2019-08-05,0001-01-01,105198,1207,completed,39,2021-06-15 05:42:31.036527
2019-08-05,0001-01-01,105198,1102,completed,39,2021-06-15 05:42:31.036527
2019-08-05,0001-01-01,105212,1090,completed,39,2021-06-15 05:42:31.036527
2019-08-05,0001-01-01,105212,1091,completed,39,2021-06-15 05:42:31.036527
2019-08-05,0001-01-01,105214,1274,completed,39,2021-06-15 05:42:31.036527
2019-08-05,0001-01-01,105214,1275,completed,39,2021-06-15 05:42:31.036527
2019-08-05,0001-01-01,105214,1199,completed,39,2021-06-15 05:42:31.036527
2019-08-05,0001-01-01,105226,1090,completed,39,2021-06-15 05:42:31.036527
2019-08-05,0001-01-01,105226,1091,completed,39,2021-06-15 05:42:31.036527
2019-08-05,0001-01-01,105236,1274,completed,39,2021-06-15 05:42:31.036527
2019-08-05,0001-01-01,105236,1275,completed,39,2021-06-15 05:42:31.036527
2019-08-05,0001-01-01,105236,1289,completed,39,2021-06-15 05:42:31.036527
2019-08-05,0001-01-01,105257,1275,completed,39,2021-06-15 05:42:31.036527
2019-08-05,0001-01-01,105257,1277,completed,39,2021-06-15 05:42:31.036527
2019-08-05,0001-01-01,105257,1289,completed,39,2021-06-15 05:42:31.036527
2019-08-05,0001-01-01,105266,1388,completed,39,2021-06-15 05:42:31.036527
2019-08-05,0001-01-01,105266,1389,completed,39,2021-06-15 05:42:31.036527
2019-08-05,0001-01-01,105266,1390,completed,39,2021-06-15 05:42:31.036527
2019-08-05,0001-01-01,105267,1274,completed,39,2021-06-15 05:42:31.036527
2019-08-05,0001-01-01,105267,1389,completed,39,2021-06-15 05:42:31.036527
2019-08-05,0001-01-01,105267,1275,completed,39,2021-06-15 05:42:31.036527
2019-08-05,0001-01-01,105288,1090,completed,39,2021-06-15 05:42:31.036527
2019-08-05,0001-01-01,105288,1091,completed,39,2021-06-15 05:42:31.036527
2019-08-05,0001-01-01,105302,1274,completed,39,2021-06-15 05:42:31.036527
2019-08-05,0001-01-01,105302,1194,completed,39,2021-06-15 05:42:31.036527
2019-08-05,0001-01-01,105302,1206,completed,39,2021-06-15 05:42:31.036527
2019-08-05,0001-01-01,105307,1090,completed,39,2021-06-15 05:42:31.036527
2019-08-05,0001-01-01,105307,1242,completed,39,2021-06-15 05:42:31.036527
2019-08-05,0001-01-01,105307,1091,completed,39,2021-06-15 05:42:31.036527
2019-08-05,0001-01-01,105309,1090,completed,39,2021-06-15 05:42:31.036527
2019-08-05,0001-01-01,105309,1091,completed,39,2021-06-15 05:42:31.036527
2019-08-05,0001-01-01,105313,1274,completed,39,2021-06-15 05:42:31.036527
2019-08-05,0001-01-01,105313,1275,completed,39,2021-06-15 05:42:31.036527
2019-08-05,0001-01-01,105315,1314,completed,39,2021-06-15 05:42:31.036527
2019-08-05,0001-01-01,105315,1315,completed,39,2021-06-15 05:42:31.036527
2019-08-05,0001-01-01,105315,1328,completed,39,2021-06-15 05:42:31.036527
2019-08-05,0001-01-01,105315,1321,completed,39,2021-06-15 05:42:31.036527
2019-08-05,0001-01-01,105317,1314,completed,39,2021-06-15 05:42:31.036527
2019-08-05,0001-01-01,105317,1315,completed,39,2021-06-15 05:42:31.036527
2019-08-05,0001-01-01,105317,1243,completed,39,2021-06-15 05:42:31.036527
2019-08-05,0001-01-01,105351,1388,completed,39,2021-06-15 05:42:31.036527
2019-08-05,0001-01-01,105351,1389,completed,39,2021-06-15 05:42:31.036527
2019-08-05,0001-01-01,105351,1402,completed,39,2021-06-15 05:42:31.036527
2019-08-05,0001-01-01,105368,1388,completed,39,2021-06-15 05:42:31.036527
2019-08-05,0001-01-01,105368,1322,completed,39,2021-06-15 05:42:31.036527
2019-08-05,0001-01-01,105368,1330,completed,39,2021-06-15 05:42:31.036527
2019-08-05,0001-01-01,105371,1388,completed,39,2021-06-15 05:42:31.036527
2019-08-05,0001-01-01,105371,1192,completed,39,2021-06-15 05:42:31.036527
2019-08-05,0001-01-01,105371,1389,completed,39,2021-06-15 05:42:31.036527
2019-08-05,0001-01-01,105387,1314,completed,39,2021-06-15 05:42:31.036527
2019-08-05,0001-01-01,105387,1315,completed,39,2021-06-15 05:42:31.036527
2019-08-05,0001-01-01,105387,1316,completed,39,2021-06-15 05:42:31.036527
2019-08-05,0001-01-01,105387,1328,completed,39,2021-06-15 05:42:31.036527
2019-08-05,0001-01-01,105388,1094,completed,39,2021-06-15 05:42:31.036527
2019-08-05,0001-01-01,105388,1249,completed,39,2021-06-15 05:42:31.036527
2019-08-05,0001-01-01,105388,1277,completed,39,2021-06-15 05:42:31.036527
2019-08-05,0001-01-01,105411,1388,completed,39,2021-06-15 05:42:31.036527
2019-08-05,0001-01-01,105411,1389,completed,39,2021-06-15 05:42:31.036527
2019-08-05,0001-01-01,105411,1395,completed,39,2021-06-15 05:42:31.036527
2019-08-05,0001-01-01,105411,1391,completed,39,2021-06-15 05:42:31.036527
2019-08-05,0001-01-01,105418,1242,completed,39,2021-06-15 05:42:31.036527
2019-08-05,0001-01-01,105418,1389,completed,39,2021-06-15 05:42:31.036527
2019-08-05,0001-01-01,105418,1248,completed,39,2021-06-15 05:42:31.036527
2019-08-05,0001-01-01,105418,1390,completed,39,2021-06-15 05:42:31.036527
2019-08-05,0001-01-01,105419,1242,completed,39,2021-06-15 05:42:31.036527
2019-08-05,0001-01-01,105419,1093,completed,39,2021-06-15 05:42:31.036527
2019-08-05,0001-01-01,105419,1315,completed,39,2021-06-15 05:42:31.036527
2019-08-05,0001-01-01,105420,1090,completed,39,2021-06-15 05:42:31.036527
2019-08-05,0001-01-01,105420,1091,completed,39,2021-06-15 05:42:31.036527
2019-08-05,0001-01-01,105425,1277,completed,39,2021-06-15 05:42:31.036527
2019-08-05,0001-01-01,105431,1090,completed,39,2021-06-15 05:42:31.036527
2019-08-05,0001-01-01,105431,1314,completed,39,2021-06-15 05:42:31.036527
2019-08-05,0001-01-01,105434,1090,completed,39,2021-06-15 05:42:31.036527
2019-08-05,0001-01-01,105434,1091,completed,39,2021-06-15 05:42:31.036527
2019-08-05,0001-01-01,105453,1092,completed,39,2021-06-15 05:42:31.036527
2019-08-05,0001-01-01,105453,1099,completed,39,2021-06-15 05:42:31.036527
2019-08-05,0001-01-01,105453,1095,completed,39,2021-06-15 05:42:31.036527
2019-08-05,0001-01-01,105473,1242,completed,39,2021-06-15 05:42:31.036527
2019-08-05,0001-01-01,105473,1315,completed,39,2021-06-15 05:42:31.036527
2019-08-05,0001-01-01,105497,1090,completed,39,2021-06-15 05:42:31.036527
2019-08-05,0001-01-01,105497,1091,completed,39,2021-06-15 05:42:31.036527
2019-08-05,0001-01-01,105505,1090,completed,39,2021-06-15 05:42:31.036527
2019-08-05,0001-01-01,105505,1091,completed,39,2021-06-15 05:42:31.036527
2019-08-05,0001-01-01,105522,1274,completed,39,2021-06-15 05:42:31.036527
2019-08-05,0001-01-01,105522,1281,completed,39,2021-06-15 05:42:31.036527
2019-08-05,0001-01-01,105522,1289,completed,39,2021-06-15 05:42:31.036527
2019-08-05,0001-01-01,105522,1282,completed,39,2021-06-15 05:42:31.036527
2019-08-05,0001-01-01,105526,1092,completed,39,2021-06-15 05:42:31.036527
2019-08-05,0001-01-01,105526,1090,completed,39,2021-06-15 05:42:31.036527
2019-08-05,0001-01-01,105526,1091,completed,39,2021-06-15 05:42:31.036527
2019-08-05,0001-01-01,105532,1274,completed,39,2021-06-15 05:42:31.036527
2019-08-05,0001-01-01,105532,1281,completed,39,2021-06-15 05:42:31.036527
2019-08-05,0001-01-01,105532,1277,completed,39,2021-06-15 05:42:31.036527
2019-08-05,0001-01-01,105548,1388,completed,39,2021-06-15 05:42:31.036527
2019-08-05,0001-01-01,105548,1402,completed,39,2021-06-15 05:42:31.036527
2019-08-05,0001-01-01,105548,1391,completed,39,2021-06-15 05:42:31.036527
2019-08-05,0001-01-01,105554,1389,completed,39,2021-06-15 05:42:31.036527
2019-08-05,0001-01-01,105554,1390,completed,39,2021-06-15 05:42:31.036527
2019-08-05,0001-01-01,105554,1402,completed,39,2021-06-15 05:42:31.036527
2019-08-05,0001-01-01,105554,1194,completed,39,2021-06-15 05:42:31.036527
2019-08-05,0001-01-01,105556,1314,completed,39,2021-06-15 05:42:31.036527
2019-08-05,0001-01-01,105556,1321,completed,39,2021-06-15 05:42:31.036527
2019-08-05,0001-01-01,105563,1090,completed,39,2021-06-15 05:42:31.036527
2019-08-05,0001-01-01,105563,1091,completed,39,2021-06-15 05:42:31.036527
2019-08-05,0001-01-01,105563,1107,completed,39,2021-06-15 05:42:31.036527
2019-08-05,0001-01-01,105564,1274,completed,39,2021-06-15 05:42:31.036527
2019-08-05,0001-01-01,105564,1206,completed,39,2021-06-15 05:42:31.036527
2019-08-05,0001-01-01,105564,1249,completed,39,2021-06-15 05:42:31.036527
2019-08-05,0001-01-01,105584,1093,completed,39,2021-06-15 05:42:31.036527
2019-08-05,0001-01-01,105584,1250,completed,39,2021-06-15 05:42:31.036527
2019-08-05,0001-01-01,105584,1096,completed,39,2021-06-15 05:42:31.036527
2019-08-05,0001-01-01,105584,1197,completed,39,2021-06-15 05:42:31.036527
2019-08-05,0001-01-01,105585,1090,completed,39,2021-06-15 05:42:31.036527
2019-08-05,0001-01-01,105585,1091,completed,39,2021-06-15 05:42:31.036527
2019-08-05,0001-01-01,105587,1389,completed,39,2021-06-15 05:42:31.036527
2019-08-05,0001-01-01,105587,1193,completed,39,2021-06-15 05:42:31.036527
2019-08-05,0001-01-01,105587,1390,completed,39,2021-06-15 05:42:31.036527
2019-08-05,0001-01-01,105587,1402,completed,39,2021-06-15 05:42:31.036527
2019-08-05,0001-01-01,105587,1395,completed,39,2021-06-15 05:42:31.036527
2019-08-05,0001-01-01,105599,1274,completed,39,2021-06-15 05:42:31.036527
2019-08-05,0001-01-01,105599,1402,completed,39,2021-06-15 05:42:31.036527
2019-08-05,0001-01-01,105599,1281,completed,39,2021-06-15 05:42:31.036527
2019-08-05,0001-01-01,105599,1277,completed,39,2021-06-15 05:42:31.036527
2019-08-05,0001-01-01,105600,1090,completed,39,2021-06-15 05:42:31.036527
2019-08-05,0001-01-01,105600,1091,completed,39,2021-06-15 05:42:31.036527
2019-08-05,0001-01-01,105614,1389,completed,39,2021-06-15 05:42:31.036527
2019-08-05,0001-01-01,105614,1390,completed,39,2021-06-15 05:42:31.036527
2019-08-05,0001-01-01,105614,1402,completed,39,2021-06-15 05:42:31.036527
2019-08-05,0001-01-01,105614,1395,completed,39,2021-06-15 05:42:31.036527
2019-08-05,0001-01-01,105618,1090,completed,39,2021-06-15 05:42:31.036527
2019-08-05,0001-01-01,105618,1091,completed,39,2021-06-15 05:42:31.036527
2019-08-05,0001-01-01,105618,1277,completed,39,2021-06-15 05:42:31.036527
2019-08-05,0001-01-01,105621,1315,completed,39,2021-06-15 05:42:31.036527
2019-08-05,0001-01-01,105621,1316,completed,39,2021-06-15 05:42:31.036527
2019-08-05,0001-01-01,105621,1395,completed,39,2021-06-15 05:42:31.036527
2019-08-05,0001-01-01,105621,1321,completed,39,2021-06-15 05:42:31.036527
2019-08-05,0001-01-01,105639,1274,completed,39,2021-06-15 05:42:31.036527
2019-08-05,0001-01-01,105640,1090,completed,39,2021-06-15 05:42:31.036527
2019-08-05,0001-01-01,105640,1314,completed,39,2021-06-15 05:42:31.036527
2019-08-05,0001-01-01,105640,1091,completed,39,2021-06-15 05:42:31.036527
2019-08-05,0001-01-01,105642,1249,completed,39,2021-06-15 05:42:31.036527
2019-08-05,0001-01-01,105651,1093,completed,39,2021-06-15 05:42:31.036527
2019-08-05,0001-01-01,105651,1281,completed,39,2021-06-15 05:42:31.036527
2019-08-05,0001-01-01,105651,1289,completed,39,2021-06-15 05:42:31.036527
2019-08-05,0001-01-01,105651,1107,completed,39,2021-06-15 05:42:31.036527
2019-08-05,0001-01-01,105651,1282,completed,39,2021-06-15 05:42:31.036527
2019-08-05,0001-01-01,105662,1090,completed,39,2021-06-15 05:42:31.036527
2019-08-05,0001-01-01,105662,1091,completed,39,2021-06-15 05:42:31.036527
2019-08-05,0001-01-01,105666,1248,completed,39,2021-06-15 05:42:31.036527
2019-08-05,0001-01-01,105666,1328,completed,39,2021-06-15 05:42:31.036527
2019-08-05,0001-01-01,105666,1206,completed,39,2021-06-15 05:42:31.036527
2019-08-05,0001-01-01,105666,1095,completed,39,2021-06-15 05:42:31.036527
2019-08-05,0001-01-01,105681,1256,completed,39,2021-06-15 05:42:31.036527
2019-08-05,0001-01-01,105681,1101,completed,39,2021-06-15 05:42:31.036527
2019-08-05,0001-01-01,105691,1090,completed,39,2021-06-15 05:42:31.036527
2019-08-05,0001-01-01,105691,1091,completed,39,2021-06-15 05:42:31.036527
2019-08-05,0001-01-01,105730,1094,completed,39,2021-06-15 05:42:31.036527
2019-08-05,0001-01-01,105730,1194,completed,39,2021-06-15 05:42:31.036527
2019-08-05,0001-01-01,105730,1099,completed,39,2021-06-15 05:42:31.036527
2019-08-05,0001-01-01,105730,1256,completed,39,2021-06-15 05:42:31.036527
2019-08-05,0001-01-01,105730,1391,completed,39,2021-06-15 05:42:31.036527
2019-08-05,0001-01-01,105752,1321,completed,39,2021-06-15 05:42:31.036527
2019-08-05,0001-01-01,105752,1330,completed,39,2021-06-15 05:42:31.036527
2019-08-05,0001-01-01,105757,1275,completed,39,2021-06-15 05:42:31.036527
2019-08-05,0001-01-01,105757,1281,completed,39,2021-06-15 05:42:31.036527
2019-08-05,0001-01-01,105757,1277,completed,39,2021-06-15 05:42:31.036527
2019-08-05,0001-01-01,105757,1282,completed,39,2021-06-15 05:42:31.036527
2019-08-05,0001-01-01,105762,1090,completed,39,2021-06-15 05:42:31.036527
2019-08-05,0001-01-01,105762,1093,completed,39,2021-06-15 05:42:31.036527
2019-08-05,0001-01-01,105762,1091,completed,39,2021-06-15 05:42:31.036527
2019-08-05,0001-01-01,105778,1192,completed,39,2021-06-15 05:42:31.036527
2019-08-05,0001-01-01,105778,1093,completed,39,2021-06-15 05:42:31.036527
2019-08-05,0001-01-01,105778,1094,completed,39,2021-06-15 05:42:31.036527
2019-08-05,0001-01-01,105781,1315,completed,39,2021-06-15 05:42:31.036527
2019-08-05,0001-01-01,105781,1321,completed,39,2021-06-15 05:42:31.036527
2019-08-05,0001-01-01,105787,1275,completed,39,2021-06-15 05:42:31.036527
2019-08-05,0001-01-01,105787,1091,completed,39,2021-06-15 05:42:31.036527
2019-08-05,0001-01-01,105805,1316,completed,39,2021-06-15 05:42:31.036527
2019-08-05,0001-01-01,105805,1328,completed,39,2021-06-15 05:42:31.036527
2019-08-05,0001-01-01,105805,1329,completed,39,2021-06-15 05:42:31.036527
2019-08-05,0001-01-01,105824,1090,completed,39,2021-06-15 05:42:31.036527
2019-08-05,0001-01-01,105824,1389,completed,39,2021-06-15 05:42:31.036527
2019-08-05,0001-01-01,105824,1390,completed,39,2021-06-15 05:42:31.036527
2019-08-05,0001-01-01,105824,1402,completed,39,2021-06-15 05:42:31.036527
2019-08-05,0001-01-01,105850,1274,completed,39,2021-06-15 05:42:31.036527
2019-08-05,0001-01-01,105850,1277,completed,39,2021-06-15 05:42:31.036527
2019-08-05,0001-01-01,105867,1193,completed,39,2021-06-15 05:42:31.036527
2019-08-05,0001-01-01,105867,1390,completed,39,2021-06-15 05:42:31.036527
2019-08-05,0001-01-01,105867,1402,completed,39,2021-06-15 05:42:31.036527
2019-08-05,0001-01-01,105867,1281,completed,39,2021-06-15 05:42:31.036527
2019-08-05,0001-01-01,105869,1389,completed,39,2021-06-15 05:42:31.036527
2019-08-05,0001-01-01,105869,1390,completed,39,2021-06-15 05:42:31.036527
2019-08-05,0001-01-01,105872,1316,completed,39,2021-06-15 05:42:31.036527
2019-08-05,0001-01-01,105872,1322,completed,39,2021-06-15 05:42:31.036527
2019-08-05,0001-01-01,105895,1275,completed,39,2021-06-15 05:42:31.036527
2019-08-05,0001-01-01,105895,1281,completed,39,2021-06-15 05:42:31.036527
2019-08-05,0001-01-01,105895,1199,completed,39,2021-06-15 05:42:31.036527
2019-08-05,0001-01-01,105895,1277,completed,39,2021-06-15 05:42:31.036527
2019-08-05,0001-01-01,105906,1274,completed,39,2021-06-15 05:42:31.036527
2019-08-05,0001-01-01,105906,1275,completed,39,2021-06-15 05:42:31.036527
2019-08-05,0001-01-01,105906,1281,completed,39,2021-06-15 05:42:31.036527
2019-08-05,0001-01-01,105925,1242,completed,39,2021-06-15 05:42:31.036527
2019-08-05,0001-01-01,105925,1192,completed,39,2021-06-15 05:42:31.036527
2019-08-05,0001-01-01,105927,1275,completed,39,2021-06-15 05:42:31.036527
2019-08-05,0001-01-01,105927,1277,completed,39,2021-06-15 05:42:31.036527
2019-08-05,0001-01-01,105944,1242,completed,39,2021-06-15 05:42:31.036527
2019-08-05,0001-01-01,105946,1388,completed,39,2021-06-15 05:42:31.036527
2019-08-05,0001-01-01,105946,1389,completed,39,2021-06-15 05:42:31.036527
2019-08-05,0001-01-01,105946,1390,completed,39,2021-06-15 05:42:31.036527
2019-08-05,0001-01-01,105946,1402,completed,39,2021-06-15 05:42:31.036527
2019-08-05,0001-01-01,105950,1090,completed,39,2021-06-15 05:42:31.036527
2019-08-05,0001-01-01,105950,1091,completed,39,2021-06-15 05:42:31.036527
2019-08-05,0001-01-01,105951,1192,completed,39,2021-06-15 05:42:31.036527
2019-08-05,0001-01-01,105951,1243,completed,39,2021-06-15 05:42:31.036527
2019-08-05,0001-01-01,105965,1250,completed,39,2021-06-15 05:42:31.036527
2019-08-05,0001-01-01,105965,1200,completed,39,2021-06-15 05:42:31.036527
2019-08-05,0001-01-01,105967,1206,completed,39,2021-06-15 05:42:31.036527
2019-08-05,0001-01-01,105967,1245,completed,39,2021-06-15 05:42:31.036527
2019-08-05,0001-01-01,105972,1274,completed,39,2021-06-15 05:42:31.036527
2019-08-05,0001-01-01,105972,1275,completed,39,2021-06-15 05:42:31.036527
2019-08-05,0001-01-01,105972,1281,completed,39,2021-06-15 05:42:31.036527
2019-08-05,0001-01-01,105972,1277,completed,39,2021-06-15 05:42:31.036527
2019-08-05,0001-01-01,105974,1314,completed,39,2021-06-15 05:42:31.036527
2019-08-05,0001-01-01,105974,1315,completed,39,2021-06-15 05:42:31.036527
2019-08-05,0001-01-01,105974,1316,completed,39,2021-06-15 05:42:31.036527
2019-08-05,0001-01-01,105974,1321,completed,39,2021-06-15 05:42:31.036527
2019-08-05,0001-01-01,105989,1274,completed,39,2021-06-15 05:42:31.036527
2019-08-05,0001-01-01,105989,1275,completed,39,2021-06-15 05:42:31.036527
2019-08-05,0001-01-01,105989,1194,completed,39,2021-06-15 05:42:31.036527
2019-08-05,0001-01-01,105989,1281,completed,39,2021-06-15 05:42:31.036527
2019-08-05,0001-01-01,105993,1193,completed,39,2021-06-15 05:42:31.036527
2019-08-05,0001-01-01,105993,1248,completed,39,2021-06-15 05:42:31.036527
2019-08-05,0001-01-01,105993,1207,completed,39,2021-06-15 05:42:31.036527
2019-08-05,0001-01-01,105999,1388,completed,39,2021-06-15 05:42:31.036527
2019-08-05,0001-01-01,105999,1321,completed,39,2021-06-15 05:42:31.036527
2019-08-05,0001-01-01,105999,1391,completed,39,2021-06-15 05:42:31.036527
2019-08-05,0001-01-01,105999,1403,completed,39,2021-06-15 05:42:31.036527
2019-08-05,0001-01-01,104019,1103,completed,39,2021-06-15 05:42:31.036527
2019-08-05,0001-01-01,104020,1405,completed,39,2021-06-15 05:42:31.036527
2019-08-05,0001-01-01,104020,1398,completed,39,2021-06-15 05:42:31.036527
2019-08-05,0001-01-01,104020,1394,completed,39,2021-06-15 05:42:31.036527
2019-08-05,0001-01-01,104046,1325,completed,39,2021-06-15 05:42:31.036527
2019-08-05,0001-01-01,104046,1326,completed,39,2021-06-15 05:42:31.036527
2019-08-05,0001-01-01,104046,1327,completed,39,2021-06-15 05:42:31.036527
2019-08-05,0001-01-01,104046,1336,completed,39,2021-06-15 05:42:31.036527
2019-08-05,0001-01-01,104057,1334,completed,39,2021-06-15 05:42:31.036527
2019-08-05,0001-01-01,104057,1335,completed,39,2021-06-15 05:42:31.036527
2019-08-05,0001-01-01,104057,1336,completed,39,2021-06-15 05:42:31.036527
2019-08-05,0001-01-01,104057,1341,completed,39,2021-06-15 05:42:31.036527
2019-08-05,0001-01-01,104066,1325,completed,39,2021-06-15 05:42:31.036527
2019-08-05,0001-01-01,104066,1334,completed,39,2021-06-15 05:42:31.036527
2019-08-05,0001-01-01,104066,1287,completed,39,2021-06-15 05:42:31.036527
2019-08-05,0001-01-01,104066,1262,completed,39,2021-06-15 05:42:31.036527
2019-08-05,0001-01-01,104066,1336,completed,39,2021-06-15 05:42:31.036527
2019-08-05,0001-01-01,104070,1405,completed,39,2021-06-15 05:42:31.036527
2019-08-05,0001-01-01,104070,1098,completed,39,2021-06-15 05:42:31.036527
2019-08-05,0001-01-01,104070,1326,completed,39,2021-06-15 05:42:31.036527
2019-08-05,0001-01-01,104094,1280,completed,39,2021-06-15 05:42:31.036527
2019-08-05,0001-01-01,104094,1285,completed,39,2021-06-15 05:42:31.036527
2019-08-05,0001-01-01,104094,1210,completed,39,2021-06-15 05:42:31.036527
2019-08-05,0001-01-01,104094,1286,completed,39,2021-06-15 05:42:31.036527
2019-08-05,0001-01-01,104109,1280,completed,39,2021-06-15 05:42:31.036527
2019-08-05,0001-01-01,104109,1292,completed,39,2021-06-15 05:42:31.036527
2019-08-05,0001-01-01,104109,1285,completed,39,2021-06-15 05:42:31.036527
2019-08-05,0001-01-01,104109,1293,completed,39,2021-06-15 05:42:31.036527
2019-08-05,0001-01-01,104121,1280,completed,39,2021-06-15 05:42:31.036527
2019-08-05,0001-01-01,104121,1260,completed,39,2021-06-15 05:42:31.036527
2019-08-05,0001-01-01,104121,1286,completed,39,2021-06-15 05:42:31.036527
2019-08-05,0001-01-01,104121,1294,completed,39,2021-06-15 05:42:31.036527
2019-08-05,0001-01-01,104161,1399,completed,39,2021-06-15 05:42:31.036527
2019-08-05,0001-01-01,104161,1205,completed,39,2021-06-15 05:42:31.036527
2019-08-05,0001-01-01,104161,1213,completed,39,2021-06-15 05:42:31.036527
2019-08-05,0001-01-01,104167,1291,completed,39,2021-06-15 05:42:31.036527
2019-08-05,0001-01-01,104167,1398,completed,39,2021-06-15 05:42:31.036527
2019-08-05,0001-01-01,104167,1280,completed,39,2021-06-15 05:42:31.036527
2019-08-05,0001-01-01,104176,1284,completed,39,2021-06-15 05:42:31.036527
2019-08-05,0001-01-01,104176,1280,completed,39,2021-06-15 05:42:31.036527
2019-08-05,0001-01-01,104176,1292,completed,39,2021-06-15 05:42:31.036527
2019-08-05,0001-01-01,104176,1285,completed,39,2021-06-15 05:42:31.036527
2019-08-05,0001-01-01,104176,1293,completed,39,2021-06-15 05:42:31.036527
2019-08-05,0001-01-01,104189,1326,completed,39,2021-06-15 05:42:31.036527
2019-08-05,0001-01-01,104189,1341,completed,39,2021-06-15 05:42:31.036527
2019-08-05,0001-01-01,104189,1344,completed,39,2021-06-15 05:42:31.036527
2019-08-05,0001-01-01,104189,1345,completed,39,2021-06-15 05:42:31.036527
2019-08-05,0001-01-01,104197,1214,completed,39,2021-06-15 05:42:31.036527
2019-08-05,0001-01-01,104197,1120,completed,39,2021-06-15 05:42:31.036527
2019-08-05,0001-01-01,104197,1220,completed,39,2021-06-15 05:42:31.036527
2019-08-05,0001-01-01,104206,1323,completed,39,2021-06-15 05:42:31.036527
2019-08-05,0001-01-01,104206,1331,completed,39,2021-06-15 05:42:31.036527
2019-08-05,0001-01-01,104206,1325,completed,39,2021-06-15 05:42:31.036527
2019-08-05,0001-01-01,104231,1261,completed,39,2021-06-15 05:42:31.036527
2019-08-05,0001-01-01,104245,1285,completed,39,2021-06-15 05:42:31.036527
2019-08-05,0001-01-01,104245,1104,completed,39,2021-06-15 05:42:31.036527
2019-08-05,0001-01-01,104245,1267,completed,39,2021-06-15 05:42:31.036527
2019-08-05,0001-01-01,104257,1210,completed,39,2021-06-15 05:42:31.036527
2019-08-05,0001-01-01,104270,1392,completed,39,2021-06-15 05:42:31.036527
2019-08-05,0001-01-01,104270,1404,completed,39,2021-06-15 05:42:31.036527
2019-08-05,0001-01-01,104270,1393,completed,39,2021-06-15 05:42:31.036527
2019-08-05,0001-01-01,104278,1208,completed,39,2021-06-15 05:42:31.036527
2019-08-05,0001-01-01,104278,1247,completed,39,2021-06-15 05:42:31.036527
2019-08-05,0001-01-01,104278,1197,completed,39,2021-06-15 05:42:31.036527
2019-08-05,0001-01-01,104278,1259,completed,39,2021-06-15 05:42:31.036527
2019-08-05,0001-01-01,104297,1290,completed,39,2021-06-15 05:42:31.036527
2019-08-05,0001-01-01,104297,1283,completed,39,2021-06-15 05:42:31.036527
2019-08-05,0001-01-01,104297,1279,completed,39,2021-06-15 05:42:31.036527
2019-08-05,0001-01-01,104297,1291,completed,39,2021-06-15 05:42:31.036527
2019-08-05,0001-01-01,104297,1280,completed,39,2021-06-15 05:42:31.036527
2019-08-05,0001-01-01,104299,1404,completed,39,2021-06-15 05:42:31.036527
2019-08-05,0001-01-01,104299,1393,completed,39,2021-06-15 05:42:31.036527
2019-08-05,0001-01-01,104299,1405,completed,39,2021-06-15 05:42:31.036527
2019-08-05,0001-01-01,104299,1252,completed,39,2021-06-15 05:42:31.036527
2019-08-05,0001-01-01,104299,1399,completed,39,2021-06-15 05:42:31.036527
2019-08-05,0001-01-01,104319,1210,completed,39,2021-06-15 05:42:31.036527
2019-08-05,0001-01-01,104319,1112,completed,39,2021-06-15 05:42:31.036527
2019-08-05,0001-01-01,104319,1214,completed,39,2021-06-15 05:42:31.036527
2019-08-05,0001-01-01,104319,1266,completed,39,2021-06-15 05:42:31.036527
2019-08-05,0001-01-01,104319,1120,completed,39,2021-06-15 05:42:31.036527
2019-08-05,0001-01-01,104331,1403,completed,39,2021-06-15 05:42:31.036527
2019-08-05,0001-01-01,104331,1396,completed,39,2021-06-15 05:42:31.036527
2019-08-05,0001-01-01,104346,1398,completed,39,2021-06-15 05:42:31.036527
2019-08-05,0001-01-01,104346,1394,completed,39,2021-06-15 05:42:31.036527
2019-08-05,0001-01-01,104346,1406,completed,39,2021-06-15 05:42:31.036527
2019-08-05,0001-01-01,104362,1392,completed,39,2021-06-15 05:42:31.036527
2019-08-05,0001-01-01,104362,1404,completed,39,2021-06-15 05:42:31.036527
2019-08-05,0001-01-01,104362,1393,completed,39,2021-06-15 05:42:31.036527
2019-08-05,0001-01-01,104387,1393,completed,39,2021-06-15 05:42:31.036527
2019-08-05,0001-01-01,104387,1405,completed,39,2021-06-15 05:42:31.036527
2019-08-05,0001-01-01,104387,1398,completed,39,2021-06-15 05:42:31.036527
2019-08-05,0001-01-01,104393,1284,completed,39,2021-06-15 05:42:31.036527
2019-08-05,0001-01-01,104393,1292,completed,39,2021-06-15 05:42:31.036527
2019-08-05,0001-01-01,104393,1293,completed,39,2021-06-15 05:42:31.036527
2019-08-05,0001-01-01,104409,1404,completed,39,2021-06-15 05:42:31.036527
2019-08-05,0001-01-01,104409,1393,completed,39,2021-06-15 05:42:31.036527
2019-08-05,0001-01-01,104423,1292,completed,39,2021-06-15 05:42:31.036527
2019-08-05,0001-01-01,104423,1406,completed,39,2021-06-15 05:42:31.036527
2019-08-05,0001-01-01,104423,1285,completed,39,2021-06-15 05:42:31.036527
2019-08-05,0001-01-01,104423,1286,completed,39,2021-06-15 05:42:31.036527
2019-08-05,0001-01-01,104425,1262,completed,39,2021-06-15 05:42:31.036527
2019-08-05,0001-01-01,104434,1393,completed,39,2021-06-15 05:42:31.036527
2019-08-05,0001-01-01,104434,1405,completed,39,2021-06-15 05:42:31.036527
2019-08-05,0001-01-01,104434,1398,completed,39,2021-06-15 05:42:31.036527
2019-08-05,0001-01-01,104436,1333,completed,39,2021-06-15 05:42:31.036527
2019-08-05,0001-01-01,104436,1261,completed,39,2021-06-15 05:42:31.036527
2019-08-05,0001-01-01,104442,1283,completed,39,2021-06-15 05:42:31.036527
2019-08-05,0001-01-01,104442,1279,completed,39,2021-06-15 05:42:31.036527
2019-08-05,0001-01-01,104442,1291,completed,39,2021-06-15 05:42:31.036527
2019-08-05,0001-01-01,104442,1284,completed,39,2021-06-15 05:42:31.036527
2019-08-05,0001-01-01,104446,1332,completed,39,2021-06-15 05:42:31.036527
2019-08-05,0001-01-01,104446,1325,completed,39,2021-06-15 05:42:31.036527
2019-08-05,0001-01-01,104446,1326,completed,39,2021-06-15 05:42:31.036527
2019-08-05,0001-01-01,104446,1327,completed,39,2021-06-15 05:42:31.036527
2019-08-05,0001-01-01,104449,1283,completed,39,2021-06-15 05:42:31.036527
2019-08-05,0001-01-01,104449,1291,completed,39,2021-06-15 05:42:31.036527
2019-08-05,0001-01-01,104449,1284,completed,39,2021-06-15 05:42:31.036527
2019-08-05,0001-01-01,104449,1280,completed,39,2021-06-15 05:42:31.036527
2019-08-05,0001-01-01,104453,1291,completed,39,2021-06-15 05:42:31.036527
2019-08-05,0001-01-01,104453,1284,completed,39,2021-06-15 05:42:31.036527
2019-08-05,0001-01-01,104453,1285,completed,39,2021-06-15 05:42:31.036527
2019-08-05,0001-01-01,104468,1258,completed,39,2021-06-15 05:42:31.036527
2019-08-05,0001-01-01,104468,1247,completed,39,2021-06-15 05:42:31.036527
2019-08-05,0001-01-01,104483,1333,completed,39,2021-06-15 05:42:31.036527
2019-08-05,0001-01-01,104483,1326,completed,39,2021-06-15 05:42:31.036527
2019-08-05,0001-01-01,104483,1327,completed,39,2021-06-15 05:42:31.036527
2019-08-05,0001-01-01,104484,1404,completed,39,2021-06-15 05:42:31.036527
2019-08-05,0001-01-01,104484,1393,completed,39,2021-06-15 05:42:31.036527
2019-08-05,0001-01-01,104484,1405,completed,39,2021-06-15 05:42:31.036527
2019-08-05,0001-01-01,104488,1320,completed,39,2021-06-15 05:42:31.036527
2019-08-05,0001-01-01,104488,1341,completed,39,2021-06-15 05:42:31.036527
2019-08-05,0001-01-01,104488,1418,completed,39,2021-06-15 05:42:31.036527
2019-08-05,0001-01-01,104491,1291,completed,39,2021-06-15 05:42:31.036527
2019-08-05,0001-01-01,104491,1284,completed,39,2021-06-15 05:42:31.036527
2019-08-05,0001-01-01,104491,1280,completed,39,2021-06-15 05:42:31.036527
2019-08-05,0001-01-01,104495,1405,completed,39,2021-06-15 05:42:31.036527
2019-08-05,0001-01-01,104495,1252,completed,39,2021-06-15 05:42:31.036527
2019-08-05,0001-01-01,104495,1394,completed,39,2021-06-15 05:42:31.036527
2019-08-05,0001-01-01,104495,1406,completed,39,2021-06-15 05:42:31.036527
2019-08-05,0001-01-01,104498,1327,completed,39,2021-06-15 05:42:31.036527
2019-08-05,0001-01-01,104498,1335,completed,39,2021-06-15 05:42:31.036527
2019-08-05,0001-01-01,104498,1263,completed,39,2021-06-15 05:42:31.036527
2019-08-05,0001-01-01,104507,1393,completed,39,2021-06-15 05:42:31.036527
2019-08-05,0001-01-01,104507,1405,completed,39,2021-06-15 05:42:31.036527
2019-08-05,0001-01-01,104507,1398,completed,39,2021-06-15 05:42:31.036527
2019-08-05,0001-01-01,104507,1394,completed,39,2021-06-15 05:42:31.036527
2019-08-05,0001-01-01,104515,1290,completed,39,2021-06-15 05:42:31.036527
2019-08-05,0001-01-01,104515,1283,completed,39,2021-06-15 05:42:31.036527
2019-08-05,0001-01-01,104515,1279,completed,39,2021-06-15 05:42:31.036527
2019-08-05,0001-01-01,104515,1291,completed,39,2021-06-15 05:42:31.036527
2019-08-05,0001-01-01,104517,1325,completed,39,2021-06-15 05:42:31.036527
2019-08-05,0001-01-01,104517,1333,completed,39,2021-06-15 05:42:31.036527
2019-08-05,0001-01-01,104517,1326,completed,39,2021-06-15 05:42:31.036527
2019-08-05,0001-01-01,104517,1327,completed,39,2021-06-15 05:42:31.036527
2019-08-05,0001-01-01,104517,1336,completed,39,2021-06-15 05:42:31.036527
2019-08-05,0001-01-01,104527,1333,completed,39,2021-06-15 05:42:31.036527
2019-08-05,0001-01-01,104527,1336,completed,39,2021-06-15 05:42:31.036527
2019-08-05,0001-01-01,104527,1214,completed,39,2021-06-15 05:42:31.036527
2019-08-05,0001-01-01,104527,1339,completed,39,2021-06-15 05:42:31.036527
2019-08-05,0001-01-01,104527,1341,completed,39,2021-06-15 05:42:31.036527
2019-08-05,0001-01-01,104528,1207,completed,39,2021-06-15 05:42:31.036527
2019-08-05,0001-01-01,104546,1284,completed,39,2021-06-15 05:42:31.036527
2019-08-05,0001-01-01,104546,1202,completed,39,2021-06-15 05:42:31.036527
2019-08-05,0001-01-01,104546,1103,completed,39,2021-06-15 05:42:31.036527
2019-08-05,0001-01-01,104547,1279,completed,39,2021-06-15 05:42:31.036527
2019-08-05,0001-01-01,104547,1291,completed,39,2021-06-15 05:42:31.036527
2019-08-05,0001-01-01,104547,1284,completed,39,2021-06-15 05:42:31.036527
2019-08-05,0001-01-01,104547,1292,completed,39,2021-06-15 05:42:31.036527
2019-08-05,0001-01-01,104551,1203,completed,39,2021-06-15 05:42:31.036527
2019-08-05,0001-01-01,104578,1332,completed,39,2021-06-15 05:42:31.036527
2019-08-05,0001-01-01,104578,1325,completed,39,2021-06-15 05:42:31.036527
2019-08-05,0001-01-01,104578,1327,completed,39,2021-06-15 05:42:31.036527
2019-08-05,0001-01-01,104597,1208,completed,39,2021-06-15 05:42:31.036527
2019-08-05,0001-01-01,104597,1332,completed,39,2021-06-15 05:42:31.036527
2019-08-05,0001-01-01,104607,1253,completed,39,2021-06-15 05:42:31.036527
2019-08-05,0001-01-01,104607,1400,completed,39,2021-06-15 05:42:31.036527
2019-08-05,0001-01-01,104607,1104,completed,39,2021-06-15 05:42:31.036527
2019-08-05,0001-01-01,104620,1261,completed,39,2021-06-15 05:42:31.036527
2019-08-05,0001-01-01,104620,1213,completed,39,2021-06-15 05:42:31.036527
2019-08-05,0001-01-01,104637,1290,completed,39,2021-06-15 05:42:31.036527
2019-08-05,0001-01-01,104637,1283,completed,39,2021-06-15 05:42:31.036527
2019-08-05,0001-01-01,104637,1279,completed,39,2021-06-15 05:42:31.036527
2019-08-05,0001-01-01,104637,1291,completed,39,2021-06-15 05:42:31.036527
2019-08-05,0001-01-01,104641,1283,completed,39,2021-06-15 05:42:31.036527
2019-08-05,0001-01-01,104641,1279,completed,39,2021-06-15 05:42:31.036527
2019-08-05,0001-01-01,104641,1284,completed,39,2021-06-15 05:42:31.036527
2019-08-05,0001-01-01,104641,1280,completed,39,2021-06-15 05:42:31.036527
2019-08-05,0001-01-01,104645,1319,completed,39,2021-06-15 05:42:31.036527
2019-08-05,0001-01-01,104647,1292,completed,39,2021-06-15 05:42:31.036527
2019-08-05,0001-01-01,104647,1285,completed,39,2021-06-15 05:42:31.036527
2019-08-05,0001-01-01,104647,1293,completed,39,2021-06-15 05:42:31.036527
2019-08-05,0001-01-01,104647,1286,completed,39,2021-06-15 05:42:31.036527
2019-08-05,0001-01-01,104647,1294,completed,39,2021-06-15 05:42:31.036527
2019-08-05,0001-01-01,104654,1280,completed,39,2021-06-15 05:42:31.036527
2019-08-05,0001-01-01,104654,1292,completed,39,2021-06-15 05:42:31.036527
2019-08-05,0001-01-01,104654,1103,completed,39,2021-06-15 05:42:31.036527
2019-08-05,0001-01-01,104657,1250,completed,39,2021-06-15 05:42:31.036527
2019-08-05,0001-01-01,104671,1320,completed,39,2021-06-15 05:42:31.036527
2019-08-05,0001-01-01,104671,1332,completed,39,2021-06-15 05:42:31.036527
2019-08-05,0001-01-01,104671,1326,completed,39,2021-06-15 05:42:31.036527
2019-08-05,0001-01-01,104671,1254,completed,39,2021-06-15 05:42:31.036527
2019-08-05,0001-01-01,104671,1336,completed,39,2021-06-15 05:42:31.036527
2019-08-05,0001-01-01,104672,1285,completed,39,2021-06-15 05:42:31.036527
2019-08-05,0001-01-01,104672,1293,completed,39,2021-06-15 05:42:31.036527
2019-08-05,0001-01-01,104672,1286,completed,39,2021-06-15 05:42:31.036527
2019-08-05,0001-01-01,104672,1294,completed,39,2021-06-15 05:42:31.036527
2019-08-05,0001-01-01,104690,1396,completed,39,2021-06-15 05:42:31.036527
2019-08-05,0001-01-01,104690,1404,completed,39,2021-06-15 05:42:31.036527
2019-08-05,0001-01-01,104690,1398,completed,39,2021-06-15 05:42:31.036527
2019-08-05,0001-01-01,104690,1406,completed,39,2021-06-15 05:42:31.036527
2019-08-05,0001-01-01,104699,1393,completed,39,2021-06-15 05:42:31.036527
2019-08-05,0001-01-01,104699,1097,completed,39,2021-06-15 05:42:31.036527
2019-08-05,0001-01-01,104699,1405,completed,39,2021-06-15 05:42:31.036527
2019-08-05,0001-01-01,104699,1398,completed,39,2021-06-15 05:42:31.036527
2019-08-05,0001-01-01,104706,1332,completed,39,2021-06-15 05:42:31.036527
2019-08-05,0001-01-01,104706,1326,completed,39,2021-06-15 05:42:31.036527
2019-08-05,0001-01-01,104708,1394,completed,39,2021-06-15 05:42:31.036527
2019-08-05,0001-01-01,104708,1406,completed,39,2021-06-15 05:42:31.036527
2019-08-05,0001-01-01,104708,1399,completed,39,2021-06-15 05:42:31.036527
2019-08-05,0001-01-01,104708,1407,completed,39,2021-06-15 05:42:31.036527
2019-08-05,0001-01-01,104724,1398,completed,39,2021-06-15 05:42:31.036527
2019-08-05,0001-01-01,104724,1394,completed,39,2021-06-15 05:42:31.036527
2019-08-05,0001-01-01,104724,1406,completed,39,2021-06-15 05:42:31.036527
2019-08-05,0001-01-01,104733,1292,completed,39,2021-06-15 05:42:31.036527
2019-08-05,0001-01-01,104733,1285,completed,39,2021-06-15 05:42:31.036527
2019-08-05,0001-01-01,104733,1293,completed,39,2021-06-15 05:42:31.036527
2019-08-05,0001-01-01,104740,1318,completed,39,2021-06-15 05:42:31.036527
2019-08-05,0001-01-01,104740,1279,completed,39,2021-06-15 05:42:31.036527
2019-08-05,0001-01-01,104740,1291,completed,39,2021-06-15 05:42:31.036527
2019-08-05,0001-01-01,104743,1400,completed,39,2021-06-15 05:42:31.036527
2019-08-05,0001-01-01,104743,1211,completed,39,2021-06-15 05:42:31.036527
2019-08-05,0001-01-01,104743,1254,completed,39,2021-06-15 05:42:31.036527
2019-08-05,0001-01-01,104774,1392,completed,39,2021-06-15 05:42:31.036527
2019-08-05,0001-01-01,104774,1404,completed,39,2021-06-15 05:42:31.036527
2019-08-05,0001-01-01,104774,1196,completed,39,2021-06-15 05:42:31.036527
2019-08-05,0001-01-01,104776,1334,completed,39,2021-06-15 05:42:31.036527
2019-08-05,0001-01-01,104776,1337,completed,39,2021-06-15 05:42:31.036527
2019-08-05,0001-01-01,104776,1339,completed,39,2021-06-15 05:42:31.036527
2019-08-05,0001-01-01,104794,1405,completed,39,2021-06-15 05:42:31.036527
2019-08-05,0001-01-01,104794,1394,completed,39,2021-06-15 05:42:31.036527
2019-08-05,0001-01-01,104794,1399,completed,39,2021-06-15 05:42:31.036527
2019-08-05,0001-01-01,104794,1407,completed,39,2021-06-15 05:42:31.036527
2019-08-05,0001-01-01,104794,1400,completed,39,2021-06-15 05:42:31.036527
2019-08-05,0001-01-01,104800,1392,completed,39,2021-06-15 05:42:31.036527
2019-08-05,0001-01-01,104800,1404,completed,39,2021-06-15 05:42:31.036527
2019-08-05,0001-01-01,104800,1393,completed,39,2021-06-15 05:42:31.036527
2019-08-05,0001-01-01,104800,1394,completed,39,2021-06-15 05:42:31.036527
2019-08-05,0001-01-01,104807,1291,completed,39,2021-06-15 05:42:31.036527
2019-08-05,0001-01-01,104807,1284,completed,39,2021-06-15 05:42:31.036527
2019-08-05,0001-01-01,104807,1292,completed,39,2021-06-15 05:42:31.036527
2019-08-05,0001-01-01,104807,1285,completed,39,2021-06-15 05:42:31.036527
2019-08-05,0001-01-01,104817,1394,completed,39,2021-06-15 05:42:31.036527
2019-08-05,0001-01-01,104817,1399,completed,39,2021-06-15 05:42:31.036527
2019-08-05,0001-01-01,104817,1407,completed,39,2021-06-15 05:42:31.036527
2019-08-05,0001-01-01,104817,1400,completed,39,2021-06-15 05:42:31.036527
2019-08-05,0001-01-01,104817,1408,completed,39,2021-06-15 05:42:31.036527
2019-08-05,0001-01-01,104851,1279,completed,39,2021-06-15 05:42:31.036527
2019-08-05,0001-01-01,104851,1393,completed,39,2021-06-15 05:42:31.036527
2019-08-05,0001-01-01,104851,1405,completed,39,2021-06-15 05:42:31.036527
2019-08-05,0001-01-01,104851,1398,completed,39,2021-06-15 05:42:31.036527
2019-08-05,0001-01-01,104851,1394,completed,39,2021-06-15 05:42:31.036527
2019-08-05,0001-01-01,104878,1335,completed,39,2021-06-15 05:42:31.036527
2019-08-05,0001-01-01,104878,1336,completed,39,2021-06-15 05:42:31.036527
2019-08-05,0001-01-01,104878,1337,completed,39,2021-06-15 05:42:31.036527
2019-08-05,0001-01-01,104878,1411,completed,39,2021-06-15 05:42:31.036527
2019-08-05,0001-01-01,104884,1393,completed,39,2021-06-15 05:42:31.036527
2019-08-05,0001-01-01,104884,1331,completed,39,2021-06-15 05:42:31.036527
2019-08-05,0001-01-01,104884,1405,completed,39,2021-06-15 05:42:31.036527
2019-08-05,0001-01-01,104884,1398,completed,39,2021-06-15 05:42:31.036527
2019-08-05,0001-01-01,104884,1394,completed,39,2021-06-15 05:42:31.036527
2019-08-05,0001-01-01,104902,1247,completed,39,2021-06-15 05:42:31.036527
2019-08-05,0001-01-01,104902,1252,completed,39,2021-06-15 05:42:31.036527
2019-08-05,0001-01-01,104902,1320,completed,39,2021-06-15 05:42:31.036527
2019-08-05,0001-01-01,104905,1259,completed,39,2021-06-15 05:42:31.036527
2019-08-05,0001-01-01,104905,1103,completed,39,2021-06-15 05:42:31.036527
2019-08-05,0001-01-01,104905,1203,completed,39,2021-06-15 05:42:31.036527
2019-08-05,0001-01-01,104915,1318,completed,39,2021-06-15 05:42:31.036527
2019-08-05,0001-01-01,104915,1330,completed,39,2021-06-15 05:42:31.036527
2019-08-05,0001-01-01,104915,1323,completed,39,2021-06-15 05:42:31.036527
2019-08-05,0001-01-01,104915,1332,completed,39,2021-06-15 05:42:31.036527
2019-08-05,0001-01-01,104919,1393,completed,39,2021-06-15 05:42:31.036527
2019-08-05,0001-01-01,104919,1405,completed,39,2021-06-15 05:42:31.036527
2019-08-05,0001-01-01,104919,1394,completed,39,2021-06-15 05:42:31.036527
2019-08-05,0001-01-01,104919,1406,completed,39,2021-06-15 05:42:31.036527
2019-08-05,0001-01-01,104925,1407,completed,39,2021-06-15 05:42:31.036527
2019-08-05,0001-01-01,104925,1104,completed,39,2021-06-15 05:42:31.036527
2019-08-05,0001-01-01,104925,1261,completed,39,2021-06-15 05:42:31.036527
2019-08-05,0001-01-01,104926,1327,completed,39,2021-06-15 05:42:31.036527
2019-08-05,0001-01-01,104957,1197,completed,39,2021-06-15 05:42:31.036527
2019-08-05,0001-01-01,104957,1259,completed,39,2021-06-15 05:42:31.036527
2019-08-05,0001-01-01,104957,1103,completed,39,2021-06-15 05:42:31.036527
2019-08-05,0001-01-01,104957,1260,completed,39,2021-06-15 05:42:31.036527
2019-08-05,0001-01-01,104964,1101,completed,39,2021-06-15 05:42:31.036527
2019-08-05,0001-01-01,104977,1251,completed,39,2021-06-15 05:42:31.036527
2019-08-05,0001-01-01,104984,1406,completed,39,2021-06-15 05:42:31.036527
2019-08-05,0001-01-01,104997,1279,completed,39,2021-06-15 05:42:31.036527
2019-08-05,0001-01-01,104997,1280,completed,39,2021-06-15 05:42:31.036527
2019-08-05,0001-01-01,104997,1292,completed,39,2021-06-15 05:42:31.036527
2019-08-05,0001-01-01,104997,1285,completed,39,2021-06-15 05:42:31.036527
2019-08-05,0001-01-01,104997,1286,completed,39,2021-06-15 05:42:31.036527
2019-08-05,0001-01-01,103000,1296,completed,39,2021-06-15 05:42:31.036527
2019-08-05,0001-01-01,103000,1297,completed,39,2021-06-15 05:42:31.036527
2019-08-05,0001-01-01,103000,1299,completed,39,2021-06-15 05:42:31.036527
2019-08-05,0001-01-01,103000,1300,completed,39,2021-06-15 05:42:31.036527
2019-08-05,0001-01-01,103005,1345,completed,39,2021-06-15 05:42:31.036527
2019-08-05,0001-01-01,103005,1126,completed,39,2021-06-15 05:42:31.036527
2019-08-05,0001-01-01,103005,1227,completed,39,2021-06-15 05:42:31.036527
2019-08-05,0001-01-01,103005,1129,completed,39,2021-06-15 05:42:31.036527
2019-08-05,0001-01-01,103007,1295,completed,39,2021-06-15 05:42:31.036527
2019-08-05,0001-01-01,103007,1265,completed,39,2021-06-15 05:42:31.036527
2019-08-05,0001-01-01,103009,1294,completed,39,2021-06-15 05:42:31.036527
2019-08-05,0001-01-01,103009,1287,completed,39,2021-06-15 05:42:31.036527
2019-08-05,0001-01-01,103009,1295,completed,39,2021-06-15 05:42:31.036527
2019-08-05,0001-01-01,103009,1296,completed,39,2021-06-15 05:42:31.036527
2019-08-05,0001-01-01,103010,1337,completed,39,2021-06-15 05:42:31.036527
2019-08-05,0001-01-01,103010,1299,completed,39,2021-06-15 05:42:31.036527
2019-08-05,0001-01-01,103010,1343,completed,39,2021-06-15 05:42:31.036527
2019-08-05,0001-01-01,103010,1222,completed,39,2021-06-15 05:42:31.036527
2019-08-05,0001-01-01,103011,1125,completed,39,2021-06-15 05:42:31.036527
2019-08-05,0001-01-01,103011,1225,completed,39,2021-06-15 05:42:31.036527
2019-08-05,0001-01-01,103011,1126,completed,39,2021-06-15 05:42:31.036527
2019-08-05,0001-01-01,103011,1129,completed,39,2021-06-15 05:42:31.036527
2019-08-05,0001-01-01,103012,1412,completed,39,2021-06-15 05:42:31.036527
2019-08-05,0001-01-01,103012,1414,completed,39,2021-06-15 05:42:31.036527
2019-08-05,0001-01-01,103012,1415,completed,39,2021-06-15 05:42:31.036527
2019-08-05,0001-01-01,103012,1416,completed,39,2021-06-15 05:42:31.036527
2019-08-05,0001-01-01,103037,1341,completed,39,2021-06-15 05:42:31.036527
2019-08-05,0001-01-01,103037,1418,completed,39,2021-06-15 05:42:31.036527
2019-08-05,0001-01-01,103037,1349,completed,39,2021-06-15 05:42:31.036527
2019-08-05,0001-01-01,103039,1341,completed,39,2021-06-15 05:42:31.036527
2019-08-05,0001-01-01,103055,1117,completed,39,2021-06-15 05:42:31.036527
2019-08-05,0001-01-01,103055,1220,completed,39,2021-06-15 05:42:31.036527
2019-08-05,0001-01-01,103055,1223,completed,39,2021-06-15 05:42:31.036527
2019-08-05,0001-01-01,103055,1230,completed,39,2021-06-15 05:42:31.036527
2019-08-05,0001-01-01,103066,1307,completed,39,2021-06-15 05:42:31.036527
2019-08-05,0001-01-01,103068,1287,completed,39,2021-06-15 05:42:31.036527
2019-08-05,0001-01-01,103068,1296,completed,39,2021-06-15 05:42:31.036527
2019-08-05,0001-01-01,103068,1297,completed,39,2021-06-15 05:42:31.036527
2019-08-05,0001-01-01,103068,1299,completed,39,2021-06-15 05:42:31.036527
2019-08-05,0001-01-01,103068,1300,completed,39,2021-06-15 05:42:31.036527
2019-08-05,0001-01-01,103070,1120,completed,39,2021-06-15 05:42:31.036527
2019-08-05,0001-01-01,103070,1220,completed,39,2021-06-15 05:42:31.036527
2019-08-05,0001-01-01,103070,1123,completed,39,2021-06-15 05:42:31.036527
2019-08-05,0001-01-01,103070,1226,completed,39,2021-06-15 05:42:31.036527
2019-08-05,0001-01-01,103070,1128,completed,39,2021-06-15 05:42:31.036527
2019-08-05,0001-01-01,103087,1231,completed,39,2021-06-15 05:42:31.036527
2019-08-05,0001-01-01,103087,1236,completed,39,2021-06-15 05:42:31.036527
2019-08-05,0001-01-01,103087,1137,completed,39,2021-06-15 05:42:31.036527
2019-08-05,0001-01-01,103097,1351,completed,39,2021-06-15 05:42:31.036527
2019-08-05,0001-01-01,103097,1354,completed,39,2021-06-15 05:42:31.036527
2019-08-05,0001-01-01,103097,1355,completed,39,2021-06-15 05:42:31.036527
2019-08-05,0001-01-01,103108,1112,completed,39,2021-06-15 05:42:31.036527
2019-08-05,0001-01-01,103108,1287,completed,39,2021-06-15 05:42:31.036527
2019-08-05,0001-01-01,103108,1262,completed,39,2021-06-15 05:42:31.036527
2019-08-05,0001-01-01,103110,1399,completed,39,2021-06-15 05:42:31.036527
2019-08-05,0001-01-01,103110,1407,completed,39,2021-06-15 05:42:31.036527
2019-08-05,0001-01-01,103110,1400,completed,39,2021-06-15 05:42:31.036527
2019-08-05,0001-01-01,103110,1334,completed,39,2021-06-15 05:42:31.036527
2019-08-05,0001-01-01,103116,1117,completed,39,2021-06-15 05:42:31.036527
2019-08-05,0001-01-01,103116,1221,completed,39,2021-06-15 05:42:31.036527
2019-08-05,0001-01-01,103116,1124,completed,39,2021-06-15 05:42:31.036527
2019-08-05,0001-01-01,103116,1129,completed,39,2021-06-15 05:42:31.036527
2019-08-05,0001-01-01,103120,1269,completed,39,2021-06-15 05:42:31.036527
2019-08-05,0001-01-01,103120,1219,completed,39,2021-06-15 05:42:31.036527
2019-08-05,0001-01-01,103120,1120,completed,39,2021-06-15 05:42:31.036527
2019-08-05,0001-01-01,103120,1220,completed,39,2021-06-15 05:42:31.036527
2019-08-05,0001-01-01,103120,1222,completed,39,2021-06-15 05:42:31.036527
2019-08-05,0001-01-01,103129,1229,completed,39,2021-06-15 05:42:31.036527
2019-08-05,0001-01-01,103129,1133,completed,39,2021-06-15 05:42:31.036527
2019-08-05,0001-01-01,103134,1401,completed,39,2021-06-15 05:42:31.036527
2019-08-05,0001-01-01,103134,1409,completed,39,2021-06-15 05:42:31.036527
2019-08-05,0001-01-01,103134,1410,completed,39,2021-06-15 05:42:31.036527
2019-08-05,0001-01-01,103134,1411,completed,39,2021-06-15 05:42:31.036527
2019-08-05,0001-01-01,103134,1337,completed,39,2021-06-15 05:42:31.036527
2019-08-05,0001-01-01,103135,1301,completed,39,2021-06-15 05:42:31.036527
2019-08-05,0001-01-01,103135,1302,completed,39,2021-06-15 05:42:31.036527
2019-08-05,0001-01-01,103135,1305,completed,39,2021-06-15 05:42:31.036527
2019-08-05,0001-01-01,103135,1306,completed,39,2021-06-15 05:42:31.036527
2019-08-05,0001-01-01,103140,1294,completed,39,2021-06-15 05:42:31.036527
2019-08-05,0001-01-01,103140,1296,completed,39,2021-06-15 05:42:31.036527
2019-08-05,0001-01-01,103140,1299,completed,39,2021-06-15 05:42:31.036527
2019-08-05,0001-01-01,103140,1300,completed,39,2021-06-15 05:42:31.036527
2019-08-05,0001-01-01,103148,1112,completed,39,2021-06-15 05:42:31.036527
2019-08-05,0001-01-01,103148,1287,completed,39,2021-06-15 05:42:31.036527
2019-08-05,0001-01-01,103148,1295,completed,39,2021-06-15 05:42:31.036527
2019-08-05,0001-01-01,103148,1296,completed,39,2021-06-15 05:42:31.036527
2019-08-05,0001-01-01,103171,1344,completed,39,2021-06-15 05:42:31.036527
2019-08-05,0001-01-01,103171,1354,completed,39,2021-06-15 05:42:31.036527
2019-08-05,0001-01-01,103191,1272,completed,39,2021-06-15 05:42:31.036527
2019-08-05,0001-01-01,103191,1222,completed,39,2021-06-15 05:42:31.036527
2019-08-05,0001-01-01,103191,1223,completed,39,2021-06-15 05:42:31.036527
2019-08-05,0001-01-01,103202,1349,completed,39,2021-06-15 05:42:31.036527
2019-08-05,0001-01-01,103202,1351,completed,39,2021-06-15 05:42:31.036527
2019-08-05,0001-01-01,103202,1311,completed,39,2021-06-15 05:42:31.036527
2019-08-05,0001-01-01,103213,1269,completed,39,2021-06-15 05:42:31.036527
2019-08-05,0001-01-01,103213,1306,completed,39,2021-06-15 05:42:31.036527
2019-08-05,0001-01-01,103227,1273,completed,39,2021-06-15 05:42:31.036527
2019-08-05,0001-01-01,103234,1267,completed,39,2021-06-15 05:42:31.036527
2019-08-05,0001-01-01,103234,1417,completed,39,2021-06-15 05:42:31.036527
2019-08-05,0001-01-01,103234,1345,completed,39,2021-06-15 05:42:31.036527
2019-08-05,0001-01-01,103249,1357,completed,39,2021-06-15 05:42:31.036527
2019-08-05,0001-01-01,103249,1358,completed,39,2021-06-15 05:42:31.036527
2019-08-05,0001-01-01,103249,1360,completed,39,2021-06-15 05:42:31.036527
2019-08-05,0001-01-01,103249,1367,completed,39,2021-06-15 05:42:31.036527
2019-08-05,0001-01-01,103257,1409,completed,39,2021-06-15 05:42:31.036527
2019-08-05,0001-01-01,103257,1410,completed,39,2021-06-15 05:42:31.036527
2019-08-05,0001-01-01,103257,1411,completed,39,2021-06-15 05:42:31.036527
2019-08-05,0001-01-01,103257,1412,completed,39,2021-06-15 05:42:31.036527
2019-08-05,0001-01-01,103257,1415,completed,39,2021-06-15 05:42:31.036527
2019-08-05,0001-01-01,103258,1129,completed,39,2021-06-15 05:42:31.036527
2019-08-05,0001-01-01,103263,1296,completed,39,2021-06-15 05:42:31.036527
2019-08-05,0001-01-01,103263,1411,completed,39,2021-06-15 05:42:31.036527
2019-08-05,0001-01-01,103297,1273,completed,39,2021-06-15 05:42:31.036527
2019-08-05,0001-01-01,103297,1310,completed,39,2021-06-15 05:42:31.036527
2019-08-05,0001-01-01,103297,1129,completed,39,2021-06-15 05:42:31.036527
2019-08-05,0001-01-01,103300,1347,completed,39,2021-06-15 05:42:31.036527
2019-08-05,0001-01-01,103300,1130,completed,39,2021-06-15 05:42:31.036527
2019-08-05,0001-01-01,103300,1233,completed,39,2021-06-15 05:42:31.036527
2019-08-05,0001-01-01,103300,1137,completed,39,2021-06-15 05:42:31.036527
2019-08-05,0001-01-01,103307,1287,completed,39,2021-06-15 05:42:31.036527
2019-08-05,0001-01-01,103307,1295,completed,39,2021-06-15 05:42:31.036527
2019-08-05,0001-01-01,103307,1296,completed,39,2021-06-15 05:42:31.036527
2019-08-05,0001-01-01,103307,1297,completed,39,2021-06-15 05:42:31.036527
2019-08-05,0001-01-01,103339,1225,completed,39,2021-06-15 05:42:31.036527
2019-08-05,0001-01-01,103340,1125,completed,39,2021-06-15 05:42:31.036527
2019-08-05,0001-01-01,103359,1286,completed,39,2021-06-15 05:42:31.036527
2019-08-05,0001-01-01,103359,1287,completed,39,2021-06-15 05:42:31.036527
2019-08-05,0001-01-01,103359,1295,completed,39,2021-06-15 05:42:31.036527
2019-08-05,0001-01-01,103359,1296,completed,39,2021-06-15 05:42:31.036527
2019-08-05,0001-01-01,103359,1299,completed,39,2021-06-15 05:42:31.036527
2019-08-05,0001-01-01,103367,1345,completed,39,2021-06-15 05:42:31.036527
2019-08-05,0001-01-01,103367,1346,completed,39,2021-06-15 05:42:31.036527
2019-08-05,0001-01-01,103367,1309,completed,39,2021-06-15 05:42:31.036527
2019-08-05,0001-01-01,103367,1354,completed,39,2021-06-15 05:42:31.036527
2019-08-05,0001-01-01,103381,1130,completed,39,2021-06-15 05:42:31.036527
2019-08-05,0001-01-01,103381,1353,completed,39,2021-06-15 05:42:31.036527
2019-08-05,0001-01-01,103385,1341,completed,39,2021-06-15 05:42:31.036527
2019-08-05,0001-01-01,103385,1344,completed,39,2021-06-15 05:42:31.036527
2019-08-05,0001-01-01,103385,1347,completed,39,2021-06-15 05:42:31.036527
2019-08-05,0001-01-01,103400,1413,completed,39,2021-06-15 05:42:31.036527
2019-08-05,0001-01-01,103400,1269,completed,39,2021-06-15 05:42:31.036527
2019-08-05,0001-01-01,103400,1272,completed,39,2021-06-15 05:42:31.036527
2019-08-05,0001-01-01,103400,1123,completed,39,2021-06-15 05:42:31.036527
2019-08-05,0001-01-01,103403,1216,completed,39,2021-06-15 05:42:31.036527
2019-08-05,0001-01-01,103403,1269,completed,39,2021-06-15 05:42:31.036527
2019-08-05,0001-01-01,103403,1224,completed,39,2021-06-15 05:42:31.036527
2019-08-05,0001-01-01,103403,1228,completed,39,2021-06-15 05:42:31.036527
2019-08-05,0001-01-01,103448,1129,completed,39,2021-06-15 05:42:31.036527
2019-08-05,0001-01-01,103450,1233,completed,39,2021-06-15 05:42:31.036527
2019-08-05,0001-01-01,103450,1357,completed,39,2021-06-15 05:42:31.036527
2019-08-05,0001-01-01,103450,1358,completed,39,2021-06-15 05:42:31.036527
2019-08-05,0001-01-01,103450,1361,completed,39,2021-06-15 05:42:31.036527
2019-08-05,0001-01-01,103468,1302,completed,39,2021-06-15 05:42:31.036527
2019-08-05,0001-01-01,103468,1304,completed,39,2021-06-15 05:42:31.036527
2019-08-05,0001-01-01,103468,1305,completed,39,2021-06-15 05:42:31.036527
2019-08-05,0001-01-01,103468,1306,completed,39,2021-06-15 05:42:31.036527
2019-08-05,0001-01-01,103469,1355,completed,39,2021-06-15 05:42:31.036527
2019-08-05,0001-01-01,103469,1358,completed,39,2021-06-15 05:42:31.036527
2019-08-05,0001-01-01,103476,1307,completed,39,2021-06-15 05:42:31.036527
2019-08-05,0001-01-01,103476,1232,completed,39,2021-06-15 05:42:31.036527
2019-08-05,0001-01-01,103476,1138,completed,39,2021-06-15 05:42:31.036527
2019-08-05,0001-01-01,103496,1265,completed,39,2021-06-15 05:42:31.036527
2019-08-05,0001-01-01,103496,1268,completed,39,2021-06-15 05:42:31.036527
2019-08-05,0001-01-01,103496,1224,completed,39,2021-06-15 05:42:31.036527
2019-08-05,0001-01-01,103503,1297,completed,39,2021-06-15 05:42:31.036527
2019-08-05,0001-01-01,103503,1299,completed,39,2021-06-15 05:42:31.036527
2019-08-05,0001-01-01,103503,1414,completed,39,2021-06-15 05:42:31.036527
2019-08-05,0001-01-01,103503,1301,completed,39,2021-06-15 05:42:31.036527
2019-08-05,0001-01-01,103507,1286,completed,39,2021-06-15 05:42:31.036527
2019-08-05,0001-01-01,103507,1414,completed,39,2021-06-15 05:42:31.036527
2019-08-05,0001-01-01,103512,1117,completed,39,2021-06-15 05:42:31.036527
2019-08-05,0001-01-01,103512,1299,completed,39,2021-06-15 05:42:31.036527
2019-08-05,0001-01-01,103512,1300,completed,39,2021-06-15 05:42:31.036527
2019-08-05,0001-01-01,103512,1301,completed,39,2021-06-15 05:42:31.036527
2019-08-05,0001-01-01,103520,1406,completed,39,2021-06-15 05:42:31.036527
2019-08-05,0001-01-01,103520,1399,completed,39,2021-06-15 05:42:31.036527
2019-08-05,0001-01-01,103520,1407,completed,39,2021-06-15 05:42:31.036527
2019-08-05,0001-01-01,103520,1408,completed,39,2021-06-15 05:42:31.036527
2019-08-05,0001-01-01,103527,1221,completed,39,2021-06-15 05:42:31.036527
2019-08-05,0001-01-01,103527,1124,completed,39,2021-06-15 05:42:31.036527
2019-08-05,0001-01-01,103527,1224,completed,39,2021-06-15 05:42:31.036527
2019-08-05,0001-01-01,103527,1225,completed,39,2021-06-15 05:42:31.036527
2019-08-05,0001-01-01,103535,1295,completed,39,2021-06-15 05:42:31.036527
2019-08-05,0001-01-01,103535,1410,completed,39,2021-06-15 05:42:31.036527
2019-08-05,0001-01-01,103535,1297,completed,39,2021-06-15 05:42:31.036527
2019-08-05,0001-01-01,103535,1300,completed,39,2021-06-15 05:42:31.036527
2019-08-05,0001-01-01,103535,1301,completed,39,2021-06-15 05:42:31.036527
2019-08-05,0001-01-01,103544,1271,completed,39,2021-06-15 05:42:31.036527
2019-08-05,0001-01-01,103544,1223,completed,39,2021-06-15 05:42:31.036527
2019-08-05,0001-01-01,103544,1420,completed,39,2021-06-15 05:42:31.036527
2019-08-05,0001-01-01,103554,1230,completed,39,2021-06-15 05:42:31.036527
2019-08-05,0001-01-01,103555,1305,completed,39,2021-06-15 05:42:31.036527
2019-08-05,0001-01-01,103555,1273,completed,39,2021-06-15 05:42:31.036527
2019-08-05,0001-01-01,103555,1125,completed,39,2021-06-15 05:42:31.036527
2019-08-05,0001-01-01,103555,1310,completed,39,2021-06-15 05:42:31.036527
2019-08-05,0001-01-01,103562,1341,completed,39,2021-06-15 05:42:31.036527
2019-08-05,0001-01-01,103562,1344,completed,39,2021-06-15 05:42:31.036527
2019-08-05,0001-01-01,103562,1349,completed,39,2021-06-15 05:42:31.036527
2019-08-05,0001-01-01,103562,1311,completed,39,2021-06-15 05:42:31.036527
2019-08-05,0001-01-01,103562,1352,completed,39,2021-06-15 05:42:31.036527
2019-08-05,0001-01-01,103596,1297,completed,39,2021-06-15 05:42:31.036527
2019-08-05,0001-01-01,103596,1299,completed,39,2021-06-15 05:42:31.036527
2019-08-05,0001-01-01,103596,1301,completed,39,2021-06-15 05:42:31.036527
2019-08-05,0001-01-01,103597,1401,completed,39,2021-06-15 05:42:31.036527
2019-08-05,0001-01-01,103597,1409,completed,39,2021-06-15 05:42:31.036527
2019-08-05,0001-01-01,103597,1414,completed,39,2021-06-15 05:42:31.036527
2019-08-05,0001-01-01,103601,1295,completed,39,2021-06-15 05:42:31.036527
2019-08-05,0001-01-01,103601,1296,completed,39,2021-06-15 05:42:31.036527
2019-08-05,0001-01-01,103601,1299,completed,39,2021-06-15 05:42:31.036527
2019-08-05,0001-01-01,103601,1300,completed,39,2021-06-15 05:42:31.036527
2019-08-05,0001-01-01,103621,1409,completed,39,2021-06-15 05:42:31.036527
2019-08-05,0001-01-01,103621,1410,completed,39,2021-06-15 05:42:31.036527
2019-08-05,0001-01-01,103621,1411,completed,39,2021-06-15 05:42:31.036527
2019-08-05,0001-01-01,103635,1297,completed,39,2021-06-15 05:42:31.036527
2019-08-05,0001-01-01,103635,1299,completed,39,2021-06-15 05:42:31.036527
2019-08-05,0001-01-01,103635,1119,completed,39,2021-06-15 05:42:31.036527
2019-08-05,0001-01-01,103636,1354,completed,39,2021-06-15 05:42:31.036527
2019-08-05,0001-01-01,103636,1355,completed,39,2021-06-15 05:42:31.036527
2019-08-05,0001-01-01,103636,1356,completed,39,2021-06-15 05:42:31.036527
2019-08-05,0001-01-01,103636,1360,completed,39,2021-06-15 05:42:31.036527
2019-08-05,0001-01-01,103646,1220,completed,39,2021-06-15 05:42:31.036527
2019-08-05,0001-01-01,103646,1121,completed,39,2021-06-15 05:42:31.036527
2019-08-05,0001-01-01,103646,1345,completed,39,2021-06-15 05:42:31.036527
2019-08-05,0001-01-01,103646,1124,completed,39,2021-06-15 05:42:31.036527
2019-08-05,0001-01-01,103649,1263,completed,39,2021-06-15 05:42:31.036527
2019-08-05,0001-01-01,103649,1410,completed,39,2021-06-15 05:42:31.036527
2019-08-05,0001-01-01,103649,1411,completed,39,2021-06-15 05:42:31.036527
2019-08-05,0001-01-01,103649,1337,completed,39,2021-06-15 05:42:31.036527
2019-08-05,0001-01-01,103651,1411,completed,39,2021-06-15 05:42:31.036527
2019-08-05,0001-01-01,103651,1265,completed,39,2021-06-15 05:42:31.036527
2019-08-05,0001-01-01,103651,1413,completed,39,2021-06-15 05:42:31.036527
2019-08-05,0001-01-01,103651,1414,completed,39,2021-06-15 05:42:31.036527
2019-08-05,0001-01-01,103657,1399,completed,39,2021-06-15 05:42:31.036527
2019-08-05,0001-01-01,103657,1400,completed,39,2021-06-15 05:42:31.036527
2019-08-05,0001-01-01,103657,1408,completed,39,2021-06-15 05:42:31.036527
2019-08-05,0001-01-01,103657,1401,completed,39,2021-06-15 05:42:31.036527
2019-08-05,0001-01-01,103665,1415,completed,39,2021-06-15 05:42:31.036527
2019-08-05,0001-01-01,103667,1120,completed,39,2021-06-15 05:42:31.036527
2019-08-05,0001-01-01,103667,1418,completed,39,2021-06-15 05:42:31.036527
2019-08-05,0001-01-01,103672,1267,completed,39,2021-06-15 05:42:31.036527
2019-08-05,0001-01-01,103672,1271,completed,39,2021-06-15 05:42:31.036527
2019-08-05,0001-01-01,103672,1122,completed,39,2021-06-15 05:42:31.036527
2019-08-05,0001-01-01,103672,1229,completed,39,2021-06-15 05:42:31.036527
2019-08-05,0001-01-01,103681,1400,completed,39,2021-06-15 05:42:31.036527
2019-08-05,0001-01-01,103681,1408,completed,39,2021-06-15 05:42:31.036527
2019-08-05,0001-01-01,103681,1409,completed,39,2021-06-15 05:42:31.036527
2019-08-05,0001-01-01,103681,1410,completed,39,2021-06-15 05:42:31.036527
2019-08-05,0001-01-01,103685,1400,completed,39,2021-06-15 05:42:31.036527
2019-08-05,0001-01-01,103685,1410,completed,39,2021-06-15 05:42:31.036527
2019-08-05,0001-01-01,103685,1411,completed,39,2021-06-15 05:42:31.036527
2019-08-05,0001-01-01,103695,1356,completed,39,2021-06-15 05:42:31.036527
2019-08-05,0001-01-01,103695,1357,completed,39,2021-06-15 05:42:31.036527
2019-08-05,0001-01-01,103695,1360,completed,39,2021-06-15 05:42:31.036527
2019-08-05,0001-01-01,103706,1230,completed,39,2021-06-15 05:42:31.036527
2019-08-05,0001-01-01,103713,1134,completed,39,2021-06-15 05:42:31.036527
2019-08-05,0001-01-01,103713,1135,completed,39,2021-06-15 05:42:31.036527
2019-08-05,0001-01-01,103713,1139,completed,39,2021-06-15 05:42:31.036527
2019-08-05,0001-01-01,103720,1227,completed,39,2021-06-15 05:42:31.036527
2019-08-05,0001-01-01,103720,1128,completed,39,2021-06-15 05:42:31.036527
2019-08-05,0001-01-01,103720,1129,completed,39,2021-06-15 05:42:31.036527
2019-08-05,0001-01-01,103720,1131,completed,39,2021-06-15 05:42:31.036527
2019-08-05,0001-01-01,103729,1400,completed,39,2021-06-15 05:42:31.036527
2019-08-05,0001-01-01,103729,1211,completed,39,2021-06-15 05:42:31.036527
2019-08-05,0001-01-01,103729,1408,completed,39,2021-06-15 05:42:31.036527
2019-08-05,0001-01-01,103740,1297,completed,39,2021-06-15 05:42:31.036527
2019-08-05,0001-01-01,103740,1299,completed,39,2021-06-15 05:42:31.036527
2019-08-05,0001-01-01,103740,1301,completed,39,2021-06-15 05:42:31.036527
2019-08-05,0001-01-01,103743,1300,completed,39,2021-06-15 05:42:31.036527
2019-08-05,0001-01-01,103743,1301,completed,39,2021-06-15 05:42:31.036527
2019-08-05,0001-01-01,103743,1304,completed,39,2021-06-15 05:42:31.036527
2019-08-05,0001-01-01,103747,1410,completed,39,2021-06-15 05:42:31.036527
2019-08-05,0001-01-01,103747,1411,completed,39,2021-06-15 05:42:31.036527
2019-08-05,0001-01-01,103747,1412,completed,39,2021-06-15 05:42:31.036527
2019-08-05,0001-01-01,103747,1413,completed,39,2021-06-15 05:42:31.036527
2019-08-05,0001-01-01,103761,1352,completed,39,2021-06-15 05:42:31.036527
2019-08-05,0001-01-01,103761,1134,completed,39,2021-06-15 05:42:31.036527
2019-08-05,0001-01-01,103761,1236,completed,39,2021-06-15 05:42:31.036527
2019-08-05,0001-01-01,103784,1227,completed,39,2021-06-15 05:42:31.036527
2019-08-05,0001-01-01,103784,1228,completed,39,2021-06-15 05:42:31.036527
2019-08-05,0001-01-01,103784,1229,completed,39,2021-06-15 05:42:31.036527
2019-08-05,0001-01-01,103798,1221,completed,39,2021-06-15 05:42:31.036527
2019-08-05,0001-01-01,103798,1126,completed,39,2021-06-15 05:42:31.036527
2019-08-05,0001-01-01,103798,1129,completed,39,2021-06-15 05:42:31.036527
2019-08-05,0001-01-01,103798,1230,completed,39,2021-06-15 05:42:31.036527
2019-08-05,0001-01-01,103812,1131,completed,39,2021-06-15 05:42:31.036527
2019-08-05,0001-01-01,103812,1231,completed,39,2021-06-15 05:42:31.036527
2019-08-05,0001-01-01,103812,1132,completed,39,2021-06-15 05:42:31.036527
2019-08-05,0001-01-01,103812,1134,completed,39,2021-06-15 05:42:31.036527
2019-08-05,0001-01-01,103818,1345,completed,39,2021-06-15 05:42:31.036527
2019-08-05,0001-01-01,103818,1346,completed,39,2021-06-15 05:42:31.036527
2019-08-05,0001-01-01,103828,1346,completed,39,2021-06-15 05:42:31.036527
2019-08-05,0001-01-01,103828,1349,completed,39,2021-06-15 05:42:31.036527
2019-08-05,0001-01-01,103828,1354,completed,39,2021-06-15 05:42:31.036527
2019-08-05,0001-01-01,103836,1351,completed,39,2021-06-15 05:42:31.036527
2019-08-05,0001-01-01,103836,1356,completed,39,2021-06-15 05:42:31.036527
2019-08-05,0001-01-01,103847,1220,completed,39,2021-06-15 05:42:31.036527
2019-08-05,0001-01-01,103847,1126,completed,39,2021-06-15 05:42:31.036527
2019-08-05,0001-01-01,103847,1228,completed,39,2021-06-15 05:42:31.036527
2019-08-05,0001-01-01,103847,1229,completed,39,2021-06-15 05:42:31.036527
2019-08-05,0001-01-01,103852,1339,completed,39,2021-06-15 05:42:31.036527
2019-08-05,0001-01-01,103852,1343,completed,39,2021-06-15 05:42:31.036527
2019-08-05,0001-01-01,103852,1345,completed,39,2021-06-15 05:42:31.036527
2019-08-05,0001-01-01,103856,1354,completed,39,2021-06-15 05:42:31.036527
2019-08-05,0001-01-01,103856,1355,completed,39,2021-06-15 05:42:31.036527
2019-08-05,0001-01-01,103856,1356,completed,39,2021-06-15 05:42:31.036527
2019-08-05,0001-01-01,103856,1361,completed,39,2021-06-15 05:42:31.036527
2019-08-05,0001-01-01,103857,1410,completed,39,2021-06-15 05:42:31.036527
2019-08-05,0001-01-01,103857,1411,completed,39,2021-06-15 05:42:31.036527
2019-08-05,0001-01-01,103857,1412,completed,39,2021-06-15 05:42:31.036527
2019-08-05,0001-01-01,103857,1413,completed,39,2021-06-15 05:42:31.036527
2019-08-05,0001-01-01,103863,1409,completed,39,2021-06-15 05:42:31.036527
2019-08-05,0001-01-01,103863,1410,completed,39,2021-06-15 05:42:31.036527
2019-08-05,0001-01-01,103863,1411,completed,39,2021-06-15 05:42:31.036527
2019-08-05,0001-01-01,103863,1412,completed,39,2021-06-15 05:42:31.036527
2019-08-05,0001-01-01,103891,1227,completed,39,2021-06-15 05:42:31.036527
2019-08-05,0001-01-01,103904,1226,completed,39,2021-06-15 05:42:31.036527
2019-08-05,0001-01-01,103904,1311,completed,39,2021-06-15 05:42:31.036527
2019-08-05,0001-01-01,103924,1299,completed,39,2021-06-15 05:42:31.036527
2019-08-05,0001-01-01,103924,1301,completed,39,2021-06-15 05:42:31.036527
2019-08-05,0001-01-01,103924,1302,completed,39,2021-06-15 05:42:31.036527
2019-08-05,0001-01-01,103924,1304,completed,39,2021-06-15 05:42:31.036527
2019-08-05,0001-01-01,103928,1345,completed,39,2021-06-15 05:42:31.036527
2019-08-05,0001-01-01,103928,1349,completed,39,2021-06-15 05:42:31.036527
2019-08-05,0001-01-01,103928,1353,completed,39,2021-06-15 05:42:31.036527
2019-08-05,0001-01-01,103928,1356,completed,39,2021-06-15 05:42:31.036527
2019-08-05,0001-01-01,103928,1357,completed,39,2021-06-15 05:42:31.036527
2019-08-05,0001-01-01,103929,1272,completed,39,2021-06-15 05:42:31.036527
2019-08-05,0001-01-01,103929,1123,completed,39,2021-06-15 05:42:31.036527
2019-08-05,0001-01-01,103929,1223,completed,39,2021-06-15 05:42:31.036527
2019-08-05,0001-01-01,103929,1226,completed,39,2021-06-15 05:42:31.036527
2019-08-05,0001-01-01,103929,1231,completed,39,2021-06-15 05:42:31.036527
2019-08-05,0001-01-01,103939,1263,completed,39,2021-06-15 05:42:31.036527
2019-08-05,0001-01-01,103939,1220,completed,39,2021-06-15 05:42:31.036527
2019-08-05,0001-01-01,103939,1221,completed,39,2021-06-15 05:42:31.036527
2019-08-05,0001-01-01,103939,1273,completed,39,2021-06-15 05:42:31.036527
2019-08-05,0001-01-01,103939,1124,completed,39,2021-06-15 05:42:31.036527
2019-08-05,0001-01-01,103942,1123,completed,39,2021-06-15 05:42:31.036527
2019-08-05,0001-01-01,103942,1273,completed,39,2021-06-15 05:42:31.036527
2019-08-05,0001-01-01,103942,1224,completed,39,2021-06-15 05:42:31.036527
2019-08-05,0001-01-01,103942,1125,completed,39,2021-06-15 05:42:31.036527
2019-08-05,0001-01-01,103942,1226,completed,39,2021-06-15 05:42:31.036527
2019-08-05,0001-01-01,103943,1216,completed,39,2021-06-15 05:42:31.036527
2019-08-05,0001-01-01,103943,1271,completed,39,2021-06-15 05:42:31.036527
2019-08-05,0001-01-01,103943,1273,completed,39,2021-06-15 05:42:31.036527
2019-08-05,0001-01-01,103943,1346,completed,39,2021-06-15 05:42:31.036527
2019-08-05,0001-01-01,103943,1224,completed,39,2021-06-15 05:42:31.036527
2019-08-05,0001-01-01,103948,1273,completed,39,2021-06-15 05:42:31.036527
2019-08-05,0001-01-01,103948,1347,completed,39,2021-06-15 05:42:31.036527
2019-08-05,0001-01-01,103948,1349,completed,39,2021-06-15 05:42:31.036527
2019-08-05,0001-01-01,103948,1356,completed,39,2021-06-15 05:42:31.036527
2019-08-05,0001-01-01,103948,1136,completed,39,2021-06-15 05:42:31.036527
2019-08-05,0001-01-01,103952,1410,completed,39,2021-06-15 05:42:31.036527
2019-08-05,0001-01-01,103952,1412,completed,39,2021-06-15 05:42:31.036527
2019-08-05,0001-01-01,103952,1266,completed,39,2021-06-15 05:42:31.036527
2019-08-05,0001-01-01,103952,1413,completed,39,2021-06-15 05:42:31.036527
2019-08-05,0001-01-01,103952,1414,completed,39,2021-06-15 05:42:31.036527
2019-08-05,0001-01-01,103955,1287,completed,39,2021-06-15 05:42:31.036527
2019-08-05,0001-01-01,103955,1295,completed,39,2021-06-15 05:42:31.036527
2019-08-05,0001-01-01,103955,1296,completed,39,2021-06-15 05:42:31.036527
2019-08-05,0001-01-01,103955,1297,completed,39,2021-06-15 05:42:31.036527
2019-08-05,0001-01-01,103955,1302,completed,39,2021-06-15 05:42:31.036527
2019-08-05,0001-01-01,103975,1335,completed,39,2021-06-15 05:42:31.036527
2019-08-05,0001-01-01,103975,1411,completed,39,2021-06-15 05:42:31.036527
2019-08-05,0001-01-01,103975,1412,completed,39,2021-06-15 05:42:31.036527
2019-08-05,0001-01-01,103975,1413,completed,39,2021-06-15 05:42:31.036527
2019-08-05,0001-01-01,103980,1228,completed,39,2021-06-15 05:42:31.036527
2019-08-05,0001-01-01,103980,1130,completed,39,2021-06-15 05:42:31.036527
2019-08-05,0001-01-01,103980,1131,completed,39,2021-06-15 05:42:31.036527
2019-08-05,0001-01-01,103989,1128,completed,39,2021-06-15 05:42:31.036527
2019-08-05,0001-01-01,103990,1408,completed,39,2021-06-15 05:42:31.036527
2019-08-05,0001-01-01,103990,1401,completed,39,2021-06-15 05:42:31.036527
2019-08-05,0001-01-01,103990,1409,completed,39,2021-06-15 05:42:31.036527
2019-08-05,0001-01-01,103990,1410,completed,39,2021-06-15 05:42:31.036527
2019-08-05,0001-01-01,102000,1156,completed,39,2021-06-15 05:42:31.036527
2019-08-05,0001-01-01,102000,1159,completed,39,2021-06-15 05:42:31.036527
2019-08-05,0001-01-01,102000,1172,completed,39,2021-06-15 05:42:31.036527
2019-08-05,0001-01-01,102003,1374,completed,39,2021-06-15 05:42:31.036527
2019-08-05,0001-01-01,102003,1375,completed,39,2021-06-15 05:42:31.036527
2019-08-05,0001-01-01,102003,1376,completed,39,2021-06-15 05:42:31.036527
2019-08-05,0001-01-01,102003,1377,completed,39,2021-06-15 05:42:31.036527
2019-08-05,0001-01-01,102003,1379,completed,39,2021-06-15 05:42:31.036527
2019-08-05,0001-01-01,102012,1311,completed,39,2021-06-15 05:42:31.036527
2019-08-05,0001-01-01,102012,1312,completed,39,2021-06-15 05:42:31.036527
2019-08-05,0001-01-01,102012,1313,completed,39,2021-06-15 05:42:31.036527
2019-08-05,0001-01-01,102013,1168,completed,39,2021-06-15 05:42:31.036527
2019-08-05,0001-01-01,102013,1170,completed,39,2021-06-15 05:42:31.036527
2019-08-05,0001-01-01,102013,1171,completed,39,2021-06-15 05:42:31.036527
2019-08-05,0001-01-01,102013,1174,completed,39,2021-06-15 05:42:31.036527
2019-08-05,0001-01-01,102013,1176,completed,39,2021-06-15 05:42:31.036527
2019-08-05,0001-01-01,102018,1306,completed,39,2021-06-15 05:42:31.036527
2019-08-05,0001-01-01,102018,1421,completed,39,2021-06-15 05:42:31.036527
2019-08-05,0001-01-01,102031,1140,completed,39,2021-06-15 05:42:31.036527
2019-08-05,0001-01-01,102068,1310,completed,39,2021-06-15 05:42:31.036527
2019-08-05,0001-01-01,102068,1312,completed,39,2021-06-15 05:42:31.036527
2019-08-05,0001-01-01,102070,1369,completed,39,2021-06-15 05:42:31.036527
2019-08-05,0001-01-01,102070,1370,completed,39,2021-06-15 05:42:31.036527
2019-08-05,0001-01-01,102070,1373,completed,39,2021-06-15 05:42:31.036527
2019-08-05,0001-01-01,102098,1417,completed,39,2021-06-15 05:42:31.036527
2019-08-05,0001-01-01,102098,1421,completed,39,2021-06-15 05:42:31.036527
2019-08-05,0001-01-01,102098,1422,completed,39,2021-06-15 05:42:31.036527
2019-08-05,0001-01-01,102109,1307,completed,39,2021-06-15 05:42:31.036527
2019-08-05,0001-01-01,102109,1309,completed,39,2021-06-15 05:42:31.036527
2019-08-05,0001-01-01,102109,1310,completed,39,2021-06-15 05:42:31.036527
2019-08-05,0001-01-01,102109,1313,completed,39,2021-06-15 05:42:31.036527
2019-08-05,0001-01-01,102120,1381,completed,39,2021-06-15 05:42:31.036527
2019-08-05,0001-01-01,102120,1159,completed,39,2021-06-15 05:42:31.036527
2019-08-05,0001-01-01,102120,1167,completed,39,2021-06-15 05:42:31.036527
2019-08-05,0001-01-01,102126,1309,completed,39,2021-06-15 05:42:31.036527
2019-08-05,0001-01-01,102126,1310,completed,39,2021-06-15 05:42:31.036527
2019-08-05,0001-01-01,102126,1313,completed,39,2021-06-15 05:42:31.036527
2019-08-05,0001-01-01,102130,1224,completed,39,2021-06-15 05:42:31.036527
2019-08-05,0001-01-01,102130,1421,completed,39,2021-06-15 05:42:31.036527
2019-08-05,0001-01-01,102130,1422,completed,39,2021-06-15 05:42:31.036527
2019-08-05,0001-01-01,102130,1231,completed,39,2021-06-15 05:42:31.036527
2019-08-05,0001-01-01,102137,1421,completed,39,2021-06-15 05:42:31.036527
2019-08-05,0001-01-01,102137,1422,completed,39,2021-06-15 05:42:31.036527
2019-08-05,0001-01-01,102137,1240,completed,39,2021-06-15 05:42:31.036527
2019-08-05,0001-01-01,102138,1145,completed,39,2021-06-15 05:42:31.036527
2019-08-05,0001-01-01,102138,1154,completed,39,2021-06-15 05:42:31.036527
2019-08-05,0001-01-01,102138,1157,completed,39,2021-06-15 05:42:31.036527
2019-08-05,0001-01-01,102141,1422,completed,39,2021-06-15 05:42:31.036527
2019-08-05,0001-01-01,102164,1165,completed,39,2021-06-15 05:42:31.036527
2019-08-05,0001-01-01,102164,1168,completed,39,2021-06-15 05:42:31.036527
2019-08-05,0001-01-01,102185,1420,completed,39,2021-06-15 05:42:31.036527
2019-08-05,0001-01-01,102185,1131,completed,39,2021-06-15 05:42:31.036527
2019-08-05,0001-01-01,102185,1153,completed,39,2021-06-15 05:42:31.036527
2019-08-05,0001-01-01,102213,1364,completed,39,2021-06-15 05:42:31.036527
2019-08-05,0001-01-01,102213,1372,completed,39,2021-06-15 05:42:31.036527
2019-08-05,0001-01-01,102213,1373,completed,39,2021-06-15 05:42:31.036527
2019-08-05,0001-01-01,102213,1153,completed,39,2021-06-15 05:42:31.036527
2019-08-05,0001-01-01,102225,1143,completed,39,2021-06-15 05:42:31.036527
2019-08-05,0001-01-01,102225,1148,completed,39,2021-06-15 05:42:31.036527
2019-08-05,0001-01-01,102225,1150,completed,39,2021-06-15 05:42:31.036527
2019-08-05,0001-01-01,102225,1373,completed,39,2021-06-15 05:42:31.036527
2019-08-05,0001-01-01,102230,1309,completed,39,2021-06-15 05:42:31.036527
2019-08-05,0001-01-01,102230,1310,completed,39,2021-06-15 05:42:31.036527
2019-08-05,0001-01-01,102230,1311,completed,39,2021-06-15 05:42:31.036527
2019-08-05,0001-01-01,102230,1312,completed,39,2021-06-15 05:42:31.036527
2019-08-05,0001-01-01,102230,1313,completed,39,2021-06-15 05:42:31.036527
2019-08-05,0001-01-01,102233,1307,completed,39,2021-06-15 05:42:31.036527
2019-08-05,0001-01-01,102233,1309,completed,39,2021-06-15 05:42:31.036527
2019-08-05,0001-01-01,102233,1313,completed,39,2021-06-15 05:42:31.036527
2019-08-05,0001-01-01,102256,1415,completed,39,2021-06-15 05:42:31.036527
2019-08-05,0001-01-01,102256,1416,completed,39,2021-06-15 05:42:31.036527
2019-08-05,0001-01-01,102256,1418,completed,39,2021-06-15 05:42:31.036527
2019-08-05,0001-01-01,102256,1420,completed,39,2021-06-15 05:42:31.036527
2019-08-05,0001-01-01,102278,1157,completed,39,2021-06-15 05:42:31.036527
2019-08-05,0001-01-01,102278,1159,completed,39,2021-06-15 05:42:31.036527
2019-08-05,0001-01-01,102278,1161,completed,39,2021-06-15 05:42:31.036527
2019-08-05,0001-01-01,102285,1306,completed,39,2021-06-15 05:42:31.036527
2019-08-05,0001-01-01,102285,1307,completed,39,2021-06-15 05:42:31.036527
2019-08-05,0001-01-01,102285,1309,completed,39,2021-06-15 05:42:31.036527
2019-08-05,0001-01-01,102285,1311,completed,39,2021-06-15 05:42:31.036527
2019-08-05,0001-01-01,102316,1309,completed,39,2021-06-15 05:42:31.036527
2019-08-05,0001-01-01,102316,1310,completed,39,2021-06-15 05:42:31.036527
2019-08-05,0001-01-01,102316,1311,completed,39,2021-06-15 05:42:31.036527
2019-08-05,0001-01-01,102316,1312,completed,39,2021-06-15 05:42:31.036527
2019-08-05,0001-01-01,102318,1310,completed,39,2021-06-15 05:42:31.036527
2019-08-05,0001-01-01,102318,1311,completed,39,2021-06-15 05:42:31.036527
2019-08-05,0001-01-01,102318,1312,completed,39,2021-06-15 05:42:31.036527
2019-08-05,0001-01-01,102318,1313,completed,39,2021-06-15 05:42:31.036527
2019-08-05,0001-01-01,102320,1304,completed,39,2021-06-15 05:42:31.036527
2019-08-05,0001-01-01,102320,1305,completed,39,2021-06-15 05:42:31.036527
2019-08-05,0001-01-01,102320,1307,completed,39,2021-06-15 05:42:31.036527
2019-08-05,0001-01-01,102320,1312,completed,39,2021-06-15 05:42:31.036527
2019-08-05,0001-01-01,102331,1145,completed,39,2021-06-15 05:42:31.036527
2019-08-05,0001-01-01,102363,1366,completed,39,2021-06-15 05:42:31.036527
2019-08-05,0001-01-01,102363,1372,completed,39,2021-06-15 05:42:31.036527
2019-08-05,0001-01-01,102363,1373,completed,39,2021-06-15 05:42:31.036527
2019-08-05,0001-01-01,102365,1311,completed,39,2021-06-15 05:42:31.036527
2019-08-05,0001-01-01,102365,1312,completed,39,2021-06-15 05:42:31.036527
2019-08-05,0001-01-01,102365,1313,completed,39,2021-06-15 05:42:31.036527
2019-08-05,0001-01-01,102368,1422,completed,39,2021-06-15 05:42:31.036527
2019-08-05,0001-01-01,102368,1152,completed,39,2021-06-15 05:42:31.036527
2019-08-05,0001-01-01,102369,1134,completed,39,2021-06-15 05:42:31.036527
2019-08-05,0001-01-01,102369,1142,completed,39,2021-06-15 05:42:31.036527
2019-08-05,0001-01-01,102390,1421,completed,39,2021-06-15 05:42:31.036527
2019-08-05,0001-01-01,102390,1233,completed,39,2021-06-15 05:42:31.036527
2019-08-05,0001-01-01,102392,1364,completed,39,2021-06-15 05:42:31.036527
2019-08-05,0001-01-01,102392,1365,completed,39,2021-06-15 05:42:31.036527
2019-08-05,0001-01-01,102392,1368,completed,39,2021-06-15 05:42:31.036527
2019-08-05,0001-01-01,102392,1371,completed,39,2021-06-15 05:42:31.036527
2019-08-05,0001-01-01,102392,1372,completed,39,2021-06-15 05:42:31.036527
2019-08-05,0001-01-01,102396,1367,completed,39,2021-06-15 05:42:31.036527
2019-08-05,0001-01-01,102396,1368,completed,39,2021-06-15 05:42:31.036527
2019-08-05,0001-01-01,102396,1369,completed,39,2021-06-15 05:42:31.036527
2019-08-05,0001-01-01,102396,1375,completed,39,2021-06-15 05:42:31.036527
2019-08-05,0001-01-01,102399,1241,completed,39,2021-06-15 05:42:31.036527
2019-08-05,0001-01-01,102399,1157,completed,39,2021-06-15 05:42:31.036527
2019-08-05,0001-01-01,102415,1420,completed,39,2021-06-15 05:42:31.036527
2019-08-05,0001-01-01,102415,1421,completed,39,2021-06-15 05:42:31.036527
2019-08-05,0001-01-01,102415,1422,completed,39,2021-06-15 05:42:31.036527
2019-08-05,0001-01-01,102415,1309,completed,39,2021-06-15 05:42:31.036527
2019-08-05,0001-01-01,102443,1307,completed,39,2021-06-15 05:42:31.036527
2019-08-05,0001-01-01,102443,1309,completed,39,2021-06-15 05:42:31.036527
2019-08-05,0001-01-01,102443,1311,completed,39,2021-06-15 05:42:31.036527
2019-08-05,0001-01-01,102443,1312,completed,39,2021-06-15 05:42:31.036527
2019-08-05,0001-01-01,102443,1313,completed,39,2021-06-15 05:42:31.036527
2019-08-05,0001-01-01,102449,1373,completed,39,2021-06-15 05:42:31.036527
2019-08-05,0001-01-01,102449,1376,completed,39,2021-06-15 05:42:31.036527
2019-08-05,0001-01-01,102449,1377,completed,39,2021-06-15 05:42:31.036527
2019-08-05,0001-01-01,102452,1422,completed,39,2021-06-15 05:42:31.036527
2019-08-05,0001-01-01,102452,1371,completed,39,2021-06-15 05:42:31.036527
2019-08-05,0001-01-01,102454,1418,completed,39,2021-06-15 05:42:31.036527
2019-08-05,0001-01-01,102454,1273,completed,39,2021-06-15 05:42:31.036527
2019-08-05,0001-01-01,102454,1421,completed,39,2021-06-15 05:42:31.036527
2019-08-05,0001-01-01,102454,1422,completed,39,2021-06-15 05:42:31.036527
2019-08-05,0001-01-01,102454,1227,completed,39,2021-06-15 05:42:31.036527
2019-08-05,0001-01-01,102461,1240,completed,39,2021-06-15 05:42:31.036527
2019-08-05,0001-01-01,102461,1141,completed,39,2021-06-15 05:42:31.036527
2019-08-05,0001-01-01,102461,1143,completed,39,2021-06-15 05:42:31.036527
2019-08-05,0001-01-01,102461,1157,completed,39,2021-06-15 05:42:31.036527
2019-08-05,0001-01-01,102464,1418,completed,39,2021-06-15 05:42:31.036527
2019-08-05,0001-01-01,102464,1345,completed,39,2021-06-15 05:42:31.036527
2019-08-05,0001-01-01,102465,1368,completed,39,2021-06-15 05:42:31.036527
2019-08-05,0001-01-01,102465,1371,completed,39,2021-06-15 05:42:31.036527
2019-08-05,0001-01-01,102465,1372,completed,39,2021-06-15 05:42:31.036527
2019-08-05,0001-01-01,102465,1375,completed,39,2021-06-15 05:42:31.036527
2019-08-05,0001-01-01,102475,1307,completed,39,2021-06-15 05:42:31.036527
2019-08-05,0001-01-01,102475,1309,completed,39,2021-06-15 05:42:31.036527
2019-08-05,0001-01-01,102475,1313,completed,39,2021-06-15 05:42:31.036527
2019-08-05,0001-01-01,102475,1233,completed,39,2021-06-15 05:42:31.036527
2019-08-05,0001-01-01,102480,1368,completed,39,2021-06-15 05:42:31.036527
2019-08-05,0001-01-01,102480,1369,completed,39,2021-06-15 05:42:31.036527
2019-08-05,0001-01-01,102480,1377,completed,39,2021-06-15 05:42:31.036527
2019-08-05,0001-01-01,102480,1380,completed,39,2021-06-15 05:42:31.036527
2019-08-05,0001-01-01,102505,1143,completed,39,2021-06-15 05:42:31.036527
2019-08-05,0001-01-01,102505,1163,completed,39,2021-06-15 05:42:31.036527
2019-08-05,0001-01-01,102505,1171,completed,39,2021-06-15 05:42:31.036527
2019-08-05,0001-01-01,102510,1381,completed,39,2021-06-15 05:42:31.036527
2019-08-05,0001-01-01,102515,1421,completed,39,2021-06-15 05:42:31.036527
2019-08-05,0001-01-01,102515,1422,completed,39,2021-06-15 05:42:31.036527
2019-08-05,0001-01-01,102515,1156,completed,39,2021-06-15 05:42:31.036527
2019-08-05,0001-01-01,102521,1307,completed,39,2021-06-15 05:42:31.036527
2019-08-05,0001-01-01,102521,1310,completed,39,2021-06-15 05:42:31.036527
2019-08-05,0001-01-01,102521,1311,completed,39,2021-06-15 05:42:31.036527
2019-08-05,0001-01-01,102521,1312,completed,39,2021-06-15 05:42:31.036527
2019-08-05,0001-01-01,102522,1148,completed,39,2021-06-15 05:42:31.036527
2019-08-05,0001-01-01,102522,1151,completed,39,2021-06-15 05:42:31.036527
2019-08-05,0001-01-01,102522,1162,completed,39,2021-06-15 05:42:31.036527
2019-08-05,0001-01-01,102536,1372,completed,39,2021-06-15 05:42:31.036527
2019-08-05,0001-01-01,102536,1374,completed,39,2021-06-15 05:42:31.036527
2019-08-05,0001-01-01,102536,1376,completed,39,2021-06-15 05:42:31.036527
2019-08-05,0001-01-01,102588,1148,completed,39,2021-06-15 05:42:31.036527
2019-08-05,0001-01-01,102588,1154,completed,39,2021-06-15 05:42:31.036527
2019-08-05,0001-01-01,102588,1159,completed,39,2021-06-15 05:42:31.036527
2019-08-05,0001-01-01,102588,1162,completed,39,2021-06-15 05:42:31.036527
2019-08-05,0001-01-01,102595,1367,completed,39,2021-06-15 05:42:31.036527
2019-08-05,0001-01-01,102595,1368,completed,39,2021-06-15 05:42:31.036527
2019-08-05,0001-01-01,102595,1147,completed,39,2021-06-15 05:42:31.036527
2019-08-05,0001-01-01,102595,1370,completed,39,2021-06-15 05:42:31.036527
2019-08-05,0001-01-01,102595,1372,completed,39,2021-06-15 05:42:31.036527
2019-08-05,0001-01-01,102603,1138,completed,39,2021-06-15 05:42:31.036527
2019-08-05,0001-01-01,102604,1311,completed,39,2021-06-15 05:42:31.036527
2019-08-05,0001-01-01,102605,1147,completed,39,2021-06-15 05:42:31.036527
2019-08-05,0001-01-01,102607,1145,completed,39,2021-06-15 05:42:31.036527
2019-08-05,0001-01-01,102607,1159,completed,39,2021-06-15 05:42:31.036527
2019-08-05,0001-01-01,102610,1312,completed,39,2021-06-15 05:42:31.036527
2019-08-05,0001-01-01,102610,1313,completed,39,2021-06-15 05:42:31.036527
2019-08-05,0001-01-01,102610,1357,completed,39,2021-06-15 05:42:31.036527
2019-08-05,0001-01-01,102610,1378,completed,39,2021-06-15 05:42:31.036527
2019-08-05,0001-01-01,102621,1307,completed,39,2021-06-15 05:42:31.036527
2019-08-05,0001-01-01,102621,1309,completed,39,2021-06-15 05:42:31.036527
2019-08-05,0001-01-01,102621,1310,completed,39,2021-06-15 05:42:31.036527
2019-08-05,0001-01-01,102621,1311,completed,39,2021-06-15 05:42:31.036527
2019-08-05,0001-01-01,102623,1161,completed,39,2021-06-15 05:42:31.036527
2019-08-05,0001-01-01,102623,1162,completed,39,2021-06-15 05:42:31.036527
2019-08-05,0001-01-01,102624,1155,completed,39,2021-06-15 05:42:31.036527
2019-08-05,0001-01-01,102636,1357,completed,39,2021-06-15 05:42:31.036527
2019-08-05,0001-01-01,102636,1360,completed,39,2021-06-15 05:42:31.036527
2019-08-05,0001-01-01,102636,1366,completed,39,2021-06-15 05:42:31.036527
2019-08-05,0001-01-01,102636,1367,completed,39,2021-06-15 05:42:31.036527
2019-08-05,0001-01-01,102636,1368,completed,39,2021-06-15 05:42:31.036527
2019-08-05,0001-01-01,102648,1139,completed,39,2021-06-15 05:42:31.036527
2019-08-05,0001-01-01,102648,1154,completed,39,2021-06-15 05:42:31.036527
2019-08-05,0001-01-01,102650,1418,completed,39,2021-06-15 05:42:31.036527
2019-08-05,0001-01-01,102650,1420,completed,39,2021-06-15 05:42:31.036527
2019-08-05,0001-01-01,102650,1421,completed,39,2021-06-15 05:42:31.036527
2019-08-05,0001-01-01,102657,1416,completed,39,2021-06-15 05:42:31.036527
2019-08-05,0001-01-01,102657,1417,completed,39,2021-06-15 05:42:31.036527
2019-08-05,0001-01-01,102657,1418,completed,39,2021-06-15 05:42:31.036527
2019-08-05,0001-01-01,102663,1311,completed,39,2021-06-15 05:42:31.036527
2019-08-05,0001-01-01,102663,1313,completed,39,2021-06-15 05:42:31.036527
2019-08-05,0001-01-01,102665,1346,completed,39,2021-06-15 05:42:31.036527
2019-08-05,0001-01-01,102665,1421,completed,39,2021-06-15 05:42:31.036527
2019-08-05,0001-01-01,102665,1422,completed,39,2021-06-15 05:42:31.036527
2019-08-05,0001-01-01,102665,1139,completed,39,2021-06-15 05:42:31.036527
2019-08-05,0001-01-01,102716,1345,completed,39,2021-06-15 05:42:31.036527
2019-08-05,0001-01-01,102716,1422,completed,39,2021-06-15 05:42:31.036527
2019-08-05,0001-01-01,102719,1307,completed,39,2021-06-15 05:42:31.036527
2019-08-05,0001-01-01,102719,1309,completed,39,2021-06-15 05:42:31.036527
2019-08-05,0001-01-01,102719,1312,completed,39,2021-06-15 05:42:31.036527
2019-08-05,0001-01-01,102725,1365,completed,39,2021-06-15 05:42:31.036527
2019-08-05,0001-01-01,102725,1366,completed,39,2021-06-15 05:42:31.036527
2019-08-05,0001-01-01,102725,1368,completed,39,2021-06-15 05:42:31.036527
2019-08-05,0001-01-01,102725,1374,completed,39,2021-06-15 05:42:31.036527
2019-08-05,0001-01-01,102726,1306,completed,39,2021-06-15 05:42:31.036527
2019-08-05,0001-01-01,102726,1125,completed,39,2021-06-15 05:42:31.036527
2019-08-05,0001-01-01,102726,1309,completed,39,2021-06-15 05:42:31.036527
2019-08-05,0001-01-01,102739,1150,completed,39,2021-06-15 05:42:31.036527
2019-08-05,0001-01-01,102745,1239,completed,39,2021-06-15 05:42:31.036527
2019-08-05,0001-01-01,102745,1156,completed,39,2021-06-15 05:42:31.036527
2019-08-05,0001-01-01,102745,1157,completed,39,2021-06-15 05:42:31.036527
2019-08-05,0001-01-01,102745,1161,completed,39,2021-06-15 05:42:31.036527
2019-08-05,0001-01-01,102748,1155,completed,39,2021-06-15 05:42:31.036527
2019-08-05,0001-01-01,102748,1161,completed,39,2021-06-15 05:42:31.036527
2019-08-05,0001-01-01,102748,1164,completed,39,2021-06-15 05:42:31.036527
2019-08-05,0001-01-01,102753,1420,completed,39,2021-06-15 05:42:31.036527
2019-08-05,0001-01-01,102753,1421,completed,39,2021-06-15 05:42:31.036527
2019-08-05,0001-01-01,102753,1349,completed,39,2021-06-15 05:42:31.036527
2019-08-05,0001-01-01,102755,1306,completed,39,2021-06-15 05:42:31.036527
2019-08-05,0001-01-01,102755,1309,completed,39,2021-06-15 05:42:31.036527
2019-08-05,0001-01-01,102755,1311,completed,39,2021-06-15 05:42:31.036527
2019-08-05,0001-01-01,102755,1312,completed,39,2021-06-15 05:42:31.036527
2019-08-05,0001-01-01,102769,1418,completed,39,2021-06-15 05:42:31.036527
2019-08-05,0001-01-01,102769,1420,completed,39,2021-06-15 05:42:31.036527
2019-08-05,0001-01-01,102769,1422,completed,39,2021-06-15 05:42:31.036527
2019-08-05,0001-01-01,102781,1370,completed,39,2021-06-15 05:42:31.036527
2019-08-05,0001-01-01,102781,1371,completed,39,2021-06-15 05:42:31.036527
2019-08-05,0001-01-01,102783,1162,completed,39,2021-06-15 05:42:31.036527
2019-08-05,0001-01-01,102783,1165,completed,39,2021-06-15 05:42:31.036527
2019-08-05,0001-01-01,102783,1168,completed,39,2021-06-15 05:42:31.036527
2019-08-05,0001-01-01,102802,1374,completed,39,2021-06-15 05:42:31.036527
2019-08-05,0001-01-01,102809,1364,completed,39,2021-06-15 05:42:31.036527
2019-08-05,0001-01-01,102818,1306,completed,39,2021-06-15 05:42:31.036527
2019-08-05,0001-01-01,102818,1307,completed,39,2021-06-15 05:42:31.036527
2019-08-05,0001-01-01,102818,1309,completed,39,2021-06-15 05:42:31.036527
2019-08-05,0001-01-01,102818,1310,completed,39,2021-06-15 05:42:31.036527
2019-08-05,0001-01-01,102840,1370,completed,39,2021-06-15 05:42:31.036527
2019-08-05,0001-01-01,102840,1372,completed,39,2021-06-15 05:42:31.036527
2019-08-05,0001-01-01,102840,1375,completed,39,2021-06-15 05:42:31.036527
2019-08-05,0001-01-01,102854,1305,completed,39,2021-06-15 05:42:31.036527
2019-08-05,0001-01-01,102854,1311,completed,39,2021-06-15 05:42:31.036527
2019-08-05,0001-01-01,102854,1312,completed,39,2021-06-15 05:42:31.036527
2019-08-05,0001-01-01,102864,1310,completed,39,2021-06-15 05:42:31.036527
2019-08-05,0001-01-01,102864,1312,completed,39,2021-06-15 05:42:31.036527
2019-08-05,0001-01-01,102864,1313,completed,39,2021-06-15 05:42:31.036527
2019-08-05,0001-01-01,102865,1309,completed,39,2021-06-15 05:42:31.036527
2019-08-05,0001-01-01,102865,1310,completed,39,2021-06-15 05:42:31.036527
2019-08-05,0001-01-01,102865,1311,completed,39,2021-06-15 05:42:31.036527
2019-08-05,0001-01-01,102865,1312,completed,39,2021-06-15 05:42:31.036527
2019-08-05,0001-01-01,102871,1154,completed,39,2021-06-15 05:42:31.036527
2019-08-05,0001-01-01,102871,1164,completed,39,2021-06-15 05:42:31.036527
2019-08-05,0001-01-01,102884,1161,completed,39,2021-06-15 05:42:31.036527
2019-08-05,0001-01-01,102884,1162,completed,39,2021-06-15 05:42:31.036527
2019-08-05,0001-01-01,102884,1165,completed,39,2021-06-15 05:42:31.036527
2019-08-05,0001-01-01,102888,1148,completed,39,2021-06-15 05:42:31.036527
2019-08-05,0001-01-01,102888,1151,completed,39,2021-06-15 05:42:31.036527
2019-08-05,0001-01-01,102888,1152,completed,39,2021-06-15 05:42:31.036527
2019-08-05,0001-01-01,102897,1345,completed,39,2021-06-15 05:42:31.036527
2019-08-05,0001-01-01,102897,1307,completed,39,2021-06-15 05:42:31.036527
2019-08-05,0001-01-01,102897,1310,completed,39,2021-06-15 05:42:31.036527
2019-08-05,0001-01-01,102897,1311,completed,39,2021-06-15 05:42:31.036527
2019-08-05,0001-01-01,102897,1312,completed,39,2021-06-15 05:42:31.036527
2019-08-05,0001-01-01,102901,1310,completed,39,2021-06-15 05:42:31.036527
2019-08-05,0001-01-01,102901,1313,completed,39,2021-06-15 05:42:31.036527
2019-08-05,0001-01-01,102901,1159,completed,39,2021-06-15 05:42:31.036527
2019-08-05,0001-01-01,102902,1313,completed,39,2021-06-15 05:42:31.036527
2019-08-05,0001-01-01,102905,1150,completed,39,2021-06-15 05:42:31.036527
2019-08-05,0001-01-01,102905,1375,completed,39,2021-06-15 05:42:31.036527
2019-08-05,0001-01-01,102907,1306,completed,39,2021-06-15 05:42:31.036527
2019-08-05,0001-01-01,102907,1307,completed,39,2021-06-15 05:42:31.036527
2019-08-05,0001-01-01,102907,1309,completed,39,2021-06-15 05:42:31.036527
2019-08-05,0001-01-01,102907,1310,completed,39,2021-06-15 05:42:31.036527
2019-08-05,0001-01-01,102917,1155,completed,39,2021-06-15 05:42:31.036527
2019-08-05,0001-01-01,102917,1157,completed,39,2021-06-15 05:42:31.036527
2019-08-05,0001-01-01,102917,1161,completed,39,2021-06-15 05:42:31.036527
2019-08-05,0001-01-01,102917,1162,completed,39,2021-06-15 05:42:31.036527
2019-08-05,0001-01-01,102917,1163,completed,39,2021-06-15 05:42:31.036527
2019-08-05,0001-01-01,102930,1354,completed,39,2021-06-15 05:42:31.036527
2019-08-05,0001-01-01,102930,1361,completed,39,2021-06-15 05:42:31.036527
2019-08-05,0001-01-01,102930,1363,completed,39,2021-06-15 05:42:31.036527
2019-08-05,0001-01-01,102946,1416,completed,39,2021-06-15 05:42:31.036527
2019-08-05,0001-01-01,102946,1221,completed,39,2021-06-15 05:42:31.036527
2019-08-05,0001-01-01,102946,1418,completed,39,2021-06-15 05:42:31.036527
2019-08-05,0001-01-01,102963,1152,completed,39,2021-06-15 05:42:31.036527
2019-08-05,0001-01-01,102969,1352,completed,39,2021-06-15 05:42:31.036527
2019-08-05,0001-01-01,102969,1356,completed,39,2021-06-15 05:42:31.036527
2019-08-05,0001-01-01,102969,1358,completed,39,2021-06-15 05:42:31.036527
2019-08-05,0001-01-01,102985,1420,completed,39,2021-06-15 05:42:31.036527
2019-08-05,0001-01-01,102985,1422,completed,39,2021-06-15 05:42:31.036527
2019-08-05,0001-01-01,102994,1232,completed,39,2021-06-15 05:42:31.036527
2019-08-05,0001-01-01,102994,1139,completed,39,2021-06-15 05:42:31.036527
2020-01-06,0001-01-01,105011,1194,completed,40,2021-06-15 06:17:39.794035
2020-01-06,0001-01-01,105014,1277,completed,40,2021-06-15 06:17:39.794035
2020-01-06,0001-01-01,105014,1289,completed,40,2021-06-15 06:17:39.794035
2020-01-06,0001-01-01,105014,1282,completed,40,2021-06-15 06:17:39.794035
2020-01-06,0001-01-01,105014,1290,completed,40,2021-06-15 06:17:39.794035
2020-01-06,0001-01-01,105050,1256,completed,40,2021-06-15 06:17:39.794035
2020-01-06,0001-01-01,105050,1207,completed,40,2021-06-15 06:17:39.794035
2020-01-06,0001-01-01,105051,1392,completed,40,2021-06-15 06:17:39.794035
2020-01-06,0001-01-01,105051,1404,completed,40,2021-06-15 06:17:39.794035
2020-01-06,0001-01-01,105051,1330,completed,40,2021-06-15 06:17:39.794035
2020-01-06,0001-01-01,105051,1393,completed,40,2021-06-15 06:17:39.794035
2020-01-06,0001-01-01,105054,1091,completed,40,2021-06-15 06:17:39.794035
2020-01-06,0001-01-01,105064,1196,completed,40,2021-06-15 06:17:39.794035
2020-01-06,0001-01-01,105064,1258,completed,40,2021-06-15 06:17:39.794035
2020-01-06,0001-01-01,105065,1322,completed,40,2021-06-15 06:17:39.794035
2020-01-06,0001-01-01,105078,1318,completed,40,2021-06-15 06:17:39.794035
2020-01-06,0001-01-01,105078,1331,completed,40,2021-06-15 06:17:39.794035
2020-01-06,0001-01-01,105078,1259,completed,40,2021-06-15 06:17:39.794035
2020-01-06,0001-01-01,105078,1320,completed,40,2021-06-15 06:17:39.794035
2020-01-06,0001-01-01,105097,1391,completed,40,2021-06-15 06:17:39.794035
2020-01-06,0001-01-01,105097,1392,completed,40,2021-06-15 06:17:39.794035
2020-01-06,0001-01-01,105097,1404,completed,40,2021-06-15 06:17:39.794035
2020-01-06,0001-01-01,105104,1289,completed,40,2021-06-15 06:17:39.794035
2020-01-06,0001-01-01,105104,1282,completed,40,2021-06-15 06:17:39.794035
2020-01-06,0001-01-01,105104,1200,completed,40,2021-06-15 06:17:39.794035
2020-01-06,0001-01-01,105104,1291,completed,40,2021-06-15 06:17:39.794035
2020-01-06,0001-01-01,105109,1318,completed,40,2021-06-15 06:17:39.794035
2020-01-06,0001-01-01,105109,1319,completed,40,2021-06-15 06:17:39.794035
2020-01-06,0001-01-01,105111,1403,completed,40,2021-06-15 06:17:39.794035
2020-01-06,0001-01-01,105111,1392,completed,40,2021-06-15 06:17:39.794035
2020-01-06,0001-01-01,105111,1404,completed,40,2021-06-15 06:17:39.794035
2020-01-06,0001-01-01,105111,1405,completed,40,2021-06-15 06:17:39.794035
2020-01-06,0001-01-01,105111,1398,completed,40,2021-06-15 06:17:39.794035
2020-01-06,0001-01-01,105127,1277,completed,40,2021-06-15 06:17:39.794035
2020-01-06,0001-01-01,105127,1289,completed,40,2021-06-15 06:17:39.794035
2020-01-06,0001-01-01,105157,1207,completed,40,2021-06-15 06:17:39.794035
2020-01-06,0001-01-01,105157,1250,completed,40,2021-06-15 06:17:39.794035
2020-01-06,0001-01-01,105179,1107,completed,40,2021-06-15 06:17:39.794035
2020-01-06,0001-01-01,105179,1207,completed,40,2021-06-15 06:17:39.794035
2020-01-06,0001-01-01,105179,1250,completed,40,2021-06-15 06:17:39.794035
2020-01-06,0001-01-01,105198,1252,completed,40,2021-06-15 06:17:39.794035
2020-01-06,0001-01-01,105198,1210,completed,40,2021-06-15 06:17:39.794035
2020-01-06,0001-01-01,105212,1259,completed,40,2021-06-15 06:17:39.794035
2020-01-06,0001-01-01,105214,1289,completed,40,2021-06-15 06:17:39.794035
2020-01-06,0001-01-01,105214,1282,completed,40,2021-06-15 06:17:39.794035
2020-01-06,0001-01-01,105214,1290,completed,40,2021-06-15 06:17:39.794035
2020-01-06,0001-01-01,105214,1283,completed,40,2021-06-15 06:17:39.794035
2020-01-06,0001-01-01,105214,1279,completed,40,2021-06-15 06:17:39.794035
2020-01-06,0001-01-01,105226,1404,completed,40,2021-06-15 06:17:39.794035
2020-01-06,0001-01-01,105236,1282,completed,40,2021-06-15 06:17:39.794035
2020-01-06,0001-01-01,105236,1283,completed,40,2021-06-15 06:17:39.794035
2020-01-06,0001-01-01,105236,1279,completed,40,2021-06-15 06:17:39.794035
2020-01-06,0001-01-01,105236,1291,completed,40,2021-06-15 06:17:39.794035
2020-01-06,0001-01-01,105257,1290,completed,40,2021-06-15 06:17:39.794035
2020-01-06,0001-01-01,105257,1283,completed,40,2021-06-15 06:17:39.794035
2020-01-06,0001-01-01,105257,1291,completed,40,2021-06-15 06:17:39.794035
2020-01-06,0001-01-01,105266,1395,completed,40,2021-06-15 06:17:39.794035
2020-01-06,0001-01-01,105266,1391,completed,40,2021-06-15 06:17:39.794035
2020-01-06,0001-01-01,105266,1396,completed,40,2021-06-15 06:17:39.794035
2020-01-06,0001-01-01,105266,1392,completed,40,2021-06-15 06:17:39.794035
2020-01-06,0001-01-01,105267,1281,completed,40,2021-06-15 06:17:39.794035
2020-01-06,0001-01-01,105267,1282,completed,40,2021-06-15 06:17:39.794035
2020-01-06,0001-01-01,105267,1290,completed,40,2021-06-15 06:17:39.794035
2020-01-06,0001-01-01,105267,1283,completed,40,2021-06-15 06:17:39.794035
2020-01-06,0001-01-01,105288,1207,completed,40,2021-06-15 06:17:39.794035
2020-01-06,0001-01-01,105288,1392,completed,40,2021-06-15 06:17:39.794035
2020-01-06,0001-01-01,105302,1207,completed,40,2021-06-15 06:17:39.794035
2020-01-06,0001-01-01,105302,1097,completed,40,2021-06-15 06:17:39.794035
2020-01-06,0001-01-01,105309,1251,completed,40,2021-06-15 06:17:39.794035
2020-01-06,0001-01-01,105309,1201,completed,40,2021-06-15 06:17:39.794035
2020-01-06,0001-01-01,105313,1281,completed,40,2021-06-15 06:17:39.794035
2020-01-06,0001-01-01,105313,1282,completed,40,2021-06-15 06:17:39.794035
2020-01-06,0001-01-01,105313,1096,completed,40,2021-06-15 06:17:39.794035
2020-01-06,0001-01-01,105313,1283,completed,40,2021-06-15 06:17:39.794035
2020-01-06,0001-01-01,105315,1107,completed,40,2021-06-15 06:17:39.794035
2020-01-06,0001-01-01,105315,1318,completed,40,2021-06-15 06:17:39.794035
2020-01-06,0001-01-01,105315,1330,completed,40,2021-06-15 06:17:39.794035
2020-01-06,0001-01-01,105315,1323,completed,40,2021-06-15 06:17:39.794035
2020-01-06,0001-01-01,105317,1328,completed,40,2021-06-15 06:17:39.794035
2020-01-06,0001-01-01,105317,1321,completed,40,2021-06-15 06:17:39.794035
2020-01-06,0001-01-01,105351,1395,completed,40,2021-06-15 06:17:39.794035
2020-01-06,0001-01-01,105351,1403,completed,40,2021-06-15 06:17:39.794035
2020-01-06,0001-01-01,105351,1392,completed,40,2021-06-15 06:17:39.794035
2020-01-06,0001-01-01,105351,1404,completed,40,2021-06-15 06:17:39.794035
2020-01-06,0001-01-01,105368,1323,completed,40,2021-06-15 06:17:39.794035
2020-01-06,0001-01-01,105368,1319,completed,40,2021-06-15 06:17:39.794035
2020-01-06,0001-01-01,105368,1097,completed,40,2021-06-15 06:17:39.794035
2020-01-06,0001-01-01,105368,1331,completed,40,2021-06-15 06:17:39.794035
2020-01-06,0001-01-01,105368,1325,completed,40,2021-06-15 06:17:39.794035
2020-01-06,0001-01-01,105371,1402,completed,40,2021-06-15 06:17:39.794035
2020-01-06,0001-01-01,105371,1395,completed,40,2021-06-15 06:17:39.794035
2020-01-06,0001-01-01,105371,1396,completed,40,2021-06-15 06:17:39.794035
2020-01-06,0001-01-01,105387,1329,completed,40,2021-06-15 06:17:39.794035
2020-01-06,0001-01-01,105387,1318,completed,40,2021-06-15 06:17:39.794035
2020-01-06,0001-01-01,105388,1203,completed,40,2021-06-15 06:17:39.794035
2020-01-06,0001-01-01,105388,1254,completed,40,2021-06-15 06:17:39.794035
2020-01-06,0001-01-01,105411,1403,completed,40,2021-06-15 06:17:39.794035
2020-01-06,0001-01-01,105411,1396,completed,40,2021-06-15 06:17:39.794035
2020-01-06,0001-01-01,105411,1392,completed,40,2021-06-15 06:17:39.794035
2020-01-06,0001-01-01,105411,1404,completed,40,2021-06-15 06:17:39.794035
2020-01-06,0001-01-01,105418,1402,completed,40,2021-06-15 06:17:39.794035
2020-01-06,0001-01-01,105418,1395,completed,40,2021-06-15 06:17:39.794035
2020-01-06,0001-01-01,105418,1391,completed,40,2021-06-15 06:17:39.794035
2020-01-06,0001-01-01,105419,1249,completed,40,2021-06-15 06:17:39.794035
2020-01-06,0001-01-01,105425,1282,completed,40,2021-06-15 06:17:39.794035
2020-01-06,0001-01-01,105425,1290,completed,40,2021-06-15 06:17:39.794035
2020-01-06,0001-01-01,105425,1283,completed,40,2021-06-15 06:17:39.794035
2020-01-06,0001-01-01,105425,1279,completed,40,2021-06-15 06:17:39.794035
2020-01-06,0001-01-01,105425,1393,completed,40,2021-06-15 06:17:39.794035
2020-01-06,0001-01-01,105431,1192,completed,40,2021-06-15 06:17:39.794035
2020-01-06,0001-01-01,105431,1091,completed,40,2021-06-15 06:17:39.794035
2020-01-06,0001-01-01,105431,1315,completed,40,2021-06-15 06:17:39.794035
2020-01-06,0001-01-01,105453,1207,completed,40,2021-06-15 06:17:39.794035
2020-01-06,0001-01-01,105453,1200,completed,40,2021-06-15 06:17:39.794035
2020-01-06,0001-01-01,105473,1319,completed,40,2021-06-15 06:17:39.794035
2020-01-06,0001-01-01,105473,1331,completed,40,2021-06-15 06:17:39.794035
2020-01-06,0001-01-01,105473,1320,completed,40,2021-06-15 06:17:39.794035
2020-01-06,0001-01-01,105505,1282,completed,40,2021-06-15 06:17:39.794035
2020-01-06,0001-01-01,105505,1200,completed,40,2021-06-15 06:17:39.794035
2020-01-06,0001-01-01,105522,1290,completed,40,2021-06-15 06:17:39.794035
2020-01-06,0001-01-01,105522,1283,completed,40,2021-06-15 06:17:39.794035
2020-01-06,0001-01-01,105522,1279,completed,40,2021-06-15 06:17:39.794035
2020-01-06,0001-01-01,105522,1291,completed,40,2021-06-15 06:17:39.794035
2020-01-06,0001-01-01,105526,1322,completed,40,2021-06-15 06:17:39.794035
2020-01-06,0001-01-01,105532,1289,completed,40,2021-06-15 06:17:39.794035
2020-01-06,0001-01-01,105532,1282,completed,40,2021-06-15 06:17:39.794035
2020-01-06,0001-01-01,105548,1403,completed,40,2021-06-15 06:17:39.794035
2020-01-06,0001-01-01,105548,1396,completed,40,2021-06-15 06:17:39.794035
2020-01-06,0001-01-01,105548,1392,completed,40,2021-06-15 06:17:39.794035
2020-01-06,0001-01-01,105554,1395,completed,40,2021-06-15 06:17:39.794035
2020-01-06,0001-01-01,105554,1391,completed,40,2021-06-15 06:17:39.794035
2020-01-06,0001-01-01,105554,1403,completed,40,2021-06-15 06:17:39.794035
2020-01-06,0001-01-01,105554,1392,completed,40,2021-06-15 06:17:39.794035
2020-01-06,0001-01-01,105556,1330,completed,40,2021-06-15 06:17:39.794035
2020-01-06,0001-01-01,105556,1102,completed,40,2021-06-15 06:17:39.794035
2020-01-06,0001-01-01,105556,1332,completed,40,2021-06-15 06:17:39.794035
2020-01-06,0001-01-01,105563,1403,completed,40,2021-06-15 06:17:39.794035
2020-01-06,0001-01-01,105563,1279,completed,40,2021-06-15 06:17:39.794035
2020-01-06,0001-01-01,105563,1102,completed,40,2021-06-15 06:17:39.794035
2020-01-06,0001-01-01,105564,1199,completed,40,2021-06-15 06:17:39.794035
2020-01-06,0001-01-01,105584,1102,completed,40,2021-06-15 06:17:39.794035
2020-01-06,0001-01-01,105584,1103,completed,40,2021-06-15 06:17:39.794035
2020-01-06,0001-01-01,105584,1255,completed,40,2021-06-15 06:17:39.794035
2020-01-06,0001-01-01,105584,1296,completed,40,2021-06-15 06:17:39.794035
2020-01-06,0001-01-01,105584,1339,completed,40,2021-06-15 06:17:39.794035
2020-01-06,0001-01-01,105585,1403,completed,40,2021-06-15 06:17:39.794035
2020-01-06,0001-01-01,105587,1391,completed,40,2021-06-15 06:17:39.794035
2020-01-06,0001-01-01,105587,1403,completed,40,2021-06-15 06:17:39.794035
2020-01-06,0001-01-01,105587,1396,completed,40,2021-06-15 06:17:39.794035
2020-01-06,0001-01-01,105599,1403,completed,40,2021-06-15 06:17:39.794035
2020-01-06,0001-01-01,105599,1282,completed,40,2021-06-15 06:17:39.794035
2020-01-06,0001-01-01,105599,1290,completed,40,2021-06-15 06:17:39.794035
2020-01-06,0001-01-01,105614,1391,completed,40,2021-06-15 06:17:39.794035
2020-01-06,0001-01-01,105614,1396,completed,40,2021-06-15 06:17:39.794035
2020-01-06,0001-01-01,105614,1392,completed,40,2021-06-15 06:17:39.794035
2020-01-06,0001-01-01,105614,1404,completed,40,2021-06-15 06:17:39.794035
2020-01-06,0001-01-01,105621,1277,completed,40,2021-06-15 06:17:39.794035
2020-01-06,0001-01-01,105621,1318,completed,40,2021-06-15 06:17:39.794035
2020-01-06,0001-01-01,105621,1208,completed,40,2021-06-15 06:17:39.794035
2020-01-06,0001-01-01,105621,1324,completed,40,2021-06-15 06:17:39.794035
2020-01-06,0001-01-01,105639,1277,completed,40,2021-06-15 06:17:39.794035
2020-01-06,0001-01-01,105639,1282,completed,40,2021-06-15 06:17:39.794035
2020-01-06,0001-01-01,105639,1290,completed,40,2021-06-15 06:17:39.794035
2020-01-06,0001-01-01,105642,1247,completed,40,2021-06-15 06:17:39.794035
2020-01-06,0001-01-01,105642,1260,completed,40,2021-06-15 06:17:39.794035
2020-01-06,0001-01-01,105651,1290,completed,40,2021-06-15 06:17:39.794035
2020-01-06,0001-01-01,105651,1279,completed,40,2021-06-15 06:17:39.794035
2020-01-06,0001-01-01,105651,1291,completed,40,2021-06-15 06:17:39.794035
2020-01-06,0001-01-01,105651,1284,completed,40,2021-06-15 06:17:39.794035
2020-01-06,0001-01-01,105651,1280,completed,40,2021-06-15 06:17:39.794035
2020-01-06,0001-01-01,105662,1099,completed,40,2021-06-15 06:17:39.794035
2020-01-06,0001-01-01,105666,1096,completed,40,2021-06-15 06:17:39.794035
2020-01-06,0001-01-01,105666,1196,completed,40,2021-06-15 06:17:39.794035
2020-01-06,0001-01-01,105681,1252,completed,40,2021-06-15 06:17:39.794035
2020-01-06,0001-01-01,105681,1202,completed,40,2021-06-15 06:17:39.794035
2020-01-06,0001-01-01,105691,1316,completed,40,2021-06-15 06:17:39.794035
2020-01-06,0001-01-01,105730,1202,completed,40,2021-06-15 06:17:39.794035
2020-01-06,0001-01-01,105730,1103,completed,40,2021-06-15 06:17:39.794035
2020-01-06,0001-01-01,105730,1253,completed,40,2021-06-15 06:17:39.794035
2020-01-06,0001-01-01,105752,1331,completed,40,2021-06-15 06:17:39.794035
2020-01-06,0001-01-01,105752,1332,completed,40,2021-06-15 06:17:39.794035
2020-01-06,0001-01-01,105757,1290,completed,40,2021-06-15 06:17:39.794035
2020-01-06,0001-01-01,105757,1283,completed,40,2021-06-15 06:17:39.794035
2020-01-06,0001-01-01,105757,1279,completed,40,2021-06-15 06:17:39.794035
2020-01-06,0001-01-01,105762,1207,completed,40,2021-06-15 06:17:39.794035
2020-01-06,0001-01-01,105762,1200,completed,40,2021-06-15 06:17:39.794035
2020-01-06,0001-01-01,105778,1199,completed,40,2021-06-15 06:17:39.794035
2020-01-06,0001-01-01,105778,1282,completed,40,2021-06-15 06:17:39.794035
2020-01-06,0001-01-01,105778,1207,completed,40,2021-06-15 06:17:39.794035
2020-01-06,0001-01-01,105778,1096,completed,40,2021-06-15 06:17:39.794035
2020-01-06,0001-01-01,105781,1318,completed,40,2021-06-15 06:17:39.794035
2020-01-06,0001-01-01,105781,1330,completed,40,2021-06-15 06:17:39.794035
2020-01-06,0001-01-01,105781,1319,completed,40,2021-06-15 06:17:39.794035
2020-01-06,0001-01-01,105787,1281,completed,40,2021-06-15 06:17:39.794035
2020-01-06,0001-01-01,105787,1277,completed,40,2021-06-15 06:17:39.794035
2020-01-06,0001-01-01,105787,1282,completed,40,2021-06-15 06:17:39.794035
2020-01-06,0001-01-01,105787,1290,completed,40,2021-06-15 06:17:39.794035
2020-01-06,0001-01-01,105805,1322,completed,40,2021-06-15 06:17:39.794035
2020-01-06,0001-01-01,105805,1318,completed,40,2021-06-15 06:17:39.794035
2020-01-06,0001-01-01,105805,1330,completed,40,2021-06-15 06:17:39.794035
2020-01-06,0001-01-01,105805,1290,completed,40,2021-06-15 06:17:39.794035
2020-01-06,0001-01-01,105805,1323,completed,40,2021-06-15 06:17:39.794035
2020-01-06,0001-01-01,105824,1395,completed,40,2021-06-15 06:17:39.794035
2020-01-06,0001-01-01,105824,1256,completed,40,2021-06-15 06:17:39.794035
2020-01-06,0001-01-01,105824,1403,completed,40,2021-06-15 06:17:39.794035
2020-01-06,0001-01-01,105824,1392,completed,40,2021-06-15 06:17:39.794035
2020-01-06,0001-01-01,105850,1289,completed,40,2021-06-15 06:17:39.794035
2020-01-06,0001-01-01,105850,1279,completed,40,2021-06-15 06:17:39.794035
2020-01-06,0001-01-01,105867,1391,completed,40,2021-06-15 06:17:39.794035
2020-01-06,0001-01-01,105867,1396,completed,40,2021-06-15 06:17:39.794035
2020-01-06,0001-01-01,105867,1404,completed,40,2021-06-15 06:17:39.794035
2020-01-06,0001-01-01,105867,1393,completed,40,2021-06-15 06:17:39.794035
2020-01-06,0001-01-01,105869,1402,completed,40,2021-06-15 06:17:39.794035
2020-01-06,0001-01-01,105869,1395,completed,40,2021-06-15 06:17:39.794035
2020-01-06,0001-01-01,105869,1391,completed,40,2021-06-15 06:17:39.794035
2020-01-06,0001-01-01,105872,1324,completed,40,2021-06-15 06:17:39.794035
2020-01-06,0001-01-01,105872,1320,completed,40,2021-06-15 06:17:39.794035
2020-01-06,0001-01-01,105872,1332,completed,40,2021-06-15 06:17:39.794035
2020-01-06,0001-01-01,105895,1289,completed,40,2021-06-15 06:17:39.794035
2020-01-06,0001-01-01,105895,1101,completed,40,2021-06-15 06:17:39.794035
2020-01-06,0001-01-01,105895,1283,completed,40,2021-06-15 06:17:39.794035
2020-01-06,0001-01-01,105906,1321,completed,40,2021-06-15 06:17:39.794035
2020-01-06,0001-01-01,105906,1289,completed,40,2021-06-15 06:17:39.794035
2020-01-06,0001-01-01,105906,1290,completed,40,2021-06-15 06:17:39.794035
2020-01-06,0001-01-01,105906,1283,completed,40,2021-06-15 06:17:39.794035
2020-01-06,0001-01-01,105925,1245,completed,40,2021-06-15 06:17:39.794035
2020-01-06,0001-01-01,105925,1200,completed,40,2021-06-15 06:17:39.794035
2020-01-06,0001-01-01,105925,1246,completed,40,2021-06-15 06:17:39.794035
2020-01-06,0001-01-01,105927,1282,completed,40,2021-06-15 06:17:39.794035
2020-01-06,0001-01-01,105927,1283,completed,40,2021-06-15 06:17:39.794035
2020-01-06,0001-01-01,105927,1279,completed,40,2021-06-15 06:17:39.794035
2020-01-06,0001-01-01,105944,1107,completed,40,2021-06-15 06:17:39.794035
2020-01-06,0001-01-01,105944,1207,completed,40,2021-06-15 06:17:39.794035
2020-01-06,0001-01-01,105944,1251,completed,40,2021-06-15 06:17:39.794035
2020-01-06,0001-01-01,105944,1201,completed,40,2021-06-15 06:17:39.794035
2020-01-06,0001-01-01,105946,1395,completed,40,2021-06-15 06:17:39.794035
2020-01-06,0001-01-01,105946,1391,completed,40,2021-06-15 06:17:39.794035
2020-01-06,0001-01-01,105946,1403,completed,40,2021-06-15 06:17:39.794035
2020-01-06,0001-01-01,105951,1107,completed,40,2021-06-15 06:17:39.794035
2020-01-06,0001-01-01,105951,1329,completed,40,2021-06-15 06:17:39.794035
2020-01-06,0001-01-01,105951,1250,completed,40,2021-06-15 06:17:39.794035
2020-01-06,0001-01-01,105951,1251,completed,40,2021-06-15 06:17:39.794035
2020-01-06,0001-01-01,105965,1323,completed,40,2021-06-15 06:17:39.794035
2020-01-06,0001-01-01,105965,1208,completed,40,2021-06-15 06:17:39.794035
2020-01-06,0001-01-01,105965,1251,completed,40,2021-06-15 06:17:39.794035
2020-01-06,0001-01-01,105965,1097,completed,40,2021-06-15 06:17:39.794035
2020-01-06,0001-01-01,105967,1201,completed,40,2021-06-15 06:17:39.794035
2020-01-06,0001-01-01,105967,1097,completed,40,2021-06-15 06:17:39.794035
2020-01-06,0001-01-01,105972,1289,completed,40,2021-06-15 06:17:39.794035
2020-01-06,0001-01-01,105972,1282,completed,40,2021-06-15 06:17:39.794035
2020-01-06,0001-01-01,105974,1101,completed,40,2021-06-15 06:17:39.794035
2020-01-06,0001-01-01,105974,1320,completed,40,2021-06-15 06:17:39.794035
2020-01-06,0001-01-01,105989,1277,completed,40,2021-06-15 06:17:39.794035
2020-01-06,0001-01-01,105989,1282,completed,40,2021-06-15 06:17:39.794035
2020-01-06,0001-01-01,105989,1283,completed,40,2021-06-15 06:17:39.794035
2020-01-06,0001-01-01,105993,1096,completed,40,2021-06-15 06:17:39.794035
2020-01-06,0001-01-01,105993,1247,completed,40,2021-06-15 06:17:39.794035
2020-01-06,0001-01-01,105993,1261,completed,40,2021-06-15 06:17:39.794035
2020-01-06,0001-01-01,105993,1204,completed,40,2021-06-15 06:17:39.794035
2020-01-06,0001-01-01,105999,1329,completed,40,2021-06-15 06:17:39.794035
2020-01-06,0001-01-01,105999,1392,completed,40,2021-06-15 06:17:39.794035
2020-01-06,0001-01-01,105999,1393,completed,40,2021-06-15 06:17:39.794035
2020-01-06,0001-01-01,104019,1215,completed,40,2021-06-15 06:17:39.794035
2020-01-06,0001-01-01,104019,1267,completed,40,2021-06-15 06:17:39.794035
2020-01-06,0001-01-01,104020,1399,completed,40,2021-06-15 06:17:39.794035
2020-01-06,0001-01-01,104020,1400,completed,40,2021-06-15 06:17:39.794035
2020-01-06,0001-01-01,104020,1408,completed,40,2021-06-15 06:17:39.794035
2020-01-06,0001-01-01,104046,1339,completed,40,2021-06-15 06:17:39.794035
2020-01-06,0001-01-01,104046,1347,completed,40,2021-06-15 06:17:39.794035
2020-01-06,0001-01-01,104057,1344,completed,40,2021-06-15 06:17:39.794035
2020-01-06,0001-01-01,104057,1347,completed,40,2021-06-15 06:17:39.794035
2020-01-06,0001-01-01,104057,1126,completed,40,2021-06-15 06:17:39.794035
2020-01-06,0001-01-01,104057,1353,completed,40,2021-06-15 06:17:39.794035
2020-01-06,0001-01-01,104066,1339,completed,40,2021-06-15 06:17:39.794035
2020-01-06,0001-01-01,104066,1268,completed,40,2021-06-15 06:17:39.794035
2020-01-06,0001-01-01,104066,1346,completed,40,2021-06-15 06:17:39.794035
2020-01-06,0001-01-01,104070,1287,completed,40,2021-06-15 06:17:39.794035
2020-01-06,0001-01-01,104070,1337,completed,40,2021-06-15 06:17:39.794035
2020-01-06,0001-01-01,104070,1341,completed,40,2021-06-15 06:17:39.794035
2020-01-06,0001-01-01,104094,1287,completed,40,2021-06-15 06:17:39.794035
2020-01-06,0001-01-01,104094,1295,completed,40,2021-06-15 06:17:39.794035
2020-01-06,0001-01-01,104105,1284,completed,40,2021-06-15 06:17:39.794035
2020-01-06,0001-01-01,104105,1252,completed,40,2021-06-15 06:17:39.794035
2020-01-06,0001-01-01,104109,1294,completed,40,2021-06-15 06:17:39.794035
2020-01-06,0001-01-01,104109,1287,completed,40,2021-06-15 06:17:39.794035
2020-01-06,0001-01-01,104109,1295,completed,40,2021-06-15 06:17:39.794035
2020-01-06,0001-01-01,104109,1296,completed,40,2021-06-15 06:17:39.794035
2020-01-06,0001-01-01,104121,1295,completed,40,2021-06-15 06:17:39.794035
2020-01-06,0001-01-01,104121,1296,completed,40,2021-06-15 06:17:39.794035
2020-01-06,0001-01-01,104121,1297,completed,40,2021-06-15 06:17:39.794035
2020-01-06,0001-01-01,104161,1117,completed,40,2021-06-15 06:17:39.794035
2020-01-06,0001-01-01,104161,1270,completed,40,2021-06-15 06:17:39.794035
2020-01-06,0001-01-01,104161,1220,completed,40,2021-06-15 06:17:39.794035
2020-01-06,0001-01-01,104161,1121,completed,40,2021-06-15 06:17:39.794035
2020-01-06,0001-01-01,104161,1418,completed,40,2021-06-15 06:17:39.794035
2020-01-06,0001-01-01,104167,1293,completed,40,2021-06-15 06:17:39.794035
2020-01-06,0001-01-01,104167,1286,completed,40,2021-06-15 06:17:39.794035
2020-01-06,0001-01-01,104167,1294,completed,40,2021-06-15 06:17:39.794035
2020-01-06,0001-01-01,104167,1287,completed,40,2021-06-15 06:17:39.794035
2020-01-06,0001-01-01,104167,1401,completed,40,2021-06-15 06:17:39.794035
2020-01-06,0001-01-01,104176,1286,completed,40,2021-06-15 06:17:39.794035
2020-01-06,0001-01-01,104176,1294,completed,40,2021-06-15 06:17:39.794035
2020-01-06,0001-01-01,104176,1295,completed,40,2021-06-15 06:17:39.794035
2020-01-06,0001-01-01,104176,1296,completed,40,2021-06-15 06:17:39.794035
2020-01-06,0001-01-01,104189,1125,completed,40,2021-06-15 06:17:39.794035
2020-01-06,0001-01-01,104189,1349,completed,40,2021-06-15 06:17:39.794035
2020-01-06,0001-01-01,104197,1271,completed,40,2021-06-15 06:17:39.794035
2020-01-06,0001-01-01,104197,1122,completed,40,2021-06-15 06:17:39.794035
2020-01-06,0001-01-01,104197,1222,completed,40,2021-06-15 06:17:39.794035
2020-01-06,0001-01-01,104197,1273,completed,40,2021-06-15 06:17:39.794035
2020-01-06,0001-01-01,104197,1306,completed,40,2021-06-15 06:17:39.794035
2020-01-06,0001-01-01,104206,1253,completed,40,2021-06-15 06:17:39.794035
2020-01-06,0001-01-01,104206,1407,completed,40,2021-06-15 06:17:39.794035
2020-01-06,0001-01-01,104206,1326,completed,40,2021-06-15 06:17:39.794035
2020-01-06,0001-01-01,104206,1334,completed,40,2021-06-15 06:17:39.794035
2020-01-06,0001-01-01,104206,1335,completed,40,2021-06-15 06:17:39.794035
2020-01-06,0001-01-01,104231,1214,completed,40,2021-06-15 06:17:39.794035
2020-01-06,0001-01-01,104231,1268,completed,40,2021-06-15 06:17:39.794035
2020-01-06,0001-01-01,104231,1269,completed,40,2021-06-15 06:17:39.794035
2020-01-06,0001-01-01,104231,1219,completed,40,2021-06-15 06:17:39.794035
2020-01-06,0001-01-01,104231,1416,completed,40,2021-06-15 06:17:39.794035
2020-01-06,0001-01-01,104245,1219,completed,40,2021-06-15 06:17:39.794035
2020-01-06,0001-01-01,104245,1220,completed,40,2021-06-15 06:17:39.794035
2020-01-06,0001-01-01,104245,1271,completed,40,2021-06-15 06:17:39.794035
2020-01-06,0001-01-01,104245,1304,completed,40,2021-06-15 06:17:39.794035
2020-01-06,0001-01-01,104257,1116,completed,40,2021-06-15 06:17:39.794035
2020-01-06,0001-01-01,104270,1405,completed,40,2021-06-15 06:17:39.794035
2020-01-06,0001-01-01,104270,1394,completed,40,2021-06-15 06:17:39.794035
2020-01-06,0001-01-01,104270,1406,completed,40,2021-06-15 06:17:39.794035
2020-01-06,0001-01-01,104270,1399,completed,40,2021-06-15 06:17:39.794035
2020-01-06,0001-01-01,104278,1202,completed,40,2021-06-15 06:17:39.794035
2020-01-06,0001-01-01,104278,1325,completed,40,2021-06-15 06:17:39.794035
2020-01-06,0001-01-01,104278,1103,completed,40,2021-06-15 06:17:39.794035
2020-01-06,0001-01-01,104278,1261,completed,40,2021-06-15 06:17:39.794035
2020-01-06,0001-01-01,104278,1112,completed,40,2021-06-15 06:17:39.794035
2020-01-06,0001-01-01,104297,1292,completed,40,2021-06-15 06:17:39.794035
2020-01-06,0001-01-01,104297,1293,completed,40,2021-06-15 06:17:39.794035
2020-01-06,0001-01-01,104297,1286,completed,40,2021-06-15 06:17:39.794035
2020-01-06,0001-01-01,104297,1294,completed,40,2021-06-15 06:17:39.794035
2020-01-06,0001-01-01,104297,1287,completed,40,2021-06-15 06:17:39.794035
2020-01-06,0001-01-01,104299,1400,completed,40,2021-06-15 06:17:39.794035
2020-01-06,0001-01-01,104299,1254,completed,40,2021-06-15 06:17:39.794035
2020-01-06,0001-01-01,104299,1408,completed,40,2021-06-15 06:17:39.794035
2020-01-06,0001-01-01,104319,1121,completed,40,2021-06-15 06:17:39.794035
2020-01-06,0001-01-01,104319,1222,completed,40,2021-06-15 06:17:39.794035
2020-01-06,0001-01-01,104331,1392,completed,40,2021-06-15 06:17:39.794035
2020-01-06,0001-01-01,104331,1393,completed,40,2021-06-15 06:17:39.794035
2020-01-06,0001-01-01,104331,1405,completed,40,2021-06-15 06:17:39.794035
2020-01-06,0001-01-01,104331,1284,completed,40,2021-06-15 06:17:39.794035
2020-01-06,0001-01-01,104331,1398,completed,40,2021-06-15 06:17:39.794035
2020-01-06,0001-01-01,104346,1399,completed,40,2021-06-15 06:17:39.794035
2020-01-06,0001-01-01,104346,1400,completed,40,2021-06-15 06:17:39.794035
2020-01-06,0001-01-01,104354,1211,completed,40,2021-06-15 06:17:39.794035
2020-01-06,0001-01-01,104354,1408,completed,40,2021-06-15 06:17:39.794035
2020-01-06,0001-01-01,104362,1399,completed,40,2021-06-15 06:17:39.794035
2020-01-06,0001-01-01,104362,1400,completed,40,2021-06-15 06:17:39.794035
2020-01-06,0001-01-01,104362,1408,completed,40,2021-06-15 06:17:39.794035
2020-01-06,0001-01-01,104362,1409,completed,40,2021-06-15 06:17:39.794035
2020-01-06,0001-01-01,104387,1406,completed,40,2021-06-15 06:17:39.794035
2020-01-06,0001-01-01,104387,1399,completed,40,2021-06-15 06:17:39.794035
2020-01-06,0001-01-01,104387,1407,completed,40,2021-06-15 06:17:39.794035
2020-01-06,0001-01-01,104387,1400,completed,40,2021-06-15 06:17:39.794035
2020-01-06,0001-01-01,104387,1408,completed,40,2021-06-15 06:17:39.794035
2020-01-06,0001-01-01,104393,1286,completed,40,2021-06-15 06:17:39.794035
2020-01-06,0001-01-01,104393,1408,completed,40,2021-06-15 06:17:39.794035
2020-01-06,0001-01-01,104393,1294,completed,40,2021-06-15 06:17:39.794035
2020-01-06,0001-01-01,104393,1287,completed,40,2021-06-15 06:17:39.794035
2020-01-06,0001-01-01,104393,1295,completed,40,2021-06-15 06:17:39.794035
2020-01-06,0001-01-01,104399,1216,completed,40,2021-06-15 06:17:39.794035
2020-01-06,0001-01-01,104399,1124,completed,40,2021-06-15 06:17:39.794035
2020-01-06,0001-01-01,104409,1394,completed,40,2021-06-15 06:17:39.794035
2020-01-06,0001-01-01,104409,1406,completed,40,2021-06-15 06:17:39.794035
2020-01-06,0001-01-01,104409,1399,completed,40,2021-06-15 06:17:39.794035
2020-01-06,0001-01-01,104409,1407,completed,40,2021-06-15 06:17:39.794035
2020-01-06,0001-01-01,104423,1294,completed,40,2021-06-15 06:17:39.794035
2020-01-06,0001-01-01,104423,1287,completed,40,2021-06-15 06:17:39.794035
2020-01-06,0001-01-01,104425,1346,completed,40,2021-06-15 06:17:39.794035
2020-01-06,0001-01-01,104434,1394,completed,40,2021-06-15 06:17:39.794035
2020-01-06,0001-01-01,104434,1406,completed,40,2021-06-15 06:17:39.794035
2020-01-06,0001-01-01,104434,1399,completed,40,2021-06-15 06:17:39.794035
2020-01-06,0001-01-01,104434,1400,completed,40,2021-06-15 06:17:39.794035
2020-01-06,0001-01-01,104436,1123,completed,40,2021-06-15 06:17:39.794035
2020-01-06,0001-01-01,104436,1273,completed,40,2021-06-15 06:17:39.794035
2020-01-06,0001-01-01,104436,1226,completed,40,2021-06-15 06:17:39.794035
2020-01-06,0001-01-01,104442,1280,completed,40,2021-06-15 06:17:39.794035
2020-01-06,0001-01-01,104442,1292,completed,40,2021-06-15 06:17:39.794035
2020-01-06,0001-01-01,104442,1285,completed,40,2021-06-15 06:17:39.794035
2020-01-06,0001-01-01,104442,1293,completed,40,2021-06-15 06:17:39.794035
2020-01-06,0001-01-01,104442,1286,completed,40,2021-06-15 06:17:39.794035
2020-01-06,0001-01-01,104446,1336,completed,40,2021-06-15 06:17:39.794035
2020-01-06,0001-01-01,104446,1337,completed,40,2021-06-15 06:17:39.794035
2020-01-06,0001-01-01,104446,1116,completed,40,2021-06-15 06:17:39.794035
2020-01-06,0001-01-01,104446,1343,completed,40,2021-06-15 06:17:39.794035
2020-01-06,0001-01-01,104448,1294,completed,40,2021-06-15 06:17:39.794035
2020-01-06,0001-01-01,104448,1299,completed,40,2021-06-15 06:17:39.794035
2020-01-06,0001-01-01,104449,1292,completed,40,2021-06-15 06:17:39.794035
2020-01-06,0001-01-01,104449,1285,completed,40,2021-06-15 06:17:39.794035
2020-01-06,0001-01-01,104449,1293,completed,40,2021-06-15 06:17:39.794035
2020-01-06,0001-01-01,104449,1294,completed,40,2021-06-15 06:17:39.794035
2020-01-06,0001-01-01,104453,1293,completed,40,2021-06-15 06:17:39.794035
2020-01-06,0001-01-01,104453,1287,completed,40,2021-06-15 06:17:39.794035
2020-01-06,0001-01-01,104453,1296,completed,40,2021-06-15 06:17:39.794035
2020-01-06,0001-01-01,104453,1297,completed,40,2021-06-15 06:17:39.794035
2020-01-06,0001-01-01,104468,1202,completed,40,2021-06-15 06:17:39.794035
2020-01-06,0001-01-01,104468,1203,completed,40,2021-06-15 06:17:39.794035
2020-01-06,0001-01-01,104468,1104,completed,40,2021-06-15 06:17:39.794035
2020-01-06,0001-01-01,104468,1204,completed,40,2021-06-15 06:17:39.794035
2020-01-06,0001-01-01,104483,1205,completed,40,2021-06-15 06:17:39.794035
2020-01-06,0001-01-01,104483,1336,completed,40,2021-06-15 06:17:39.794035
2020-01-06,0001-01-01,104483,1339,completed,40,2021-06-15 06:17:39.794035
2020-01-06,0001-01-01,104483,1420,completed,40,2021-06-15 06:17:39.794035
2020-01-06,0001-01-01,104484,1406,completed,40,2021-06-15 06:17:39.794035
2020-01-06,0001-01-01,104484,1407,completed,40,2021-06-15 06:17:39.794035
2020-01-06,0001-01-01,104488,1345,completed,40,2021-06-15 06:17:39.794035
2020-01-06,0001-01-01,104488,1349,completed,40,2021-06-15 06:17:39.794035
2020-01-06,0001-01-01,104488,1230,completed,40,2021-06-15 06:17:39.794035
2020-01-06,0001-01-01,104491,1285,completed,40,2021-06-15 06:17:39.794035
2020-01-06,0001-01-01,104491,1293,completed,40,2021-06-15 06:17:39.794035
2020-01-06,0001-01-01,104491,1287,completed,40,2021-06-15 06:17:39.794035
2020-01-06,0001-01-01,104495,1399,completed,40,2021-06-15 06:17:39.794035
2020-01-06,0001-01-01,104495,1407,completed,40,2021-06-15 06:17:39.794035
2020-01-06,0001-01-01,104495,1400,completed,40,2021-06-15 06:17:39.794035
2020-01-06,0001-01-01,104495,1408,completed,40,2021-06-15 06:17:39.794035
2020-01-06,0001-01-01,104498,1339,completed,40,2021-06-15 06:17:39.794035
2020-01-06,0001-01-01,104498,1343,completed,40,2021-06-15 06:17:39.794035
2020-01-06,0001-01-01,104498,1344,completed,40,2021-06-15 06:17:39.794035
2020-01-06,0001-01-01,104498,1345,completed,40,2021-06-15 06:17:39.794035
2020-01-06,0001-01-01,104498,1346,completed,40,2021-06-15 06:17:39.794035
2020-01-06,0001-01-01,104507,1406,completed,40,2021-06-15 06:17:39.794035
2020-01-06,0001-01-01,104507,1400,completed,40,2021-06-15 06:17:39.794035
2020-01-06,0001-01-01,104507,1401,completed,40,2021-06-15 06:17:39.794035
2020-01-06,0001-01-01,104507,1409,completed,40,2021-06-15 06:17:39.794035
2020-01-06,0001-01-01,104507,1410,completed,40,2021-06-15 06:17:39.794035
2020-01-06,0001-01-01,104515,1197,completed,40,2021-06-15 06:17:39.794035
2020-01-06,0001-01-01,104515,1292,completed,40,2021-06-15 06:17:39.794035
2020-01-06,0001-01-01,104515,1285,completed,40,2021-06-15 06:17:39.794035
2020-01-06,0001-01-01,104517,1118,completed,40,2021-06-15 06:17:39.794035
2020-01-06,0001-01-01,104517,1341,completed,40,2021-06-15 06:17:39.794035
2020-01-06,0001-01-01,104517,1347,completed,40,2021-06-15 06:17:39.794035
2020-01-06,0001-01-01,104517,1129,completed,40,2021-06-15 06:17:39.794035
2020-01-06,0001-01-01,104517,1353,completed,40,2021-06-15 06:17:39.794035
2020-01-06,0001-01-01,104527,1345,completed,40,2021-06-15 06:17:39.794035
2020-01-06,0001-01-01,104527,1346,completed,40,2021-06-15 06:17:39.794035
2020-01-06,0001-01-01,104528,1202,completed,40,2021-06-15 06:17:39.794035
2020-01-06,0001-01-01,104528,1413,completed,40,2021-06-15 06:17:39.794035
2020-01-06,0001-01-01,104546,1253,completed,40,2021-06-15 06:17:39.794035
2020-01-06,0001-01-01,104546,1104,completed,40,2021-06-15 06:17:39.794035
2020-01-06,0001-01-01,104546,1262,completed,40,2021-06-15 06:17:39.794035
2020-01-06,0001-01-01,104546,1263,completed,40,2021-06-15 06:17:39.794035
2020-01-06,0001-01-01,104547,1286,completed,40,2021-06-15 06:17:39.794035
2020-01-06,0001-01-01,104547,1326,completed,40,2021-06-15 06:17:39.794035
2020-01-06,0001-01-01,104547,1294,completed,40,2021-06-15 06:17:39.794035
2020-01-06,0001-01-01,104547,1287,completed,40,2021-06-15 06:17:39.794035
2020-01-06,0001-01-01,104551,1254,completed,40,2021-06-15 06:17:39.794035
2020-01-06,0001-01-01,104551,1113,completed,40,2021-06-15 06:17:39.794035
2020-01-06,0001-01-01,104551,1115,completed,40,2021-06-15 06:17:39.794035
2020-01-06,0001-01-01,104561,1295,completed,40,2021-06-15 06:17:39.794035
2020-01-06,0001-01-01,104578,1335,completed,40,2021-06-15 06:17:39.794035
2020-01-06,0001-01-01,104578,1337,completed,40,2021-06-15 06:17:39.794035
2020-01-06,0001-01-01,104578,1341,completed,40,2021-06-15 06:17:39.794035
2020-01-06,0001-01-01,104590,1284,completed,40,2021-06-15 06:17:39.794035
2020-01-06,0001-01-01,104590,1400,completed,40,2021-06-15 06:17:39.794035
2020-01-06,0001-01-01,104597,1336,completed,40,2021-06-15 06:17:39.794035
2020-01-06,0001-01-01,104597,1219,completed,40,2021-06-15 06:17:39.794035
2020-01-06,0001-01-01,104597,1421,completed,40,2021-06-15 06:17:39.794035
2020-01-06,0001-01-01,104607,1204,completed,40,2021-06-15 06:17:39.794035
2020-01-06,0001-01-01,104607,1113,completed,40,2021-06-15 06:17:39.794035
2020-01-06,0001-01-01,104607,1215,completed,40,2021-06-15 06:17:39.794035
2020-01-06,0001-01-01,104607,1299,completed,40,2021-06-15 06:17:39.794035
2020-01-06,0001-01-01,104620,1120,completed,40,2021-06-15 06:17:39.794035
2020-01-06,0001-01-01,104620,1271,completed,40,2021-06-15 06:17:39.794035
2020-01-06,0001-01-01,104620,1123,completed,40,2021-06-15 06:17:39.794035
2020-01-06,0001-01-01,104620,1223,completed,40,2021-06-15 06:17:39.794035
2020-01-06,0001-01-01,104637,1284,completed,40,2021-06-15 06:17:39.794035
2020-01-06,0001-01-01,104637,1280,completed,40,2021-06-15 06:17:39.794035
2020-01-06,0001-01-01,104637,1292,completed,40,2021-06-15 06:17:39.794035
2020-01-06,0001-01-01,104637,1285,completed,40,2021-06-15 06:17:39.794035
2020-01-06,0001-01-01,104637,1293,completed,40,2021-06-15 06:17:39.794035
2020-01-06,0001-01-01,104641,1292,completed,40,2021-06-15 06:17:39.794035
2020-01-06,0001-01-01,104641,1285,completed,40,2021-06-15 06:17:39.794035
2020-01-06,0001-01-01,104641,1286,completed,40,2021-06-15 06:17:39.794035
2020-01-06,0001-01-01,104641,1204,completed,40,2021-06-15 06:17:39.794035
2020-01-06,0001-01-01,104645,1325,completed,40,2021-06-15 06:17:39.794035
2020-01-06,0001-01-01,104647,1296,completed,40,2021-06-15 06:17:39.794035
2020-01-06,0001-01-01,104647,1300,completed,40,2021-06-15 06:17:39.794035
2020-01-06,0001-01-01,104647,1301,completed,40,2021-06-15 06:17:39.794035
2020-01-06,0001-01-01,104654,1293,completed,40,2021-06-15 06:17:39.794035
2020-01-06,0001-01-01,104654,1286,completed,40,2021-06-15 06:17:39.794035
2020-01-06,0001-01-01,104654,1294,completed,40,2021-06-15 06:17:39.794035
2020-01-06,0001-01-01,104654,1287,completed,40,2021-06-15 06:17:39.794035
2020-01-06,0001-01-01,104654,1295,completed,40,2021-06-15 06:17:39.794035
2020-01-06,0001-01-01,104657,1292,completed,40,2021-06-15 06:17:39.794035
2020-01-06,0001-01-01,104671,1339,completed,40,2021-06-15 06:17:39.794035
2020-01-06,0001-01-01,104671,1341,completed,40,2021-06-15 06:17:39.794035
2020-01-06,0001-01-01,104671,1344,completed,40,2021-06-15 06:17:39.794035
2020-01-06,0001-01-01,104672,1287,completed,40,2021-06-15 06:17:39.794035
2020-01-06,0001-01-01,104672,1205,completed,40,2021-06-15 06:17:39.794035
2020-01-06,0001-01-01,104672,1295,completed,40,2021-06-15 06:17:39.794035
2020-01-06,0001-01-01,104672,1296,completed,40,2021-06-15 06:17:39.794035
2020-01-06,0001-01-01,104690,1400,completed,40,2021-06-15 06:17:39.794035
2020-01-06,0001-01-01,104690,1408,completed,40,2021-06-15 06:17:39.794035
2020-01-06,0001-01-01,104690,1409,completed,40,2021-06-15 06:17:39.794035
2020-01-06,0001-01-01,104690,1410,completed,40,2021-06-15 06:17:39.794035
2020-01-06,0001-01-01,104690,1411,completed,40,2021-06-15 06:17:39.794035
2020-01-06,0001-01-01,104699,1394,completed,40,2021-06-15 06:17:39.794035
2020-01-06,0001-01-01,104699,1098,completed,40,2021-06-15 06:17:39.794035
2020-01-06,0001-01-01,104699,1406,completed,40,2021-06-15 06:17:39.794035
2020-01-06,0001-01-01,104699,1399,completed,40,2021-06-15 06:17:39.794035
2020-01-06,0001-01-01,104699,1407,completed,40,2021-06-15 06:17:39.794035
2020-01-06,0001-01-01,104706,1327,completed,40,2021-06-15 06:17:39.794035
2020-01-06,0001-01-01,104706,1339,completed,40,2021-06-15 06:17:39.794035
2020-01-06,0001-01-01,104706,1341,completed,40,2021-06-15 06:17:39.794035
2020-01-06,0001-01-01,104706,1347,completed,40,2021-06-15 06:17:39.794035
2020-01-06,0001-01-01,104708,1400,completed,40,2021-06-15 06:17:39.794035
2020-01-06,0001-01-01,104708,1287,completed,40,2021-06-15 06:17:39.794035
2020-01-06,0001-01-01,104708,1409,completed,40,2021-06-15 06:17:39.794035
2020-01-06,0001-01-01,104708,1410,completed,40,2021-06-15 06:17:39.794035
2020-01-06,0001-01-01,104724,1407,completed,40,2021-06-15 06:17:39.794035
2020-01-06,0001-01-01,104724,1400,completed,40,2021-06-15 06:17:39.794035
2020-01-06,0001-01-01,104724,1408,completed,40,2021-06-15 06:17:39.794035
2020-01-06,0001-01-01,104733,1286,completed,40,2021-06-15 06:17:39.794035
2020-01-06,0001-01-01,104733,1294,completed,40,2021-06-15 06:17:39.794035
2020-01-06,0001-01-01,104740,1284,completed,40,2021-06-15 06:17:39.794035
2020-01-06,0001-01-01,104740,1280,completed,40,2021-06-15 06:17:39.794035
2020-01-06,0001-01-01,104740,1286,completed,40,2021-06-15 06:17:39.794035
2020-01-06,0001-01-01,104740,1294,completed,40,2021-06-15 06:17:39.794035
2020-01-06,0001-01-01,104743,1327,completed,40,2021-06-15 06:17:39.794035
2020-01-06,0001-01-01,104743,1205,completed,40,2021-06-15 06:17:39.794035
2020-01-06,0001-01-01,104743,1265,completed,40,2021-06-15 06:17:39.794035
2020-01-06,0001-01-01,104743,1118,completed,40,2021-06-15 06:17:39.794035
2020-01-06,0001-01-01,104774,1393,completed,40,2021-06-15 06:17:39.794035
2020-01-06,0001-01-01,104774,1405,completed,40,2021-06-15 06:17:39.794035
2020-01-06,0001-01-01,104774,1398,completed,40,2021-06-15 06:17:39.794035
2020-01-06,0001-01-01,104774,1202,completed,40,2021-06-15 06:17:39.794035
2020-01-06,0001-01-01,104776,1343,completed,40,2021-06-15 06:17:39.794035
2020-01-06,0001-01-01,104776,1345,completed,40,2021-06-15 06:17:39.794035
2020-01-06,0001-01-01,104776,1346,completed,40,2021-06-15 06:17:39.794035
2020-01-06,0001-01-01,104794,1211,completed,40,2021-06-15 06:17:39.794035
2020-01-06,0001-01-01,104794,1408,completed,40,2021-06-15 06:17:39.794035
2020-01-06,0001-01-01,104794,1334,completed,40,2021-06-15 06:17:39.794035
2020-01-06,0001-01-01,104794,1401,completed,40,2021-06-15 06:17:39.794035
2020-01-06,0001-01-01,104794,1409,completed,40,2021-06-15 06:17:39.794035
2020-01-06,0001-01-01,104800,1406,completed,40,2021-06-15 06:17:39.794035
2020-01-06,0001-01-01,104800,1407,completed,40,2021-06-15 06:17:39.794035
2020-01-06,0001-01-01,104800,1400,completed,40,2021-06-15 06:17:39.794035
2020-01-06,0001-01-01,104800,1408,completed,40,2021-06-15 06:17:39.794035
2020-01-06,0001-01-01,104800,1401,completed,40,2021-06-15 06:17:39.794035
2020-01-06,0001-01-01,104807,1286,completed,40,2021-06-15 06:17:39.794035
2020-01-06,0001-01-01,104807,1294,completed,40,2021-06-15 06:17:39.794035
2020-01-06,0001-01-01,104807,1295,completed,40,2021-06-15 06:17:39.794035
2020-01-06,0001-01-01,104817,1401,completed,40,2021-06-15 06:17:39.794035
2020-01-06,0001-01-01,104817,1409,completed,40,2021-06-15 06:17:39.794035
2020-01-06,0001-01-01,104817,1412,completed,40,2021-06-15 06:17:39.794035
2020-01-06,0001-01-01,104817,1413,completed,40,2021-06-15 06:17:39.794035
2020-01-06,0001-01-01,104817,1414,completed,40,2021-06-15 06:17:39.794035
2020-01-06,0001-01-01,104851,1406,completed,40,2021-06-15 06:17:39.794035
2020-01-06,0001-01-01,104851,1399,completed,40,2021-06-15 06:17:39.794035
2020-01-06,0001-01-01,104851,1407,completed,40,2021-06-15 06:17:39.794035
2020-01-06,0001-01-01,104851,1400,completed,40,2021-06-15 06:17:39.794035
2020-01-06,0001-01-01,104851,1408,completed,40,2021-06-15 06:17:39.794035
2020-01-06,0001-01-01,104878,1341,completed,40,2021-06-15 06:17:39.794035
2020-01-06,0001-01-01,104878,1343,completed,40,2021-06-15 06:17:39.794035
2020-01-06,0001-01-01,104878,1344,completed,40,2021-06-15 06:17:39.794035
2020-01-06,0001-01-01,104878,1346,completed,40,2021-06-15 06:17:39.794035
2020-01-06,0001-01-01,104878,1347,completed,40,2021-06-15 06:17:39.794035
2020-01-06,0001-01-01,104884,1407,completed,40,2021-06-15 06:17:39.794035
2020-01-06,0001-01-01,104884,1400,completed,40,2021-06-15 06:17:39.794035
2020-01-06,0001-01-01,104884,1401,completed,40,2021-06-15 06:17:39.794035
2020-01-06,0001-01-01,104902,1203,completed,40,2021-06-15 06:17:39.794035
2020-01-06,0001-01-01,104902,1254,completed,40,2021-06-15 06:17:39.794035
2020-01-06,0001-01-01,104902,1216,completed,40,2021-06-15 06:17:39.794035
2020-01-06,0001-01-01,104905,1204,completed,40,2021-06-15 06:17:39.794035
2020-01-06,0001-01-01,104905,1216,completed,40,2021-06-15 06:17:39.794035
2020-01-06,0001-01-01,104915,1325,completed,40,2021-06-15 06:17:39.794035
2020-01-06,0001-01-01,104915,1335,completed,40,2021-06-15 06:17:39.794035
2020-01-06,0001-01-01,104915,1113,completed,40,2021-06-15 06:17:39.794035
2020-01-06,0001-01-01,104915,1336,completed,40,2021-06-15 06:17:39.794035
2020-01-06,0001-01-01,104919,1400,completed,40,2021-06-15 06:17:39.794035
2020-01-06,0001-01-01,104919,1408,completed,40,2021-06-15 06:17:39.794035
2020-01-06,0001-01-01,104919,1401,completed,40,2021-06-15 06:17:39.794035
2020-01-06,0001-01-01,104919,1409,completed,40,2021-06-15 06:17:39.794035
2020-01-06,0001-01-01,104925,1262,completed,40,2021-06-15 06:17:39.794035
2020-01-06,0001-01-01,104925,1115,completed,40,2021-06-15 06:17:39.794035
2020-01-06,0001-01-01,104925,1216,completed,40,2021-06-15 06:17:39.794035
2020-01-06,0001-01-01,104925,1267,completed,40,2021-06-15 06:17:39.794035
2020-01-06,0001-01-01,104926,1337,completed,40,2021-06-15 06:17:39.794035
2020-01-06,0001-01-01,104926,1339,completed,40,2021-06-15 06:17:39.794035
2020-01-06,0001-01-01,104926,1341,completed,40,2021-06-15 06:17:39.794035
2020-01-06,0001-01-01,104926,1346,completed,40,2021-06-15 06:17:39.794035
2020-01-06,0001-01-01,104957,1287,completed,40,2021-06-15 06:17:39.794035
2020-01-06,0001-01-01,104957,1262,completed,40,2021-06-15 06:17:39.794035
2020-01-06,0001-01-01,104957,1205,completed,40,2021-06-15 06:17:39.794035
2020-01-06,0001-01-01,104957,1214,completed,40,2021-06-15 06:17:39.794035
2020-01-06,0001-01-01,104957,1117,completed,40,2021-06-15 06:17:39.794035
2020-01-06,0001-01-01,104964,1319,completed,40,2021-06-15 06:17:39.794035
2020-01-06,0001-01-01,104977,1335,completed,40,2021-06-15 06:17:39.794035
2020-01-06,0001-01-01,104977,1121,completed,40,2021-06-15 06:17:39.794035
2020-01-06,0001-01-01,104997,1294,completed,40,2021-06-15 06:17:39.794035
2020-01-06,0001-01-01,104997,1287,completed,40,2021-06-15 06:17:39.794035
2020-01-06,0001-01-01,104997,1295,completed,40,2021-06-15 06:17:39.794035
2020-01-06,0001-01-01,104997,1113,completed,40,2021-06-15 06:17:39.794035
2020-01-06,0001-01-01,104997,1296,completed,40,2021-06-15 06:17:39.794035
2020-01-06,0001-01-01,103000,1302,completed,40,2021-06-15 06:17:39.794035
2020-01-06,0001-01-01,103000,1304,completed,40,2021-06-15 06:17:39.794035
2020-01-06,0001-01-01,103000,1309,completed,40,2021-06-15 06:17:39.794035
2020-01-06,0001-01-01,103005,1134,completed,40,2021-06-15 06:17:39.794035
2020-01-06,0001-01-01,103005,1147,completed,40,2021-06-15 06:17:39.794035
2020-01-06,0001-01-01,103007,1123,completed,40,2021-06-15 06:17:39.794035
2020-01-06,0001-01-01,103007,1347,completed,40,2021-06-15 06:17:39.794035
2020-01-06,0001-01-01,103009,1297,completed,40,2021-06-15 06:17:39.794035
2020-01-06,0001-01-01,103009,1300,completed,40,2021-06-15 06:17:39.794035
2020-01-06,0001-01-01,103009,1118,completed,40,2021-06-15 06:17:39.794035
2020-01-06,0001-01-01,103011,1130,completed,40,2021-06-15 06:17:39.794035
2020-01-06,0001-01-01,103011,1236,completed,40,2021-06-15 06:17:39.794035
2020-01-06,0001-01-01,103011,1238,completed,40,2021-06-15 06:17:39.794035
2020-01-06,0001-01-01,103011,1140,completed,40,2021-06-15 06:17:39.794035
2020-01-06,0001-01-01,103012,1418,completed,40,2021-06-15 06:17:39.794035
2020-01-06,0001-01-01,103012,1420,completed,40,2021-06-15 06:17:39.794035
2020-01-06,0001-01-01,103012,1421,completed,40,2021-06-15 06:17:39.794035
2020-01-06,0001-01-01,103037,1351,completed,40,2021-06-15 06:17:39.794035
2020-01-06,0001-01-01,103037,1360,completed,40,2021-06-15 06:17:39.794035
2020-01-06,0001-01-01,103039,1126,completed,40,2021-06-15 06:17:39.794035
2020-01-06,0001-01-01,103055,1232,completed,40,2021-06-15 06:17:39.794035
2020-01-06,0001-01-01,103055,1233,completed,40,2021-06-15 06:17:39.794035
2020-01-06,0001-01-01,103055,1236,completed,40,2021-06-15 06:17:39.794035
2020-01-06,0001-01-01,103055,1237,completed,40,2021-06-15 06:17:39.794035
2020-01-06,0001-01-01,103066,1312,completed,40,2021-06-15 06:17:39.794035
2020-01-06,0001-01-01,103066,1239,completed,40,2021-06-15 06:17:39.794035
2020-01-06,0001-01-01,103068,1301,completed,40,2021-06-15 06:17:39.794035
2020-01-06,0001-01-01,103068,1302,completed,40,2021-06-15 06:17:39.794035
2020-01-06,0001-01-01,103068,1304,completed,40,2021-06-15 06:17:39.794035
2020-01-06,0001-01-01,103068,1305,completed,40,2021-06-15 06:17:39.794035
2020-01-06,0001-01-01,103070,1230,completed,40,2021-06-15 06:17:39.794035
2020-01-06,0001-01-01,103070,1235,completed,40,2021-06-15 06:17:39.794035
2020-01-06,0001-01-01,103070,1239,completed,40,2021-06-15 06:17:39.794035
2020-01-06,0001-01-01,103087,1140,completed,40,2021-06-15 06:17:39.794035
2020-01-06,0001-01-01,103087,1240,completed,40,2021-06-15 06:17:39.794035
2020-01-06,0001-01-01,103087,1147,completed,40,2021-06-15 06:17:39.794035
2020-01-06,0001-01-01,103097,1357,completed,40,2021-06-15 06:17:39.794035
2020-01-06,0001-01-01,103108,1213,completed,40,2021-06-15 06:17:39.794035
2020-01-06,0001-01-01,103108,1115,completed,40,2021-06-15 06:17:39.794035
2020-01-06,0001-01-01,103108,1116,completed,40,2021-06-15 06:17:39.794035
2020-01-06,0001-01-01,103108,1120,completed,40,2021-06-15 06:17:39.794035
2020-01-06,0001-01-01,103110,1409,completed,40,2021-06-15 06:17:39.794035
2020-01-06,0001-01-01,103110,1410,completed,40,2021-06-15 06:17:39.794035
2020-01-06,0001-01-01,103110,1412,completed,40,2021-06-15 06:17:39.794035
2020-01-06,0001-01-01,103110,1413,completed,40,2021-06-15 06:17:39.794035
2020-01-06,0001-01-01,103116,1130,completed,40,2021-06-15 06:17:39.794035
2020-01-06,0001-01-01,103116,1231,completed,40,2021-06-15 06:17:39.794035
2020-01-06,0001-01-01,103116,1233,completed,40,2021-06-15 06:17:39.794035
2020-01-06,0001-01-01,103116,1238,completed,40,2021-06-15 06:17:39.794035
2020-01-06,0001-01-01,103120,1311,completed,40,2021-06-15 06:17:39.794035
2020-01-06,0001-01-01,103120,1129,completed,40,2021-06-15 06:17:39.794035
2020-01-06,0001-01-01,103120,1131,completed,40,2021-06-15 06:17:39.794035
2020-01-06,0001-01-01,103120,1133,completed,40,2021-06-15 06:17:39.794035
2020-01-06,0001-01-01,103129,1141,completed,40,2021-06-15 06:17:39.794035
2020-01-06,0001-01-01,103134,1412,completed,40,2021-06-15 06:17:39.794035
2020-01-06,0001-01-01,103134,1413,completed,40,2021-06-15 06:17:39.794035
2020-01-06,0001-01-01,103134,1414,completed,40,2021-06-15 06:17:39.794035
2020-01-06,0001-01-01,103134,1415,completed,40,2021-06-15 06:17:39.794035
2020-01-06,0001-01-01,103135,1307,completed,40,2021-06-15 06:17:39.794035
2020-01-06,0001-01-01,103135,1421,completed,40,2021-06-15 06:17:39.794035
2020-01-06,0001-01-01,103135,1309,completed,40,2021-06-15 06:17:39.794035
2020-01-06,0001-01-01,103135,1310,completed,40,2021-06-15 06:17:39.794035
2020-01-06,0001-01-01,103135,1311,completed,40,2021-06-15 06:17:39.794035
2020-01-06,0001-01-01,103140,1301,completed,40,2021-06-15 06:17:39.794035
2020-01-06,0001-01-01,103140,1302,completed,40,2021-06-15 06:17:39.794035
2020-01-06,0001-01-01,103140,1305,completed,40,2021-06-15 06:17:39.794035
2020-01-06,0001-01-01,103140,1306,completed,40,2021-06-15 06:17:39.794035
2020-01-06,0001-01-01,103148,1297,completed,40,2021-06-15 06:17:39.794035
2020-01-06,0001-01-01,103148,1300,completed,40,2021-06-15 06:17:39.794035
2020-01-06,0001-01-01,103148,1301,completed,40,2021-06-15 06:17:39.794035
2020-01-06,0001-01-01,103148,1302,completed,40,2021-06-15 06:17:39.794035
2020-01-06,0001-01-01,103171,1355,completed,40,2021-06-15 06:17:39.794035
2020-01-06,0001-01-01,103171,1358,completed,40,2021-06-15 06:17:39.794035
2020-01-06,0001-01-01,103171,1364,completed,40,2021-06-15 06:17:39.794035
2020-01-06,0001-01-01,103171,1365,completed,40,2021-06-15 06:17:39.794035
2020-01-06,0001-01-01,103171,1367,completed,40,2021-06-15 06:17:39.794035
2020-01-06,0001-01-01,103191,1139,completed,40,2021-06-15 06:17:39.794035
2020-01-06,0001-01-01,103202,1354,completed,40,2021-06-15 06:17:39.794035
2020-01-06,0001-01-01,103202,1355,completed,40,2021-06-15 06:17:39.794035
2020-01-06,0001-01-01,103202,1360,completed,40,2021-06-15 06:17:39.794035
2020-01-06,0001-01-01,103202,1361,completed,40,2021-06-15 06:17:39.794035
2020-01-06,0001-01-01,103213,1140,completed,40,2021-06-15 06:17:39.794035
2020-01-06,0001-01-01,103234,1349,completed,40,2021-06-15 06:17:39.794035
2020-01-06,0001-01-01,103249,1368,completed,40,2021-06-15 06:17:39.794035
2020-01-06,0001-01-01,103249,1369,completed,40,2021-06-15 06:17:39.794035
2020-01-06,0001-01-01,103249,1370,completed,40,2021-06-15 06:17:39.794035
2020-01-06,0001-01-01,103249,1371,completed,40,2021-06-15 06:17:39.794035
2020-01-06,0001-01-01,103249,1372,completed,40,2021-06-15 06:17:39.794035
2020-01-06,0001-01-01,103257,1269,completed,40,2021-06-15 06:17:39.794035
2020-01-06,0001-01-01,103257,1417,completed,40,2021-06-15 06:17:39.794035
2020-01-06,0001-01-01,103257,1418,completed,40,2021-06-15 06:17:39.794035
2020-01-06,0001-01-01,103257,1420,completed,40,2021-06-15 06:17:39.794035
2020-01-06,0001-01-01,103263,1134,completed,40,2021-06-15 06:17:39.794035
2020-01-06,0001-01-01,103275,1145,completed,40,2021-06-15 06:17:39.794035
2020-01-06,0001-01-01,103275,1147,completed,40,2021-06-15 06:17:39.794035
2020-01-06,0001-01-01,103297,1143,completed,40,2021-06-15 06:17:39.794035
2020-01-06,0001-01-01,103300,1237,completed,40,2021-06-15 06:17:39.794035
2020-01-06,0001-01-01,103300,1138,completed,40,2021-06-15 06:17:39.794035
2020-01-06,0001-01-01,103300,1139,completed,40,2021-06-15 06:17:39.794035
2020-01-06,0001-01-01,103300,1140,completed,40,2021-06-15 06:17:39.794035
2020-01-06,0001-01-01,103307,1299,completed,40,2021-06-15 06:17:39.794035
2020-01-06,0001-01-01,103307,1301,completed,40,2021-06-15 06:17:39.794035
2020-01-06,0001-01-01,103307,1305,completed,40,2021-06-15 06:17:39.794035
2020-01-06,0001-01-01,103339,1241,completed,40,2021-06-15 06:17:39.794035
2020-01-06,0001-01-01,103339,1372,completed,40,2021-06-15 06:17:39.794035
2020-01-06,0001-01-01,103340,1143,completed,40,2021-06-15 06:17:39.794035
2020-01-06,0001-01-01,103359,1301,completed,40,2021-06-15 06:17:39.794035
2020-01-06,0001-01-01,103359,1302,completed,40,2021-06-15 06:17:39.794035
2020-01-06,0001-01-01,103359,1304,completed,40,2021-06-15 06:17:39.794035
2020-01-06,0001-01-01,103359,1306,completed,40,2021-06-15 06:17:39.794035
2020-01-06,0001-01-01,103359,1310,completed,40,2021-06-15 06:17:39.794035
2020-01-06,0001-01-01,103367,1239,completed,40,2021-06-15 06:17:39.794035
2020-01-06,0001-01-01,103367,1241,completed,40,2021-06-15 06:17:39.794035
2020-01-06,0001-01-01,103381,1354,completed,40,2021-06-15 06:17:39.794035
2020-01-06,0001-01-01,103385,1349,completed,40,2021-06-15 06:17:39.794035
2020-01-06,0001-01-01,103385,1356,completed,40,2021-06-15 06:17:39.794035
2020-01-06,0001-01-01,103385,1361,completed,40,2021-06-15 06:17:39.794035
2020-01-06,0001-01-01,103385,1365,completed,40,2021-06-15 06:17:39.794035
2020-01-06,0001-01-01,103400,1273,completed,40,2021-06-15 06:17:39.794035
2020-01-06,0001-01-01,103400,1129,completed,40,2021-06-15 06:17:39.794035
2020-01-06,0001-01-01,103403,1134,completed,40,2021-06-15 06:17:39.794035
2020-01-06,0001-01-01,103403,1139,completed,40,2021-06-15 06:17:39.794035
2020-01-06,0001-01-01,103448,1364,completed,40,2021-06-15 06:17:39.794035
2020-01-06,0001-01-01,103448,1152,completed,40,2021-06-15 06:17:39.794035
2020-01-06,0001-01-01,103450,1365,completed,40,2021-06-15 06:17:39.794035
2020-01-06,0001-01-01,103450,1366,completed,40,2021-06-15 06:17:39.794035
2020-01-06,0001-01-01,103450,1367,completed,40,2021-06-15 06:17:39.794035
2020-01-06,0001-01-01,103450,1369,completed,40,2021-06-15 06:17:39.794035
2020-01-06,0001-01-01,103450,1371,completed,40,2021-06-15 06:17:39.794035
2020-01-06,0001-01-01,103468,1307,completed,40,2021-06-15 06:17:39.794035
2020-01-06,0001-01-01,103468,1309,completed,40,2021-06-15 06:17:39.794035
2020-01-06,0001-01-01,103468,1310,completed,40,2021-06-15 06:17:39.794035
2020-01-06,0001-01-01,103469,1367,completed,40,2021-06-15 06:17:39.794035
2020-01-06,0001-01-01,103469,1371,completed,40,2021-06-15 06:17:39.794035
2020-01-06,0001-01-01,103469,1372,completed,40,2021-06-15 06:17:39.794035
2020-01-06,0001-01-01,103469,1374,completed,40,2021-06-15 06:17:39.794035
2020-01-06,0001-01-01,103476,1240,completed,40,2021-06-15 06:17:39.794035
2020-01-06,0001-01-01,103476,1161,completed,40,2021-06-15 06:17:39.794035
2020-01-06,0001-01-01,103496,1366,completed,40,2021-06-15 06:17:39.794035
2020-01-06,0001-01-01,103496,1145,completed,40,2021-06-15 06:17:39.794035
2020-01-06,0001-01-01,103496,1153,completed,40,2021-06-15 06:17:39.794035
2020-01-06,0001-01-01,103496,1154,completed,40,2021-06-15 06:17:39.794035
2020-01-06,0001-01-01,103496,1155,completed,40,2021-06-15 06:17:39.794035
2020-01-06,0001-01-01,103503,1302,completed,40,2021-06-15 06:17:39.794035
2020-01-06,0001-01-01,103503,1304,completed,40,2021-06-15 06:17:39.794035
2020-01-06,0001-01-01,103503,1305,completed,40,2021-06-15 06:17:39.794035
2020-01-06,0001-01-01,103503,1306,completed,40,2021-06-15 06:17:39.794035
2020-01-06,0001-01-01,103507,1313,completed,40,2021-06-15 06:17:39.794035
2020-01-06,0001-01-01,103512,1302,completed,40,2021-06-15 06:17:39.794035
2020-01-06,0001-01-01,103512,1305,completed,40,2021-06-15 06:17:39.794035
2020-01-06,0001-01-01,103512,1306,completed,40,2021-06-15 06:17:39.794035
2020-01-06,0001-01-01,103520,1401,completed,40,2021-06-15 06:17:39.794035
2020-01-06,0001-01-01,103520,1409,completed,40,2021-06-15 06:17:39.794035
2020-01-06,0001-01-01,103520,1410,completed,40,2021-06-15 06:17:39.794035
2020-01-06,0001-01-01,103520,1412,completed,40,2021-06-15 06:17:39.794035
2020-01-06,0001-01-01,103527,1231,completed,40,2021-06-15 06:17:39.794035
2020-01-06,0001-01-01,103527,1134,completed,40,2021-06-15 06:17:39.794035
2020-01-06,0001-01-01,103527,1137,completed,40,2021-06-15 06:17:39.794035
2020-01-06,0001-01-01,103535,1302,completed,40,2021-06-15 06:17:39.794035
2020-01-06,0001-01-01,103535,1416,completed,40,2021-06-15 06:17:39.794035
2020-01-06,0001-01-01,103535,1304,completed,40,2021-06-15 06:17:39.794035
2020-01-06,0001-01-01,103535,1309,completed,40,2021-06-15 06:17:39.794035
2020-01-06,0001-01-01,103544,1130,completed,40,2021-06-15 06:17:39.794035
2020-01-06,0001-01-01,103544,1353,completed,40,2021-06-15 06:17:39.794035
2020-01-06,0001-01-01,103544,1132,completed,40,2021-06-15 06:17:39.794035
2020-01-06,0001-01-01,103544,1235,completed,40,2021-06-15 06:17:39.794035
2020-01-06,0001-01-01,103555,1231,completed,40,2021-06-15 06:17:39.794035
2020-01-06,0001-01-01,103555,1235,completed,40,2021-06-15 06:17:39.794035
2020-01-06,0001-01-01,103555,1236,completed,40,2021-06-15 06:17:39.794035
2020-01-06,0001-01-01,103555,1138,completed,40,2021-06-15 06:17:39.794035
2020-01-06,0001-01-01,103562,1354,completed,40,2021-06-15 06:17:39.794035
2020-01-06,0001-01-01,103562,1358,completed,40,2021-06-15 06:17:39.794035
2020-01-06,0001-01-01,103562,1237,completed,40,2021-06-15 06:17:39.794035
2020-01-06,0001-01-01,103562,1360,completed,40,2021-06-15 06:17:39.794035
2020-01-06,0001-01-01,103562,1365,completed,40,2021-06-15 06:17:39.794035
2020-01-06,0001-01-01,103596,1302,completed,40,2021-06-15 06:17:39.794035
2020-01-06,0001-01-01,103596,1304,completed,40,2021-06-15 06:17:39.794035
2020-01-06,0001-01-01,103596,1306,completed,40,2021-06-15 06:17:39.794035
2020-01-06,0001-01-01,103596,1307,completed,40,2021-06-15 06:17:39.794035
2020-01-06,0001-01-01,103597,1415,completed,40,2021-06-15 06:17:39.794035
2020-01-06,0001-01-01,103597,1270,completed,40,2021-06-15 06:17:39.794035
2020-01-06,0001-01-01,103597,1417,completed,40,2021-06-15 06:17:39.794035
2020-01-06,0001-01-01,103601,1304,completed,40,2021-06-15 06:17:39.794035
2020-01-06,0001-01-01,103601,1305,completed,40,2021-06-15 06:17:39.794035
2020-01-06,0001-01-01,103601,1306,completed,40,2021-06-15 06:17:39.794035
2020-01-06,0001-01-01,103601,1309,completed,40,2021-06-15 06:17:39.794035
2020-01-06,0001-01-01,103621,1302,completed,40,2021-06-15 06:17:39.794035
2020-01-06,0001-01-01,103621,1417,completed,40,2021-06-15 06:17:39.794035
2020-01-06,0001-01-01,103621,1418,completed,40,2021-06-15 06:17:39.794035
2020-01-06,0001-01-01,103621,1420,completed,40,2021-06-15 06:17:39.794035
2020-01-06,0001-01-01,103621,1421,completed,40,2021-06-15 06:17:39.794035
2020-01-06,0001-01-01,103635,1302,completed,40,2021-06-15 06:17:39.794035
2020-01-06,0001-01-01,103635,1304,completed,40,2021-06-15 06:17:39.794035
2020-01-06,0001-01-01,103635,1305,completed,40,2021-06-15 06:17:39.794035
2020-01-06,0001-01-01,103635,1309,completed,40,2021-06-15 06:17:39.794035
2020-01-06,0001-01-01,103636,1361,completed,40,2021-06-15 06:17:39.794035
2020-01-06,0001-01-01,103636,1367,completed,40,2021-06-15 06:17:39.794035
2020-01-06,0001-01-01,103636,1370,completed,40,2021-06-15 06:17:39.794035
2020-01-06,0001-01-01,103636,1371,completed,40,2021-06-15 06:17:39.794035
2020-01-06,0001-01-01,103646,1232,completed,40,2021-06-15 06:17:39.794035
2020-01-06,0001-01-01,103646,1135,completed,40,2021-06-15 06:17:39.794035
2020-01-06,0001-01-01,103646,1140,completed,40,2021-06-15 06:17:39.794035
2020-01-06,0001-01-01,103649,1412,completed,40,2021-06-15 06:17:39.794035
2020-01-06,0001-01-01,103649,1413,completed,40,2021-06-15 06:17:39.794035
2020-01-06,0001-01-01,103649,1414,completed,40,2021-06-15 06:17:39.794035
2020-01-06,0001-01-01,103649,1415,completed,40,2021-06-15 06:17:39.794035
2020-01-06,0001-01-01,103651,1415,completed,40,2021-06-15 06:17:39.794035
2020-01-06,0001-01-01,103651,1416,completed,40,2021-06-15 06:17:39.794035
2020-01-06,0001-01-01,103651,1417,completed,40,2021-06-15 06:17:39.794035
2020-01-06,0001-01-01,103651,1418,completed,40,2021-06-15 06:17:39.794035
2020-01-06,0001-01-01,103651,1420,completed,40,2021-06-15 06:17:39.794035
2020-01-06,0001-01-01,103657,1409,completed,40,2021-06-15 06:17:39.794035
2020-01-06,0001-01-01,103657,1411,completed,40,2021-06-15 06:17:39.794035
2020-01-06,0001-01-01,103657,1412,completed,40,2021-06-15 06:17:39.794035
2020-01-06,0001-01-01,103657,1413,completed,40,2021-06-15 06:17:39.794035
2020-01-06,0001-01-01,103657,1414,completed,40,2021-06-15 06:17:39.794035
2020-01-06,0001-01-01,103665,1375,completed,40,2021-06-15 06:17:39.794035
2020-01-06,0001-01-01,103672,1130,completed,40,2021-06-15 06:17:39.794035
2020-01-06,0001-01-01,103672,1354,completed,40,2021-06-15 06:17:39.794035
2020-01-06,0001-01-01,103672,1238,completed,40,2021-06-15 06:17:39.794035
2020-01-06,0001-01-01,103672,1142,completed,40,2021-06-15 06:17:39.794035
2020-01-06,0001-01-01,103672,1143,completed,40,2021-06-15 06:17:39.794035
2020-01-06,0001-01-01,103681,1414,completed,40,2021-06-15 06:17:39.794035
2020-01-06,0001-01-01,103681,1416,completed,40,2021-06-15 06:17:39.794035
2020-01-06,0001-01-01,103681,1302,completed,40,2021-06-15 06:17:39.794035
2020-01-06,0001-01-01,103681,1417,completed,40,2021-06-15 06:17:39.794035
2020-01-06,0001-01-01,103685,1412,completed,40,2021-06-15 06:17:39.794035
2020-01-06,0001-01-01,103685,1413,completed,40,2021-06-15 06:17:39.794035
2020-01-06,0001-01-01,103685,1414,completed,40,2021-06-15 06:17:39.794035
2020-01-06,0001-01-01,103685,1119,completed,40,2021-06-15 06:17:39.794035
2020-01-06,0001-01-01,103685,1415,completed,40,2021-06-15 06:17:39.794035
2020-01-06,0001-01-01,103695,1361,completed,40,2021-06-15 06:17:39.794035
2020-01-06,0001-01-01,103695,1363,completed,40,2021-06-15 06:17:39.794035
2020-01-06,0001-01-01,103695,1367,completed,40,2021-06-15 06:17:39.794035
2020-01-06,0001-01-01,103695,1371,completed,40,2021-06-15 06:17:39.794035
2020-01-06,0001-01-01,103706,1354,completed,40,2021-06-15 06:17:39.794035
2020-01-06,0001-01-01,103706,1363,completed,40,2021-06-15 06:17:39.794035
2020-01-06,0001-01-01,103713,1239,completed,40,2021-06-15 06:17:39.794035
2020-01-06,0001-01-01,103713,1143,completed,40,2021-06-15 06:17:39.794035
2020-01-06,0001-01-01,103713,1145,completed,40,2021-06-15 06:17:39.794035
2020-01-06,0001-01-01,103713,1148,completed,40,2021-06-15 06:17:39.794035
2020-01-06,0001-01-01,103720,1136,completed,40,2021-06-15 06:17:39.794035
2020-01-06,0001-01-01,103720,1240,completed,40,2021-06-15 06:17:39.794035
2020-01-06,0001-01-01,103720,1241,completed,40,2021-06-15 06:17:39.794035
2020-01-06,0001-01-01,103729,1401,completed,40,2021-06-15 06:17:39.794035
2020-01-06,0001-01-01,103729,1410,completed,40,2021-06-15 06:17:39.794035
2020-01-06,0001-01-01,103729,1411,completed,40,2021-06-15 06:17:39.794035
2020-01-06,0001-01-01,103729,1412,completed,40,2021-06-15 06:17:39.794035
2020-01-06,0001-01-01,103740,1304,completed,40,2021-06-15 06:17:39.794035
2020-01-06,0001-01-01,103740,1305,completed,40,2021-06-15 06:17:39.794035
2020-01-06,0001-01-01,103740,1306,completed,40,2021-06-15 06:17:39.794035
2020-01-06,0001-01-01,103740,1307,completed,40,2021-06-15 06:17:39.794035
2020-01-06,0001-01-01,103743,1305,completed,40,2021-06-15 06:17:39.794035
2020-01-06,0001-01-01,103743,1346,completed,40,2021-06-15 06:17:39.794035
2020-01-06,0001-01-01,103743,1306,completed,40,2021-06-15 06:17:39.794035
2020-01-06,0001-01-01,103743,1307,completed,40,2021-06-15 06:17:39.794035
2020-01-06,0001-01-01,103747,1414,completed,40,2021-06-15 06:17:39.794035
2020-01-06,0001-01-01,103747,1415,completed,40,2021-06-15 06:17:39.794035
2020-01-06,0001-01-01,103747,1416,completed,40,2021-06-15 06:17:39.794035
2020-01-06,0001-01-01,103747,1417,completed,40,2021-06-15 06:17:39.794035
2020-01-06,0001-01-01,103761,1137,completed,40,2021-06-15 06:17:39.794035
2020-01-06,0001-01-01,103761,1238,completed,40,2021-06-15 06:17:39.794035
2020-01-06,0001-01-01,103761,1152,completed,40,2021-06-15 06:17:39.794035
2020-01-06,0001-01-01,103784,1238,completed,40,2021-06-15 06:17:39.794035
2020-01-06,0001-01-01,103784,1140,completed,40,2021-06-15 06:17:39.794035
2020-01-06,0001-01-01,103784,1241,completed,40,2021-06-15 06:17:39.794035
2020-01-06,0001-01-01,103798,1153,completed,40,2021-06-15 06:17:39.794035
2020-01-06,0001-01-01,103798,1155,completed,40,2021-06-15 06:17:39.794035
2020-01-06,0001-01-01,103799,1230,completed,40,2021-06-15 06:17:39.794035
2020-01-06,0001-01-01,103812,1137,completed,40,2021-06-15 06:17:39.794035
2020-01-06,0001-01-01,103812,1139,completed,40,2021-06-15 06:17:39.794035
2020-01-06,0001-01-01,103818,1363,completed,40,2021-06-15 06:17:39.794035
2020-01-06,0001-01-01,103818,1365,completed,40,2021-06-15 06:17:39.794035
2020-01-06,0001-01-01,103818,1366,completed,40,2021-06-15 06:17:39.794035
2020-01-06,0001-01-01,103828,1355,completed,40,2021-06-15 06:17:39.794035
2020-01-06,0001-01-01,103828,1363,completed,40,2021-06-15 06:17:39.794035
2020-01-06,0001-01-01,103828,1365,completed,40,2021-06-15 06:17:39.794035
2020-01-06,0001-01-01,103828,1368,completed,40,2021-06-15 06:17:39.794035
2020-01-06,0001-01-01,103828,1370,completed,40,2021-06-15 06:17:39.794035
2020-01-06,0001-01-01,103836,1357,completed,40,2021-06-15 06:17:39.794035
2020-01-06,0001-01-01,103836,1358,completed,40,2021-06-15 06:17:39.794035
2020-01-06,0001-01-01,103836,1363,completed,40,2021-06-15 06:17:39.794035
2020-01-06,0001-01-01,103836,1143,completed,40,2021-06-15 06:17:39.794035
2020-01-06,0001-01-01,103847,1132,completed,40,2021-06-15 06:17:39.794035
2020-01-06,0001-01-01,103847,1138,completed,40,2021-06-15 06:17:39.794035
2020-01-06,0001-01-01,103852,1353,completed,40,2021-06-15 06:17:39.794035
2020-01-06,0001-01-01,103852,1139,completed,40,2021-06-15 06:17:39.794035
2020-01-06,0001-01-01,103852,1361,completed,40,2021-06-15 06:17:39.794035
2020-01-06,0001-01-01,103852,1364,completed,40,2021-06-15 06:17:39.794035
2020-01-06,0001-01-01,103856,1139,completed,40,2021-06-15 06:17:39.794035
2020-01-06,0001-01-01,103856,1363,completed,40,2021-06-15 06:17:39.794035
2020-01-06,0001-01-01,103856,1365,completed,40,2021-06-15 06:17:39.794035
2020-01-06,0001-01-01,103856,1369,completed,40,2021-06-15 06:17:39.794035
2020-01-06,0001-01-01,103857,1268,completed,40,2021-06-15 06:17:39.794035
2020-01-06,0001-01-01,103857,1415,completed,40,2021-06-15 06:17:39.794035
2020-01-06,0001-01-01,103857,1416,completed,40,2021-06-15 06:17:39.794035
2020-01-06,0001-01-01,103857,1417,completed,40,2021-06-15 06:17:39.794035
2020-01-06,0001-01-01,103857,1418,completed,40,2021-06-15 06:17:39.794035
2020-01-06,0001-01-01,103863,1413,completed,40,2021-06-15 06:17:39.794035
2020-01-06,0001-01-01,103863,1414,completed,40,2021-06-15 06:17:39.794035
2020-01-06,0001-01-01,103863,1341,completed,40,2021-06-15 06:17:39.794035
2020-01-06,0001-01-01,103863,1415,completed,40,2021-06-15 06:17:39.794035
2020-01-06,0001-01-01,103863,1417,completed,40,2021-06-15 06:17:39.794035
2020-01-06,0001-01-01,103891,1352,completed,40,2021-06-15 06:17:39.794035
2020-01-06,0001-01-01,103924,1305,completed,40,2021-06-15 06:17:39.794035
2020-01-06,0001-01-01,103924,1306,completed,40,2021-06-15 06:17:39.794035
2020-01-06,0001-01-01,103924,1307,completed,40,2021-06-15 06:17:39.794035
2020-01-06,0001-01-01,103924,1309,completed,40,2021-06-15 06:17:39.794035
2020-01-06,0001-01-01,103924,1310,completed,40,2021-06-15 06:17:39.794035
2020-01-06,0001-01-01,103928,1361,completed,40,2021-06-15 06:17:39.794035
2020-01-06,0001-01-01,103928,1365,completed,40,2021-06-15 06:17:39.794035
2020-01-06,0001-01-01,103928,1366,completed,40,2021-06-15 06:17:39.794035
2020-01-06,0001-01-01,103928,1369,completed,40,2021-06-15 06:17:39.794035
2020-01-06,0001-01-01,103929,1137,completed,40,2021-06-15 06:17:39.794035
2020-01-06,0001-01-01,103929,1138,completed,40,2021-06-15 06:17:39.794035
2020-01-06,0001-01-01,103929,1240,completed,40,2021-06-15 06:17:39.794035
2020-01-06,0001-01-01,103939,1125,completed,40,2021-06-15 06:17:39.794035
2020-01-06,0001-01-01,103939,1312,completed,40,2021-06-15 06:17:39.794035
2020-01-06,0001-01-01,103939,1136,completed,40,2021-06-15 06:17:39.794035
2020-01-06,0001-01-01,103942,1232,completed,40,2021-06-15 06:17:39.794035
2020-01-06,0001-01-01,103942,1133,completed,40,2021-06-15 06:17:39.794035
2020-01-06,0001-01-01,103943,1226,completed,40,2021-06-15 06:17:39.794035
2020-01-06,0001-01-01,103943,1230,completed,40,2021-06-15 06:17:39.794035
2020-01-06,0001-01-01,103943,1231,completed,40,2021-06-15 06:17:39.794035
2020-01-06,0001-01-01,103943,1133,completed,40,2021-06-15 06:17:39.794035
2020-01-06,0001-01-01,103948,1360,completed,40,2021-06-15 06:17:39.794035
2020-01-06,0001-01-01,103948,1361,completed,40,2021-06-15 06:17:39.794035
2020-01-06,0001-01-01,103948,1363,completed,40,2021-06-15 06:17:39.794035
2020-01-06,0001-01-01,103948,1365,completed,40,2021-06-15 06:17:39.794035
2020-01-06,0001-01-01,103952,1415,completed,40,2021-06-15 06:17:39.794035
2020-01-06,0001-01-01,103952,1417,completed,40,2021-06-15 06:17:39.794035
2020-01-06,0001-01-01,103952,1418,completed,40,2021-06-15 06:17:39.794035
2020-01-06,0001-01-01,103952,1421,completed,40,2021-06-15 06:17:39.794035
2020-01-06,0001-01-01,103952,1422,completed,40,2021-06-15 06:17:39.794035
2020-01-06,0001-01-01,103955,1304,completed,40,2021-06-15 06:17:39.794035
2020-01-06,0001-01-01,103955,1305,completed,40,2021-06-15 06:17:39.794035
2020-01-06,0001-01-01,103955,1307,completed,40,2021-06-15 06:17:39.794035
2020-01-06,0001-01-01,103955,1309,completed,40,2021-06-15 06:17:39.794035
2020-01-06,0001-01-01,103975,1414,completed,40,2021-06-15 06:17:39.794035
2020-01-06,0001-01-01,103975,1415,completed,40,2021-06-15 06:17:39.794035
2020-01-06,0001-01-01,103975,1416,completed,40,2021-06-15 06:17:39.794035
2020-01-06,0001-01-01,103975,1417,completed,40,2021-06-15 06:17:39.794035
2020-01-06,0001-01-01,103980,1133,completed,40,2021-06-15 06:17:39.794035
2020-01-06,0001-01-01,103980,1134,completed,40,2021-06-15 06:17:39.794035
2020-01-06,0001-01-01,103980,1135,completed,40,2021-06-15 06:17:39.794035
2020-01-06,0001-01-01,103980,1239,completed,40,2021-06-15 06:17:39.794035
2020-01-06,0001-01-01,103989,1355,completed,40,2021-06-15 06:17:39.794035
2020-01-06,0001-01-01,103989,1358,completed,40,2021-06-15 06:17:39.794035
2020-01-06,0001-01-01,103989,1364,completed,40,2021-06-15 06:17:39.794035
2020-01-06,0001-01-01,103989,1366,completed,40,2021-06-15 06:17:39.794035
2020-01-06,0001-01-01,103990,1413,completed,40,2021-06-15 06:17:39.794035
2020-01-06,0001-01-01,103990,1415,completed,40,2021-06-15 06:17:39.794035
2020-01-06,0001-01-01,103990,1417,completed,40,2021-06-15 06:17:39.794035
2020-01-06,0001-01-01,103990,1418,completed,40,2021-06-15 06:17:39.794035
2020-01-06,0001-01-01,102000,1176,completed,40,2021-06-15 06:17:39.794035
2020-01-06,0001-01-01,102000,1179,completed,40,2021-06-15 06:17:39.794035
2020-01-06,0001-01-01,102000,1180,completed,40,2021-06-15 06:17:39.794035
2020-01-06,0001-01-01,102000,1181,completed,40,2021-06-15 06:17:39.794035
2020-01-06,0001-01-01,102000,1191,completed,40,2021-06-15 06:17:39.794035
2020-01-06,0001-01-01,102012,1382,completed,40,2021-06-15 06:17:39.794035
2020-01-06,0001-01-01,102012,1171,completed,40,2021-06-15 06:17:39.794035
2020-01-06,0001-01-01,102012,1174,completed,40,2021-06-15 06:17:39.794035
2020-01-06,0001-01-01,102013,1179,completed,40,2021-06-15 06:17:39.794035
2020-01-06,0001-01-01,102013,1182,completed,40,2021-06-15 06:17:39.794035
2020-01-06,0001-01-01,102013,1187,completed,40,2021-06-15 06:17:39.794035
2020-01-06,0001-01-01,102018,1156,completed,40,2021-06-15 06:17:39.794035
2020-01-06,0001-01-01,102031,1166,completed,40,2021-06-15 06:17:39.794035
2020-01-06,0001-01-01,102031,1171,completed,40,2021-06-15 06:17:39.794035
2020-01-06,0001-01-01,102068,1376,completed,40,2021-06-15 06:17:39.794035
2020-01-06,0001-01-01,102070,1376,completed,40,2021-06-15 06:17:39.794035
2020-01-06,0001-01-01,102070,1386,completed,40,2021-06-15 06:17:39.794035
2020-01-06,0001-01-01,102070,1172,completed,40,2021-06-15 06:17:39.794035
2020-01-06,0001-01-01,102109,1241,completed,40,2021-06-15 06:17:39.794035
2020-01-06,0001-01-01,102120,1169,completed,40,2021-06-15 06:17:39.794035
2020-01-06,0001-01-01,102120,1181,completed,40,2021-06-15 06:17:39.794035
2020-01-06,0001-01-01,102120,1185,completed,40,2021-06-15 06:17:39.794035
2020-01-06,0001-01-01,102126,1374,completed,40,2021-06-15 06:17:39.794035
2020-01-06,0001-01-01,102126,1187,completed,40,2021-06-15 06:17:39.794035
2020-01-06,0001-01-01,102137,1143,completed,40,2021-06-15 06:17:39.794035
2020-01-06,0001-01-01,102137,1376,completed,40,2021-06-15 06:17:39.794035
2020-01-06,0001-01-01,102138,1382,completed,40,2021-06-15 06:17:39.794035
2020-01-06,0001-01-01,102138,1169,completed,40,2021-06-15 06:17:39.794035
2020-01-06,0001-01-01,102138,1179,completed,40,2021-06-15 06:17:39.794035
2020-01-06,0001-01-01,102141,1241,completed,40,2021-06-15 06:17:39.794035
2020-01-06,0001-01-01,102164,1177,completed,40,2021-06-15 06:17:39.794035
2020-01-06,0001-01-01,102164,1180,completed,40,2021-06-15 06:17:39.794035
2020-01-06,0001-01-01,102213,1380,completed,40,2021-06-15 06:17:39.794035
2020-01-06,0001-01-01,102213,1382,completed,40,2021-06-15 06:17:39.794035
2020-01-06,0001-01-01,102225,1153,completed,40,2021-06-15 06:17:39.794035
2020-01-06,0001-01-01,102225,1162,completed,40,2021-06-15 06:17:39.794035
2020-01-06,0001-01-01,102225,1166,completed,40,2021-06-15 06:17:39.794035
2020-01-06,0001-01-01,102225,1174,completed,40,2021-06-15 06:17:39.794035
2020-01-06,0001-01-01,102225,1182,completed,40,2021-06-15 06:17:39.794035
2020-01-06,0001-01-01,102230,1367,completed,40,2021-06-15 06:17:39.794035
2020-01-06,0001-01-01,102233,1164,completed,40,2021-06-15 06:17:39.794035
2020-01-06,0001-01-01,102247,1377,completed,40,2021-06-15 06:17:39.794035
2020-01-06,0001-01-01,102247,1381,completed,40,2021-06-15 06:17:39.794035
2020-01-06,0001-01-01,102247,1181,completed,40,2021-06-15 06:17:39.794035
2020-01-06,0001-01-01,102256,1422,completed,40,2021-06-15 06:17:39.794035
2020-01-06,0001-01-01,102278,1177,completed,40,2021-06-15 06:17:39.794035
2020-01-06,0001-01-01,102278,1180,completed,40,2021-06-15 06:17:39.794035
2020-01-06,0001-01-01,102278,1187,completed,40,2021-06-15 06:17:39.794035
2020-01-06,0001-01-01,102278,1190,completed,40,2021-06-15 06:17:39.794035
2020-01-06,0001-01-01,102285,1137,completed,40,2021-06-15 06:17:39.794035
2020-01-06,0001-01-01,102316,1313,completed,40,2021-06-15 06:17:39.794035
2020-01-06,0001-01-01,102320,1313,completed,40,2021-06-15 06:17:39.794035
2020-01-06,0001-01-01,102320,1371,completed,40,2021-06-15 06:17:39.794035
2020-01-06,0001-01-01,102331,1163,completed,40,2021-06-15 06:17:39.794035
2020-01-06,0001-01-01,102363,1379,completed,40,2021-06-15 06:17:39.794035
2020-01-06,0001-01-01,102363,1382,completed,40,2021-06-15 06:17:39.794035
2020-01-06,0001-01-01,102365,1163,completed,40,2021-06-15 06:17:39.794035
2020-01-06,0001-01-01,102369,1145,completed,40,2021-06-15 06:17:39.794035
2020-01-06,0001-01-01,102392,1375,completed,40,2021-06-15 06:17:39.794035
2020-01-06,0001-01-01,102392,1377,completed,40,2021-06-15 06:17:39.794035
2020-01-06,0001-01-01,102392,1381,completed,40,2021-06-15 06:17:39.794035
2020-01-06,0001-01-01,102396,1377,completed,40,2021-06-15 06:17:39.794035
2020-01-06,0001-01-01,102396,1381,completed,40,2021-06-15 06:17:39.794035
2020-01-06,0001-01-01,102399,1161,completed,40,2021-06-15 06:17:39.794035
2020-01-06,0001-01-01,102399,1185,completed,40,2021-06-15 06:17:39.794035
2020-01-06,0001-01-01,102399,1189,completed,40,2021-06-15 06:17:39.794035
2020-01-06,0001-01-01,102415,1313,completed,40,2021-06-15 06:17:39.794035
2020-01-06,0001-01-01,102415,1155,completed,40,2021-06-15 06:17:39.794035
2020-01-06,0001-01-01,102449,1379,completed,40,2021-06-15 06:17:39.794035
2020-01-06,0001-01-01,102449,1381,completed,40,2021-06-15 06:17:39.794035
2020-01-06,0001-01-01,102449,1386,completed,40,2021-06-15 06:17:39.794035
2020-01-06,0001-01-01,102454,1233,completed,40,2021-06-15 06:17:39.794035
2020-01-06,0001-01-01,102461,1171,completed,40,2021-06-15 06:17:39.794035
2020-01-06,0001-01-01,102461,1172,completed,40,2021-06-15 06:17:39.794035
2020-01-06,0001-01-01,102461,1189,completed,40,2021-06-15 06:17:39.794035
2020-01-06,0001-01-01,102464,1371,completed,40,2021-06-15 06:17:39.794035
2020-01-06,0001-01-01,102464,1157,completed,40,2021-06-15 06:17:39.794035
2020-01-06,0001-01-01,102465,1379,completed,40,2021-06-15 06:17:39.794035
2020-01-06,0001-01-01,102465,1386,completed,40,2021-06-15 06:17:39.794035
2020-01-06,0001-01-01,102475,1368,completed,40,2021-06-15 06:17:39.794035
2020-01-06,0001-01-01,102480,1164,completed,40,2021-06-15 06:17:39.794035
2020-01-06,0001-01-01,102480,1386,completed,40,2021-06-15 06:17:39.794035
2020-01-06,0001-01-01,102505,1175,completed,40,2021-06-15 06:17:39.794035
2020-01-06,0001-01-01,102505,1181,completed,40,2021-06-15 06:17:39.794035
2020-01-06,0001-01-01,102505,1183,completed,40,2021-06-15 06:17:39.794035
2020-01-06,0001-01-01,102505,1185,completed,40,2021-06-15 06:17:39.794035
2020-01-06,0001-01-01,102522,1163,completed,40,2021-06-15 06:17:39.794035
2020-01-06,0001-01-01,102522,1170,completed,40,2021-06-15 06:17:39.794035
2020-01-06,0001-01-01,102522,1171,completed,40,2021-06-15 06:17:39.794035
2020-01-06,0001-01-01,102522,1180,completed,40,2021-06-15 06:17:39.794035
2020-01-06,0001-01-01,102536,1380,completed,40,2021-06-15 06:17:39.794035
2020-01-06,0001-01-01,102536,1381,completed,40,2021-06-15 06:17:39.794035
2020-01-06,0001-01-01,102536,1189,completed,40,2021-06-15 06:17:39.794035
2020-01-06,0001-01-01,102588,1165,completed,40,2021-06-15 06:17:39.794035
2020-01-06,0001-01-01,102588,1167,completed,40,2021-06-15 06:17:39.794035
2020-01-06,0001-01-01,102588,1169,completed,40,2021-06-15 06:17:39.794035
2020-01-06,0001-01-01,102588,1172,completed,40,2021-06-15 06:17:39.794035
2020-01-06,0001-01-01,102588,1177,completed,40,2021-06-15 06:17:39.794035
2020-01-06,0001-01-01,102595,1376,completed,40,2021-06-15 06:17:39.794035
2020-01-06,0001-01-01,102595,1381,completed,40,2021-06-15 06:17:39.794035
2020-01-06,0001-01-01,102603,1153,completed,40,2021-06-15 06:17:39.794035
2020-01-06,0001-01-01,102604,1152,completed,40,2021-06-15 06:17:39.794035
2020-01-06,0001-01-01,102605,1181,completed,40,2021-06-15 06:17:39.794035
2020-01-06,0001-01-01,102607,1162,completed,40,2021-06-15 06:17:39.794035
2020-01-06,0001-01-01,102607,1166,completed,40,2021-06-15 06:17:39.794035
2020-01-06,0001-01-01,102607,1168,completed,40,2021-06-15 06:17:39.794035
2020-01-06,0001-01-01,102607,1191,completed,40,2021-06-15 06:17:39.794035
2020-01-06,0001-01-01,102621,1312,completed,40,2021-06-15 06:17:39.794035
2020-01-06,0001-01-01,102623,1169,completed,40,2021-06-15 06:17:39.794035
2020-01-06,0001-01-01,102624,1177,completed,40,2021-06-15 06:17:39.794035
2020-01-06,0001-01-01,102624,1179,completed,40,2021-06-15 06:17:39.794035
2020-01-06,0001-01-01,102624,1181,completed,40,2021-06-15 06:17:39.794035
2020-01-06,0001-01-01,102624,1182,completed,40,2021-06-15 06:17:39.794035
2020-01-06,0001-01-01,102624,1190,completed,40,2021-06-15 06:17:39.794035
2020-01-06,0001-01-01,102636,1374,completed,40,2021-06-15 06:17:39.794035
2020-01-06,0001-01-01,102636,1376,completed,40,2021-06-15 06:17:39.794035
2020-01-06,0001-01-01,102636,1379,completed,40,2021-06-15 06:17:39.794035
2020-01-06,0001-01-01,102636,1386,completed,40,2021-06-15 06:17:39.794035
2020-01-06,0001-01-01,102648,1165,completed,40,2021-06-15 06:17:39.794035
2020-01-06,0001-01-01,102648,1167,completed,40,2021-06-15 06:17:39.794035
2020-01-06,0001-01-01,102648,1179,completed,40,2021-06-15 06:17:39.794035
2020-01-06,0001-01-01,102650,1422,completed,40,2021-06-15 06:17:39.794035
2020-01-06,0001-01-01,102657,1371,completed,40,2021-06-15 06:17:39.794035
2020-01-06,0001-01-01,102657,1378,completed,40,2021-06-15 06:17:39.794035
2020-01-06,0001-01-01,102657,1179,completed,40,2021-06-15 06:17:39.794035
2020-01-06,0001-01-01,102719,1313,completed,40,2021-06-15 06:17:39.794035
2020-01-06,0001-01-01,102725,1376,completed,40,2021-06-15 06:17:39.794035
2020-01-06,0001-01-01,102725,1381,completed,40,2021-06-15 06:17:39.794035
2020-01-06,0001-01-01,102726,1312,completed,40,2021-06-15 06:17:39.794035
2020-01-06,0001-01-01,102726,1313,completed,40,2021-06-15 06:17:39.794035
2020-01-06,0001-01-01,102726,1189,completed,40,2021-06-15 06:17:39.794035
2020-01-06,0001-01-01,102739,1169,completed,40,2021-06-15 06:17:39.794035
2020-01-06,0001-01-01,102739,1191,completed,40,2021-06-15 06:17:39.794035
2020-01-06,0001-01-01,102745,1165,completed,40,2021-06-15 06:17:39.794035
2020-01-06,0001-01-01,102745,1167,completed,40,2021-06-15 06:17:39.794035
2020-01-06,0001-01-01,102745,1183,completed,40,2021-06-15 06:17:39.794035
2020-01-06,0001-01-01,102748,1168,completed,40,2021-06-15 06:17:39.794035
2020-01-06,0001-01-01,102748,1176,completed,40,2021-06-15 06:17:39.794035
2020-01-06,0001-01-01,102748,1182,completed,40,2021-06-15 06:17:39.794035
2020-01-06,0001-01-01,102753,1365,completed,40,2021-06-15 06:17:39.794035
2020-01-06,0001-01-01,102753,1377,completed,40,2021-06-15 06:17:39.794035
2020-01-06,0001-01-01,102755,1238,completed,40,2021-06-15 06:17:39.794035
2020-01-06,0001-01-01,102769,1354,completed,40,2021-06-15 06:17:39.794035
2020-01-06,0001-01-01,102781,1377,completed,40,2021-06-15 06:17:39.794035
2020-01-06,0001-01-01,102781,1379,completed,40,2021-06-15 06:17:39.794035
2020-01-06,0001-01-01,102781,1382,completed,40,2021-06-15 06:17:39.794035
2020-01-06,0001-01-01,102781,1386,completed,40,2021-06-15 06:17:39.794035
2020-01-06,0001-01-01,102783,1175,completed,40,2021-06-15 06:17:39.794035
2020-01-06,0001-01-01,102783,1181,completed,40,2021-06-15 06:17:39.794035
2020-01-06,0001-01-01,102783,1187,completed,40,2021-06-15 06:17:39.794035
2020-01-06,0001-01-01,102805,1185,completed,40,2021-06-15 06:17:39.794035
2020-01-06,0001-01-01,102809,1171,completed,40,2021-06-15 06:17:39.794035
2020-01-06,0001-01-01,102818,1311,completed,40,2021-06-15 06:17:39.794035
2020-01-06,0001-01-01,102818,1312,completed,40,2021-06-15 06:17:39.794035
2020-01-06,0001-01-01,102840,1376,completed,40,2021-06-15 06:17:39.794035
2020-01-06,0001-01-01,102840,1379,completed,40,2021-06-15 06:17:39.794035
2020-01-06,0001-01-01,102840,1382,completed,40,2021-06-15 06:17:39.794035
2020-01-06,0001-01-01,102840,1168,completed,40,2021-06-15 06:17:39.794035
2020-01-06,0001-01-01,102854,1313,completed,40,2021-06-15 06:17:39.794035
2020-01-06,0001-01-01,102854,1241,completed,40,2021-06-15 06:17:39.794035
2020-01-06,0001-01-01,102854,1181,completed,40,2021-06-15 06:17:39.794035
2020-01-06,0001-01-01,102864,1163,completed,40,2021-06-15 06:17:39.794035
2020-01-06,0001-01-01,102865,1372,completed,40,2021-06-15 06:17:39.794035
2020-01-06,0001-01-01,102871,1165,completed,40,2021-06-15 06:17:39.794035
2020-01-06,0001-01-01,102871,1177,completed,40,2021-06-15 06:17:39.794035
2020-01-06,0001-01-01,102871,1189,completed,40,2021-06-15 06:17:39.794035
2020-01-06,0001-01-01,102884,1172,completed,40,2021-06-15 06:17:39.794035
2020-01-06,0001-01-01,102884,1174,completed,40,2021-06-15 06:17:39.794035
2020-01-06,0001-01-01,102884,1191,completed,40,2021-06-15 06:17:39.794035
2020-01-06,0001-01-01,102888,1166,completed,40,2021-06-15 06:17:39.794035
2020-01-06,0001-01-01,102888,1182,completed,40,2021-06-15 06:17:39.794035
2020-01-06,0001-01-01,102888,1190,completed,40,2021-06-15 06:17:39.794035
2020-01-06,0001-01-01,102897,1157,completed,40,2021-06-15 06:17:39.794035
2020-01-06,0001-01-01,102902,1151,completed,40,2021-06-15 06:17:39.794035
2020-01-06,0001-01-01,102905,1189,completed,40,2021-06-15 06:17:39.794035
2020-01-06,0001-01-01,102905,1191,completed,40,2021-06-15 06:17:39.794035
2020-01-06,0001-01-01,102907,1313,completed,40,2021-06-15 06:17:39.794035
2020-01-06,0001-01-01,102917,1164,completed,40,2021-06-15 06:17:39.794035
2020-01-06,0001-01-01,102917,1165,completed,40,2021-06-15 06:17:39.794035
2020-01-06,0001-01-01,102917,1170,completed,40,2021-06-15 06:17:39.794035
2020-01-06,0001-01-01,102917,1181,completed,40,2021-06-15 06:17:39.794035
2020-01-06,0001-01-01,102930,1369,completed,40,2021-06-15 06:17:39.794035
2020-01-06,0001-01-01,102930,1372,completed,40,2021-06-15 06:17:39.794035
2020-01-06,0001-01-01,102930,1375,completed,40,2021-06-15 06:17:39.794035
2020-01-06,0001-01-01,102930,1379,completed,40,2021-06-15 06:17:39.794035
2020-01-06,0001-01-01,102930,1383,completed,40,2021-06-15 06:17:39.794035
2020-01-06,0001-01-01,102936,1189,completed,40,2021-06-15 06:17:39.794035
2020-01-06,0001-01-01,102946,1421,completed,40,2021-06-15 06:17:39.794035
2020-01-06,0001-01-01,102946,1312,completed,40,2021-06-15 06:17:39.794035
2020-01-06,0001-01-01,102969,1371,completed,40,2021-06-15 06:17:39.794035
2020-01-06,0001-01-01,102969,1376,completed,40,2021-06-15 06:17:39.794035
2020-01-06,0001-01-01,102969,1379,completed,40,2021-06-15 06:17:39.794035
2020-01-06,0001-01-01,102994,1155,completed,40,2021-06-15 06:17:39.794035
2020-01-06,0001-01-01,102994,1171,completed,40,2021-06-15 06:17:39.794035
2020-08-03,0001-01-01,106001,1389,completed,41,2021-06-15 06:52:19.760836
2020-08-03,0001-01-01,106001,1390,completed,41,2021-06-15 06:52:19.760836
2020-08-03,0001-01-01,106001,1402,completed,41,2021-06-15 06:52:19.760836
2020-08-03,0001-01-01,106001,1391,completed,41,2021-06-15 06:52:19.760836
2020-08-03,0001-01-01,106006,1274,completed,41,2021-06-15 06:52:19.760836
2020-08-03,0001-01-01,106006,1275,completed,41,2021-06-15 06:52:19.760836
2020-08-03,0001-01-01,106006,1281,completed,41,2021-06-15 06:52:19.760836
2020-08-03,0001-01-01,106008,1090,completed,41,2021-06-15 06:52:19.760836
2020-08-03,0001-01-01,106008,1091,completed,41,2021-06-15 06:52:19.760836
2020-08-03,0001-01-01,106020,1274,completed,41,2021-06-15 06:52:19.760836
2020-08-03,0001-01-01,106020,1281,completed,41,2021-06-15 06:52:19.760836
2020-08-03,0001-01-01,106020,1095,completed,41,2021-06-15 06:52:19.760836
2020-08-03,0001-01-01,106020,1277,completed,41,2021-06-15 06:52:19.760836
2020-08-03,0001-01-01,106025,1248,completed,41,2021-06-15 06:52:19.760836
2020-08-03,0001-01-01,106025,1095,completed,41,2021-06-15 06:52:19.760836
2020-08-03,0001-01-01,106034,1274,completed,41,2021-06-15 06:52:19.760836
2020-08-03,0001-01-01,106034,1389,completed,41,2021-06-15 06:52:19.760836
2020-08-03,0001-01-01,106038,1389,completed,41,2021-06-15 06:52:19.760836
2020-08-03,0001-01-01,106038,1390,completed,41,2021-06-15 06:52:19.760836
2020-08-03,0001-01-01,106038,1402,completed,41,2021-06-15 06:52:19.760836
2020-08-03,0001-01-01,106038,1395,completed,41,2021-06-15 06:52:19.760836
2020-08-03,0001-01-01,106043,1194,completed,41,2021-06-15 06:52:19.760836
2020-08-03,0001-01-01,106043,1199,completed,41,2021-06-15 06:52:19.760836
2020-08-03,0001-01-01,106047,1274,completed,41,2021-06-15 06:52:19.760836
2020-08-03,0001-01-01,106047,1281,completed,41,2021-06-15 06:52:19.760836
2020-08-03,0001-01-01,106047,1249,completed,41,2021-06-15 06:52:19.760836
2020-08-03,0001-01-01,106047,1277,completed,41,2021-06-15 06:52:19.760836
2020-08-03,0001-01-01,106059,1389,completed,41,2021-06-15 06:52:19.760836
2020-08-03,0001-01-01,106059,1390,completed,41,2021-06-15 06:52:19.760836
2020-08-03,0001-01-01,106059,1402,completed,41,2021-06-15 06:52:19.760836
2020-08-03,0001-01-01,106059,1391,completed,41,2021-06-15 06:52:19.760836
2020-08-03,0001-01-01,106063,1274,completed,41,2021-06-15 06:52:19.760836
2020-08-03,0001-01-01,106063,1275,completed,41,2021-06-15 06:52:19.760836
2020-08-03,0001-01-01,106065,1090,completed,41,2021-06-15 06:52:19.760836
2020-08-03,0001-01-01,106065,1091,completed,41,2021-06-15 06:52:19.760836
2020-08-03,0001-01-01,106067,1388,completed,41,2021-06-15 06:52:19.760836
2020-08-03,0001-01-01,106067,1389,completed,41,2021-06-15 06:52:19.760836
2020-08-03,0001-01-01,106067,1390,completed,41,2021-06-15 06:52:19.760836
2020-08-03,0001-01-01,106067,1402,completed,41,2021-06-15 06:52:19.760836
2020-08-03,0001-01-01,106075,1092,completed,41,2021-06-15 06:52:19.760836
2020-08-03,0001-01-01,106075,1107,completed,41,2021-06-15 06:52:19.760836
2020-08-03,0001-01-01,106087,1192,completed,41,2021-06-15 06:52:19.760836
2020-08-03,0001-01-01,106087,1193,completed,41,2021-06-15 06:52:19.760836
2020-08-03,0001-01-01,106087,1248,completed,41,2021-06-15 06:52:19.760836
2020-08-03,0001-01-01,106099,1388,completed,41,2021-06-15 06:52:19.760836
2020-08-03,0001-01-01,106099,1389,completed,41,2021-06-15 06:52:19.760836
2020-08-03,0001-01-01,106099,1402,completed,41,2021-06-15 06:52:19.760836
2020-08-03,0001-01-01,106099,1395,completed,41,2021-06-15 06:52:19.760836
2020-08-03,0001-01-01,106106,1242,completed,41,2021-06-15 06:52:19.760836
2020-08-03,0001-01-01,106106,1099,completed,41,2021-06-15 06:52:19.760836
2020-08-03,0001-01-01,106106,1199,completed,41,2021-06-15 06:52:19.760836
2020-08-03,0001-01-01,106111,1389,completed,41,2021-06-15 06:52:19.760836
2020-08-03,0001-01-01,106111,1256,completed,41,2021-06-15 06:52:19.760836
2020-08-03,0001-01-01,106111,1200,completed,41,2021-06-15 06:52:19.760836
2020-08-03,0001-01-01,106127,1315,completed,41,2021-06-15 06:52:19.760836
2020-08-03,0001-01-01,106127,1321,completed,41,2021-06-15 06:52:19.760836
2020-08-03,0001-01-01,106127,1329,completed,41,2021-06-15 06:52:19.760836
2020-08-03,0001-01-01,106127,1318,completed,41,2021-06-15 06:52:19.760836
2020-08-03,0001-01-01,106133,1274,completed,41,2021-06-15 06:52:19.760836
2020-08-03,0001-01-01,106133,1316,completed,41,2021-06-15 06:52:19.760836
2020-08-03,0001-01-01,106133,1328,completed,41,2021-06-15 06:52:19.760836
2020-08-03,0001-01-01,106133,1321,completed,41,2021-06-15 06:52:19.760836
2020-08-03,0001-01-01,106148,1274,completed,41,2021-06-15 06:52:19.760836
2020-08-03,0001-01-01,106148,1275,completed,41,2021-06-15 06:52:19.760836
2020-08-03,0001-01-01,106148,1390,completed,41,2021-06-15 06:52:19.760836
2020-08-03,0001-01-01,106148,1281,completed,41,2021-06-15 06:52:19.760836
2020-08-03,0001-01-01,106166,1192,completed,41,2021-06-15 06:52:19.760836
2020-08-03,0001-01-01,106166,1248,completed,41,2021-06-15 06:52:19.760836
2020-08-03,0001-01-01,106178,1315,completed,41,2021-06-15 06:52:19.760836
2020-08-03,0001-01-01,106178,1316,completed,41,2021-06-15 06:52:19.760836
2020-08-03,0001-01-01,106178,1107,completed,41,2021-06-15 06:52:19.760836
2020-08-03,0001-01-01,106191,1388,completed,41,2021-06-15 06:52:19.760836
2020-08-03,0001-01-01,106191,1389,completed,41,2021-06-15 06:52:19.760836
2020-08-03,0001-01-01,106191,1390,completed,41,2021-06-15 06:52:19.760836
2020-08-03,0001-01-01,106191,1402,completed,41,2021-06-15 06:52:19.760836
2020-08-03,0001-01-01,106194,1314,completed,41,2021-06-15 06:52:19.760836
2020-08-03,0001-01-01,106194,1095,completed,41,2021-06-15 06:52:19.760836
2020-08-03,0001-01-01,106194,1329,completed,41,2021-06-15 06:52:19.760836
2020-08-03,0001-01-01,106210,1092,completed,41,2021-06-15 06:52:19.760836
2020-08-03,0001-01-01,106210,1093,completed,41,2021-06-15 06:52:19.760836
2020-08-03,0001-01-01,106210,1194,completed,41,2021-06-15 06:52:19.760836
2020-08-03,0001-01-01,106215,1090,completed,41,2021-06-15 06:52:19.760836
2020-08-03,0001-01-01,106215,1091,completed,41,2021-06-15 06:52:19.760836
2020-08-03,0001-01-01,106218,1192,completed,41,2021-06-15 06:52:19.760836
2020-08-03,0001-01-01,106218,1243,completed,41,2021-06-15 06:52:19.760836
2020-08-03,0001-01-01,106218,1245,completed,41,2021-06-15 06:52:19.760836
2020-08-03,0001-01-01,106233,1315,completed,41,2021-06-15 06:52:19.760836
2020-08-03,0001-01-01,106247,1388,completed,41,2021-06-15 06:52:19.760836
2020-08-03,0001-01-01,106247,1389,completed,41,2021-06-15 06:52:19.760836
2020-08-03,0001-01-01,106247,1193,completed,41,2021-06-15 06:52:19.760836
2020-08-03,0001-01-01,106247,1390,completed,41,2021-06-15 06:52:19.760836
2020-08-03,0001-01-01,106251,1389,completed,41,2021-06-15 06:52:19.760836
2020-08-03,0001-01-01,106251,1390,completed,41,2021-06-15 06:52:19.760836
2020-08-03,0001-01-01,106251,1402,completed,41,2021-06-15 06:52:19.760836
2020-08-03,0001-01-01,106255,1389,completed,41,2021-06-15 06:52:19.760836
2020-08-03,0001-01-01,106255,1390,completed,41,2021-06-15 06:52:19.760836
2020-08-03,0001-01-01,106255,1402,completed,41,2021-06-15 06:52:19.760836
2020-08-03,0001-01-01,106286,1274,completed,41,2021-06-15 06:52:19.760836
2020-08-03,0001-01-01,106286,1281,completed,41,2021-06-15 06:52:19.760836
2020-08-03,0001-01-01,106286,1277,completed,41,2021-06-15 06:52:19.760836
2020-08-03,0001-01-01,106290,1094,completed,41,2021-06-15 06:52:19.760836
2020-08-03,0001-01-01,106290,1199,completed,41,2021-06-15 06:52:19.760836
2020-08-03,0001-01-01,106290,1107,completed,41,2021-06-15 06:52:19.760836
2020-08-03,0001-01-01,106290,1246,completed,41,2021-06-15 06:52:19.760836
2020-08-03,0001-01-01,106311,1388,completed,41,2021-06-15 06:52:19.760836
2020-08-03,0001-01-01,106311,1389,completed,41,2021-06-15 06:52:19.760836
2020-08-03,0001-01-01,106311,1395,completed,41,2021-06-15 06:52:19.760836
2020-08-03,0001-01-01,106311,1391,completed,41,2021-06-15 06:52:19.760836
2020-08-03,0001-01-01,106312,1275,completed,41,2021-06-15 06:52:19.760836
2020-08-03,0001-01-01,106312,1281,completed,41,2021-06-15 06:52:19.760836
2020-08-03,0001-01-01,106312,1277,completed,41,2021-06-15 06:52:19.760836
2020-08-03,0001-01-01,106321,1315,completed,41,2021-06-15 06:52:19.760836
2020-08-03,0001-01-01,106321,1322,completed,41,2021-06-15 06:52:19.760836
2020-08-03,0001-01-01,106321,1318,completed,41,2021-06-15 06:52:19.760836
2020-08-03,0001-01-01,106321,1392,completed,41,2021-06-15 06:52:19.760836
2020-08-03,0001-01-01,106323,1248,completed,41,2021-06-15 06:52:19.760836
2020-08-03,0001-01-01,106323,1099,completed,41,2021-06-15 06:52:19.760836
2020-08-03,0001-01-01,106323,1206,completed,41,2021-06-15 06:52:19.760836
2020-08-03,0001-01-01,106323,1250,completed,41,2021-06-15 06:52:19.760836
2020-08-03,0001-01-01,106323,1258,completed,41,2021-06-15 06:52:19.760836
2020-08-03,0001-01-01,106325,1090,completed,41,2021-06-15 06:52:19.760836
2020-08-03,0001-01-01,106325,1091,completed,41,2021-06-15 06:52:19.760836
2020-08-03,0001-01-01,106327,1388,completed,41,2021-06-15 06:52:19.760836
2020-08-03,0001-01-01,106327,1242,completed,41,2021-06-15 06:52:19.760836
2020-08-03,0001-01-01,106327,1389,completed,41,2021-06-15 06:52:19.760836
2020-08-03,0001-01-01,106338,1090,completed,41,2021-06-15 06:52:19.760836
2020-08-03,0001-01-01,106340,1274,completed,41,2021-06-15 06:52:19.760836
2020-08-03,0001-01-01,106340,1275,completed,41,2021-06-15 06:52:19.760836
2020-08-03,0001-01-01,106340,1281,completed,41,2021-06-15 06:52:19.760836
2020-08-03,0001-01-01,106340,1277,completed,41,2021-06-15 06:52:19.760836
2020-08-03,0001-01-01,106402,1388,completed,41,2021-06-15 06:52:19.760836
2020-08-03,0001-01-01,106402,1389,completed,41,2021-06-15 06:52:19.760836
2020-08-03,0001-01-01,106402,1390,completed,41,2021-06-15 06:52:19.760836
2020-08-03,0001-01-01,106402,1402,completed,41,2021-06-15 06:52:19.760836
2020-08-03,0001-01-01,106407,1242,completed,41,2021-06-15 06:52:19.760836
2020-08-03,0001-01-01,106407,1193,completed,41,2021-06-15 06:52:19.760836
2020-08-03,0001-01-01,106424,1388,completed,41,2021-06-15 06:52:19.760836
2020-08-03,0001-01-01,106424,1389,completed,41,2021-06-15 06:52:19.760836
2020-08-03,0001-01-01,106424,1390,completed,41,2021-06-15 06:52:19.760836
2020-08-03,0001-01-01,106470,1314,completed,41,2021-06-15 06:52:19.760836
2020-08-03,0001-01-01,106470,1316,completed,41,2021-06-15 06:52:19.760836
2020-08-03,0001-01-01,106470,1328,completed,41,2021-06-15 06:52:19.760836
2020-08-03,0001-01-01,106472,1090,completed,41,2021-06-15 06:52:19.760836
2020-08-03,0001-01-01,106472,1091,completed,41,2021-06-15 06:52:19.760836
2020-08-03,0001-01-01,106478,1245,completed,41,2021-06-15 06:52:19.760836
2020-08-03,0001-01-01,106484,1274,completed,41,2021-06-15 06:52:19.760836
2020-08-03,0001-01-01,106484,1275,completed,41,2021-06-15 06:52:19.760836
2020-08-03,0001-01-01,106485,1274,completed,41,2021-06-15 06:52:19.760836
2020-08-03,0001-01-01,106485,1275,completed,41,2021-06-15 06:52:19.760836
2020-08-03,0001-01-01,106485,1395,completed,41,2021-06-15 06:52:19.760836
2020-08-03,0001-01-01,106493,1090,completed,41,2021-06-15 06:52:19.760836
2020-08-03,0001-01-01,106493,1091,completed,41,2021-06-15 06:52:19.760836
2020-08-03,0001-01-01,106502,1274,completed,41,2021-06-15 06:52:19.760836
2020-08-03,0001-01-01,106502,1090,completed,41,2021-06-15 06:52:19.760836
2020-08-03,0001-01-01,106502,1091,completed,41,2021-06-15 06:52:19.760836
2020-08-03,0001-01-01,106518,1090,completed,41,2021-06-15 06:52:19.760836
2020-08-03,0001-01-01,106518,1091,completed,41,2021-06-15 06:52:19.760836
2020-08-03,0001-01-01,106521,1090,completed,41,2021-06-15 06:52:19.760836
2020-08-03,0001-01-01,106521,1091,completed,41,2021-06-15 06:52:19.760836
2020-08-03,0001-01-01,106521,1248,completed,41,2021-06-15 06:52:19.760836
2020-08-03,0001-01-01,106527,1092,completed,41,2021-06-15 06:52:19.760836
2020-08-03,0001-01-01,106527,1314,completed,41,2021-06-15 06:52:19.760836
2020-08-03,0001-01-01,106527,1321,completed,41,2021-06-15 06:52:19.760836
2020-08-03,0001-01-01,106542,1090,completed,41,2021-06-15 06:52:19.760836
2020-08-03,0001-01-01,106542,1091,completed,41,2021-06-15 06:52:19.760836
2020-08-03,0001-01-01,106585,1099,completed,41,2021-06-15 06:52:19.760836
2020-08-03,0001-01-01,106592,1092,completed,41,2021-06-15 06:52:19.760836
2020-08-03,0001-01-01,106592,1242,completed,41,2021-06-15 06:52:19.760836
2020-08-03,0001-01-01,106592,1206,completed,41,2021-06-15 06:52:19.760836
2020-08-03,0001-01-01,106592,1249,completed,41,2021-06-15 06:52:19.760836
2020-08-03,0001-01-01,106598,1314,completed,41,2021-06-15 06:52:19.760836
2020-08-03,0001-01-01,106598,1315,completed,41,2021-06-15 06:52:19.760836
2020-08-03,0001-01-01,106598,1316,completed,41,2021-06-15 06:52:19.760836
2020-08-03,0001-01-01,106598,1329,completed,41,2021-06-15 06:52:19.760836
2020-08-03,0001-01-01,106616,1091,completed,41,2021-06-15 06:52:19.760836
2020-08-03,0001-01-01,106616,1281,completed,41,2021-06-15 06:52:19.760836
2020-08-03,0001-01-01,106616,1322,completed,41,2021-06-15 06:52:19.760836
2020-08-03,0001-01-01,106632,1388,completed,41,2021-06-15 06:52:19.760836
2020-08-03,0001-01-01,106632,1390,completed,41,2021-06-15 06:52:19.760836
2020-08-03,0001-01-01,106632,1402,completed,41,2021-06-15 06:52:19.760836
2020-08-03,0001-01-01,106632,1395,completed,41,2021-06-15 06:52:19.760836
2020-08-03,0001-01-01,106651,1388,completed,41,2021-06-15 06:52:19.760836
2020-08-03,0001-01-01,106651,1390,completed,41,2021-06-15 06:52:19.760836
2020-08-03,0001-01-01,106651,1402,completed,41,2021-06-15 06:52:19.760836
2020-08-03,0001-01-01,106660,1328,completed,41,2021-06-15 06:52:19.760836
2020-08-03,0001-01-01,106660,1322,completed,41,2021-06-15 06:52:19.760836
2020-08-03,0001-01-01,106673,1314,completed,41,2021-06-15 06:52:19.760836
2020-08-03,0001-01-01,106677,1090,completed,41,2021-06-15 06:52:19.760836
2020-08-03,0001-01-01,106677,1091,completed,41,2021-06-15 06:52:19.760836
2020-08-03,0001-01-01,106699,1092,completed,41,2021-06-15 06:52:19.760836
2020-08-03,0001-01-01,106706,1090,completed,41,2021-06-15 06:52:19.760836
2020-08-03,0001-01-01,106706,1314,completed,41,2021-06-15 06:52:19.760836
2020-08-03,0001-01-01,106706,1091,completed,41,2021-06-15 06:52:19.760836
2020-08-03,0001-01-01,106713,1274,completed,41,2021-06-15 06:52:19.760836
2020-08-03,0001-01-01,106713,1242,completed,41,2021-06-15 06:52:19.760836
2020-08-03,0001-01-01,106713,1275,completed,41,2021-06-15 06:52:19.760836
2020-08-03,0001-01-01,106713,1389,completed,41,2021-06-15 06:52:19.760836
2020-08-03,0001-01-01,106713,1281,completed,41,2021-06-15 06:52:19.760836
2020-08-03,0001-01-01,106714,1274,completed,41,2021-06-15 06:52:19.760836
2020-08-03,0001-01-01,106714,1275,completed,41,2021-06-15 06:52:19.760836
2020-08-03,0001-01-01,106714,1281,completed,41,2021-06-15 06:52:19.760836
2020-08-03,0001-01-01,106718,1092,completed,41,2021-06-15 06:52:19.760836
2020-08-03,0001-01-01,106718,1256,completed,41,2021-06-15 06:52:19.760836
2020-08-03,0001-01-01,106718,1396,completed,41,2021-06-15 06:52:19.760836
2020-08-03,0001-01-01,106725,1090,completed,41,2021-06-15 06:52:19.760836
2020-08-03,0001-01-01,106725,1091,completed,41,2021-06-15 06:52:19.760836
2020-08-03,0001-01-01,106730,1090,completed,41,2021-06-15 06:52:19.760836
2020-08-03,0001-01-01,106730,1091,completed,41,2021-06-15 06:52:19.760836
2020-08-03,0001-01-01,106732,1316,completed,41,2021-06-15 06:52:19.760836
2020-08-03,0001-01-01,106732,1328,completed,41,2021-06-15 06:52:19.760836
2020-08-03,0001-01-01,106732,1321,completed,41,2021-06-15 06:52:19.760836
2020-08-03,0001-01-01,106740,1274,completed,41,2021-06-15 06:52:19.760836
2020-08-03,0001-01-01,106740,1092,completed,41,2021-06-15 06:52:19.760836
2020-08-03,0001-01-01,106740,1242,completed,41,2021-06-15 06:52:19.760836
2020-08-03,0001-01-01,106740,1093,completed,41,2021-06-15 06:52:19.760836
2020-08-03,0001-01-01,106744,1243,completed,41,2021-06-15 06:52:19.760836
2020-08-03,0001-01-01,106744,1193,completed,41,2021-06-15 06:52:19.760836
2020-08-03,0001-01-01,106745,1092,completed,41,2021-06-15 06:52:19.760836
2020-08-03,0001-01-01,106745,1242,completed,41,2021-06-15 06:52:19.760836
2020-08-03,0001-01-01,106745,1192,completed,41,2021-06-15 06:52:19.760836
2020-08-03,0001-01-01,106754,1249,completed,41,2021-06-15 06:52:19.760836
2020-08-03,0001-01-01,106754,1250,completed,41,2021-06-15 06:52:19.760836
2020-08-03,0001-01-01,106754,1096,completed,41,2021-06-15 06:52:19.760836
2020-08-03,0001-01-01,106754,1197,completed,41,2021-06-15 06:52:19.760836
2020-08-03,0001-01-01,106755,1388,completed,41,2021-06-15 06:52:19.760836
2020-08-03,0001-01-01,106755,1389,completed,41,2021-06-15 06:52:19.760836
2020-08-03,0001-01-01,106755,1390,completed,41,2021-06-15 06:52:19.760836
2020-08-03,0001-01-01,106756,1090,completed,41,2021-06-15 06:52:19.760836
2020-08-03,0001-01-01,106756,1091,completed,41,2021-06-15 06:52:19.760836
2020-08-03,0001-01-01,106759,1274,completed,41,2021-06-15 06:52:19.760836
2020-08-03,0001-01-01,106759,1281,completed,41,2021-06-15 06:52:19.760836
2020-08-03,0001-01-01,106759,1277,completed,41,2021-06-15 06:52:19.760836
2020-08-03,0001-01-01,106762,1315,completed,41,2021-06-15 06:52:19.760836
2020-08-03,0001-01-01,106762,1275,completed,41,2021-06-15 06:52:19.760836
2020-08-03,0001-01-01,106788,1090,completed,41,2021-06-15 06:52:19.760836
2020-08-03,0001-01-01,106788,1388,completed,41,2021-06-15 06:52:19.760836
2020-08-03,0001-01-01,106788,1389,completed,41,2021-06-15 06:52:19.760836
2020-08-03,0001-01-01,106792,1328,completed,41,2021-06-15 06:52:19.760836
2020-08-03,0001-01-01,106792,1404,completed,41,2021-06-15 06:52:19.760836
2020-08-03,0001-01-01,106795,1090,completed,41,2021-06-15 06:52:19.760836
2020-08-03,0001-01-01,106795,1192,completed,41,2021-06-15 06:52:19.760836
2020-08-03,0001-01-01,106795,1091,completed,41,2021-06-15 06:52:19.760836
2020-08-03,0001-01-01,106818,1090,completed,41,2021-06-15 06:52:19.760836
2020-08-03,0001-01-01,106818,1091,completed,41,2021-06-15 06:52:19.760836
2020-08-03,0001-01-01,106835,1275,completed,41,2021-06-15 06:52:19.760836
2020-08-03,0001-01-01,106835,1281,completed,41,2021-06-15 06:52:19.760836
2020-08-03,0001-01-01,106835,1277,completed,41,2021-06-15 06:52:19.760836
2020-08-03,0001-01-01,106835,1289,completed,41,2021-06-15 06:52:19.760836
2020-08-03,0001-01-01,106838,1388,completed,41,2021-06-15 06:52:19.760836
2020-08-03,0001-01-01,106838,1390,completed,41,2021-06-15 06:52:19.760836
2020-08-03,0001-01-01,106838,1402,completed,41,2021-06-15 06:52:19.760836
2020-08-03,0001-01-01,106839,1192,completed,41,2021-06-15 06:52:19.760836
2020-08-03,0001-01-01,106839,1243,completed,41,2021-06-15 06:52:19.760836
2020-08-03,0001-01-01,106839,1206,completed,41,2021-06-15 06:52:19.760836
2020-08-03,0001-01-01,106865,1388,completed,41,2021-06-15 06:52:19.760836
2020-08-03,0001-01-01,106865,1389,completed,41,2021-06-15 06:52:19.760836
2020-08-03,0001-01-01,106865,1390,completed,41,2021-06-15 06:52:19.760836
2020-08-03,0001-01-01,106865,1402,completed,41,2021-06-15 06:52:19.760836
2020-08-03,0001-01-01,106867,1274,completed,41,2021-06-15 06:52:19.760836
2020-08-03,0001-01-01,106867,1314,completed,41,2021-06-15 06:52:19.760836
2020-08-03,0001-01-01,106867,1316,completed,41,2021-06-15 06:52:19.760836
2020-08-03,0001-01-01,106867,1391,completed,41,2021-06-15 06:52:19.760836
2020-08-03,0001-01-01,106867,1322,completed,41,2021-06-15 06:52:19.760836
2020-08-03,0001-01-01,106868,1328,completed,41,2021-06-15 06:52:19.760836
2020-08-03,0001-01-01,106871,1274,completed,41,2021-06-15 06:52:19.760836
2020-08-03,0001-01-01,106871,1275,completed,41,2021-06-15 06:52:19.760836
2020-08-03,0001-01-01,106871,1395,completed,41,2021-06-15 06:52:19.760836
2020-08-03,0001-01-01,106879,1314,completed,41,2021-06-15 06:52:19.760836
2020-08-03,0001-01-01,106879,1315,completed,41,2021-06-15 06:52:19.760836
2020-08-03,0001-01-01,106879,1316,completed,41,2021-06-15 06:52:19.760836
2020-08-03,0001-01-01,106879,1328,completed,41,2021-06-15 06:52:19.760836
2020-08-03,0001-01-01,106879,1322,completed,41,2021-06-15 06:52:19.760836
2020-08-03,0001-01-01,106883,1090,completed,41,2021-06-15 06:52:19.760836
2020-08-03,0001-01-01,106883,1091,completed,41,2021-06-15 06:52:19.760836
2020-08-03,0001-01-01,106891,1388,completed,41,2021-06-15 06:52:19.760836
2020-08-03,0001-01-01,106891,1390,completed,41,2021-06-15 06:52:19.760836
2020-08-03,0001-01-01,106891,1395,completed,41,2021-06-15 06:52:19.760836
2020-08-03,0001-01-01,106891,1391,completed,41,2021-06-15 06:52:19.760836
2020-08-03,0001-01-01,106891,1403,completed,41,2021-06-15 06:52:19.760836
2020-08-03,0001-01-01,106903,1388,completed,41,2021-06-15 06:52:19.760836
2020-08-03,0001-01-01,106903,1390,completed,41,2021-06-15 06:52:19.760836
2020-08-03,0001-01-01,106903,1395,completed,41,2021-06-15 06:52:19.760836
2020-08-03,0001-01-01,106903,1391,completed,41,2021-06-15 06:52:19.760836
2020-08-03,0001-01-01,106904,1092,completed,41,2021-06-15 06:52:19.760836
2020-08-03,0001-01-01,106904,1093,completed,41,2021-06-15 06:52:19.760836
2020-08-03,0001-01-01,106904,1206,completed,41,2021-06-15 06:52:19.760836
2020-08-03,0001-01-01,106916,1093,completed,41,2021-06-15 06:52:19.760836
2020-08-03,0001-01-01,106916,1099,completed,41,2021-06-15 06:52:19.760836
2020-08-03,0001-01-01,106916,1277,completed,41,2021-06-15 06:52:19.760836
2020-08-03,0001-01-01,106931,1090,completed,41,2021-06-15 06:52:19.760836
2020-08-03,0001-01-01,106931,1091,completed,41,2021-06-15 06:52:19.760836
2020-08-03,0001-01-01,106939,1274,completed,41,2021-06-15 06:52:19.760836
2020-08-03,0001-01-01,106939,1281,completed,41,2021-06-15 06:52:19.760836
2020-08-03,0001-01-01,106939,1282,completed,41,2021-06-15 06:52:19.760836
2020-08-03,0001-01-01,106975,1314,completed,41,2021-06-15 06:52:19.760836
2020-08-03,0001-01-01,106975,1323,completed,41,2021-06-15 06:52:19.760836
2020-08-03,0001-01-01,106993,1090,completed,41,2021-06-15 06:52:19.760836
2020-08-03,0001-01-01,106993,1091,completed,41,2021-06-15 06:52:19.760836
2020-08-03,0001-01-01,105011,1283,completed,41,2021-06-15 06:52:19.760836
2020-08-03,0001-01-01,105014,1279,completed,41,2021-06-15 06:52:19.760836
2020-08-03,0001-01-01,105014,1291,completed,41,2021-06-15 06:52:19.760836
2020-08-03,0001-01-01,105014,1284,completed,41,2021-06-15 06:52:19.760836
2020-08-03,0001-01-01,105050,1398,completed,41,2021-06-15 06:52:19.760836
2020-08-03,0001-01-01,105050,1252,completed,41,2021-06-15 06:52:19.760836
2020-08-03,0001-01-01,105050,1253,completed,41,2021-06-15 06:52:19.760836
2020-08-03,0001-01-01,105051,1405,completed,41,2021-06-15 06:52:19.760836
2020-08-03,0001-01-01,105051,1398,completed,41,2021-06-15 06:52:19.760836
2020-08-03,0001-01-01,105051,1394,completed,41,2021-06-15 06:52:19.760836
2020-08-03,0001-01-01,105064,1211,completed,41,2021-06-15 06:52:19.760836
2020-08-03,0001-01-01,105064,1212,completed,41,2021-06-15 06:52:19.760836
2020-08-03,0001-01-01,105064,1263,completed,41,2021-06-15 06:52:19.760836
2020-08-03,0001-01-01,105064,1265,completed,41,2021-06-15 06:52:19.760836
2020-08-03,0001-01-01,105065,1332,completed,41,2021-06-15 06:52:19.760836
2020-08-03,0001-01-01,105065,1325,completed,41,2021-06-15 06:52:19.760836
2020-08-03,0001-01-01,105065,1411,completed,41,2021-06-15 06:52:19.760836
2020-08-03,0001-01-01,105065,1339,completed,41,2021-06-15 06:52:19.760836
2020-08-03,0001-01-01,105065,1343,completed,41,2021-06-15 06:52:19.760836
2020-08-03,0001-01-01,105078,1332,completed,41,2021-06-15 06:52:19.760836
2020-08-03,0001-01-01,105078,1325,completed,41,2021-06-15 06:52:19.760836
2020-08-03,0001-01-01,105078,1326,completed,41,2021-06-15 06:52:19.760836
2020-08-03,0001-01-01,105097,1405,completed,41,2021-06-15 06:52:19.760836
2020-08-03,0001-01-01,105097,1398,completed,41,2021-06-15 06:52:19.760836
2020-08-03,0001-01-01,105097,1394,completed,41,2021-06-15 06:52:19.760836
2020-08-03,0001-01-01,105104,1284,completed,41,2021-06-15 06:52:19.760836
2020-08-03,0001-01-01,105104,1280,completed,41,2021-06-15 06:52:19.760836
2020-08-03,0001-01-01,105104,1293,completed,41,2021-06-15 06:52:19.760836
2020-08-03,0001-01-01,105104,1286,completed,41,2021-06-15 06:52:19.760836
2020-08-03,0001-01-01,105104,1294,completed,41,2021-06-15 06:52:19.760836
2020-08-03,0001-01-01,105109,1320,completed,41,2021-06-15 06:52:19.760836
2020-08-03,0001-01-01,105109,1394,completed,41,2021-06-15 06:52:19.760836
2020-08-03,0001-01-01,105109,1332,completed,41,2021-06-15 06:52:19.760836
2020-08-03,0001-01-01,105109,1325,completed,41,2021-06-15 06:52:19.760836
2020-08-03,0001-01-01,105111,1394,completed,41,2021-06-15 06:52:19.760836
2020-08-03,0001-01-01,105111,1406,completed,41,2021-06-15 06:52:19.760836
2020-08-03,0001-01-01,105111,1399,completed,41,2021-06-15 06:52:19.760836
2020-08-03,0001-01-01,105127,1282,completed,41,2021-06-15 06:52:19.760836
2020-08-03,0001-01-01,105127,1290,completed,41,2021-06-15 06:52:19.760836
2020-08-03,0001-01-01,105127,1283,completed,41,2021-06-15 06:52:19.760836
2020-08-03,0001-01-01,105127,1279,completed,41,2021-06-15 06:52:19.760836
2020-08-03,0001-01-01,105127,1291,completed,41,2021-06-15 06:52:19.760836
2020-08-03,0001-01-01,105144,1200,completed,41,2021-06-15 06:52:19.760836
2020-08-03,0001-01-01,105144,1404,completed,41,2021-06-15 06:52:19.760836
2020-08-03,0001-01-01,105157,1196,completed,41,2021-06-15 06:52:19.760836
2020-08-03,0001-01-01,105157,1260,completed,41,2021-06-15 06:52:19.760836
2020-08-03,0001-01-01,105157,1254,completed,41,2021-06-15 06:52:19.760836
2020-08-03,0001-01-01,105179,1097,completed,41,2021-06-15 06:52:19.760836
2020-08-03,0001-01-01,105179,1102,completed,41,2021-06-15 06:52:19.760836
2020-08-03,0001-01-01,105179,1259,completed,41,2021-06-15 06:52:19.760836
2020-08-03,0001-01-01,105198,1255,completed,41,2021-06-15 06:52:19.760836
2020-08-03,0001-01-01,105198,1115,completed,41,2021-06-15 06:52:19.760836
2020-08-03,0001-01-01,105198,1117,completed,41,2021-06-15 06:52:19.760836
2020-08-03,0001-01-01,105198,1269,completed,41,2021-06-15 06:52:19.760836
2020-08-03,0001-01-01,105212,1213,completed,41,2021-06-15 06:52:19.760836
2020-08-03,0001-01-01,105214,1284,completed,41,2021-06-15 06:52:19.760836
2020-08-03,0001-01-01,105214,1280,completed,41,2021-06-15 06:52:19.760836
2020-08-03,0001-01-01,105214,1292,completed,41,2021-06-15 06:52:19.760836
2020-08-03,0001-01-01,105214,1285,completed,41,2021-06-15 06:52:19.760836
2020-08-03,0001-01-01,105226,1260,completed,41,2021-06-15 06:52:19.760836
2020-08-03,0001-01-01,105236,1284,completed,41,2021-06-15 06:52:19.760836
2020-08-03,0001-01-01,105236,1280,completed,41,2021-06-15 06:52:19.760836
2020-08-03,0001-01-01,105236,1292,completed,41,2021-06-15 06:52:19.760836
2020-08-03,0001-01-01,105236,1294,completed,41,2021-06-15 06:52:19.760836
2020-08-03,0001-01-01,105257,1252,completed,41,2021-06-15 06:52:19.760836
2020-08-03,0001-01-01,105257,1280,completed,41,2021-06-15 06:52:19.760836
2020-08-03,0001-01-01,105257,1292,completed,41,2021-06-15 06:52:19.760836
2020-08-03,0001-01-01,105257,1285,completed,41,2021-06-15 06:52:19.760836
2020-08-03,0001-01-01,105266,1404,completed,41,2021-06-15 06:52:19.760836
2020-08-03,0001-01-01,105266,1405,completed,41,2021-06-15 06:52:19.760836
2020-08-03,0001-01-01,105266,1398,completed,41,2021-06-15 06:52:19.760836
2020-08-03,0001-01-01,105267,1279,completed,41,2021-06-15 06:52:19.760836
2020-08-03,0001-01-01,105267,1284,completed,41,2021-06-15 06:52:19.760836
2020-08-03,0001-01-01,105267,1280,completed,41,2021-06-15 06:52:19.760836
2020-08-03,0001-01-01,105288,1102,completed,41,2021-06-15 06:52:19.760836
2020-08-03,0001-01-01,105302,1259,completed,41,2021-06-15 06:52:19.760836
2020-08-03,0001-01-01,105302,1252,completed,41,2021-06-15 06:52:19.760836
2020-08-03,0001-01-01,105302,1253,completed,41,2021-06-15 06:52:19.760836
2020-08-03,0001-01-01,105307,1398,completed,41,2021-06-15 06:52:19.760836
2020-08-03,0001-01-01,105309,1197,completed,41,2021-06-15 06:52:19.760836
2020-08-03,0001-01-01,105313,1284,completed,41,2021-06-15 06:52:19.760836
2020-08-03,0001-01-01,105313,1280,completed,41,2021-06-15 06:52:19.760836
2020-08-03,0001-01-01,105313,1292,completed,41,2021-06-15 06:52:19.760836
2020-08-03,0001-01-01,105313,1285,completed,41,2021-06-15 06:52:19.760836
2020-08-03,0001-01-01,105315,1325,completed,41,2021-06-15 06:52:19.760836
2020-08-03,0001-01-01,105315,1334,completed,41,2021-06-15 06:52:19.760836
2020-08-03,0001-01-01,105317,1320,completed,41,2021-06-15 06:52:19.760836
2020-08-03,0001-01-01,105317,1334,completed,41,2021-06-15 06:52:19.760836
2020-08-03,0001-01-01,105317,1336,completed,41,2021-06-15 06:52:19.760836
2020-08-03,0001-01-01,105351,1393,completed,41,2021-06-15 06:52:19.760836
2020-08-03,0001-01-01,105351,1405,completed,41,2021-06-15 06:52:19.760836
2020-08-03,0001-01-01,105351,1398,completed,41,2021-06-15 06:52:19.760836
2020-08-03,0001-01-01,105368,1336,completed,41,2021-06-15 06:52:19.760836
2020-08-03,0001-01-01,105368,1341,completed,41,2021-06-15 06:52:19.760836
2020-08-03,0001-01-01,105371,1392,completed,41,2021-06-15 06:52:19.760836
2020-08-03,0001-01-01,105371,1404,completed,41,2021-06-15 06:52:19.760836
2020-08-03,0001-01-01,105371,1393,completed,41,2021-06-15 06:52:19.760836
2020-08-03,0001-01-01,105371,1405,completed,41,2021-06-15 06:52:19.760836
2020-08-03,0001-01-01,105371,1398,completed,41,2021-06-15 06:52:19.760836
2020-08-03,0001-01-01,105387,1320,completed,41,2021-06-15 06:52:19.760836
2020-08-03,0001-01-01,105387,1326,completed,41,2021-06-15 06:52:19.760836
2020-08-03,0001-01-01,105387,1334,completed,41,2021-06-15 06:52:19.760836
2020-08-03,0001-01-01,105387,1335,completed,41,2021-06-15 06:52:19.760836
2020-08-03,0001-01-01,105388,1112,completed,41,2021-06-15 06:52:19.760836
2020-08-03,0001-01-01,105388,1255,completed,41,2021-06-15 06:52:19.760836
2020-08-03,0001-01-01,105388,1267,completed,41,2021-06-15 06:52:19.760836
2020-08-03,0001-01-01,105411,1393,completed,41,2021-06-15 06:52:19.760836
2020-08-03,0001-01-01,105411,1405,completed,41,2021-06-15 06:52:19.760836
2020-08-03,0001-01-01,105411,1398,completed,41,2021-06-15 06:52:19.760836
2020-08-03,0001-01-01,105411,1394,completed,41,2021-06-15 06:52:19.760836
2020-08-03,0001-01-01,105418,1392,completed,41,2021-06-15 06:52:19.760836
2020-08-03,0001-01-01,105418,1393,completed,41,2021-06-15 06:52:19.760836
2020-08-03,0001-01-01,105418,1394,completed,41,2021-06-15 06:52:19.760836
2020-08-03,0001-01-01,105419,1101,completed,41,2021-06-15 06:52:19.760836
2020-08-03,0001-01-01,105419,1405,completed,41,2021-06-15 06:52:19.760836
2020-08-03,0001-01-01,105419,1197,completed,41,2021-06-15 06:52:19.760836
2020-08-03,0001-01-01,105419,1259,completed,41,2021-06-15 06:52:19.760836
2020-08-03,0001-01-01,105419,1203,completed,41,2021-06-15 06:52:19.760836
2020-08-03,0001-01-01,105420,1258,completed,41,2021-06-15 06:52:19.760836
2020-08-03,0001-01-01,105425,1291,completed,41,2021-06-15 06:52:19.760836
2020-08-03,0001-01-01,105425,1280,completed,41,2021-06-15 06:52:19.760836
2020-08-03,0001-01-01,105425,1292,completed,41,2021-06-15 06:52:19.760836
2020-08-03,0001-01-01,105431,1199,completed,41,2021-06-15 06:52:19.760836
2020-08-03,0001-01-01,105434,1196,completed,41,2021-06-15 06:52:19.760836
2020-08-03,0001-01-01,105453,1208,completed,41,2021-06-15 06:52:19.760836
2020-08-03,0001-01-01,105453,1102,completed,41,2021-06-15 06:52:19.760836
2020-08-03,0001-01-01,105453,1098,completed,41,2021-06-15 06:52:19.760836
2020-08-03,0001-01-01,105453,1253,completed,41,2021-06-15 06:52:19.760836
2020-08-03,0001-01-01,105453,1104,completed,41,2021-06-15 06:52:19.760836
2020-08-03,0001-01-01,105473,1325,completed,41,2021-06-15 06:52:19.760836
2020-08-03,0001-01-01,105473,1333,completed,41,2021-06-15 06:52:19.760836
2020-08-03,0001-01-01,105473,1261,completed,41,2021-06-15 06:52:19.760836
2020-08-03,0001-01-01,105473,1335,completed,41,2021-06-15 06:52:19.760836
2020-08-03,0001-01-01,105473,1336,completed,41,2021-06-15 06:52:19.760836
2020-08-03,0001-01-01,105497,1247,completed,41,2021-06-15 06:52:19.760836
2020-08-03,0001-01-01,105522,1284,completed,41,2021-06-15 06:52:19.760836
2020-08-03,0001-01-01,105522,1280,completed,41,2021-06-15 06:52:19.760836
2020-08-03,0001-01-01,105522,1292,completed,41,2021-06-15 06:52:19.760836
2020-08-03,0001-01-01,105532,1291,completed,41,2021-06-15 06:52:19.760836
2020-08-03,0001-01-01,105532,1284,completed,41,2021-06-15 06:52:19.760836
2020-08-03,0001-01-01,105532,1280,completed,41,2021-06-15 06:52:19.760836
2020-08-03,0001-01-01,105532,1285,completed,41,2021-06-15 06:52:19.760836
2020-08-03,0001-01-01,105532,1293,completed,41,2021-06-15 06:52:19.760836
2020-08-03,0001-01-01,105548,1404,completed,41,2021-06-15 06:52:19.760836
2020-08-03,0001-01-01,105548,1393,completed,41,2021-06-15 06:52:19.760836
2020-08-03,0001-01-01,105548,1398,completed,41,2021-06-15 06:52:19.760836
2020-08-03,0001-01-01,105548,1394,completed,41,2021-06-15 06:52:19.760836
2020-08-03,0001-01-01,105554,1405,completed,41,2021-06-15 06:52:19.760836
2020-08-03,0001-01-01,105556,1293,completed,41,2021-06-15 06:52:19.760836
2020-08-03,0001-01-01,105556,1326,completed,41,2021-06-15 06:52:19.760836
2020-08-03,0001-01-01,105556,1341,completed,41,2021-06-15 06:52:19.760836
2020-08-03,0001-01-01,105556,1343,completed,41,2021-06-15 06:52:19.760836
2020-08-03,0001-01-01,105564,1262,completed,41,2021-06-15 06:52:19.760836
2020-08-03,0001-01-01,105564,1255,completed,41,2021-06-15 06:52:19.760836
2020-08-03,0001-01-01,105564,1205,completed,41,2021-06-15 06:52:19.760836
2020-08-03,0001-01-01,105584,1118,completed,41,2021-06-15 06:52:19.760836
2020-08-03,0001-01-01,105584,1270,completed,41,2021-06-15 06:52:19.760836
2020-08-03,0001-01-01,105584,1121,completed,41,2021-06-15 06:52:19.760836
2020-08-03,0001-01-01,105584,1272,completed,41,2021-06-15 06:52:19.760836
2020-08-03,0001-01-01,105587,1392,completed,41,2021-06-15 06:52:19.760836
2020-08-03,0001-01-01,105587,1393,completed,41,2021-06-15 06:52:19.760836
2020-08-03,0001-01-01,105599,1279,completed,41,2021-06-15 06:52:19.760836
2020-08-03,0001-01-01,105599,1291,completed,41,2021-06-15 06:52:19.760836
2020-08-03,0001-01-01,105599,1405,completed,41,2021-06-15 06:52:19.760836
2020-08-03,0001-01-01,105599,1280,completed,41,2021-06-15 06:52:19.760836
2020-08-03,0001-01-01,105599,1285,completed,41,2021-06-15 06:52:19.760836
2020-08-03,0001-01-01,105614,1405,completed,41,2021-06-15 06:52:19.760836
2020-08-03,0001-01-01,105614,1398,completed,41,2021-06-15 06:52:19.760836
2020-08-03,0001-01-01,105618,1320,completed,41,2021-06-15 06:52:19.760836
2020-08-03,0001-01-01,105621,1098,completed,41,2021-06-15 06:52:19.760836
2020-08-03,0001-01-01,105621,1320,completed,41,2021-06-15 06:52:19.760836
2020-08-03,0001-01-01,105621,1325,completed,41,2021-06-15 06:52:19.760836
2020-08-03,0001-01-01,105621,1333,completed,41,2021-06-15 06:52:19.760836
2020-08-03,0001-01-01,105639,1283,completed,41,2021-06-15 06:52:19.760836
2020-08-03,0001-01-01,105639,1279,completed,41,2021-06-15 06:52:19.760836
2020-08-03,0001-01-01,105639,1284,completed,41,2021-06-15 06:52:19.760836
2020-08-03,0001-01-01,105640,1258,completed,41,2021-06-15 06:52:19.760836
2020-08-03,0001-01-01,105642,1211,completed,41,2021-06-15 06:52:19.760836
2020-08-03,0001-01-01,105642,1408,completed,41,2021-06-15 06:52:19.760836
2020-08-03,0001-01-01,105651,1292,completed,41,2021-06-15 06:52:19.760836
2020-08-03,0001-01-01,105651,1285,completed,41,2021-06-15 06:52:19.760836
2020-08-03,0001-01-01,105651,1293,completed,41,2021-06-15 06:52:19.760836
2020-08-03,0001-01-01,105651,1286,completed,41,2021-06-15 06:52:19.760836
2020-08-03,0001-01-01,105651,1287,completed,41,2021-06-15 06:52:19.760836
2020-08-03,0001-01-01,105662,1283,completed,41,2021-06-15 06:52:19.760836
2020-08-03,0001-01-01,105662,1324,completed,41,2021-06-15 06:52:19.760836
2020-08-03,0001-01-01,105662,1332,completed,41,2021-06-15 06:52:19.760836
2020-08-03,0001-01-01,105666,1202,completed,41,2021-06-15 06:52:19.760836
2020-08-03,0001-01-01,105666,1211,completed,41,2021-06-15 06:52:19.760836
2020-08-03,0001-01-01,105681,1103,completed,41,2021-06-15 06:52:19.760836
2020-08-03,0001-01-01,105681,1253,completed,41,2021-06-15 06:52:19.760836
2020-08-03,0001-01-01,105681,1204,completed,41,2021-06-15 06:52:19.760836
2020-08-03,0001-01-01,105691,1259,completed,41,2021-06-15 06:52:19.760836
2020-08-03,0001-01-01,105730,1112,completed,41,2021-06-15 06:52:19.760836
2020-08-03,0001-01-01,105730,1265,completed,41,2021-06-15 06:52:19.760836
2020-08-03,0001-01-01,105730,1119,completed,41,2021-06-15 06:52:19.760836
2020-08-03,0001-01-01,105752,1325,completed,41,2021-06-15 06:52:19.760836
2020-08-03,0001-01-01,105752,1333,completed,41,2021-06-15 06:52:19.760836
2020-08-03,0001-01-01,105752,1335,completed,41,2021-06-15 06:52:19.760836
2020-08-03,0001-01-01,105752,1336,completed,41,2021-06-15 06:52:19.760836
2020-08-03,0001-01-01,105757,1284,completed,41,2021-06-15 06:52:19.760836
2020-08-03,0001-01-01,105757,1280,completed,41,2021-06-15 06:52:19.760836
2020-08-03,0001-01-01,105757,1292,completed,41,2021-06-15 06:52:19.760836
2020-08-03,0001-01-01,105757,1285,completed,41,2021-06-15 06:52:19.760836
2020-08-03,0001-01-01,105778,1101,completed,41,2021-06-15 06:52:19.760836
2020-08-03,0001-01-01,105778,1259,completed,41,2021-06-15 06:52:19.760836
2020-08-03,0001-01-01,105781,1324,completed,41,2021-06-15 06:52:19.760836
2020-08-03,0001-01-01,105781,1325,completed,41,2021-06-15 06:52:19.760836
2020-08-03,0001-01-01,105781,1333,completed,41,2021-06-15 06:52:19.760836
2020-08-03,0001-01-01,105787,1283,completed,41,2021-06-15 06:52:19.760836
2020-08-03,0001-01-01,105787,1279,completed,41,2021-06-15 06:52:19.760836
2020-08-03,0001-01-01,105787,1291,completed,41,2021-06-15 06:52:19.760836
2020-08-03,0001-01-01,105787,1284,completed,41,2021-06-15 06:52:19.760836
2020-08-03,0001-01-01,105805,1320,completed,41,2021-06-15 06:52:19.760836
2020-08-03,0001-01-01,105805,1325,completed,41,2021-06-15 06:52:19.760836
2020-08-03,0001-01-01,105805,1210,completed,41,2021-06-15 06:52:19.760836
2020-08-03,0001-01-01,105824,1404,completed,41,2021-06-15 06:52:19.760836
2020-08-03,0001-01-01,105824,1393,completed,41,2021-06-15 06:52:19.760836
2020-08-03,0001-01-01,105824,1405,completed,41,2021-06-15 06:52:19.760836
2020-08-03,0001-01-01,105824,1394,completed,41,2021-06-15 06:52:19.760836
2020-08-03,0001-01-01,105850,1284,completed,41,2021-06-15 06:52:19.760836
2020-08-03,0001-01-01,105850,1280,completed,41,2021-06-15 06:52:19.760836
2020-08-03,0001-01-01,105850,1292,completed,41,2021-06-15 06:52:19.760836
2020-08-03,0001-01-01,105850,1285,completed,41,2021-06-15 06:52:19.760836
2020-08-03,0001-01-01,105867,1405,completed,41,2021-06-15 06:52:19.760836
2020-08-03,0001-01-01,105867,1394,completed,41,2021-06-15 06:52:19.760836
2020-08-03,0001-01-01,105867,1406,completed,41,2021-06-15 06:52:19.760836
2020-08-03,0001-01-01,105869,1403,completed,41,2021-06-15 06:52:19.760836
2020-08-03,0001-01-01,105869,1396,completed,41,2021-06-15 06:52:19.760836
2020-08-03,0001-01-01,105869,1392,completed,41,2021-06-15 06:52:19.760836
2020-08-03,0001-01-01,105872,1325,completed,41,2021-06-15 06:52:19.760836
2020-08-03,0001-01-01,105872,1326,completed,41,2021-06-15 06:52:19.760836
2020-08-03,0001-01-01,105872,1339,completed,41,2021-06-15 06:52:19.760836
2020-08-03,0001-01-01,105895,1279,completed,41,2021-06-15 06:52:19.760836
2020-08-03,0001-01-01,105895,1291,completed,41,2021-06-15 06:52:19.760836
2020-08-03,0001-01-01,105895,1284,completed,41,2021-06-15 06:52:19.760836
2020-08-03,0001-01-01,105895,1280,completed,41,2021-06-15 06:52:19.760836
2020-08-03,0001-01-01,105906,1280,completed,41,2021-06-15 06:52:19.760836
2020-08-03,0001-01-01,105906,1292,completed,41,2021-06-15 06:52:19.760836
2020-08-03,0001-01-01,105906,1285,completed,41,2021-06-15 06:52:19.760836
2020-08-03,0001-01-01,105906,1293,completed,41,2021-06-15 06:52:19.760836
2020-08-03,0001-01-01,105906,1286,completed,41,2021-06-15 06:52:19.760836
2020-08-03,0001-01-01,105925,1208,completed,41,2021-06-15 06:52:19.760836
2020-08-03,0001-01-01,105925,1102,completed,41,2021-06-15 06:52:19.760836
2020-08-03,0001-01-01,105925,1203,completed,41,2021-06-15 06:52:19.760836
2020-08-03,0001-01-01,105927,1291,completed,41,2021-06-15 06:52:19.760836
2020-08-03,0001-01-01,105927,1284,completed,41,2021-06-15 06:52:19.760836
2020-08-03,0001-01-01,105927,1292,completed,41,2021-06-15 06:52:19.760836
2020-08-03,0001-01-01,105944,1197,completed,41,2021-06-15 06:52:19.760836
2020-08-03,0001-01-01,105944,1320,completed,41,2021-06-15 06:52:19.760836
2020-08-03,0001-01-01,105944,1261,completed,41,2021-06-15 06:52:19.760836
2020-08-03,0001-01-01,105946,1396,completed,41,2021-06-15 06:52:19.760836
2020-08-03,0001-01-01,105946,1392,completed,41,2021-06-15 06:52:19.760836
2020-08-03,0001-01-01,105946,1404,completed,41,2021-06-15 06:52:19.760836
2020-08-03,0001-01-01,105951,1393,completed,41,2021-06-15 06:52:19.760836
2020-08-03,0001-01-01,105951,1197,completed,41,2021-06-15 06:52:19.760836
2020-08-03,0001-01-01,105951,1103,completed,41,2021-06-15 06:52:19.760836
2020-08-03,0001-01-01,105951,1253,completed,41,2021-06-15 06:52:19.760836
2020-08-03,0001-01-01,105965,1103,completed,41,2021-06-15 06:52:19.760836
2020-08-03,0001-01-01,105965,1266,completed,41,2021-06-15 06:52:19.760836
2020-08-03,0001-01-01,105967,1202,completed,41,2021-06-15 06:52:19.760836
2020-08-03,0001-01-01,105967,1098,completed,41,2021-06-15 06:52:19.760836
2020-08-03,0001-01-01,105972,1279,completed,41,2021-06-15 06:52:19.760836
2020-08-03,0001-01-01,105972,1291,completed,41,2021-06-15 06:52:19.760836
2020-08-03,0001-01-01,105974,1325,completed,41,2021-06-15 06:52:19.760836
2020-08-03,0001-01-01,105974,1203,completed,41,2021-06-15 06:52:19.760836
2020-08-03,0001-01-01,105974,1333,completed,41,2021-06-15 06:52:19.760836
2020-08-03,0001-01-01,105989,1208,completed,41,2021-06-15 06:52:19.760836
2020-08-03,0001-01-01,105989,1284,completed,41,2021-06-15 06:52:19.760836
2020-08-03,0001-01-01,105989,1252,completed,41,2021-06-15 06:52:19.760836
2020-08-03,0001-01-01,105989,1293,completed,41,2021-06-15 06:52:19.760836
2020-08-03,0001-01-01,105993,1112,completed,41,2021-06-15 06:52:19.760836
2020-08-03,0001-01-01,105993,1212,completed,41,2021-06-15 06:52:19.760836
2020-08-03,0001-01-01,105993,1263,completed,41,2021-06-15 06:52:19.760836
2020-08-03,0001-01-01,105999,1247,completed,41,2021-06-15 06:52:19.760836
2020-08-03,0001-01-01,105999,1405,completed,41,2021-06-15 06:52:19.760836
2020-08-03,0001-01-01,105999,1398,completed,41,2021-06-15 06:52:19.760836
2020-08-03,0001-01-01,105999,1252,completed,41,2021-06-15 06:52:19.760836
2020-08-03,0001-01-01,104020,1401,completed,41,2021-06-15 06:52:19.760836
2020-08-03,0001-01-01,104020,1410,completed,41,2021-06-15 06:52:19.760836
2020-08-03,0001-01-01,104020,1411,completed,41,2021-06-15 06:52:19.760836
2020-08-03,0001-01-01,104020,1412,completed,41,2021-06-15 06:52:19.760836
2020-08-03,0001-01-01,104046,1349,completed,41,2021-06-15 06:52:19.760836
2020-08-03,0001-01-01,104046,1355,completed,41,2021-06-15 06:52:19.760836
2020-08-03,0001-01-01,104046,1360,completed,41,2021-06-15 06:52:19.760836
2020-08-03,0001-01-01,104057,1354,completed,41,2021-06-15 06:52:19.760836
2020-08-03,0001-01-01,104057,1356,completed,41,2021-06-15 06:52:19.760836
2020-08-03,0001-01-01,104066,1347,completed,41,2021-06-15 06:52:19.760836
2020-08-03,0001-01-01,104066,1349,completed,41,2021-06-15 06:52:19.760836
2020-08-03,0001-01-01,104066,1351,completed,41,2021-06-15 06:52:19.760836
2020-08-03,0001-01-01,104070,1349,completed,41,2021-06-15 06:52:19.760836
2020-08-03,0001-01-01,104070,1356,completed,41,2021-06-15 06:52:19.760836
2020-08-03,0001-01-01,104070,1357,completed,41,2021-06-15 06:52:19.760836
2020-08-03,0001-01-01,104094,1296,completed,41,2021-06-15 06:52:19.760836
2020-08-03,0001-01-01,104094,1300,completed,41,2021-06-15 06:52:19.760836
2020-08-03,0001-01-01,104094,1301,completed,41,2021-06-15 06:52:19.760836
2020-08-03,0001-01-01,104094,1302,completed,41,2021-06-15 06:52:19.760836
2020-08-03,0001-01-01,104109,1297,completed,41,2021-06-15 06:52:19.760836
2020-08-03,0001-01-01,104109,1299,completed,41,2021-06-15 06:52:19.760836
2020-08-03,0001-01-01,104109,1300,completed,41,2021-06-15 06:52:19.760836
2020-08-03,0001-01-01,104121,1299,completed,41,2021-06-15 06:52:19.760836
2020-08-03,0001-01-01,104121,1300,completed,41,2021-06-15 06:52:19.760836
2020-08-03,0001-01-01,104121,1301,completed,41,2021-06-15 06:52:19.760836
2020-08-03,0001-01-01,104121,1302,completed,41,2021-06-15 06:52:19.760836
2020-08-03,0001-01-01,104161,1125,completed,41,2021-06-15 06:52:19.760836
2020-08-03,0001-01-01,104161,1227,completed,41,2021-06-15 06:52:19.760836
2020-08-03,0001-01-01,104161,1229,completed,41,2021-06-15 06:52:19.760836
2020-08-03,0001-01-01,104167,1296,completed,41,2021-06-15 06:52:19.760836
2020-08-03,0001-01-01,104167,1299,completed,41,2021-06-15 06:52:19.760836
2020-08-03,0001-01-01,104167,1301,completed,41,2021-06-15 06:52:19.760836
2020-08-03,0001-01-01,104176,1337,completed,41,2021-06-15 06:52:19.760836
2020-08-03,0001-01-01,104176,1299,completed,41,2021-06-15 06:52:19.760836
2020-08-03,0001-01-01,104176,1300,completed,41,2021-06-15 06:52:19.760836
2020-08-03,0001-01-01,104176,1302,completed,41,2021-06-15 06:52:19.760836
2020-08-03,0001-01-01,104189,1352,completed,41,2021-06-15 06:52:19.760836
2020-08-03,0001-01-01,104189,1355,completed,41,2021-06-15 06:52:19.760836
2020-08-03,0001-01-01,104189,1356,completed,41,2021-06-15 06:52:19.760836
2020-08-03,0001-01-01,104197,1225,completed,41,2021-06-15 06:52:19.760836
2020-08-03,0001-01-01,104197,1132,completed,41,2021-06-15 06:52:19.760836
2020-08-03,0001-01-01,104197,1233,completed,41,2021-06-15 06:52:19.760836
2020-08-03,0001-01-01,104206,1265,completed,41,2021-06-15 06:52:19.760836
2020-08-03,0001-01-01,104206,1343,completed,41,2021-06-15 06:52:19.760836
2020-08-03,0001-01-01,104206,1344,completed,41,2021-06-15 06:52:19.760836
2020-08-03,0001-01-01,104206,1345,completed,41,2021-06-15 06:52:19.760836
2020-08-03,0001-01-01,104231,1220,completed,41,2021-06-15 06:52:19.760836
2020-08-03,0001-01-01,104231,1271,completed,41,2021-06-15 06:52:19.760836
2020-08-03,0001-01-01,104231,1223,completed,41,2021-06-15 06:52:19.760836
2020-08-03,0001-01-01,104231,1133,completed,41,2021-06-15 06:52:19.760836
2020-08-03,0001-01-01,104231,1134,completed,41,2021-06-15 06:52:19.760836
2020-08-03,0001-01-01,104245,1273,completed,41,2021-06-15 06:52:19.760836
2020-08-03,0001-01-01,104245,1224,completed,41,2021-06-15 06:52:19.760836
2020-08-03,0001-01-01,104245,1232,completed,41,2021-06-15 06:52:19.760836
2020-08-03,0001-01-01,104245,1356,completed,41,2021-06-15 06:52:19.760836
2020-08-03,0001-01-01,104257,1271,completed,41,2021-06-15 06:52:19.760836
2020-08-03,0001-01-01,104257,1224,completed,41,2021-06-15 06:52:19.760836
2020-08-03,0001-01-01,104270,1407,completed,41,2021-06-15 06:52:19.760836
2020-08-03,0001-01-01,104270,1261,completed,41,2021-06-15 06:52:19.760836
2020-08-03,0001-01-01,104270,1408,completed,41,2021-06-15 06:52:19.760836
2020-08-03,0001-01-01,104270,1412,completed,41,2021-06-15 06:52:19.760836
2020-08-03,0001-01-01,104278,1115,completed,41,2021-06-15 06:52:19.760836
2020-08-03,0001-01-01,104278,1120,completed,41,2021-06-15 06:52:19.760836
2020-08-03,0001-01-01,104297,1296,completed,41,2021-06-15 06:52:19.760836
2020-08-03,0001-01-01,104297,1297,completed,41,2021-06-15 06:52:19.760836
2020-08-03,0001-01-01,104297,1299,completed,41,2021-06-15 06:52:19.760836
2020-08-03,0001-01-01,104299,1401,completed,41,2021-06-15 06:52:19.760836
2020-08-03,0001-01-01,104299,1409,completed,41,2021-06-15 06:52:19.760836
2020-08-03,0001-01-01,104299,1410,completed,41,2021-06-15 06:52:19.760836
2020-08-03,0001-01-01,104299,1413,completed,41,2021-06-15 06:52:19.760836
2020-08-03,0001-01-01,104299,1414,completed,41,2021-06-15 06:52:19.760836
2020-08-03,0001-01-01,104319,1228,completed,41,2021-06-15 06:52:19.760836
2020-08-03,0001-01-01,104319,1230,completed,41,2021-06-15 06:52:19.760836
2020-08-03,0001-01-01,104319,1131,completed,41,2021-06-15 06:52:19.760836
2020-08-03,0001-01-01,104319,1135,completed,41,2021-06-15 06:52:19.760836
2020-08-03,0001-01-01,104331,1400,completed,41,2021-06-15 06:52:19.760836
2020-08-03,0001-01-01,104331,1408,completed,41,2021-06-15 06:52:19.760836
2020-08-03,0001-01-01,104331,1401,completed,41,2021-06-15 06:52:19.760836
2020-08-03,0001-01-01,104346,1211,completed,41,2021-06-15 06:52:19.760836
2020-08-03,0001-01-01,104346,1408,completed,41,2021-06-15 06:52:19.760836
2020-08-03,0001-01-01,104346,1409,completed,41,2021-06-15 06:52:19.760836
2020-08-03,0001-01-01,104354,1299,completed,41,2021-06-15 06:52:19.760836
2020-08-03,0001-01-01,104362,1113,completed,41,2021-06-15 06:52:19.760836
2020-08-03,0001-01-01,104362,1410,completed,41,2021-06-15 06:52:19.760836
2020-08-03,0001-01-01,104362,1411,completed,41,2021-06-15 06:52:19.760836
2020-08-03,0001-01-01,104362,1412,completed,41,2021-06-15 06:52:19.760836
2020-08-03,0001-01-01,104387,1401,completed,41,2021-06-15 06:52:19.760836
2020-08-03,0001-01-01,104387,1409,completed,41,2021-06-15 06:52:19.760836
2020-08-03,0001-01-01,104387,1410,completed,41,2021-06-15 06:52:19.760836
2020-08-03,0001-01-01,104387,1411,completed,41,2021-06-15 06:52:19.760836
2020-08-03,0001-01-01,104387,1412,completed,41,2021-06-15 06:52:19.760836
2020-08-03,0001-01-01,104393,1296,completed,41,2021-06-15 06:52:19.760836
2020-08-03,0001-01-01,104393,1299,completed,41,2021-06-15 06:52:19.760836
2020-08-03,0001-01-01,104393,1300,completed,41,2021-06-15 06:52:19.760836
2020-08-03,0001-01-01,104393,1414,completed,41,2021-06-15 06:52:19.760836
2020-08-03,0001-01-01,104393,1301,completed,41,2021-06-15 06:52:19.760836
2020-08-03,0001-01-01,104399,1232,completed,41,2021-06-15 06:52:19.760836
2020-08-03,0001-01-01,104399,1133,completed,41,2021-06-15 06:52:19.760836
2020-08-03,0001-01-01,104409,1113,completed,41,2021-06-15 06:52:19.760836
2020-08-03,0001-01-01,104409,1410,completed,41,2021-06-15 06:52:19.760836
2020-08-03,0001-01-01,104409,1411,completed,41,2021-06-15 06:52:19.760836
2020-08-03,0001-01-01,104409,1265,completed,41,2021-06-15 06:52:19.760836
2020-08-03,0001-01-01,104423,1295,completed,41,2021-06-15 06:52:19.760836
2020-08-03,0001-01-01,104423,1296,completed,41,2021-06-15 06:52:19.760836
2020-08-03,0001-01-01,104423,1297,completed,41,2021-06-15 06:52:19.760836
2020-08-03,0001-01-01,104423,1299,completed,41,2021-06-15 06:52:19.760836
2020-08-03,0001-01-01,104434,1401,completed,41,2021-06-15 06:52:19.760836
2020-08-03,0001-01-01,104434,1409,completed,41,2021-06-15 06:52:19.760836
2020-08-03,0001-01-01,104434,1410,completed,41,2021-06-15 06:52:19.760836
2020-08-03,0001-01-01,104434,1412,completed,41,2021-06-15 06:52:19.760836
2020-08-03,0001-01-01,104434,1413,completed,41,2021-06-15 06:52:19.760836
2020-08-03,0001-01-01,104436,1128,completed,41,2021-06-15 06:52:19.760836
2020-08-03,0001-01-01,104436,1230,completed,41,2021-06-15 06:52:19.760836
2020-08-03,0001-01-01,104436,1313,completed,41,2021-06-15 06:52:19.760836
2020-08-03,0001-01-01,104436,1231,completed,41,2021-06-15 06:52:19.760836
2020-08-03,0001-01-01,104436,1233,completed,41,2021-06-15 06:52:19.760836
2020-08-03,0001-01-01,104442,1408,completed,41,2021-06-15 06:52:19.760836
2020-08-03,0001-01-01,104442,1294,completed,41,2021-06-15 06:52:19.760836
2020-08-03,0001-01-01,104442,1295,completed,41,2021-06-15 06:52:19.760836
2020-08-03,0001-01-01,104442,1296,completed,41,2021-06-15 06:52:19.760836
2020-08-03,0001-01-01,104446,1346,completed,41,2021-06-15 06:52:19.760836
2020-08-03,0001-01-01,104446,1421,completed,41,2021-06-15 06:52:19.760836
2020-08-03,0001-01-01,104448,1414,completed,41,2021-06-15 06:52:19.760836
2020-08-03,0001-01-01,104448,1273,completed,41,2021-06-15 06:52:19.760836
2020-08-03,0001-01-01,104448,1130,completed,41,2021-06-15 06:52:19.760836
2020-08-03,0001-01-01,104449,1295,completed,41,2021-06-15 06:52:19.760836
2020-08-03,0001-01-01,104449,1296,completed,41,2021-06-15 06:52:19.760836
2020-08-03,0001-01-01,104449,1300,completed,41,2021-06-15 06:52:19.760836
2020-08-03,0001-01-01,104453,1300,completed,41,2021-06-15 06:52:19.760836
2020-08-03,0001-01-01,104453,1301,completed,41,2021-06-15 06:52:19.760836
2020-08-03,0001-01-01,104453,1269,completed,41,2021-06-15 06:52:19.760836
2020-08-03,0001-01-01,104453,1302,completed,41,2021-06-15 06:52:19.760836
2020-08-03,0001-01-01,104453,1304,completed,41,2021-06-15 06:52:19.760836
2020-08-03,0001-01-01,104466,1205,completed,41,2021-06-15 06:52:19.760836
2020-08-03,0001-01-01,104466,1265,completed,41,2021-06-15 06:52:19.760836
2020-08-03,0001-01-01,104468,1266,completed,41,2021-06-15 06:52:19.760836
2020-08-03,0001-01-01,104468,1267,completed,41,2021-06-15 06:52:19.760836
2020-08-03,0001-01-01,104468,1122,completed,41,2021-06-15 06:52:19.760836
2020-08-03,0001-01-01,104483,1349,completed,41,2021-06-15 06:52:19.760836
2020-08-03,0001-01-01,104483,1352,completed,41,2021-06-15 06:52:19.760836
2020-08-03,0001-01-01,104483,1353,completed,41,2021-06-15 06:52:19.760836
2020-08-03,0001-01-01,104483,1354,completed,41,2021-06-15 06:52:19.760836
2020-08-03,0001-01-01,104484,1400,completed,41,2021-06-15 06:52:19.760836
2020-08-03,0001-01-01,104484,1408,completed,41,2021-06-15 06:52:19.760836
2020-08-03,0001-01-01,104484,1409,completed,41,2021-06-15 06:52:19.760836
2020-08-03,0001-01-01,104488,1354,completed,41,2021-06-15 06:52:19.760836
2020-08-03,0001-01-01,104488,1360,completed,41,2021-06-15 06:52:19.760836
2020-08-03,0001-01-01,104488,1363,completed,41,2021-06-15 06:52:19.760836
2020-08-03,0001-01-01,104488,1366,completed,41,2021-06-15 06:52:19.760836
2020-08-03,0001-01-01,104491,1295,completed,41,2021-06-15 06:52:19.760836
2020-08-03,0001-01-01,104491,1296,completed,41,2021-06-15 06:52:19.760836
2020-08-03,0001-01-01,104491,1301,completed,41,2021-06-15 06:52:19.760836
2020-08-03,0001-01-01,104495,1409,completed,41,2021-06-15 06:52:19.760836
2020-08-03,0001-01-01,104495,1410,completed,41,2021-06-15 06:52:19.760836
2020-08-03,0001-01-01,104495,1297,completed,41,2021-06-15 06:52:19.760836
2020-08-03,0001-01-01,104495,1413,completed,41,2021-06-15 06:52:19.760836
2020-08-03,0001-01-01,104498,1351,completed,41,2021-06-15 06:52:19.760836
2020-08-03,0001-01-01,104498,1354,completed,41,2021-06-15 06:52:19.760836
2020-08-03,0001-01-01,104498,1355,completed,41,2021-06-15 06:52:19.760836
2020-08-03,0001-01-01,104498,1357,completed,41,2021-06-15 06:52:19.760836
2020-08-03,0001-01-01,104507,1411,completed,41,2021-06-15 06:52:19.760836
2020-08-03,0001-01-01,104507,1412,completed,41,2021-06-15 06:52:19.760836
2020-08-03,0001-01-01,104507,1413,completed,41,2021-06-15 06:52:19.760836
2020-08-03,0001-01-01,104507,1414,completed,41,2021-06-15 06:52:19.760836
2020-08-03,0001-01-01,104507,1415,completed,41,2021-06-15 06:52:19.760836
2020-08-03,0001-01-01,104515,1286,completed,41,2021-06-15 06:52:19.760836
2020-08-03,0001-01-01,104515,1294,completed,41,2021-06-15 06:52:19.760836
2020-08-03,0001-01-01,104515,1287,completed,41,2021-06-15 06:52:19.760836
2020-08-03,0001-01-01,104515,1295,completed,41,2021-06-15 06:52:19.760836
2020-08-03,0001-01-01,104515,1296,completed,41,2021-06-15 06:52:19.760836
2020-08-03,0001-01-01,104517,1355,completed,41,2021-06-15 06:52:19.760836
2020-08-03,0001-01-01,104517,1356,completed,41,2021-06-15 06:52:19.760836
2020-08-03,0001-01-01,104517,1358,completed,41,2021-06-15 06:52:19.760836
2020-08-03,0001-01-01,104517,1361,completed,41,2021-06-15 06:52:19.760836
2020-08-03,0001-01-01,104517,1363,completed,41,2021-06-15 06:52:19.760836
2020-08-03,0001-01-01,104527,1349,completed,41,2021-06-15 06:52:19.760836
2020-08-03,0001-01-01,104527,1360,completed,41,2021-06-15 06:52:19.760836
2020-08-03,0001-01-01,104528,1119,completed,41,2021-06-15 06:52:19.760836
2020-08-03,0001-01-01,104546,1267,completed,41,2021-06-15 06:52:19.760836
2020-08-03,0001-01-01,104546,1270,completed,41,2021-06-15 06:52:19.760836
2020-08-03,0001-01-01,104546,1271,completed,41,2021-06-15 06:52:19.760836
2020-08-03,0001-01-01,104546,1224,completed,41,2021-06-15 06:52:19.760836
2020-08-03,0001-01-01,104547,1300,completed,41,2021-06-15 06:52:19.760836
2020-08-03,0001-01-01,104547,1301,completed,41,2021-06-15 06:52:19.760836
2020-08-03,0001-01-01,104547,1341,completed,41,2021-06-15 06:52:19.760836
2020-08-03,0001-01-01,104547,1302,completed,41,2021-06-15 06:52:19.760836
2020-08-03,0001-01-01,104551,1118,completed,41,2021-06-15 06:52:19.760836
2020-08-03,0001-01-01,104551,1271,completed,41,2021-06-15 06:52:19.760836
2020-08-03,0001-01-01,104551,1272,completed,41,2021-06-15 06:52:19.760836
2020-08-03,0001-01-01,104551,1273,completed,41,2021-06-15 06:52:19.760836
2020-08-03,0001-01-01,104551,1223,completed,41,2021-06-15 06:52:19.760836
2020-08-03,0001-01-01,104561,1341,completed,41,2021-06-15 06:52:19.760836
2020-08-03,0001-01-01,104561,1420,completed,41,2021-06-15 06:52:19.760836
2020-08-03,0001-01-01,104578,1343,completed,41,2021-06-15 06:52:19.760836
2020-08-03,0001-01-01,104578,1346,completed,41,2021-06-15 06:52:19.760836
2020-08-03,0001-01-01,104578,1347,completed,41,2021-06-15 06:52:19.760836
2020-08-03,0001-01-01,104590,1304,completed,41,2021-06-15 06:52:19.760836
2020-08-03,0001-01-01,104590,1347,completed,41,2021-06-15 06:52:19.760836
2020-08-03,0001-01-01,104597,1132,completed,41,2021-06-15 06:52:19.760836
2020-08-03,0001-01-01,104607,1118,completed,41,2021-06-15 06:52:19.760836
2020-08-03,0001-01-01,104607,1268,completed,41,2021-06-15 06:52:19.760836
2020-08-03,0001-01-01,104607,1119,completed,41,2021-06-15 06:52:19.760836
2020-08-03,0001-01-01,104607,1271,completed,41,2021-06-15 06:52:19.760836
2020-08-03,0001-01-01,104620,1129,completed,41,2021-06-15 06:52:19.760836
2020-08-03,0001-01-01,104620,1311,completed,41,2021-06-15 06:52:19.760836
2020-08-03,0001-01-01,104620,1131,completed,41,2021-06-15 06:52:19.760836
2020-08-03,0001-01-01,104620,1233,completed,41,2021-06-15 06:52:19.760836
2020-08-03,0001-01-01,104626,1339,completed,41,2021-06-15 06:52:19.760836
2020-08-03,0001-01-01,104626,1346,completed,41,2021-06-15 06:52:19.760836
2020-08-03,0001-01-01,104637,1287,completed,41,2021-06-15 06:52:19.760836
2020-08-03,0001-01-01,104637,1297,completed,41,2021-06-15 06:52:19.760836
2020-08-03,0001-01-01,104637,1300,completed,41,2021-06-15 06:52:19.760836
2020-08-03,0001-01-01,104641,1294,completed,41,2021-06-15 06:52:19.760836
2020-08-03,0001-01-01,104641,1295,completed,41,2021-06-15 06:52:19.760836
2020-08-03,0001-01-01,104641,1297,completed,41,2021-06-15 06:52:19.760836
2020-08-03,0001-01-01,104641,1299,completed,41,2021-06-15 06:52:19.760836
2020-08-03,0001-01-01,104641,1300,completed,41,2021-06-15 06:52:19.760836
2020-08-03,0001-01-01,104647,1302,completed,41,2021-06-15 06:52:19.760836
2020-08-03,0001-01-01,104647,1304,completed,41,2021-06-15 06:52:19.760836
2020-08-03,0001-01-01,104647,1305,completed,41,2021-06-15 06:52:19.760836
2020-08-03,0001-01-01,104647,1306,completed,41,2021-06-15 06:52:19.760836
2020-08-03,0001-01-01,104654,1296,completed,41,2021-06-15 06:52:19.760836
2020-08-03,0001-01-01,104654,1297,completed,41,2021-06-15 06:52:19.760836
2020-08-03,0001-01-01,104654,1300,completed,41,2021-06-15 06:52:19.760836
2020-08-03,0001-01-01,104654,1301,completed,41,2021-06-15 06:52:19.760836
2020-08-03,0001-01-01,104654,1302,completed,41,2021-06-15 06:52:19.760836
2020-08-03,0001-01-01,104657,1118,completed,41,2021-06-15 06:52:19.760836
2020-08-03,0001-01-01,104671,1345,completed,41,2021-06-15 06:52:19.760836
2020-08-03,0001-01-01,104671,1346,completed,41,2021-06-15 06:52:19.760836
2020-08-03,0001-01-01,104671,1354,completed,41,2021-06-15 06:52:19.760836
2020-08-03,0001-01-01,104671,1356,completed,41,2021-06-15 06:52:19.760836
2020-08-03,0001-01-01,104672,1300,completed,41,2021-06-15 06:52:19.760836
2020-08-03,0001-01-01,104672,1301,completed,41,2021-06-15 06:52:19.760836
2020-08-03,0001-01-01,104672,1302,completed,41,2021-06-15 06:52:19.760836
2020-08-03,0001-01-01,104672,1304,completed,41,2021-06-15 06:52:19.760836
2020-08-03,0001-01-01,104690,1412,completed,41,2021-06-15 06:52:19.760836
2020-08-03,0001-01-01,104690,1413,completed,41,2021-06-15 06:52:19.760836
2020-08-03,0001-01-01,104690,1414,completed,41,2021-06-15 06:52:19.760836
2020-08-03,0001-01-01,104690,1415,completed,41,2021-06-15 06:52:19.760836
2020-08-03,0001-01-01,104699,1104,completed,41,2021-06-15 06:52:19.760836
2020-08-03,0001-01-01,104699,1400,completed,41,2021-06-15 06:52:19.760836
2020-08-03,0001-01-01,104699,1401,completed,41,2021-06-15 06:52:19.760836
2020-08-03,0001-01-01,104699,1409,completed,41,2021-06-15 06:52:19.760836
2020-08-03,0001-01-01,104706,1349,completed,41,2021-06-15 06:52:19.760836
2020-08-03,0001-01-01,104706,1351,completed,41,2021-06-15 06:52:19.760836
2020-08-03,0001-01-01,104706,1352,completed,41,2021-06-15 06:52:19.760836
2020-08-03,0001-01-01,104706,1355,completed,41,2021-06-15 06:52:19.760836
2020-08-03,0001-01-01,104708,1411,completed,41,2021-06-15 06:52:19.760836
2020-08-03,0001-01-01,104708,1412,completed,41,2021-06-15 06:52:19.760836
2020-08-03,0001-01-01,104708,1414,completed,41,2021-06-15 06:52:19.760836
2020-08-03,0001-01-01,104708,1415,completed,41,2021-06-15 06:52:19.760836
2020-08-03,0001-01-01,104724,1401,completed,41,2021-06-15 06:52:19.760836
2020-08-03,0001-01-01,104724,1409,completed,41,2021-06-15 06:52:19.760836
2020-08-03,0001-01-01,104724,1410,completed,41,2021-06-15 06:52:19.760836
2020-08-03,0001-01-01,104724,1411,completed,41,2021-06-15 06:52:19.760836
2020-08-03,0001-01-01,104733,1296,completed,41,2021-06-15 06:52:19.760836
2020-08-03,0001-01-01,104733,1297,completed,41,2021-06-15 06:52:19.760836
2020-08-03,0001-01-01,104733,1299,completed,41,2021-06-15 06:52:19.760836
2020-08-03,0001-01-01,104733,1300,completed,41,2021-06-15 06:52:19.760836
2020-08-03,0001-01-01,104740,1295,completed,41,2021-06-15 06:52:19.760836
2020-08-03,0001-01-01,104740,1297,completed,41,2021-06-15 06:52:19.760836
2020-08-03,0001-01-01,104740,1299,completed,41,2021-06-15 06:52:19.760836
2020-08-03,0001-01-01,104740,1300,completed,41,2021-06-15 06:52:19.760836
2020-08-03,0001-01-01,104743,1223,completed,41,2021-06-15 06:52:19.760836
2020-08-03,0001-01-01,104743,1125,completed,41,2021-06-15 06:52:19.760836
2020-08-03,0001-01-01,104743,1135,completed,41,2021-06-15 06:52:19.760836
2020-08-03,0001-01-01,104774,1399,completed,41,2021-06-15 06:52:19.760836
2020-08-03,0001-01-01,104774,1407,completed,41,2021-06-15 06:52:19.760836
2020-08-03,0001-01-01,104774,1335,completed,41,2021-06-15 06:52:19.760836
2020-08-03,0001-01-01,104774,1409,completed,41,2021-06-15 06:52:19.760836
2020-08-03,0001-01-01,104776,1347,completed,41,2021-06-15 06:52:19.760836
2020-08-03,0001-01-01,104776,1349,completed,41,2021-06-15 06:52:19.760836
2020-08-03,0001-01-01,104776,1351,completed,41,2021-06-15 06:52:19.760836
2020-08-03,0001-01-01,104776,1353,completed,41,2021-06-15 06:52:19.760836
2020-08-03,0001-01-01,104794,1410,completed,41,2021-06-15 06:52:19.760836
2020-08-03,0001-01-01,104794,1411,completed,41,2021-06-15 06:52:19.760836
2020-08-03,0001-01-01,104794,1412,completed,41,2021-06-15 06:52:19.760836
2020-08-03,0001-01-01,104794,1413,completed,41,2021-06-15 06:52:19.760836
2020-08-03,0001-01-01,104800,1410,completed,41,2021-06-15 06:52:19.760836
2020-08-03,0001-01-01,104800,1214,completed,41,2021-06-15 06:52:19.760836
2020-08-03,0001-01-01,104800,1411,completed,41,2021-06-15 06:52:19.760836
2020-08-03,0001-01-01,104800,1412,completed,41,2021-06-15 06:52:19.760836
2020-08-03,0001-01-01,104800,1413,completed,41,2021-06-15 06:52:19.760836
2020-08-03,0001-01-01,104807,1296,completed,41,2021-06-15 06:52:19.760836
2020-08-03,0001-01-01,104807,1297,completed,41,2021-06-15 06:52:19.760836
2020-08-03,0001-01-01,104807,1267,completed,41,2021-06-15 06:52:19.760836
2020-08-03,0001-01-01,104807,1301,completed,41,2021-06-15 06:52:19.760836
2020-08-03,0001-01-01,104817,1415,completed,41,2021-06-15 06:52:19.760836
2020-08-03,0001-01-01,104817,1416,completed,41,2021-06-15 06:52:19.760836
2020-08-03,0001-01-01,104817,1418,completed,41,2021-06-15 06:52:19.760836
2020-08-03,0001-01-01,104817,1420,completed,41,2021-06-15 06:52:19.760836
2020-08-03,0001-01-01,104851,1409,completed,41,2021-06-15 06:52:19.760836
2020-08-03,0001-01-01,104851,1410,completed,41,2021-06-15 06:52:19.760836
2020-08-03,0001-01-01,104851,1412,completed,41,2021-06-15 06:52:19.760836
2020-08-03,0001-01-01,104851,1413,completed,41,2021-06-15 06:52:19.760836
2020-08-03,0001-01-01,104878,1227,completed,41,2021-06-15 06:52:19.760836
2020-08-03,0001-01-01,104878,1352,completed,41,2021-06-15 06:52:19.760836
2020-08-03,0001-01-01,104878,1353,completed,41,2021-06-15 06:52:19.760836
2020-08-03,0001-01-01,104884,1409,completed,41,2021-06-15 06:52:19.760836
2020-08-03,0001-01-01,104884,1410,completed,41,2021-06-15 06:52:19.760836
2020-08-03,0001-01-01,104884,1411,completed,41,2021-06-15 06:52:19.760836
2020-08-03,0001-01-01,104884,1412,completed,41,2021-06-15 06:52:19.760836
2020-08-03,0001-01-01,104902,1118,completed,41,2021-06-15 06:52:19.760836
2020-08-03,0001-01-01,104902,1269,completed,41,2021-06-15 06:52:19.760836
2020-08-03,0001-01-01,104902,1270,completed,41,2021-06-15 06:52:19.760836
2020-08-03,0001-01-01,104902,1122,completed,41,2021-06-15 06:52:19.760836
2020-08-03,0001-01-01,104905,1120,completed,41,2021-06-15 06:52:19.760836
2020-08-03,0001-01-01,104905,1222,completed,41,2021-06-15 06:52:19.760836
2020-08-03,0001-01-01,104905,1225,completed,41,2021-06-15 06:52:19.760836
2020-08-03,0001-01-01,104915,1339,completed,41,2021-06-15 06:52:19.760836
2020-08-03,0001-01-01,104915,1343,completed,41,2021-06-15 06:52:19.760836
2020-08-03,0001-01-01,104915,1346,completed,41,2021-06-15 06:52:19.760836
2020-08-03,0001-01-01,104919,1411,completed,41,2021-06-15 06:52:19.760836
2020-08-03,0001-01-01,104919,1412,completed,41,2021-06-15 06:52:19.760836
2020-08-03,0001-01-01,104919,1118,completed,41,2021-06-15 06:52:19.760836
2020-08-03,0001-01-01,104919,1414,completed,41,2021-06-15 06:52:19.760836
2020-08-03,0001-01-01,104925,1349,completed,41,2021-06-15 06:52:19.760836
2020-08-03,0001-01-01,104925,1228,completed,41,2021-06-15 06:52:19.760836
2020-08-03,0001-01-01,104925,1130,completed,41,2021-06-15 06:52:19.760836
2020-08-03,0001-01-01,104925,1230,completed,41,2021-06-15 06:52:19.760836
2020-08-03,0001-01-01,104926,1349,completed,41,2021-06-15 06:52:19.760836
2020-08-03,0001-01-01,104926,1134,completed,41,2021-06-15 06:52:19.760836
2020-08-03,0001-01-01,104926,1357,completed,41,2021-06-15 06:52:19.760836
2020-08-03,0001-01-01,104926,1358,completed,41,2021-06-15 06:52:19.760836
2020-08-03,0001-01-01,104957,1219,completed,41,2021-06-15 06:52:19.760836
2020-08-03,0001-01-01,104957,1416,completed,41,2021-06-15 06:52:19.760836
2020-08-03,0001-01-01,104957,1347,completed,41,2021-06-15 06:52:19.760836
2020-08-03,0001-01-01,104957,1128,completed,41,2021-06-15 06:52:19.760836
2020-08-03,0001-01-01,104957,1228,completed,41,2021-06-15 06:52:19.760836
2020-08-03,0001-01-01,104977,1420,completed,41,2021-06-15 06:52:19.760836
2020-08-03,0001-01-01,104984,1309,completed,41,2021-06-15 06:52:19.760836
2020-08-03,0001-01-01,104984,1128,completed,41,2021-06-15 06:52:19.760836
2020-08-03,0001-01-01,104997,1115,completed,41,2021-06-15 06:52:19.760836
2020-08-03,0001-01-01,104997,1297,completed,41,2021-06-15 06:52:19.760836
2020-08-03,0001-01-01,104997,1299,completed,41,2021-06-15 06:52:19.760836
2020-08-03,0001-01-01,104997,1301,completed,41,2021-06-15 06:52:19.760836
2020-08-03,0001-01-01,104997,1302,completed,41,2021-06-15 06:52:19.760836
2020-08-03,0001-01-01,103000,1310,completed,41,2021-06-15 06:52:19.760836
2020-08-03,0001-01-01,103000,1311,completed,41,2021-06-15 06:52:19.760836
2020-08-03,0001-01-01,103000,1312,completed,41,2021-06-15 06:52:19.760836
2020-08-03,0001-01-01,103005,1153,completed,41,2021-06-15 06:52:19.760836
2020-08-03,0001-01-01,103005,1159,completed,41,2021-06-15 06:52:19.760836
2020-08-03,0001-01-01,103007,1166,completed,41,2021-06-15 06:52:19.760836
2020-08-03,0001-01-01,103009,1304,completed,41,2021-06-15 06:52:19.760836
2020-08-03,0001-01-01,103009,1305,completed,41,2021-06-15 06:52:19.760836
2020-08-03,0001-01-01,103009,1306,completed,41,2021-06-15 06:52:19.760836
2020-08-03,0001-01-01,103009,1307,completed,41,2021-06-15 06:52:19.760836
2020-08-03,0001-01-01,103009,1310,completed,41,2021-06-15 06:52:19.760836
2020-08-03,0001-01-01,103011,1153,completed,41,2021-06-15 06:52:19.760836
2020-08-03,0001-01-01,103011,1154,completed,41,2021-06-15 06:52:19.760836
2020-08-03,0001-01-01,103012,1125,completed,41,2021-06-15 06:52:19.760836
2020-08-03,0001-01-01,103012,1422,completed,41,2021-06-15 06:52:19.760836
2020-08-03,0001-01-01,103037,1365,completed,41,2021-06-15 06:52:19.760836
2020-08-03,0001-01-01,103037,1366,completed,41,2021-06-15 06:52:19.760836
2020-08-03,0001-01-01,103037,1368,completed,41,2021-06-15 06:52:19.760836
2020-08-03,0001-01-01,103037,1370,completed,41,2021-06-15 06:52:19.760836
2020-08-03,0001-01-01,103039,1153,completed,41,2021-06-15 06:52:19.760836
2020-08-03,0001-01-01,103055,1159,completed,41,2021-06-15 06:52:19.760836
2020-08-03,0001-01-01,103055,1163,completed,41,2021-06-15 06:52:19.760836
2020-08-03,0001-01-01,103055,1168,completed,41,2021-06-15 06:52:19.760836
2020-08-03,0001-01-01,103066,1372,completed,41,2021-06-15 06:52:19.760836
2020-08-03,0001-01-01,103066,1152,completed,41,2021-06-15 06:52:19.760836
2020-08-03,0001-01-01,103068,1307,completed,41,2021-06-15 06:52:19.760836
2020-08-03,0001-01-01,103068,1309,completed,41,2021-06-15 06:52:19.760836
2020-08-03,0001-01-01,103068,1310,completed,41,2021-06-15 06:52:19.760836
2020-08-03,0001-01-01,103068,1311,completed,41,2021-06-15 06:52:19.760836
2020-08-03,0001-01-01,103070,1241,completed,41,2021-06-15 06:52:19.760836
2020-08-03,0001-01-01,103070,1145,completed,41,2021-06-15 06:52:19.760836
2020-08-03,0001-01-01,103070,1151,completed,41,2021-06-15 06:52:19.760836
2020-08-03,0001-01-01,103087,1155,completed,41,2021-06-15 06:52:19.760836
2020-08-03,0001-01-01,103087,1381,completed,41,2021-06-15 06:52:19.760836
2020-08-03,0001-01-01,103087,1162,completed,41,2021-06-15 06:52:19.760836
2020-08-03,0001-01-01,103087,1165,completed,41,2021-06-15 06:52:19.760836
2020-08-03,0001-01-01,103097,1364,completed,41,2021-06-15 06:52:19.760836
2020-08-03,0001-01-01,103097,1365,completed,41,2021-06-15 06:52:19.760836
2020-08-03,0001-01-01,103097,1369,completed,41,2021-06-15 06:52:19.760836
2020-08-03,0001-01-01,103097,1372,completed,41,2021-06-15 06:52:19.760836
2020-08-03,0001-01-01,103097,1373,completed,41,2021-06-15 06:52:19.760836
2020-08-03,0001-01-01,103108,1273,completed,41,2021-06-15 06:52:19.760836
2020-08-03,0001-01-01,103108,1224,completed,41,2021-06-15 06:52:19.760836
2020-08-03,0001-01-01,103108,1226,completed,41,2021-06-15 06:52:19.760836
2020-08-03,0001-01-01,103108,1311,completed,41,2021-06-15 06:52:19.760836
2020-08-03,0001-01-01,103110,1416,completed,41,2021-06-15 06:52:19.760836
2020-08-03,0001-01-01,103110,1304,completed,41,2021-06-15 06:52:19.760836
2020-08-03,0001-01-01,103110,1420,completed,41,2021-06-15 06:52:19.760836
2020-08-03,0001-01-01,103110,1421,completed,41,2021-06-15 06:52:19.760836
2020-08-03,0001-01-01,103116,1140,completed,41,2021-06-15 06:52:19.760836
2020-08-03,0001-01-01,103116,1141,completed,41,2021-06-15 06:52:19.760836
2020-08-03,0001-01-01,103116,1142,completed,41,2021-06-15 06:52:19.760836
2020-08-03,0001-01-01,103116,1143,completed,41,2021-06-15 06:52:19.760836
2020-08-03,0001-01-01,103120,1357,completed,41,2021-06-15 06:52:19.760836
2020-08-03,0001-01-01,103120,1139,completed,41,2021-06-15 06:52:19.760836
2020-08-03,0001-01-01,103134,1420,completed,41,2021-06-15 06:52:19.760836
2020-08-03,0001-01-01,103134,1422,completed,41,2021-06-15 06:52:19.760836
2020-08-03,0001-01-01,103135,1312,completed,41,2021-06-15 06:52:19.760836
2020-08-03,0001-01-01,103135,1238,completed,41,2021-06-15 06:52:19.760836
2020-08-03,0001-01-01,103140,1309,completed,41,2021-06-15 06:52:19.760836
2020-08-03,0001-01-01,103140,1311,completed,41,2021-06-15 06:52:19.760836
2020-08-03,0001-01-01,103140,1312,completed,41,2021-06-15 06:52:19.760836
2020-08-03,0001-01-01,103140,1313,completed,41,2021-06-15 06:52:19.760836
2020-08-03,0001-01-01,103148,1304,completed,41,2021-06-15 06:52:19.760836
2020-08-03,0001-01-01,103148,1306,completed,41,2021-06-15 06:52:19.760836
2020-08-03,0001-01-01,103148,1307,completed,41,2021-06-15 06:52:19.760836
2020-08-03,0001-01-01,103148,1311,completed,41,2021-06-15 06:52:19.760836
2020-08-03,0001-01-01,103148,1313,completed,41,2021-06-15 06:52:19.760836
2020-08-03,0001-01-01,103171,1372,completed,41,2021-06-15 06:52:19.760836
2020-08-03,0001-01-01,103171,1377,completed,41,2021-06-15 06:52:19.760836
2020-08-03,0001-01-01,103191,1143,completed,41,2021-06-15 06:52:19.760836
2020-08-03,0001-01-01,103191,1147,completed,41,2021-06-15 06:52:19.760836
2020-08-03,0001-01-01,103191,1153,completed,41,2021-06-15 06:52:19.760836
2020-08-03,0001-01-01,103191,1164,completed,41,2021-06-15 06:52:19.760836
2020-08-03,0001-01-01,103202,1364,completed,41,2021-06-15 06:52:19.760836
2020-08-03,0001-01-01,103202,1366,completed,41,2021-06-15 06:52:19.760836
2020-08-03,0001-01-01,103202,1371,completed,41,2021-06-15 06:52:19.760836
2020-08-03,0001-01-01,103202,1372,completed,41,2021-06-15 06:52:19.760836
2020-08-03,0001-01-01,103202,1374,completed,41,2021-06-15 06:52:19.760836
2020-08-03,0001-01-01,103213,1153,completed,41,2021-06-15 06:52:19.760836
2020-08-03,0001-01-01,103227,1367,completed,41,2021-06-15 06:52:19.760836
2020-08-03,0001-01-01,103234,1365,completed,41,2021-06-15 06:52:19.760836
2020-08-03,0001-01-01,103249,1374,completed,41,2021-06-15 06:52:19.760836
2020-08-03,0001-01-01,103249,1376,completed,41,2021-06-15 06:52:19.760836
2020-08-03,0001-01-01,103249,1378,completed,41,2021-06-15 06:52:19.760836
2020-08-03,0001-01-01,103249,1381,completed,41,2021-06-15 06:52:19.760836
2020-08-03,0001-01-01,103249,1382,completed,41,2021-06-15 06:52:19.760836
2020-08-03,0001-01-01,103257,1421,completed,41,2021-06-15 06:52:19.760836
2020-08-03,0001-01-01,103257,1422,completed,41,2021-06-15 06:52:19.760836
2020-08-03,0001-01-01,103258,1154,completed,41,2021-06-15 06:52:19.760836
2020-08-03,0001-01-01,103275,1381,completed,41,2021-06-15 06:52:19.760836
2020-08-03,0001-01-01,103300,1241,completed,41,2021-06-15 06:52:19.760836
2020-08-03,0001-01-01,103300,1156,completed,41,2021-06-15 06:52:19.760836
2020-08-03,0001-01-01,103300,1168,completed,41,2021-06-15 06:52:19.760836
2020-08-03,0001-01-01,103307,1307,completed,41,2021-06-15 06:52:19.760836
2020-08-03,0001-01-01,103307,1309,completed,41,2021-06-15 06:52:19.760836
2020-08-03,0001-01-01,103339,1159,completed,41,2021-06-15 06:52:19.760836
2020-08-03,0001-01-01,103359,1313,completed,41,2021-06-15 06:52:19.760836
2020-08-03,0001-01-01,103359,1241,completed,41,2021-06-15 06:52:19.760836
2020-08-03,0001-01-01,103367,1372,completed,41,2021-06-15 06:52:19.760836
2020-08-03,0001-01-01,103367,1152,completed,41,2021-06-15 06:52:19.760836
2020-08-03,0001-01-01,103381,1142,completed,41,2021-06-15 06:52:19.760836
2020-08-03,0001-01-01,103381,1145,completed,41,2021-06-15 06:52:19.760836
2020-08-03,0001-01-01,103385,1366,completed,41,2021-06-15 06:52:19.760836
2020-08-03,0001-01-01,103385,1145,completed,41,2021-06-15 06:52:19.760836
2020-08-03,0001-01-01,103385,1368,completed,41,2021-06-15 06:52:19.760836
2020-08-03,0001-01-01,103385,1369,completed,41,2021-06-15 06:52:19.760836
2020-08-03,0001-01-01,103400,1229,completed,41,2021-06-15 06:52:19.760836
2020-08-03,0001-01-01,103400,1130,completed,41,2021-06-15 06:52:19.760836
2020-08-03,0001-01-01,103400,1236,completed,41,2021-06-15 06:52:19.760836
2020-08-03,0001-01-01,103400,1142,completed,41,2021-06-15 06:52:19.760836
2020-08-03,0001-01-01,103403,1150,completed,41,2021-06-15 06:52:19.760836
2020-08-03,0001-01-01,103403,1170,completed,41,2021-06-15 06:52:19.760836
2020-08-03,0001-01-01,103448,1153,completed,41,2021-06-15 06:52:19.760836
2020-08-03,0001-01-01,103450,1372,completed,41,2021-06-15 06:52:19.760836
2020-08-03,0001-01-01,103450,1374,completed,41,2021-06-15 06:52:19.760836
2020-08-03,0001-01-01,103450,1375,completed,41,2021-06-15 06:52:19.760836
2020-08-03,0001-01-01,103450,1376,completed,41,2021-06-15 06:52:19.760836
2020-08-03,0001-01-01,103468,1311,completed,41,2021-06-15 06:52:19.760836
2020-08-03,0001-01-01,103468,1312,completed,41,2021-06-15 06:52:19.760836
2020-08-03,0001-01-01,103468,1313,completed,41,2021-06-15 06:52:19.760836
2020-08-03,0001-01-01,103468,1360,completed,41,2021-06-15 06:52:19.760836
2020-08-03,0001-01-01,103469,1375,completed,41,2021-06-15 06:52:19.760836
2020-08-03,0001-01-01,103469,1380,completed,41,2021-06-15 06:52:19.760836
2020-08-03,0001-01-01,103469,1383,completed,41,2021-06-15 06:52:19.760836
2020-08-03,0001-01-01,103476,1176,completed,41,2021-06-15 06:52:19.760836
2020-08-03,0001-01-01,103496,1156,completed,41,2021-06-15 06:52:19.760836
2020-08-03,0001-01-01,103496,1159,completed,41,2021-06-15 06:52:19.760836
2020-08-03,0001-01-01,103496,1161,completed,41,2021-06-15 06:52:19.760836
2020-08-03,0001-01-01,103496,1162,completed,41,2021-06-15 06:52:19.760836
2020-08-03,0001-01-01,103503,1307,completed,41,2021-06-15 06:52:19.760836
2020-08-03,0001-01-01,103503,1309,completed,41,2021-06-15 06:52:19.760836
2020-08-03,0001-01-01,103503,1310,completed,41,2021-06-15 06:52:19.760836
2020-08-03,0001-01-01,103503,1313,completed,41,2021-06-15 06:52:19.760836
2020-08-03,0001-01-01,103512,1128,completed,41,2021-06-15 06:52:19.760836
2020-08-03,0001-01-01,103512,1310,completed,41,2021-06-15 06:52:19.760836
2020-08-03,0001-01-01,103512,1313,completed,41,2021-06-15 06:52:19.760836
2020-08-03,0001-01-01,103512,1360,completed,41,2021-06-15 06:52:19.760836
2020-08-03,0001-01-01,103520,1413,completed,41,2021-06-15 06:52:19.760836
2020-08-03,0001-01-01,103520,1414,completed,41,2021-06-15 06:52:19.760836
2020-08-03,0001-01-01,103520,1415,completed,41,2021-06-15 06:52:19.760836
2020-08-03,0001-01-01,103520,1417,completed,41,2021-06-15 06:52:19.760836
2020-08-03,0001-01-01,103527,1237,completed,41,2021-06-15 06:52:19.760836
2020-08-03,0001-01-01,103527,1238,completed,41,2021-06-15 06:52:19.760836
2020-08-03,0001-01-01,103527,1239,completed,41,2021-06-15 06:52:19.760836
2020-08-03,0001-01-01,103535,1310,completed,41,2021-06-15 06:52:19.760836
2020-08-03,0001-01-01,103535,1311,completed,41,2021-06-15 06:52:19.760836
2020-08-03,0001-01-01,103535,1312,completed,41,2021-06-15 06:52:19.760836
2020-08-03,0001-01-01,103535,1313,completed,41,2021-06-15 06:52:19.760836
2020-08-03,0001-01-01,103544,1236,completed,41,2021-06-15 06:52:19.760836
2020-08-03,0001-01-01,103544,1137,completed,41,2021-06-15 06:52:19.760836
2020-08-03,0001-01-01,103544,1239,completed,41,2021-06-15 06:52:19.760836
2020-08-03,0001-01-01,103544,1240,completed,41,2021-06-15 06:52:19.760836
2020-08-03,0001-01-01,103544,1159,completed,41,2021-06-15 06:52:19.760836
2020-08-03,0001-01-01,103555,1139,completed,41,2021-06-15 06:52:19.760836
2020-08-03,0001-01-01,103555,1240,completed,41,2021-06-15 06:52:19.760836
2020-08-03,0001-01-01,103555,1373,completed,41,2021-06-15 06:52:19.760836
2020-08-03,0001-01-01,103555,1152,completed,41,2021-06-15 06:52:19.760836
2020-08-03,0001-01-01,103562,1372,completed,41,2021-06-15 06:52:19.760836
2020-08-03,0001-01-01,103562,1373,completed,41,2021-06-15 06:52:19.760836
2020-08-03,0001-01-01,103562,1374,completed,41,2021-06-15 06:52:19.760836
2020-08-03,0001-01-01,103562,1376,completed,41,2021-06-15 06:52:19.760836
2020-08-03,0001-01-01,103596,1310,completed,41,2021-06-15 06:52:19.760836
2020-08-03,0001-01-01,103596,1311,completed,41,2021-06-15 06:52:19.760836
2020-08-03,0001-01-01,103596,1312,completed,41,2021-06-15 06:52:19.760836
2020-08-03,0001-01-01,103597,1418,completed,41,2021-06-15 06:52:19.760836
2020-08-03,0001-01-01,103597,1420,completed,41,2021-06-15 06:52:19.760836
2020-08-03,0001-01-01,103597,1421,completed,41,2021-06-15 06:52:19.760836
2020-08-03,0001-01-01,103597,1422,completed,41,2021-06-15 06:52:19.760836
2020-08-03,0001-01-01,103601,1311,completed,41,2021-06-15 06:52:19.760836
2020-08-03,0001-01-01,103601,1312,completed,41,2021-06-15 06:52:19.760836
2020-08-03,0001-01-01,103601,1237,completed,41,2021-06-15 06:52:19.760836
2020-08-03,0001-01-01,103621,1422,completed,41,2021-06-15 06:52:19.760836
2020-08-03,0001-01-01,103635,1310,completed,41,2021-06-15 06:52:19.760836
2020-08-03,0001-01-01,103635,1312,completed,41,2021-06-15 06:52:19.760836
2020-08-03,0001-01-01,103635,1313,completed,41,2021-06-15 06:52:19.760836
2020-08-03,0001-01-01,103636,1373,completed,41,2021-06-15 06:52:19.760836
2020-08-03,0001-01-01,103636,1375,completed,41,2021-06-15 06:52:19.760836
2020-08-03,0001-01-01,103636,1381,completed,41,2021-06-15 06:52:19.760836
2020-08-03,0001-01-01,103636,1383,completed,41,2021-06-15 06:52:19.760836
2020-08-03,0001-01-01,103646,1155,completed,41,2021-06-15 06:52:19.760836
2020-08-03,0001-01-01,103646,1156,completed,41,2021-06-15 06:52:19.760836
2020-08-03,0001-01-01,103646,1159,completed,41,2021-06-15 06:52:19.760836
2020-08-03,0001-01-01,103649,1418,completed,41,2021-06-15 06:52:19.760836
2020-08-03,0001-01-01,103649,1420,completed,41,2021-06-15 06:52:19.760836
2020-08-03,0001-01-01,103649,1422,completed,41,2021-06-15 06:52:19.760836
2020-08-03,0001-01-01,103651,1421,completed,41,2021-06-15 06:52:19.760836
2020-08-03,0001-01-01,103651,1422,completed,41,2021-06-15 06:52:19.760836
2020-08-03,0001-01-01,103657,1416,completed,41,2021-06-15 06:52:19.760836
2020-08-03,0001-01-01,103657,1417,completed,41,2021-06-15 06:52:19.760836
2020-08-03,0001-01-01,103657,1420,completed,41,2021-06-15 06:52:19.760836
2020-08-03,0001-01-01,103657,1421,completed,41,2021-06-15 06:52:19.760836
2020-08-03,0001-01-01,103665,1162,completed,41,2021-06-15 06:52:19.760836
2020-08-03,0001-01-01,103667,1168,completed,41,2021-06-15 06:52:19.760836
2020-08-03,0001-01-01,103672,1153,completed,41,2021-06-15 06:52:19.760836
2020-08-03,0001-01-01,103672,1167,completed,41,2021-06-15 06:52:19.760836
2020-08-03,0001-01-01,103681,1418,completed,41,2021-06-15 06:52:19.760836
2020-08-03,0001-01-01,103681,1420,completed,41,2021-06-15 06:52:19.760836
2020-08-03,0001-01-01,103681,1422,completed,41,2021-06-15 06:52:19.760836
2020-08-03,0001-01-01,103685,1417,completed,41,2021-06-15 06:52:19.760836
2020-08-03,0001-01-01,103685,1418,completed,41,2021-06-15 06:52:19.760836
2020-08-03,0001-01-01,103685,1420,completed,41,2021-06-15 06:52:19.760836
2020-08-03,0001-01-01,103685,1421,completed,41,2021-06-15 06:52:19.760836
2020-08-03,0001-01-01,103695,1374,completed,41,2021-06-15 06:52:19.760836
2020-08-03,0001-01-01,103695,1377,completed,41,2021-06-15 06:52:19.760836
2020-08-03,0001-01-01,103695,1378,completed,41,2021-06-15 06:52:19.760836
2020-08-03,0001-01-01,103695,1379,completed,41,2021-06-15 06:52:19.760836
2020-08-03,0001-01-01,103695,1380,completed,41,2021-06-15 06:52:19.760836
2020-08-03,0001-01-01,103706,1379,completed,41,2021-06-15 06:52:19.760836
2020-08-03,0001-01-01,103713,1371,completed,41,2021-06-15 06:52:19.760836
2020-08-03,0001-01-01,103713,1154,completed,41,2021-06-15 06:52:19.760836
2020-08-03,0001-01-01,103713,1157,completed,41,2021-06-15 06:52:19.760836
2020-08-03,0001-01-01,103713,1162,completed,41,2021-06-15 06:52:19.760836
2020-08-03,0001-01-01,103720,1152,completed,41,2021-06-15 06:52:19.760836
2020-08-03,0001-01-01,103729,1413,completed,41,2021-06-15 06:52:19.760836
2020-08-03,0001-01-01,103729,1415,completed,41,2021-06-15 06:52:19.760836
2020-08-03,0001-01-01,103729,1416,completed,41,2021-06-15 06:52:19.760836
2020-08-03,0001-01-01,103729,1417,completed,41,2021-06-15 06:52:19.760836
2020-08-03,0001-01-01,103740,1310,completed,41,2021-06-15 06:52:19.760836
2020-08-03,0001-01-01,103740,1312,completed,41,2021-06-15 06:52:19.760836
2020-08-03,0001-01-01,103740,1313,completed,41,2021-06-15 06:52:19.760836
2020-08-03,0001-01-01,103740,1375,completed,41,2021-06-15 06:52:19.760836
2020-08-03,0001-01-01,103743,1309,completed,41,2021-06-15 06:52:19.760836
2020-08-03,0001-01-01,103743,1310,completed,41,2021-06-15 06:52:19.760836
2020-08-03,0001-01-01,103743,1311,completed,41,2021-06-15 06:52:19.760836
2020-08-03,0001-01-01,103743,1312,completed,41,2021-06-15 06:52:19.760836
2020-08-03,0001-01-01,103743,1353,completed,41,2021-06-15 06:52:19.760836
2020-08-03,0001-01-01,103747,1420,completed,41,2021-06-15 06:52:19.760836
2020-08-03,0001-01-01,103747,1421,completed,41,2021-06-15 06:52:19.760836
2020-08-03,0001-01-01,103747,1309,completed,41,2021-06-15 06:52:19.760836
2020-08-03,0001-01-01,103761,1161,completed,41,2021-06-15 06:52:19.760836
2020-08-03,0001-01-01,103761,1166,completed,41,2021-06-15 06:52:19.760836
2020-08-03,0001-01-01,103761,1172,completed,41,2021-06-15 06:52:19.760836
2020-08-03,0001-01-01,103784,1147,completed,41,2021-06-15 06:52:19.760836
2020-08-03,0001-01-01,103784,1167,completed,41,2021-06-15 06:52:19.760836
2020-08-03,0001-01-01,103798,1162,completed,41,2021-06-15 06:52:19.760836
2020-08-03,0001-01-01,103798,1163,completed,41,2021-06-15 06:52:19.760836
2020-08-03,0001-01-01,103798,1166,completed,41,2021-06-15 06:52:19.760836
2020-08-03,0001-01-01,103798,1179,completed,41,2021-06-15 06:52:19.760836
2020-08-03,0001-01-01,103812,1153,completed,41,2021-06-15 06:52:19.760836
2020-08-03,0001-01-01,103812,1154,completed,41,2021-06-15 06:52:19.760836
2020-08-03,0001-01-01,103818,1368,completed,41,2021-06-15 06:52:19.760836
2020-08-03,0001-01-01,103818,1369,completed,41,2021-06-15 06:52:19.760836
2020-08-03,0001-01-01,103818,1370,completed,41,2021-06-15 06:52:19.760836
2020-08-03,0001-01-01,103818,1371,completed,41,2021-06-15 06:52:19.760836
2020-08-03,0001-01-01,103818,1373,completed,41,2021-06-15 06:52:19.760836
2020-08-03,0001-01-01,103828,1372,completed,41,2021-06-15 06:52:19.760836
2020-08-03,0001-01-01,103828,1373,completed,41,2021-06-15 06:52:19.760836
2020-08-03,0001-01-01,103828,1374,completed,41,2021-06-15 06:52:19.760836
2020-08-03,0001-01-01,103828,1376,completed,41,2021-06-15 06:52:19.760836
2020-08-03,0001-01-01,103828,1380,completed,41,2021-06-15 06:52:19.760836
2020-08-03,0001-01-01,103836,1368,completed,41,2021-06-15 06:52:19.760836
2020-08-03,0001-01-01,103836,1370,completed,41,2021-06-15 06:52:19.760836
2020-08-03,0001-01-01,103836,1371,completed,41,2021-06-15 06:52:19.760836
2020-08-03,0001-01-01,103836,1374,completed,41,2021-06-15 06:52:19.760836
2020-08-03,0001-01-01,103836,1375,completed,41,2021-06-15 06:52:19.760836
2020-08-03,0001-01-01,103847,1239,completed,41,2021-06-15 06:52:19.760836
2020-08-03,0001-01-01,103847,1142,completed,41,2021-06-15 06:52:19.760836
2020-08-03,0001-01-01,103847,1161,completed,41,2021-06-15 06:52:19.760836
2020-08-03,0001-01-01,103847,1164,completed,41,2021-06-15 06:52:19.760836
2020-08-03,0001-01-01,103852,1366,completed,41,2021-06-15 06:52:19.760836
2020-08-03,0001-01-01,103852,1367,completed,41,2021-06-15 06:52:19.760836
2020-08-03,0001-01-01,103852,1372,completed,41,2021-06-15 06:52:19.760836
2020-08-03,0001-01-01,103852,1376,completed,41,2021-06-15 06:52:19.760836
2020-08-03,0001-01-01,103852,1377,completed,41,2021-06-15 06:52:19.760836
2020-08-03,0001-01-01,103856,1371,completed,41,2021-06-15 06:52:19.760836
2020-08-03,0001-01-01,103856,1373,completed,41,2021-06-15 06:52:19.760836
2020-08-03,0001-01-01,103856,1377,completed,41,2021-06-15 06:52:19.760836
2020-08-03,0001-01-01,103856,1378,completed,41,2021-06-15 06:52:19.760836
2020-08-03,0001-01-01,103856,1379,completed,41,2021-06-15 06:52:19.760836
2020-08-03,0001-01-01,103857,1420,completed,41,2021-06-15 06:52:19.760836
2020-08-03,0001-01-01,103857,1421,completed,41,2021-06-15 06:52:19.760836
2020-08-03,0001-01-01,103857,1422,completed,41,2021-06-15 06:52:19.760836
2020-08-03,0001-01-01,103857,1365,completed,41,2021-06-15 06:52:19.760836
2020-08-03,0001-01-01,103863,1418,completed,41,2021-06-15 06:52:19.760836
2020-08-03,0001-01-01,103863,1420,completed,41,2021-06-15 06:52:19.760836
2020-08-03,0001-01-01,103863,1422,completed,41,2021-06-15 06:52:19.760836
2020-08-03,0001-01-01,103904,1386,completed,41,2021-06-15 06:52:19.760836
2020-08-03,0001-01-01,103924,1311,completed,41,2021-06-15 06:52:19.760836
2020-08-03,0001-01-01,103924,1313,completed,41,2021-06-15 06:52:19.760836
2020-08-03,0001-01-01,103928,1371,completed,41,2021-06-15 06:52:19.760836
2020-08-03,0001-01-01,103928,1374,completed,41,2021-06-15 06:52:19.760836
2020-08-03,0001-01-01,103928,1376,completed,41,2021-06-15 06:52:19.760836
2020-08-03,0001-01-01,103929,1153,completed,41,2021-06-15 06:52:19.760836
2020-08-03,0001-01-01,103929,1154,completed,41,2021-06-15 06:52:19.760836
2020-08-03,0001-01-01,103939,1236,completed,41,2021-06-15 06:52:19.760836
2020-08-03,0001-01-01,103939,1238,completed,41,2021-06-15 06:52:19.760836
2020-08-03,0001-01-01,103939,1151,completed,41,2021-06-15 06:52:19.760836
2020-08-03,0001-01-01,103942,1143,completed,41,2021-06-15 06:52:19.760836
2020-08-03,0001-01-01,103942,1159,completed,41,2021-06-15 06:52:19.760836
2020-08-03,0001-01-01,103943,1139,completed,41,2021-06-15 06:52:19.760836
2020-08-03,0001-01-01,103943,1154,completed,41,2021-06-15 06:52:19.760836
2020-08-03,0001-01-01,103943,1159,completed,41,2021-06-15 06:52:19.760836
2020-08-03,0001-01-01,103943,1381,completed,41,2021-06-15 06:52:19.760836
2020-08-03,0001-01-01,103948,1369,completed,41,2021-06-15 06:52:19.760836
2020-08-03,0001-01-01,103948,1370,completed,41,2021-06-15 06:52:19.760836
2020-08-03,0001-01-01,103948,1371,completed,41,2021-06-15 06:52:19.760836
2020-08-03,0001-01-01,103948,1372,completed,41,2021-06-15 06:52:19.760836
2020-08-03,0001-01-01,103948,1376,completed,41,2021-06-15 06:52:19.760836
2020-08-03,0001-01-01,103952,1126,completed,41,2021-06-15 06:52:19.760836
2020-08-03,0001-01-01,103952,1368,completed,41,2021-06-15 06:52:19.760836
2020-08-03,0001-01-01,103955,1310,completed,41,2021-06-15 06:52:19.760836
2020-08-03,0001-01-01,103955,1312,completed,41,2021-06-15 06:52:19.760836
2020-08-03,0001-01-01,103955,1239,completed,41,2021-06-15 06:52:19.760836
2020-08-03,0001-01-01,103975,1420,completed,41,2021-06-15 06:52:19.760836
2020-08-03,0001-01-01,103975,1421,completed,41,2021-06-15 06:52:19.760836
2020-08-03,0001-01-01,103975,1422,completed,41,2021-06-15 06:52:19.760836
2020-08-03,0001-01-01,103980,1164,completed,41,2021-06-15 06:52:19.760836
2020-08-03,0001-01-01,103989,1371,completed,41,2021-06-15 06:52:19.760836
2020-08-03,0001-01-01,103989,1372,completed,41,2021-06-15 06:52:19.760836
2020-08-03,0001-01-01,103989,1374,completed,41,2021-06-15 06:52:19.760836
2020-08-03,0001-01-01,103989,1375,completed,41,2021-06-15 06:52:19.760836
2020-08-03,0001-01-01,103990,1420,completed,41,2021-06-15 06:52:19.760836
2020-08-03,0001-01-01,103990,1421,completed,41,2021-06-15 06:52:19.760836
2020-08-03,0001-01-01,103990,1422,completed,41,2021-06-15 06:52:19.760836
2021-01-04,0001-01-01,106001,1396,completed,42,2021-06-15 07:27:19.817080
2021-01-04,0001-01-01,106001,1392,completed,42,2021-06-15 07:27:19.817080
2021-01-04,0001-01-01,106001,1404,completed,42,2021-06-15 07:27:19.817080
2021-01-04,0001-01-01,106006,1277,completed,42,2021-06-15 07:27:19.817080
2021-01-04,0001-01-01,106006,1282,completed,42,2021-06-15 07:27:19.817080
2021-01-04,0001-01-01,106006,1290,completed,42,2021-06-15 07:27:19.817080
2021-01-04,0001-01-01,106008,1329,completed,42,2021-06-15 07:27:19.817080
2021-01-04,0001-01-01,106020,1289,completed,42,2021-06-15 07:27:19.817080
2021-01-04,0001-01-01,106020,1282,completed,42,2021-06-15 07:27:19.817080
2021-01-04,0001-01-01,106020,1283,completed,42,2021-06-15 07:27:19.817080
2021-01-04,0001-01-01,106025,1201,completed,42,2021-06-15 07:27:19.817080
2021-01-04,0001-01-01,106025,1097,completed,42,2021-06-15 07:27:19.817080
2021-01-04,0001-01-01,106025,1102,completed,42,2021-06-15 07:27:19.817080
2021-01-04,0001-01-01,106034,1281,completed,42,2021-06-15 07:27:19.817080
2021-01-04,0001-01-01,106034,1277,completed,42,2021-06-15 07:27:19.817080
2021-01-04,0001-01-01,106034,1289,completed,42,2021-06-15 07:27:19.817080
2021-01-04,0001-01-01,106034,1282,completed,42,2021-06-15 07:27:19.817080
2021-01-04,0001-01-01,106038,1391,completed,42,2021-06-15 07:27:19.817080
2021-01-04,0001-01-01,106038,1095,completed,42,2021-06-15 07:27:19.817080
2021-01-04,0001-01-01,106038,1403,completed,42,2021-06-15 07:27:19.817080
2021-01-04,0001-01-01,106038,1392,completed,42,2021-06-15 07:27:19.817080
2021-01-04,0001-01-01,106038,1404,completed,42,2021-06-15 07:27:19.817080
2021-01-04,0001-01-01,106043,1250,completed,42,2021-06-15 07:27:19.817080
2021-01-04,0001-01-01,106043,1097,completed,42,2021-06-15 07:27:19.817080
2021-01-04,0001-01-01,106047,1289,completed,42,2021-06-15 07:27:19.817080
2021-01-04,0001-01-01,106047,1282,completed,42,2021-06-15 07:27:19.817080
2021-01-04,0001-01-01,106047,1290,completed,42,2021-06-15 07:27:19.817080
2021-01-04,0001-01-01,106047,1279,completed,42,2021-06-15 07:27:19.817080
2021-01-04,0001-01-01,106059,1396,completed,42,2021-06-15 07:27:19.817080
2021-01-04,0001-01-01,106063,1281,completed,42,2021-06-15 07:27:19.817080
2021-01-04,0001-01-01,106063,1277,completed,42,2021-06-15 07:27:19.817080
2021-01-04,0001-01-01,106063,1289,completed,42,2021-06-15 07:27:19.817080
2021-01-04,0001-01-01,106065,1283,completed,42,2021-06-15 07:27:19.817080
2021-01-04,0001-01-01,106067,1391,completed,42,2021-06-15 07:27:19.817080
2021-01-04,0001-01-01,106067,1403,completed,42,2021-06-15 07:27:19.817080
2021-01-04,0001-01-01,106067,1396,completed,42,2021-06-15 07:27:19.817080
2021-01-04,0001-01-01,106075,1096,completed,42,2021-06-15 07:27:19.817080
2021-01-04,0001-01-01,106075,1196,completed,42,2021-06-15 07:27:19.817080
2021-01-04,0001-01-01,106075,1101,completed,42,2021-06-15 07:27:19.817080
2021-01-04,0001-01-01,106087,1249,completed,42,2021-06-15 07:27:19.817080
2021-01-04,0001-01-01,106087,1097,completed,42,2021-06-15 07:27:19.817080
2021-01-04,0001-01-01,106099,1391,completed,42,2021-06-15 07:27:19.817080
2021-01-04,0001-01-01,106099,1403,completed,42,2021-06-15 07:27:19.817080
2021-01-04,0001-01-01,106099,1396,completed,42,2021-06-15 07:27:19.817080
2021-01-04,0001-01-01,106099,1392,completed,42,2021-06-15 07:27:19.817080
2021-01-04,0001-01-01,106106,1095,completed,42,2021-06-15 07:27:19.817080
2021-01-04,0001-01-01,106106,1196,completed,42,2021-06-15 07:27:19.817080
2021-01-04,0001-01-01,106111,1196,completed,42,2021-06-15 07:27:19.817080
2021-01-04,0001-01-01,106111,1323,completed,42,2021-06-15 07:27:19.817080
2021-01-04,0001-01-01,106111,1097,completed,42,2021-06-15 07:27:19.817080
2021-01-04,0001-01-01,106127,1330,completed,42,2021-06-15 07:27:19.817080
2021-01-04,0001-01-01,106127,1319,completed,42,2021-06-15 07:27:19.817080
2021-01-04,0001-01-01,106127,1102,completed,42,2021-06-15 07:27:19.817080
2021-01-04,0001-01-01,106127,1324,completed,42,2021-06-15 07:27:19.817080
2021-01-04,0001-01-01,106133,1322,completed,42,2021-06-15 07:27:19.817080
2021-01-04,0001-01-01,106133,1330,completed,42,2021-06-15 07:27:19.817080
2021-01-04,0001-01-01,106133,1323,completed,42,2021-06-15 07:27:19.817080
2021-01-04,0001-01-01,106148,1277,completed,42,2021-06-15 07:27:19.817080
2021-01-04,0001-01-01,106148,1282,completed,42,2021-06-15 07:27:19.817080
2021-01-04,0001-01-01,106148,1290,completed,42,2021-06-15 07:27:19.817080
2021-01-04,0001-01-01,106166,1245,completed,42,2021-06-15 07:27:19.817080
2021-01-04,0001-01-01,106166,1201,completed,42,2021-06-15 07:27:19.817080
2021-01-04,0001-01-01,106166,1202,completed,42,2021-06-15 07:27:19.817080
2021-01-04,0001-01-01,106178,1329,completed,42,2021-06-15 07:27:19.817080
2021-01-04,0001-01-01,106178,1318,completed,42,2021-06-15 07:27:19.817080
2021-01-04,0001-01-01,106178,1319,completed,42,2021-06-15 07:27:19.817080
2021-01-04,0001-01-01,106178,1320,completed,42,2021-06-15 07:27:19.817080
2021-01-04,0001-01-01,106191,1391,completed,42,2021-06-15 07:27:19.817080
2021-01-04,0001-01-01,106191,1403,completed,42,2021-06-15 07:27:19.817080
2021-01-04,0001-01-01,106191,1396,completed,42,2021-06-15 07:27:19.817080
2021-01-04,0001-01-01,106191,1392,completed,42,2021-06-15 07:27:19.817080
2021-01-04,0001-01-01,106194,1322,completed,42,2021-06-15 07:27:19.817080
2021-01-04,0001-01-01,106194,1318,completed,42,2021-06-15 07:27:19.817080
2021-01-04,0001-01-01,106194,1330,completed,42,2021-06-15 07:27:19.817080
2021-01-04,0001-01-01,106194,1323,completed,42,2021-06-15 07:27:19.817080
2021-01-04,0001-01-01,106210,1277,completed,42,2021-06-15 07:27:19.817080
2021-01-04,0001-01-01,106215,1199,completed,42,2021-06-15 07:27:19.817080
2021-01-04,0001-01-01,106215,1318,completed,42,2021-06-15 07:27:19.817080
2021-01-04,0001-01-01,106218,1319,completed,42,2021-06-15 07:27:19.817080
2021-01-04,0001-01-01,106218,1202,completed,42,2021-06-15 07:27:19.817080
2021-01-04,0001-01-01,106218,1103,completed,42,2021-06-15 07:27:19.817080
2021-01-04,0001-01-01,106233,1318,completed,42,2021-06-15 07:27:19.817080
2021-01-04,0001-01-01,106233,1330,completed,42,2021-06-15 07:27:19.817080
2021-01-04,0001-01-01,106247,1396,completed,42,2021-06-15 07:27:19.817080
2021-01-04,0001-01-01,106251,1391,completed,42,2021-06-15 07:27:19.817080
2021-01-04,0001-01-01,106251,1403,completed,42,2021-06-15 07:27:19.817080
2021-01-04,0001-01-01,106251,1396,completed,42,2021-06-15 07:27:19.817080
2021-01-04,0001-01-01,106251,1392,completed,42,2021-06-15 07:27:19.817080
2021-01-04,0001-01-01,106255,1395,completed,42,2021-06-15 07:27:19.817080
2021-01-04,0001-01-01,106255,1391,completed,42,2021-06-15 07:27:19.817080
2021-01-04,0001-01-01,106255,1396,completed,42,2021-06-15 07:27:19.817080
2021-01-04,0001-01-01,106255,1392,completed,42,2021-06-15 07:27:19.817080
2021-01-04,0001-01-01,106286,1289,completed,42,2021-06-15 07:27:19.817080
2021-01-04,0001-01-01,106286,1282,completed,42,2021-06-15 07:27:19.817080
2021-01-04,0001-01-01,106290,1258,completed,42,2021-06-15 07:27:19.817080
2021-01-04,0001-01-01,106290,1201,completed,42,2021-06-15 07:27:19.817080
2021-01-04,0001-01-01,106290,1394,completed,42,2021-06-15 07:27:19.817080
2021-01-04,0001-01-01,106311,1403,completed,42,2021-06-15 07:27:19.817080
2021-01-04,0001-01-01,106311,1396,completed,42,2021-06-15 07:27:19.817080
2021-01-04,0001-01-01,106311,1392,completed,42,2021-06-15 07:27:19.817080
2021-01-04,0001-01-01,106312,1290,completed,42,2021-06-15 07:27:19.817080
2021-01-04,0001-01-01,106312,1283,completed,42,2021-06-15 07:27:19.817080
2021-01-04,0001-01-01,106312,1284,completed,42,2021-06-15 07:27:19.817080
2021-01-04,0001-01-01,106312,1280,completed,42,2021-06-15 07:27:19.817080
2021-01-04,0001-01-01,106321,1320,completed,42,2021-06-15 07:27:19.817080
2021-01-04,0001-01-01,106323,1102,completed,42,2021-06-15 07:27:19.817080
2021-01-04,0001-01-01,106323,1253,completed,42,2021-06-15 07:27:19.817080
2021-01-04,0001-01-01,106327,1402,completed,42,2021-06-15 07:27:19.817080
2021-01-04,0001-01-01,106327,1395,completed,42,2021-06-15 07:27:19.817080
2021-01-04,0001-01-01,106327,1391,completed,42,2021-06-15 07:27:19.817080
2021-01-04,0001-01-01,106338,1091,completed,42,2021-06-15 07:27:19.817080
2021-01-04,0001-01-01,106340,1289,completed,42,2021-06-15 07:27:19.817080
2021-01-04,0001-01-01,106340,1282,completed,42,2021-06-15 07:27:19.817080
2021-01-04,0001-01-01,106340,1283,completed,42,2021-06-15 07:27:19.817080
2021-01-04,0001-01-01,106402,1395,completed,42,2021-06-15 07:27:19.817080
2021-01-04,0001-01-01,106402,1391,completed,42,2021-06-15 07:27:19.817080
2021-01-04,0001-01-01,106402,1403,completed,42,2021-06-15 07:27:19.817080
2021-01-04,0001-01-01,106407,1196,completed,42,2021-06-15 07:27:19.817080
2021-01-04,0001-01-01,106407,1259,completed,42,2021-06-15 07:27:19.817080
2021-01-04,0001-01-01,106424,1402,completed,42,2021-06-15 07:27:19.817080
2021-01-04,0001-01-01,106424,1395,completed,42,2021-06-15 07:27:19.817080
2021-01-04,0001-01-01,106424,1391,completed,42,2021-06-15 07:27:19.817080
2021-01-04,0001-01-01,106424,1403,completed,42,2021-06-15 07:27:19.817080
2021-01-04,0001-01-01,106470,1321,completed,42,2021-06-15 07:27:19.817080
2021-01-04,0001-01-01,106470,1323,completed,42,2021-06-15 07:27:19.817080
2021-01-04,0001-01-01,106470,1331,completed,42,2021-06-15 07:27:19.817080
2021-01-04,0001-01-01,106472,1279,completed,42,2021-06-15 07:27:19.817080
2021-01-04,0001-01-01,106478,1097,completed,42,2021-06-15 07:27:19.817080
2021-01-04,0001-01-01,106484,1289,completed,42,2021-06-15 07:27:19.817080
2021-01-04,0001-01-01,106484,1290,completed,42,2021-06-15 07:27:19.817080
2021-01-04,0001-01-01,106484,1279,completed,42,2021-06-15 07:27:19.817080
2021-01-04,0001-01-01,106485,1289,completed,42,2021-06-15 07:27:19.817080
2021-01-04,0001-01-01,106485,1282,completed,42,2021-06-15 07:27:19.817080
2021-01-04,0001-01-01,106485,1290,completed,42,2021-06-15 07:27:19.817080
2021-01-04,0001-01-01,106502,1096,completed,42,2021-06-15 07:27:19.817080
2021-01-04,0001-01-01,106518,1319,completed,42,2021-06-15 07:27:19.817080
2021-01-04,0001-01-01,106521,1402,completed,42,2021-06-15 07:27:19.817080
2021-01-04,0001-01-01,106527,1330,completed,42,2021-06-15 07:27:19.817080
2021-01-04,0001-01-01,106527,1323,completed,42,2021-06-15 07:27:19.817080
2021-01-04,0001-01-01,106527,1324,completed,42,2021-06-15 07:27:19.817080
2021-01-04,0001-01-01,106527,1332,completed,42,2021-06-15 07:27:19.817080
2021-01-04,0001-01-01,106542,1194,completed,42,2021-06-15 07:27:19.817080
2021-01-04,0001-01-01,106585,1095,completed,42,2021-06-15 07:27:19.817080
2021-01-04,0001-01-01,106585,1245,completed,42,2021-06-15 07:27:19.817080
2021-01-04,0001-01-01,106585,1282,completed,42,2021-06-15 07:27:19.817080
2021-01-04,0001-01-01,106585,1207,completed,42,2021-06-15 07:27:19.817080
2021-01-04,0001-01-01,106585,1200,completed,42,2021-06-15 07:27:19.817080
2021-01-04,0001-01-01,106592,1323,completed,42,2021-06-15 07:27:19.817080
2021-01-04,0001-01-01,106592,1258,completed,42,2021-06-15 07:27:19.817080
2021-01-04,0001-01-01,106598,1322,completed,42,2021-06-15 07:27:19.817080
2021-01-04,0001-01-01,106598,1331,completed,42,2021-06-15 07:27:19.817080
2021-01-04,0001-01-01,106598,1324,completed,42,2021-06-15 07:27:19.817080
2021-01-04,0001-01-01,106598,1394,completed,42,2021-06-15 07:27:19.817080
2021-01-04,0001-01-01,106616,1202,completed,42,2021-06-15 07:27:19.817080
2021-01-04,0001-01-01,106616,1261,completed,42,2021-06-15 07:27:19.817080
2021-01-04,0001-01-01,106632,1391,completed,42,2021-06-15 07:27:19.817080
2021-01-04,0001-01-01,106632,1396,completed,42,2021-06-15 07:27:19.817080
2021-01-04,0001-01-01,106632,1392,completed,42,2021-06-15 07:27:19.817080
2021-01-04,0001-01-01,106651,1391,completed,42,2021-06-15 07:27:19.817080
2021-01-04,0001-01-01,106651,1403,completed,42,2021-06-15 07:27:19.817080
2021-01-04,0001-01-01,106651,1392,completed,42,2021-06-15 07:27:19.817080
2021-01-04,0001-01-01,106651,1404,completed,42,2021-06-15 07:27:19.817080
2021-01-04,0001-01-01,106651,1405,completed,42,2021-06-15 07:27:19.817080
2021-01-04,0001-01-01,106660,1323,completed,42,2021-06-15 07:27:19.817080
2021-01-04,0001-01-01,106660,1319,completed,42,2021-06-15 07:27:19.817080
2021-01-04,0001-01-01,106673,1096,completed,42,2021-06-15 07:27:19.817080
2021-01-04,0001-01-01,106673,1258,completed,42,2021-06-15 07:27:19.817080
2021-01-04,0001-01-01,106673,1201,completed,42,2021-06-15 07:27:19.817080
2021-01-04,0001-01-01,106673,1252,completed,42,2021-06-15 07:27:19.817080
2021-01-04,0001-01-01,106699,1101,completed,42,2021-06-15 07:27:19.817080
2021-01-04,0001-01-01,106699,1259,completed,42,2021-06-15 07:27:19.817080
2021-01-04,0001-01-01,106699,1103,completed,42,2021-06-15 07:27:19.817080
2021-01-04,0001-01-01,106699,1253,completed,42,2021-06-15 07:27:19.817080
2021-01-04,0001-01-01,106706,1194,completed,42,2021-06-15 07:27:19.817080
2021-01-04,0001-01-01,106706,1251,completed,42,2021-06-15 07:27:19.817080
2021-01-04,0001-01-01,106713,1277,completed,42,2021-06-15 07:27:19.817080
2021-01-04,0001-01-01,106713,1289,completed,42,2021-06-15 07:27:19.817080
2021-01-04,0001-01-01,106713,1290,completed,42,2021-06-15 07:27:19.817080
2021-01-04,0001-01-01,106714,1289,completed,42,2021-06-15 07:27:19.817080
2021-01-04,0001-01-01,106714,1282,completed,42,2021-06-15 07:27:19.817080
2021-01-04,0001-01-01,106714,1279,completed,42,2021-06-15 07:27:19.817080
2021-01-04,0001-01-01,106718,1103,completed,42,2021-06-15 07:27:19.817080
2021-01-04,0001-01-01,106718,1211,completed,42,2021-06-15 07:27:19.817080
2021-01-04,0001-01-01,106718,1115,completed,42,2021-06-15 07:27:19.817080
2021-01-04,0001-01-01,106730,1322,completed,42,2021-06-15 07:27:19.817080
2021-01-04,0001-01-01,106732,1322,completed,42,2021-06-15 07:27:19.817080
2021-01-04,0001-01-01,106732,1203,completed,42,2021-06-15 07:27:19.817080
2021-01-04,0001-01-01,106740,1245,completed,42,2021-06-15 07:27:19.817080
2021-01-04,0001-01-01,106740,1096,completed,42,2021-06-15 07:27:19.817080
2021-01-04,0001-01-01,106740,1246,completed,42,2021-06-15 07:27:19.817080
2021-01-04,0001-01-01,106740,1290,completed,42,2021-06-15 07:27:19.817080
2021-01-04,0001-01-01,106744,1246,completed,42,2021-06-15 07:27:19.817080
2021-01-04,0001-01-01,106745,1249,completed,42,2021-06-15 07:27:19.817080
2021-01-04,0001-01-01,106745,1200,completed,42,2021-06-15 07:27:19.817080
2021-01-04,0001-01-01,106745,1096,completed,42,2021-06-15 07:27:19.817080
2021-01-04,0001-01-01,106745,1101,completed,42,2021-06-15 07:27:19.817080
2021-01-04,0001-01-01,106754,1399,completed,42,2021-06-15 07:27:19.817080
2021-01-04,0001-01-01,106754,1260,completed,42,2021-06-15 07:27:19.817080
2021-01-04,0001-01-01,106754,1204,completed,42,2021-06-15 07:27:19.817080
2021-01-04,0001-01-01,106754,1255,completed,42,2021-06-15 07:27:19.817080
2021-01-04,0001-01-01,106755,1391,completed,42,2021-06-15 07:27:19.817080
2021-01-04,0001-01-01,106755,1403,completed,42,2021-06-15 07:27:19.817080
2021-01-04,0001-01-01,106755,1396,completed,42,2021-06-15 07:27:19.817080
2021-01-04,0001-01-01,106759,1282,completed,42,2021-06-15 07:27:19.817080
2021-01-04,0001-01-01,106759,1290,completed,42,2021-06-15 07:27:19.817080
2021-01-04,0001-01-01,106759,1283,completed,42,2021-06-15 07:27:19.817080
2021-01-04,0001-01-01,106759,1291,completed,42,2021-06-15 07:27:19.817080
2021-01-04,0001-01-01,106759,1284,completed,42,2021-06-15 07:27:19.817080
2021-01-04,0001-01-01,106762,1330,completed,42,2021-06-15 07:27:19.817080
2021-01-04,0001-01-01,106762,1323,completed,42,2021-06-15 07:27:19.817080
2021-01-04,0001-01-01,106762,1324,completed,42,2021-06-15 07:27:19.817080
2021-01-04,0001-01-01,106788,1316,completed,42,2021-06-15 07:27:19.817080
2021-01-04,0001-01-01,106788,1402,completed,42,2021-06-15 07:27:19.817080
2021-01-04,0001-01-01,106788,1395,completed,42,2021-06-15 07:27:19.817080
2021-01-04,0001-01-01,106788,1391,completed,42,2021-06-15 07:27:19.817080
2021-01-04,0001-01-01,106788,1403,completed,42,2021-06-15 07:27:19.817080
2021-01-04,0001-01-01,106792,1330,completed,42,2021-06-15 07:27:19.817080
2021-01-04,0001-01-01,106792,1319,completed,42,2021-06-15 07:27:19.817080
2021-01-04,0001-01-01,106792,1259,completed,42,2021-06-15 07:27:19.817080
2021-01-04,0001-01-01,106795,1208,completed,42,2021-06-15 07:27:19.817080
2021-01-04,0001-01-01,106795,1097,completed,42,2021-06-15 07:27:19.817080
2021-01-04,0001-01-01,106818,1200,completed,42,2021-06-15 07:27:19.817080
2021-01-04,0001-01-01,106835,1290,completed,42,2021-06-15 07:27:19.817080
2021-01-04,0001-01-01,106835,1283,completed,42,2021-06-15 07:27:19.817080
2021-01-04,0001-01-01,106835,1279,completed,42,2021-06-15 07:27:19.817080
2021-01-04,0001-01-01,106838,1395,completed,42,2021-06-15 07:27:19.817080
2021-01-04,0001-01-01,106838,1391,completed,42,2021-06-15 07:27:19.817080
2021-01-04,0001-01-01,106838,1403,completed,42,2021-06-15 07:27:19.817080
2021-01-04,0001-01-01,106838,1396,completed,42,2021-06-15 07:27:19.817080
2021-01-04,0001-01-01,106839,1249,completed,42,2021-06-15 07:27:19.817080
2021-01-04,0001-01-01,106839,1250,completed,42,2021-06-15 07:27:19.817080
2021-01-04,0001-01-01,106839,1196,completed,42,2021-06-15 07:27:19.817080
2021-01-04,0001-01-01,106865,1395,completed,42,2021-06-15 07:27:19.817080
2021-01-04,0001-01-01,106865,1391,completed,42,2021-06-15 07:27:19.817080
2021-01-04,0001-01-01,106865,1396,completed,42,2021-06-15 07:27:19.817080
2021-01-04,0001-01-01,106867,1319,completed,42,2021-06-15 07:27:19.817080
2021-01-04,0001-01-01,106867,1320,completed,42,2021-06-15 07:27:19.817080
2021-01-04,0001-01-01,106868,1330,completed,42,2021-06-15 07:27:19.817080
2021-01-04,0001-01-01,106868,1283,completed,42,2021-06-15 07:27:19.817080
2021-01-04,0001-01-01,106868,1319,completed,42,2021-06-15 07:27:19.817080
2021-01-04,0001-01-01,106868,1324,completed,42,2021-06-15 07:27:19.817080
2021-01-04,0001-01-01,106868,1326,completed,42,2021-06-15 07:27:19.817080
2021-01-04,0001-01-01,106871,1277,completed,42,2021-06-15 07:27:19.817080
2021-01-04,0001-01-01,106871,1289,completed,42,2021-06-15 07:27:19.817080
2021-01-04,0001-01-01,106871,1282,completed,42,2021-06-15 07:27:19.817080
2021-01-04,0001-01-01,106879,1318,completed,42,2021-06-15 07:27:19.817080
2021-01-04,0001-01-01,106879,1247,completed,42,2021-06-15 07:27:19.817080
2021-01-04,0001-01-01,106891,1396,completed,42,2021-06-15 07:27:19.817080
2021-01-04,0001-01-01,106891,1392,completed,42,2021-06-15 07:27:19.817080
2021-01-04,0001-01-01,106891,1393,completed,42,2021-06-15 07:27:19.817080
2021-01-04,0001-01-01,106903,1403,completed,42,2021-06-15 07:27:19.817080
2021-01-04,0001-01-01,106903,1396,completed,42,2021-06-15 07:27:19.817080
2021-01-04,0001-01-01,106903,1392,completed,42,2021-06-15 07:27:19.817080
2021-01-04,0001-01-01,106904,1095,completed,42,2021-06-15 07:27:19.817080
2021-01-04,0001-01-01,106904,1101,completed,42,2021-06-15 07:27:19.817080
2021-01-04,0001-01-01,106904,1201,completed,42,2021-06-15 07:27:19.817080
2021-01-04,0001-01-01,106916,1250,completed,42,2021-06-15 07:27:19.817080
2021-01-04,0001-01-01,106916,1200,completed,42,2021-06-15 07:27:19.817080
2021-01-04,0001-01-01,106916,1393,completed,42,2021-06-15 07:27:19.817080
2021-01-04,0001-01-01,106931,1207,completed,42,2021-06-15 07:27:19.817080
2021-01-04,0001-01-01,106939,1290,completed,42,2021-06-15 07:27:19.817080
2021-01-04,0001-01-01,106939,1279,completed,42,2021-06-15 07:27:19.817080
2021-01-04,0001-01-01,106975,1319,completed,42,2021-06-15 07:27:19.817080
2021-01-04,0001-01-01,106975,1324,completed,42,2021-06-15 07:27:19.817080
2021-01-04,0001-01-01,106975,1325,completed,42,2021-06-15 07:27:19.817080
2021-01-04,0001-01-01,106975,1326,completed,42,2021-06-15 07:27:19.817080
2021-01-04,0001-01-01,106993,1322,completed,42,2021-06-15 07:27:19.817080
2021-01-04,0001-01-01,105011,1104,completed,42,2021-06-15 07:27:19.817080
2021-01-04,0001-01-01,105014,1293,completed,42,2021-06-15 07:27:19.817080
2021-01-04,0001-01-01,105014,1286,completed,42,2021-06-15 07:27:19.817080
2021-01-04,0001-01-01,105014,1287,completed,42,2021-06-15 07:27:19.817080
2021-01-04,0001-01-01,105014,1295,completed,42,2021-06-15 07:27:19.817080
2021-01-04,0001-01-01,105051,1399,completed,42,2021-06-15 07:27:19.817080
2021-01-04,0001-01-01,105051,1407,completed,42,2021-06-15 07:27:19.817080
2021-01-04,0001-01-01,105051,1400,completed,42,2021-06-15 07:27:19.817080
2021-01-04,0001-01-01,105054,1294,completed,42,2021-06-15 07:27:19.817080
2021-01-04,0001-01-01,105054,1300,completed,42,2021-06-15 07:27:19.817080
2021-01-04,0001-01-01,105064,1266,completed,42,2021-06-15 07:27:19.817080
2021-01-04,0001-01-01,105064,1216,completed,42,2021-06-15 07:27:19.817080
2021-01-04,0001-01-01,105064,1117,completed,42,2021-06-15 07:27:19.817080
2021-01-04,0001-01-01,105065,1345,completed,42,2021-06-15 07:27:19.817080
2021-01-04,0001-01-01,105065,1346,completed,42,2021-06-15 07:27:19.817080
2021-01-04,0001-01-01,105065,1351,completed,42,2021-06-15 07:27:19.817080
2021-01-04,0001-01-01,105065,1354,completed,42,2021-06-15 07:27:19.817080
2021-01-04,0001-01-01,105065,1232,completed,42,2021-06-15 07:27:19.817080
2021-01-04,0001-01-01,105078,1336,completed,42,2021-06-15 07:27:19.817080
2021-01-04,0001-01-01,105078,1304,completed,42,2021-06-15 07:27:19.817080
2021-01-04,0001-01-01,105078,1345,completed,42,2021-06-15 07:27:19.817080
2021-01-04,0001-01-01,105097,1406,completed,42,2021-06-15 07:27:19.817080
2021-01-04,0001-01-01,105097,1399,completed,42,2021-06-15 07:27:19.817080
2021-01-04,0001-01-01,105097,1407,completed,42,2021-06-15 07:27:19.817080
2021-01-04,0001-01-01,105104,1287,completed,42,2021-06-15 07:27:19.817080
2021-01-04,0001-01-01,105104,1295,completed,42,2021-06-15 07:27:19.817080
2021-01-04,0001-01-01,105104,1296,completed,42,2021-06-15 07:27:19.817080
2021-01-04,0001-01-01,105104,1297,completed,42,2021-06-15 07:27:19.817080
2021-01-04,0001-01-01,105104,1299,completed,42,2021-06-15 07:27:19.817080
2021-01-04,0001-01-01,105109,1410,completed,42,2021-06-15 07:27:19.817080
2021-01-04,0001-01-01,105109,1337,completed,42,2021-06-15 07:27:19.817080
2021-01-04,0001-01-01,105109,1341,completed,42,2021-06-15 07:27:19.817080
2021-01-04,0001-01-01,105109,1347,completed,42,2021-06-15 07:27:19.817080
2021-01-04,0001-01-01,105109,1349,completed,42,2021-06-15 07:27:19.817080
2021-01-04,0001-01-01,105111,1407,completed,42,2021-06-15 07:27:19.817080
2021-01-04,0001-01-01,105111,1400,completed,42,2021-06-15 07:27:19.817080
2021-01-04,0001-01-01,105111,1408,completed,42,2021-06-15 07:27:19.817080
2021-01-04,0001-01-01,105111,1401,completed,42,2021-06-15 07:27:19.817080
2021-01-04,0001-01-01,105111,1255,completed,42,2021-06-15 07:27:19.817080
2021-01-04,0001-01-01,105127,1293,completed,42,2021-06-15 07:27:19.817080
2021-01-04,0001-01-01,105127,1286,completed,42,2021-06-15 07:27:19.817080
2021-01-04,0001-01-01,105127,1327,completed,42,2021-06-15 07:27:19.817080
2021-01-04,0001-01-01,105131,1411,completed,42,2021-06-15 07:27:19.817080
2021-01-04,0001-01-01,105131,1413,completed,42,2021-06-15 07:27:19.817080
2021-01-04,0001-01-01,105131,1418,completed,42,2021-06-15 07:27:19.817080
2021-01-04,0001-01-01,105144,1292,completed,42,2021-06-15 07:27:19.817080
2021-01-04,0001-01-01,105144,1113,completed,42,2021-06-15 07:27:19.817080
2021-01-04,0001-01-01,105157,1116,completed,42,2021-06-15 07:27:19.817080
2021-01-04,0001-01-01,105157,1299,completed,42,2021-06-15 07:27:19.817080
2021-01-04,0001-01-01,105179,1103,completed,42,2021-06-15 07:27:19.817080
2021-01-04,0001-01-01,105179,1113,completed,42,2021-06-15 07:27:19.817080
2021-01-04,0001-01-01,105179,1117,completed,42,2021-06-15 07:27:19.817080
2021-01-04,0001-01-01,105198,1271,completed,42,2021-06-15 07:27:19.817080
2021-01-04,0001-01-01,105198,1273,completed,42,2021-06-15 07:27:19.817080
2021-01-04,0001-01-01,105198,1224,completed,42,2021-06-15 07:27:19.817080
2021-01-04,0001-01-01,105212,1299,completed,42,2021-06-15 07:27:19.817080
2021-01-04,0001-01-01,105212,1118,completed,42,2021-06-15 07:27:19.817080
2021-01-04,0001-01-01,105214,1293,completed,42,2021-06-15 07:27:19.817080
2021-01-04,0001-01-01,105214,1286,completed,42,2021-06-15 07:27:19.817080
2021-01-04,0001-01-01,105214,1287,completed,42,2021-06-15 07:27:19.817080
2021-01-04,0001-01-01,105214,1296,completed,42,2021-06-15 07:27:19.817080
2021-01-04,0001-01-01,105214,1214,completed,42,2021-06-15 07:27:19.817080
2021-01-04,0001-01-01,105226,1412,completed,42,2021-06-15 07:27:19.817080
2021-01-04,0001-01-01,105226,1221,completed,42,2021-06-15 07:27:19.817080
2021-01-04,0001-01-01,105236,1295,completed,42,2021-06-15 07:27:19.817080
2021-01-04,0001-01-01,105236,1297,completed,42,2021-06-15 07:27:19.817080
2021-01-04,0001-01-01,105236,1299,completed,42,2021-06-15 07:27:19.817080
2021-01-04,0001-01-01,105236,1300,completed,42,2021-06-15 07:27:19.817080
2021-01-04,0001-01-01,105236,1301,completed,42,2021-06-15 07:27:19.817080
2021-01-04,0001-01-01,105257,1293,completed,42,2021-06-15 07:27:19.817080
2021-01-04,0001-01-01,105257,1286,completed,42,2021-06-15 07:27:19.817080
2021-01-04,0001-01-01,105257,1294,completed,42,2021-06-15 07:27:19.817080
2021-01-04,0001-01-01,105257,1295,completed,42,2021-06-15 07:27:19.817080
2021-01-04,0001-01-01,105257,1296,completed,42,2021-06-15 07:27:19.817080
2021-01-04,0001-01-01,105266,1394,completed,42,2021-06-15 07:27:19.817080
2021-01-04,0001-01-01,105266,1406,completed,42,2021-06-15 07:27:19.817080
2021-01-04,0001-01-01,105266,1400,completed,42,2021-06-15 07:27:19.817080
2021-01-04,0001-01-01,105267,1292,completed,42,2021-06-15 07:27:19.817080
2021-01-04,0001-01-01,105267,1293,completed,42,2021-06-15 07:27:19.817080
2021-01-04,0001-01-01,105267,1286,completed,42,2021-06-15 07:27:19.817080
2021-01-04,0001-01-01,105288,1400,completed,42,2021-06-15 07:27:19.817080
2021-01-04,0001-01-01,105288,1268,completed,42,2021-06-15 07:27:19.817080
2021-01-04,0001-01-01,105302,1265,completed,42,2021-06-15 07:27:19.817080
2021-01-04,0001-01-01,105302,1215,completed,42,2021-06-15 07:27:19.817080
2021-01-04,0001-01-01,105302,1266,completed,42,2021-06-15 07:27:19.817080
2021-01-04,0001-01-01,105302,1120,completed,42,2021-06-15 07:27:19.817080
2021-01-04,0001-01-01,105307,1203,completed,42,2021-06-15 07:27:19.817080
2021-01-04,0001-01-01,105307,1211,completed,42,2021-06-15 07:27:19.817080
2021-01-04,0001-01-01,105309,1302,completed,42,2021-06-15 07:27:19.817080
2021-01-04,0001-01-01,105313,1293,completed,42,2021-06-15 07:27:19.817080
2021-01-04,0001-01-01,105313,1286,completed,42,2021-06-15 07:27:19.817080
2021-01-04,0001-01-01,105313,1294,completed,42,2021-06-15 07:27:19.817080
2021-01-04,0001-01-01,105313,1287,completed,42,2021-06-15 07:27:19.817080
2021-01-04,0001-01-01,105315,1336,completed,42,2021-06-15 07:27:19.817080
2021-01-04,0001-01-01,105315,1337,completed,42,2021-06-15 07:27:19.817080
2021-01-04,0001-01-01,105315,1415,completed,42,2021-06-15 07:27:19.817080
2021-01-04,0001-01-01,105315,1349,completed,42,2021-06-15 07:27:19.817080
2021-01-04,0001-01-01,105317,1297,completed,42,2021-06-15 07:27:19.817080
2021-01-04,0001-01-01,105317,1337,completed,42,2021-06-15 07:27:19.817080
2021-01-04,0001-01-01,105317,1341,completed,42,2021-06-15 07:27:19.817080
2021-01-04,0001-01-01,105317,1344,completed,42,2021-06-15 07:27:19.817080
2021-01-04,0001-01-01,105351,1399,completed,42,2021-06-15 07:27:19.817080
2021-01-04,0001-01-01,105351,1210,completed,42,2021-06-15 07:27:19.817080
2021-01-04,0001-01-01,105351,1407,completed,42,2021-06-15 07:27:19.817080
2021-01-04,0001-01-01,105351,1408,completed,42,2021-06-15 07:27:19.817080
2021-01-04,0001-01-01,105368,1343,completed,42,2021-06-15 07:27:19.817080
2021-01-04,0001-01-01,105368,1304,completed,42,2021-06-15 07:27:19.817080
2021-01-04,0001-01-01,105368,1346,completed,42,2021-06-15 07:27:19.817080
2021-01-04,0001-01-01,105368,1347,completed,42,2021-06-15 07:27:19.817080
2021-01-04,0001-01-01,105371,1394,completed,42,2021-06-15 07:27:19.817080
2021-01-04,0001-01-01,105371,1406,completed,42,2021-06-15 07:27:19.817080
2021-01-04,0001-01-01,105371,1399,completed,42,2021-06-15 07:27:19.817080
2021-01-04,0001-01-01,105371,1400,completed,42,2021-06-15 07:27:19.817080
2021-01-04,0001-01-01,105371,1401,completed,42,2021-06-15 07:27:19.817080
2021-01-04,0001-01-01,105387,1337,completed,42,2021-06-15 07:27:19.817080
2021-01-04,0001-01-01,105387,1341,completed,42,2021-06-15 07:27:19.817080
2021-01-04,0001-01-01,105387,1345,completed,42,2021-06-15 07:27:19.817080
2021-01-04,0001-01-01,105387,1351,completed,42,2021-06-15 07:27:19.817080
2021-01-04,0001-01-01,105388,1118,completed,42,2021-06-15 07:27:19.817080
2021-01-04,0001-01-01,105388,1119,completed,42,2021-06-15 07:27:19.817080
2021-01-04,0001-01-01,105388,1269,completed,42,2021-06-15 07:27:19.817080
2021-01-04,0001-01-01,105388,1272,completed,42,2021-06-15 07:27:19.817080
2021-01-04,0001-01-01,105411,1399,completed,42,2021-06-15 07:27:19.817080
2021-01-04,0001-01-01,105411,1407,completed,42,2021-06-15 07:27:19.817080
2021-01-04,0001-01-01,105411,1408,completed,42,2021-06-15 07:27:19.817080
2021-01-04,0001-01-01,105411,1401,completed,42,2021-06-15 07:27:19.817080
2021-01-04,0001-01-01,105418,1406,completed,42,2021-06-15 07:27:19.817080
2021-01-04,0001-01-01,105418,1399,completed,42,2021-06-15 07:27:19.817080
2021-01-04,0001-01-01,105418,1407,completed,42,2021-06-15 07:27:19.817080
2021-01-04,0001-01-01,105418,1400,completed,42,2021-06-15 07:27:19.817080
2021-01-04,0001-01-01,105418,1408,completed,42,2021-06-15 07:27:19.817080
2021-01-04,0001-01-01,105419,1204,completed,42,2021-06-15 07:27:19.817080
2021-01-04,0001-01-01,105419,1334,completed,42,2021-06-15 07:27:19.817080
2021-01-04,0001-01-01,105419,1213,completed,42,2021-06-15 07:27:19.817080
2021-01-04,0001-01-01,105419,1215,completed,42,2021-06-15 07:27:19.817080
2021-01-04,0001-01-01,105420,1113,completed,42,2021-06-15 07:27:19.817080
2021-01-04,0001-01-01,105425,1285,completed,42,2021-06-15 07:27:19.817080
2021-01-04,0001-01-01,105425,1293,completed,42,2021-06-15 07:27:19.817080
2021-01-04,0001-01-01,105425,1294,completed,42,2021-06-15 07:27:19.817080
2021-01-04,0001-01-01,105425,1295,completed,42,2021-06-15 07:27:19.817080
2021-01-04,0001-01-01,105431,1096,completed,42,2021-06-15 07:27:19.817080
2021-01-04,0001-01-01,105434,1098,completed,42,2021-06-15 07:27:19.817080
2021-01-04,0001-01-01,105434,1407,completed,42,2021-06-15 07:27:19.817080
2021-01-04,0001-01-01,105453,1261,completed,42,2021-06-15 07:27:19.817080
2021-01-04,0001-01-01,105453,1254,completed,42,2021-06-15 07:27:19.817080
2021-01-04,0001-01-01,105453,1212,completed,42,2021-06-15 07:27:19.817080
2021-01-04,0001-01-01,105453,1411,completed,42,2021-06-15 07:27:19.817080
2021-01-04,0001-01-01,105453,1215,completed,42,2021-06-15 07:27:19.817080
2021-01-04,0001-01-01,105473,1337,completed,42,2021-06-15 07:27:19.817080
2021-01-04,0001-01-01,105473,1414,completed,42,2021-06-15 07:27:19.817080
2021-01-04,0001-01-01,105473,1341,completed,42,2021-06-15 07:27:19.817080
2021-01-04,0001-01-01,105473,1343,completed,42,2021-06-15 07:27:19.817080
2021-01-04,0001-01-01,105473,1122,completed,42,2021-06-15 07:27:19.817080
2021-01-04,0001-01-01,105497,1400,completed,42,2021-06-15 07:27:19.817080
2021-01-04,0001-01-01,105505,1285,completed,42,2021-06-15 07:27:19.817080
2021-01-04,0001-01-01,105522,1286,completed,42,2021-06-15 07:27:19.817080
2021-01-04,0001-01-01,105522,1295,completed,42,2021-06-15 07:27:19.817080
2021-01-04,0001-01-01,105522,1296,completed,42,2021-06-15 07:27:19.817080
2021-01-04,0001-01-01,105526,1326,completed,42,2021-06-15 07:27:19.817080
2021-01-04,0001-01-01,105532,1286,completed,42,2021-06-15 07:27:19.817080
2021-01-04,0001-01-01,105532,1294,completed,42,2021-06-15 07:27:19.817080
2021-01-04,0001-01-01,105532,1287,completed,42,2021-06-15 07:27:19.817080
2021-01-04,0001-01-01,105532,1295,completed,42,2021-06-15 07:27:19.817080
2021-01-04,0001-01-01,105532,1297,completed,42,2021-06-15 07:27:19.817080
2021-01-04,0001-01-01,105548,1399,completed,42,2021-06-15 07:27:19.817080
2021-01-04,0001-01-01,105548,1333,completed,42,2021-06-15 07:27:19.817080
2021-01-04,0001-01-01,105548,1407,completed,42,2021-06-15 07:27:19.817080
2021-01-04,0001-01-01,105548,1400,completed,42,2021-06-15 07:27:19.817080
2021-01-04,0001-01-01,105548,1401,completed,42,2021-06-15 07:27:19.817080
2021-01-04,0001-01-01,105554,1398,completed,42,2021-06-15 07:27:19.817080
2021-01-04,0001-01-01,105554,1394,completed,42,2021-06-15 07:27:19.817080
2021-01-04,0001-01-01,105554,1406,completed,42,2021-06-15 07:27:19.817080
2021-01-04,0001-01-01,105554,1399,completed,42,2021-06-15 07:27:19.817080
2021-01-04,0001-01-01,105554,1407,completed,42,2021-06-15 07:27:19.817080
2021-01-04,0001-01-01,105556,1345,completed,42,2021-06-15 07:27:19.817080
2021-01-04,0001-01-01,105556,1346,completed,42,2021-06-15 07:27:19.817080
2021-01-04,0001-01-01,105556,1349,completed,42,2021-06-15 07:27:19.817080
2021-01-04,0001-01-01,105556,1351,completed,42,2021-06-15 07:27:19.817080
2021-01-04,0001-01-01,105556,1352,completed,42,2021-06-15 07:27:19.817080
2021-01-04,0001-01-01,105563,1407,completed,42,2021-06-15 07:27:19.817080
2021-01-04,0001-01-01,105563,1408,completed,42,2021-06-15 07:27:19.817080
2021-01-04,0001-01-01,105563,1412,completed,42,2021-06-15 07:27:19.817080
2021-01-04,0001-01-01,105564,1221,completed,42,2021-06-15 07:27:19.817080
2021-01-04,0001-01-01,105564,1122,completed,42,2021-06-15 07:27:19.817080
2021-01-04,0001-01-01,105564,1420,completed,42,2021-06-15 07:27:19.817080
2021-01-04,0001-01-01,105564,1125,completed,42,2021-06-15 07:27:19.817080
2021-01-04,0001-01-01,105564,1126,completed,42,2021-06-15 07:27:19.817080
2021-01-04,0001-01-01,105584,1228,completed,42,2021-06-15 07:27:19.817080
2021-01-04,0001-01-01,105584,1230,completed,42,2021-06-15 07:27:19.817080
2021-01-04,0001-01-01,105585,1407,completed,42,2021-06-15 07:27:19.817080
2021-01-04,0001-01-01,105587,1398,completed,42,2021-06-15 07:27:19.817080
2021-01-04,0001-01-01,105587,1394,completed,42,2021-06-15 07:27:19.817080
2021-01-04,0001-01-01,105587,1406,completed,42,2021-06-15 07:27:19.817080
2021-01-04,0001-01-01,105599,1293,completed,42,2021-06-15 07:27:19.817080
2021-01-04,0001-01-01,105599,1286,completed,42,2021-06-15 07:27:19.817080
2021-01-04,0001-01-01,105599,1294,completed,42,2021-06-15 07:27:19.817080
2021-01-04,0001-01-01,105614,1407,completed,42,2021-06-15 07:27:19.817080
2021-01-04,0001-01-01,105614,1400,completed,42,2021-06-15 07:27:19.817080
2021-01-04,0001-01-01,105614,1401,completed,42,2021-06-15 07:27:19.817080
2021-01-04,0001-01-01,105614,1409,completed,42,2021-06-15 07:27:19.817080
2021-01-04,0001-01-01,105614,1410,completed,42,2021-06-15 07:27:19.817080
2021-01-04,0001-01-01,105618,1334,completed,42,2021-06-15 07:27:19.817080
2021-01-04,0001-01-01,105621,1336,completed,42,2021-06-15 07:27:19.817080
2021-01-04,0001-01-01,105621,1337,completed,42,2021-06-15 07:27:19.817080
2021-01-04,0001-01-01,105621,1341,completed,42,2021-06-15 07:27:19.817080
2021-01-04,0001-01-01,105621,1119,completed,42,2021-06-15 07:27:19.817080
2021-01-04,0001-01-01,105639,1280,completed,42,2021-06-15 07:27:19.817080
2021-01-04,0001-01-01,105639,1286,completed,42,2021-06-15 07:27:19.817080
2021-01-04,0001-01-01,105642,1212,completed,42,2021-06-15 07:27:19.817080
2021-01-04,0001-01-01,105642,1205,completed,42,2021-06-15 07:27:19.817080
2021-01-04,0001-01-01,105642,1263,completed,42,2021-06-15 07:27:19.817080
2021-01-04,0001-01-01,105642,1216,completed,42,2021-06-15 07:27:19.817080
2021-01-04,0001-01-01,105651,1296,completed,42,2021-06-15 07:27:19.817080
2021-01-04,0001-01-01,105651,1297,completed,42,2021-06-15 07:27:19.817080
2021-01-04,0001-01-01,105651,1299,completed,42,2021-06-15 07:27:19.817080
2021-01-04,0001-01-01,105662,1210,completed,42,2021-06-15 07:27:19.817080
2021-01-04,0001-01-01,105662,1294,completed,42,2021-06-15 07:27:19.817080
2021-01-04,0001-01-01,105666,1115,completed,42,2021-06-15 07:27:19.817080
2021-01-04,0001-01-01,105666,1265,completed,42,2021-06-15 07:27:19.817080
2021-01-04,0001-01-01,105666,1116,completed,42,2021-06-15 07:27:19.817080
2021-01-04,0001-01-01,105666,1117,completed,42,2021-06-15 07:27:19.817080
2021-01-04,0001-01-01,105681,1255,completed,42,2021-06-15 07:27:19.817080
2021-01-04,0001-01-01,105681,1113,completed,42,2021-06-15 07:27:19.817080
2021-01-04,0001-01-01,105681,1115,completed,42,2021-06-15 07:27:19.817080
2021-01-04,0001-01-01,105681,1117,completed,42,2021-06-15 07:27:19.817080
2021-01-04,0001-01-01,105691,1409,completed,42,2021-06-15 07:27:19.817080
2021-01-04,0001-01-01,105730,1270,completed,42,2021-06-15 07:27:19.817080
2021-01-04,0001-01-01,105730,1220,completed,42,2021-06-15 07:27:19.817080
2021-01-04,0001-01-01,105730,1343,completed,42,2021-06-15 07:27:19.817080
2021-01-04,0001-01-01,105730,1272,completed,42,2021-06-15 07:27:19.817080
2021-01-04,0001-01-01,105730,1224,completed,42,2021-06-15 07:27:19.817080
2021-01-04,0001-01-01,105752,1339,completed,42,2021-06-15 07:27:19.817080
2021-01-04,0001-01-01,105752,1341,completed,42,2021-06-15 07:27:19.817080
2021-01-04,0001-01-01,105752,1344,completed,42,2021-06-15 07:27:19.817080
2021-01-04,0001-01-01,105752,1345,completed,42,2021-06-15 07:27:19.817080
2021-01-04,0001-01-01,105757,1104,completed,42,2021-06-15 07:27:19.817080
2021-01-04,0001-01-01,105757,1286,completed,42,2021-06-15 07:27:19.817080
2021-01-04,0001-01-01,105757,1294,completed,42,2021-06-15 07:27:19.817080
2021-01-04,0001-01-01,105757,1287,completed,42,2021-06-15 07:27:19.817080
2021-01-04,0001-01-01,105757,1295,completed,42,2021-06-15 07:27:19.817080
2021-01-04,0001-01-01,105778,1260,completed,42,2021-06-15 07:27:19.817080
2021-01-04,0001-01-01,105778,1210,completed,42,2021-06-15 07:27:19.817080
2021-01-04,0001-01-01,105778,1112,completed,42,2021-06-15 07:27:19.817080
2021-01-04,0001-01-01,105778,1115,completed,42,2021-06-15 07:27:19.817080
2021-01-04,0001-01-01,105781,1327,completed,42,2021-06-15 07:27:19.817080
2021-01-04,0001-01-01,105781,1335,completed,42,2021-06-15 07:27:19.817080
2021-01-04,0001-01-01,105781,1341,completed,42,2021-06-15 07:27:19.817080
2021-01-04,0001-01-01,105781,1346,completed,42,2021-06-15 07:27:19.817080
2021-01-04,0001-01-01,105787,1292,completed,42,2021-06-15 07:27:19.817080
2021-01-04,0001-01-01,105787,1285,completed,42,2021-06-15 07:27:19.817080
2021-01-04,0001-01-01,105787,1294,completed,42,2021-06-15 07:27:19.817080
2021-01-04,0001-01-01,105787,1287,completed,42,2021-06-15 07:27:19.817080
2021-01-04,0001-01-01,105805,1327,completed,42,2021-06-15 07:27:19.817080
2021-01-04,0001-01-01,105805,1336,completed,42,2021-06-15 07:27:19.817080
2021-01-04,0001-01-01,105805,1337,completed,42,2021-06-15 07:27:19.817080
2021-01-04,0001-01-01,105805,1341,completed,42,2021-06-15 07:27:19.817080
2021-01-04,0001-01-01,105805,1343,completed,42,2021-06-15 07:27:19.817080
2021-01-04,0001-01-01,105824,1406,completed,42,2021-06-15 07:27:19.817080
2021-01-04,0001-01-01,105824,1399,completed,42,2021-06-15 07:27:19.817080
2021-01-04,0001-01-01,105824,1407,completed,42,2021-06-15 07:27:19.817080
2021-01-04,0001-01-01,105824,1401,completed,42,2021-06-15 07:27:19.817080
2021-01-04,0001-01-01,105824,1409,completed,42,2021-06-15 07:27:19.817080
2021-01-04,0001-01-01,105850,1293,completed,42,2021-06-15 07:27:19.817080
2021-01-04,0001-01-01,105850,1294,completed,42,2021-06-15 07:27:19.817080
2021-01-04,0001-01-01,105850,1287,completed,42,2021-06-15 07:27:19.817080
2021-01-04,0001-01-01,105850,1295,completed,42,2021-06-15 07:27:19.817080
2021-01-04,0001-01-01,105850,1296,completed,42,2021-06-15 07:27:19.817080
2021-01-04,0001-01-01,105867,1399,completed,42,2021-06-15 07:27:19.817080
2021-01-04,0001-01-01,105867,1400,completed,42,2021-06-15 07:27:19.817080
2021-01-04,0001-01-01,105867,1408,completed,42,2021-06-15 07:27:19.817080
2021-01-04,0001-01-01,105867,1401,completed,42,2021-06-15 07:27:19.817080
2021-01-04,0001-01-01,105867,1409,completed,42,2021-06-15 07:27:19.817080
2021-01-04,0001-01-01,105869,1405,completed,42,2021-06-15 07:27:19.817080
2021-01-04,0001-01-01,105869,1394,completed,42,2021-06-15 07:27:19.817080
2021-01-04,0001-01-01,105869,1406,completed,42,2021-06-15 07:27:19.817080
2021-01-04,0001-01-01,105872,1344,completed,42,2021-06-15 07:27:19.817080
2021-01-04,0001-01-01,105872,1346,completed,42,2021-06-15 07:27:19.817080
2021-01-04,0001-01-01,105872,1351,completed,42,2021-06-15 07:27:19.817080
2021-01-04,0001-01-01,105872,1352,completed,42,2021-06-15 07:27:19.817080
2021-01-04,0001-01-01,105895,1292,completed,42,2021-06-15 07:27:19.817080
2021-01-04,0001-01-01,105895,1285,completed,42,2021-06-15 07:27:19.817080
2021-01-04,0001-01-01,105895,1293,completed,42,2021-06-15 07:27:19.817080
2021-01-04,0001-01-01,105895,1287,completed,42,2021-06-15 07:27:19.817080
2021-01-04,0001-01-01,105895,1295,completed,42,2021-06-15 07:27:19.817080
2021-01-04,0001-01-01,105906,1294,completed,42,2021-06-15 07:27:19.817080
2021-01-04,0001-01-01,105906,1295,completed,42,2021-06-15 07:27:19.817080
2021-01-04,0001-01-01,105925,1262,completed,42,2021-06-15 07:27:19.817080
2021-01-04,0001-01-01,105925,1295,completed,42,2021-06-15 07:27:19.817080
2021-01-04,0001-01-01,105925,1412,completed,42,2021-06-15 07:27:19.817080
2021-01-04,0001-01-01,105927,1285,completed,42,2021-06-15 07:27:19.817080
2021-01-04,0001-01-01,105927,1293,completed,42,2021-06-15 07:27:19.817080
2021-01-04,0001-01-01,105927,1333,completed,42,2021-06-15 07:27:19.817080
2021-01-04,0001-01-01,105927,1286,completed,42,2021-06-15 07:27:19.817080
2021-01-04,0001-01-01,105927,1294,completed,42,2021-06-15 07:27:19.817080
2021-01-04,0001-01-01,105944,1262,completed,42,2021-06-15 07:27:19.817080
2021-01-04,0001-01-01,105944,1269,completed,42,2021-06-15 07:27:19.817080
2021-01-04,0001-01-01,105944,1416,completed,42,2021-06-15 07:27:19.817080
2021-01-04,0001-01-01,105944,1223,completed,42,2021-06-15 07:27:19.817080
2021-01-04,0001-01-01,105946,1405,completed,42,2021-06-15 07:27:19.817080
2021-01-04,0001-01-01,105946,1394,completed,42,2021-06-15 07:27:19.817080
2021-01-04,0001-01-01,105946,1406,completed,42,2021-06-15 07:27:19.817080
2021-01-04,0001-01-01,105946,1399,completed,42,2021-06-15 07:27:19.817080
2021-01-04,0001-01-01,105950,1205,completed,42,2021-06-15 07:27:19.817080
2021-01-04,0001-01-01,105950,1409,completed,42,2021-06-15 07:27:19.817080
2021-01-04,0001-01-01,105950,1266,completed,42,2021-06-15 07:27:19.817080
2021-01-04,0001-01-01,105951,1203,completed,42,2021-06-15 07:27:19.817080
2021-01-04,0001-01-01,105951,1104,completed,42,2021-06-15 07:27:19.817080
2021-01-04,0001-01-01,105951,1261,completed,42,2021-06-15 07:27:19.817080
2021-01-04,0001-01-01,105951,1334,completed,42,2021-06-15 07:27:19.817080
2021-01-04,0001-01-01,105951,1212,completed,42,2021-06-15 07:27:19.817080
2021-01-04,0001-01-01,105965,1270,completed,42,2021-06-15 07:27:19.817080
2021-01-04,0001-01-01,105965,1121,completed,42,2021-06-15 07:27:19.817080
2021-01-04,0001-01-01,105965,1271,completed,42,2021-06-15 07:27:19.817080
2021-01-04,0001-01-01,105965,1222,completed,42,2021-06-15 07:27:19.817080
2021-01-04,0001-01-01,105967,1327,completed,42,2021-06-15 07:27:19.817080
2021-01-04,0001-01-01,105967,1263,completed,42,2021-06-15 07:27:19.817080
2021-01-04,0001-01-01,105967,1115,completed,42,2021-06-15 07:27:19.817080
2021-01-04,0001-01-01,105967,1266,completed,42,2021-06-15 07:27:19.817080
2021-01-04,0001-01-01,105967,1117,completed,42,2021-06-15 07:27:19.817080
2021-01-04,0001-01-01,105972,1284,completed,42,2021-06-15 07:27:19.817080
2021-01-04,0001-01-01,105972,1280,completed,42,2021-06-15 07:27:19.817080
2021-01-04,0001-01-01,105972,1320,completed,42,2021-06-15 07:27:19.817080
2021-01-04,0001-01-01,105972,1292,completed,42,2021-06-15 07:27:19.817080
2021-01-04,0001-01-01,105974,1327,completed,42,2021-06-15 07:27:19.817080
2021-01-04,0001-01-01,105974,1336,completed,42,2021-06-15 07:27:19.817080
2021-01-04,0001-01-01,105974,1339,completed,42,2021-06-15 07:27:19.817080
2021-01-04,0001-01-01,105989,1326,completed,42,2021-06-15 07:27:19.817080
2021-01-04,0001-01-01,105989,1294,completed,42,2021-06-15 07:27:19.817080
2021-01-04,0001-01-01,105989,1287,completed,42,2021-06-15 07:27:19.817080
2021-01-04,0001-01-01,105989,1295,completed,42,2021-06-15 07:27:19.817080
2021-01-04,0001-01-01,105993,1116,completed,42,2021-06-15 07:27:19.817080
2021-01-04,0001-01-01,105993,1269,completed,42,2021-06-15 07:27:19.817080
2021-01-04,0001-01-01,105999,1394,completed,42,2021-06-15 07:27:19.817080
2021-01-04,0001-01-01,105999,1406,completed,42,2021-06-15 07:27:19.817080
2021-01-04,0001-01-01,105999,1399,completed,42,2021-06-15 07:27:19.817080
2021-01-04,0001-01-01,105999,1407,completed,42,2021-06-15 07:27:19.817080
2021-01-04,0001-01-01,105999,1400,completed,42,2021-06-15 07:27:19.817080
2021-01-04,0001-01-01,104019,1240,completed,42,2021-06-15 07:27:19.817080
2021-01-04,0001-01-01,104020,1413,completed,42,2021-06-15 07:27:19.817080
2021-01-04,0001-01-01,104020,1414,completed,42,2021-06-15 07:27:19.817080
2021-01-04,0001-01-01,104020,1415,completed,42,2021-06-15 07:27:19.817080
2021-01-04,0001-01-01,104020,1416,completed,42,2021-06-15 07:27:19.817080
2021-01-04,0001-01-01,104020,1417,completed,42,2021-06-15 07:27:19.817080
2021-01-04,0001-01-01,104046,1361,completed,42,2021-06-15 07:27:19.817080
2021-01-04,0001-01-01,104046,1366,completed,42,2021-06-15 07:27:19.817080
2021-01-04,0001-01-01,104046,1367,completed,42,2021-06-15 07:27:19.817080
2021-01-04,0001-01-01,104057,1360,completed,42,2021-06-15 07:27:19.817080
2021-01-04,0001-01-01,104057,1361,completed,42,2021-06-15 07:27:19.817080
2021-01-04,0001-01-01,104057,1363,completed,42,2021-06-15 07:27:19.817080
2021-01-04,0001-01-01,104066,1352,completed,42,2021-06-15 07:27:19.817080
2021-01-04,0001-01-01,104066,1358,completed,42,2021-06-15 07:27:19.817080
2021-01-04,0001-01-01,104066,1361,completed,42,2021-06-15 07:27:19.817080
2021-01-04,0001-01-01,104066,1139,completed,42,2021-06-15 07:27:19.817080
2021-01-04,0001-01-01,104066,1364,completed,42,2021-06-15 07:27:19.817080
2021-01-04,0001-01-01,104070,1360,completed,42,2021-06-15 07:27:19.817080
2021-01-04,0001-01-01,104070,1363,completed,42,2021-06-15 07:27:19.817080
2021-01-04,0001-01-01,104070,1366,completed,42,2021-06-15 07:27:19.817080
2021-01-04,0001-01-01,104070,1367,completed,42,2021-06-15 07:27:19.817080
2021-01-04,0001-01-01,104070,1368,completed,42,2021-06-15 07:27:19.817080
2021-01-04,0001-01-01,104094,1304,completed,42,2021-06-15 07:27:19.817080
2021-01-04,0001-01-01,104094,1305,completed,42,2021-06-15 07:27:19.817080
2021-01-04,0001-01-01,104094,1306,completed,42,2021-06-15 07:27:19.817080
2021-01-04,0001-01-01,104094,1420,completed,42,2021-06-15 07:27:19.817080
2021-01-04,0001-01-01,104094,1307,completed,42,2021-06-15 07:27:19.817080
2021-01-04,0001-01-01,104105,1134,completed,42,2021-06-15 07:27:19.817080
2021-01-04,0001-01-01,104109,1301,completed,42,2021-06-15 07:27:19.817080
2021-01-04,0001-01-01,104109,1302,completed,42,2021-06-15 07:27:19.817080
2021-01-04,0001-01-01,104109,1304,completed,42,2021-06-15 07:27:19.817080
2021-01-04,0001-01-01,104109,1305,completed,42,2021-06-15 07:27:19.817080
2021-01-04,0001-01-01,104109,1306,completed,42,2021-06-15 07:27:19.817080
2021-01-04,0001-01-01,104121,1304,completed,42,2021-06-15 07:27:19.817080
2021-01-04,0001-01-01,104121,1305,completed,42,2021-06-15 07:27:19.817080
2021-01-04,0001-01-01,104121,1306,completed,42,2021-06-15 07:27:19.817080
2021-01-04,0001-01-01,104161,1232,completed,42,2021-06-15 07:27:19.817080
2021-01-04,0001-01-01,104161,1133,completed,42,2021-06-15 07:27:19.817080
2021-01-04,0001-01-01,104161,1138,completed,42,2021-06-15 07:27:19.817080
2021-01-04,0001-01-01,104161,1139,completed,42,2021-06-15 07:27:19.817080
2021-01-04,0001-01-01,104167,1302,completed,42,2021-06-15 07:27:19.817080
2021-01-04,0001-01-01,104167,1304,completed,42,2021-06-15 07:27:19.817080
2021-01-04,0001-01-01,104167,1305,completed,42,2021-06-15 07:27:19.817080
2021-01-04,0001-01-01,104167,1306,completed,42,2021-06-15 07:27:19.817080
2021-01-04,0001-01-01,104167,1307,completed,42,2021-06-15 07:27:19.817080
2021-01-04,0001-01-01,104176,1304,completed,42,2021-06-15 07:27:19.817080
2021-01-04,0001-01-01,104176,1305,completed,42,2021-06-15 07:27:19.817080
2021-01-04,0001-01-01,104176,1307,completed,42,2021-06-15 07:27:19.817080
2021-01-04,0001-01-01,104176,1309,completed,42,2021-06-15 07:27:19.817080
2021-01-04,0001-01-01,104176,1310,completed,42,2021-06-15 07:27:19.817080
2021-01-04,0001-01-01,104189,1135,completed,42,2021-06-15 07:27:19.817080
2021-01-04,0001-01-01,104189,1360,completed,42,2021-06-15 07:27:19.817080
2021-01-04,0001-01-01,104189,1139,completed,42,2021-06-15 07:27:19.817080
2021-01-04,0001-01-01,104189,1363,completed,42,2021-06-15 07:27:19.817080
2021-01-04,0001-01-01,104197,1134,completed,42,2021-06-15 07:27:19.817080
2021-01-04,0001-01-01,104197,1236,completed,42,2021-06-15 07:27:19.817080
2021-01-04,0001-01-01,104197,1238,completed,42,2021-06-15 07:27:19.817080
2021-01-04,0001-01-01,104197,1239,completed,42,2021-06-15 07:27:19.817080
2021-01-04,0001-01-01,104206,1356,completed,42,2021-06-15 07:27:19.817080
2021-01-04,0001-01-01,104206,1358,completed,42,2021-06-15 07:27:19.817080
2021-01-04,0001-01-01,104206,1361,completed,42,2021-06-15 07:27:19.817080
2021-01-04,0001-01-01,104231,1237,completed,42,2021-06-15 07:27:19.817080
2021-01-04,0001-01-01,104231,1241,completed,42,2021-06-15 07:27:19.817080
2021-01-04,0001-01-01,104245,1140,completed,42,2021-06-15 07:27:19.817080
2021-01-04,0001-01-01,104245,1141,completed,42,2021-06-15 07:27:19.817080
2021-01-04,0001-01-01,104245,1148,completed,42,2021-06-15 07:27:19.817080
2021-01-04,0001-01-01,104245,1159,completed,42,2021-06-15 07:27:19.817080
2021-01-04,0001-01-01,104257,1361,completed,42,2021-06-15 07:27:19.817080
2021-01-04,0001-01-01,104270,1413,completed,42,2021-06-15 07:27:19.817080
2021-01-04,0001-01-01,104270,1414,completed,42,2021-06-15 07:27:19.817080
2021-01-04,0001-01-01,104270,1415,completed,42,2021-06-15 07:27:19.817080
2021-01-04,0001-01-01,104270,1417,completed,42,2021-06-15 07:27:19.817080
2021-01-04,0001-01-01,104278,1273,completed,42,2021-06-15 07:27:19.817080
2021-01-04,0001-01-01,104278,1124,completed,42,2021-06-15 07:27:19.817080
2021-01-04,0001-01-01,104278,1130,completed,42,2021-06-15 07:27:19.817080
2021-01-04,0001-01-01,104297,1118,completed,42,2021-06-15 07:27:19.817080
2021-01-04,0001-01-01,104297,1302,completed,42,2021-06-15 07:27:19.817080
2021-01-04,0001-01-01,104297,1306,completed,42,2021-06-15 07:27:19.817080
2021-01-04,0001-01-01,104299,1416,completed,42,2021-06-15 07:27:19.817080
2021-01-04,0001-01-01,104299,1417,completed,42,2021-06-15 07:27:19.817080
2021-01-04,0001-01-01,104299,1122,completed,42,2021-06-15 07:27:19.817080
2021-01-04,0001-01-01,104319,1235,completed,42,2021-06-15 07:27:19.817080
2021-01-04,0001-01-01,104319,1237,completed,42,2021-06-15 07:27:19.817080
2021-01-04,0001-01-01,104319,1238,completed,42,2021-06-15 07:27:19.817080
2021-01-04,0001-01-01,104331,1410,completed,42,2021-06-15 07:27:19.817080
2021-01-04,0001-01-01,104331,1411,completed,42,2021-06-15 07:27:19.817080
2021-01-04,0001-01-01,104331,1412,completed,42,2021-06-15 07:27:19.817080
2021-01-04,0001-01-01,104331,1413,completed,42,2021-06-15 07:27:19.817080
2021-01-04,0001-01-01,104331,1414,completed,42,2021-06-15 07:27:19.817080
2021-01-04,0001-01-01,104346,1411,completed,42,2021-06-15 07:27:19.817080
2021-01-04,0001-01-01,104346,1412,completed,42,2021-06-15 07:27:19.817080
2021-01-04,0001-01-01,104346,1415,completed,42,2021-06-15 07:27:19.817080
2021-01-04,0001-01-01,104346,1416,completed,42,2021-06-15 07:27:19.817080
2021-01-04,0001-01-01,104362,1413,completed,42,2021-06-15 07:27:19.817080
2021-01-04,0001-01-01,104362,1414,completed,42,2021-06-15 07:27:19.817080
2021-01-04,0001-01-01,104362,1416,completed,42,2021-06-15 07:27:19.817080
2021-01-04,0001-01-01,104387,1413,completed,42,2021-06-15 07:27:19.817080
2021-01-04,0001-01-01,104387,1414,completed,42,2021-06-15 07:27:19.817080
2021-01-04,0001-01-01,104387,1415,completed,42,2021-06-15 07:27:19.817080
2021-01-04,0001-01-01,104387,1221,completed,42,2021-06-15 07:27:19.817080
2021-01-04,0001-01-01,104393,1302,completed,42,2021-06-15 07:27:19.817080
2021-01-04,0001-01-01,104393,1305,completed,42,2021-06-15 07:27:19.817080
2021-01-04,0001-01-01,104393,1306,completed,42,2021-06-15 07:27:19.817080
2021-01-04,0001-01-01,104393,1309,completed,42,2021-06-15 07:27:19.817080
2021-01-04,0001-01-01,104399,1137,completed,42,2021-06-15 07:27:19.817080
2021-01-04,0001-01-01,104399,1239,completed,42,2021-06-15 07:27:19.817080
2021-01-04,0001-01-01,104409,1413,completed,42,2021-06-15 07:27:19.817080
2021-01-04,0001-01-01,104409,1414,completed,42,2021-06-15 07:27:19.817080
2021-01-04,0001-01-01,104409,1415,completed,42,2021-06-15 07:27:19.817080
2021-01-04,0001-01-01,104409,1416,completed,42,2021-06-15 07:27:19.817080
2021-01-04,0001-01-01,104409,1417,completed,42,2021-06-15 07:27:19.817080
2021-01-04,0001-01-01,104423,1301,completed,42,2021-06-15 07:27:19.817080
2021-01-04,0001-01-01,104423,1302,completed,42,2021-06-15 07:27:19.817080
2021-01-04,0001-01-01,104423,1304,completed,42,2021-06-15 07:27:19.817080
2021-01-04,0001-01-01,104423,1345,completed,42,2021-06-15 07:27:19.817080
2021-01-04,0001-01-01,104434,1414,completed,42,2021-06-15 07:27:19.817080
2021-01-04,0001-01-01,104434,1416,completed,42,2021-06-15 07:27:19.817080
2021-01-04,0001-01-01,104434,1418,completed,42,2021-06-15 07:27:19.817080
2021-01-04,0001-01-01,104434,1420,completed,42,2021-06-15 07:27:19.817080
2021-01-04,0001-01-01,104436,1134,completed,42,2021-06-15 07:27:19.817080
2021-01-04,0001-01-01,104436,1137,completed,42,2021-06-15 07:27:19.817080
2021-01-04,0001-01-01,104436,1239,completed,42,2021-06-15 07:27:19.817080
2021-01-04,0001-01-01,104442,1301,completed,42,2021-06-15 07:27:19.817080
2021-01-04,0001-01-01,104442,1304,completed,42,2021-06-15 07:27:19.817080
2021-01-04,0001-01-01,104442,1305,completed,42,2021-06-15 07:27:19.817080
2021-01-04,0001-01-01,104442,1307,completed,42,2021-06-15 07:27:19.817080
2021-01-04,0001-01-01,104446,1353,completed,42,2021-06-15 07:27:19.817080
2021-01-04,0001-01-01,104446,1354,completed,42,2021-06-15 07:27:19.817080
2021-01-04,0001-01-01,104446,1355,completed,42,2021-06-15 07:27:19.817080
2021-01-04,0001-01-01,104446,1356,completed,42,2021-06-15 07:27:19.817080
2021-01-04,0001-01-01,104446,1357,completed,42,2021-06-15 07:27:19.817080
2021-01-04,0001-01-01,104449,1302,completed,42,2021-06-15 07:27:19.817080
2021-01-04,0001-01-01,104449,1304,completed,42,2021-06-15 07:27:19.817080
2021-01-04,0001-01-01,104449,1305,completed,42,2021-06-15 07:27:19.817080
2021-01-04,0001-01-01,104449,1306,completed,42,2021-06-15 07:27:19.817080
2021-01-04,0001-01-01,104449,1307,completed,42,2021-06-15 07:27:19.817080
2021-01-04,0001-01-01,104453,1305,completed,42,2021-06-15 07:27:19.817080
2021-01-04,0001-01-01,104453,1306,completed,42,2021-06-15 07:27:19.817080
2021-01-04,0001-01-01,104453,1307,completed,42,2021-06-15 07:27:19.817080
2021-01-04,0001-01-01,104466,1341,completed,42,2021-06-15 07:27:19.817080
2021-01-04,0001-01-01,104466,1417,completed,42,2021-06-15 07:27:19.817080
2021-01-04,0001-01-01,104468,1123,completed,42,2021-06-15 07:27:19.817080
2021-01-04,0001-01-01,104468,1125,completed,42,2021-06-15 07:27:19.817080
2021-01-04,0001-01-01,104468,1226,completed,42,2021-06-15 07:27:19.817080
2021-01-04,0001-01-01,104468,1128,completed,42,2021-06-15 07:27:19.817080
2021-01-04,0001-01-01,104483,1355,completed,42,2021-06-15 07:27:19.817080
2021-01-04,0001-01-01,104483,1356,completed,42,2021-06-15 07:27:19.817080
2021-01-04,0001-01-01,104483,1358,completed,42,2021-06-15 07:27:19.817080
2021-01-04,0001-01-01,104483,1361,completed,42,2021-06-15 07:27:19.817080
2021-01-04,0001-01-01,104484,1410,completed,42,2021-06-15 07:27:19.817080
2021-01-04,0001-01-01,104484,1411,completed,42,2021-06-15 07:27:19.817080
2021-01-04,0001-01-01,104484,1412,completed,42,2021-06-15 07:27:19.817080
2021-01-04,0001-01-01,104488,1367,completed,42,2021-06-15 07:27:19.817080
2021-01-04,0001-01-01,104488,1370,completed,42,2021-06-15 07:27:19.817080
2021-01-04,0001-01-01,104488,1371,completed,42,2021-06-15 07:27:19.817080
2021-01-04,0001-01-01,104488,1373,completed,42,2021-06-15 07:27:19.817080
2021-01-04,0001-01-01,104488,1374,completed,42,2021-06-15 07:27:19.817080
2021-01-04,0001-01-01,104491,1302,completed,42,2021-06-15 07:27:19.817080
2021-01-04,0001-01-01,104491,1304,completed,42,2021-06-15 07:27:19.817080
2021-01-04,0001-01-01,104491,1307,completed,42,2021-06-15 07:27:19.817080
2021-01-04,0001-01-01,104491,1309,completed,42,2021-06-15 07:27:19.817080
2021-01-04,0001-01-01,104495,1414,completed,42,2021-06-15 07:27:19.817080
2021-01-04,0001-01-01,104495,1415,completed,42,2021-06-15 07:27:19.817080
2021-01-04,0001-01-01,104495,1416,completed,42,2021-06-15 07:27:19.817080
2021-01-04,0001-01-01,104495,1417,completed,42,2021-06-15 07:27:19.817080
2021-01-04,0001-01-01,104495,1418,completed,42,2021-06-15 07:27:19.817080
2021-01-04,0001-01-01,104498,1358,completed,42,2021-06-15 07:27:19.817080
2021-01-04,0001-01-01,104498,1365,completed,42,2021-06-15 07:27:19.817080
2021-01-04,0001-01-01,104498,1367,completed,42,2021-06-15 07:27:19.817080
2021-01-04,0001-01-01,104498,1368,completed,42,2021-06-15 07:27:19.817080
2021-01-04,0001-01-01,104507,1119,completed,42,2021-06-15 07:27:19.817080
2021-01-04,0001-01-01,104507,1270,completed,42,2021-06-15 07:27:19.817080
2021-01-04,0001-01-01,104507,1418,completed,42,2021-06-15 07:27:19.817080
2021-01-04,0001-01-01,104507,1421,completed,42,2021-06-15 07:27:19.817080
2021-01-04,0001-01-01,104515,1302,completed,42,2021-06-15 07:27:19.817080
2021-01-04,0001-01-01,104515,1305,completed,42,2021-06-15 07:27:19.817080
2021-01-04,0001-01-01,104515,1306,completed,42,2021-06-15 07:27:19.817080
2021-01-04,0001-01-01,104515,1307,completed,42,2021-06-15 07:27:19.817080
2021-01-04,0001-01-01,104517,1142,completed,42,2021-06-15 07:27:19.817080
2021-01-04,0001-01-01,104517,1364,completed,42,2021-06-15 07:27:19.817080
2021-01-04,0001-01-01,104517,1366,completed,42,2021-06-15 07:27:19.817080
2021-01-04,0001-01-01,104517,1371,completed,42,2021-06-15 07:27:19.817080
2021-01-04,0001-01-01,104527,1364,completed,42,2021-06-15 07:27:19.817080
2021-01-04,0001-01-01,104527,1365,completed,42,2021-06-15 07:27:19.817080
2021-01-04,0001-01-01,104527,1368,completed,42,2021-06-15 07:27:19.817080
2021-01-04,0001-01-01,104527,1370,completed,42,2021-06-15 07:27:19.817080
2021-01-04,0001-01-01,104527,1373,completed,42,2021-06-15 07:27:19.817080
2021-01-04,0001-01-01,104546,1132,completed,42,2021-06-15 07:27:19.817080
2021-01-04,0001-01-01,104546,1133,completed,42,2021-06-15 07:27:19.817080
2021-01-04,0001-01-01,104546,1237,completed,42,2021-06-15 07:27:19.817080
2021-01-04,0001-01-01,104547,1304,completed,42,2021-06-15 07:27:19.817080
2021-01-04,0001-01-01,104547,1305,completed,42,2021-06-15 07:27:19.817080
2021-01-04,0001-01-01,104547,1306,completed,42,2021-06-15 07:27:19.817080
2021-01-04,0001-01-01,104547,1307,completed,42,2021-06-15 07:27:19.817080
2021-01-04,0001-01-01,104551,1226,completed,42,2021-06-15 07:27:19.817080
2021-01-04,0001-01-01,104551,1228,completed,42,2021-06-15 07:27:19.817080
2021-01-04,0001-01-01,104551,1232,completed,42,2021-06-15 07:27:19.817080
2021-01-04,0001-01-01,104551,1141,completed,42,2021-06-15 07:27:19.817080
2021-01-04,0001-01-01,104561,1357,completed,42,2021-06-15 07:27:19.817080
2021-01-04,0001-01-01,104578,1237,completed,42,2021-06-15 07:27:19.817080
2021-01-04,0001-01-01,104578,1361,completed,42,2021-06-15 07:27:19.817080
2021-01-04,0001-01-01,104578,1364,completed,42,2021-06-15 07:27:19.817080
2021-01-04,0001-01-01,104578,1365,completed,42,2021-06-15 07:27:19.817080
2021-01-04,0001-01-01,104578,1366,completed,42,2021-06-15 07:27:19.817080
2021-01-04,0001-01-01,104582,1230,completed,42,2021-06-15 07:27:19.817080
2021-01-04,0001-01-01,104590,1139,completed,42,2021-06-15 07:27:19.817080
2021-01-04,0001-01-01,104597,1364,completed,42,2021-06-15 07:27:19.817080
2021-01-04,0001-01-01,104607,1225,completed,42,2021-06-15 07:27:19.817080
2021-01-04,0001-01-01,104607,1130,completed,42,2021-06-15 07:27:19.817080
2021-01-04,0001-01-01,104607,1237,completed,42,2021-06-15 07:27:19.817080
2021-01-04,0001-01-01,104620,1236,completed,42,2021-06-15 07:27:19.817080
2021-01-04,0001-01-01,104620,1141,completed,42,2021-06-15 07:27:19.817080
2021-01-04,0001-01-01,104620,1142,completed,42,2021-06-15 07:27:19.817080
2021-01-04,0001-01-01,104637,1302,completed,42,2021-06-15 07:27:19.817080
2021-01-04,0001-01-01,104637,1305,completed,42,2021-06-15 07:27:19.817080
2021-01-04,0001-01-01,104637,1307,completed,42,2021-06-15 07:27:19.817080
2021-01-04,0001-01-01,104637,1309,completed,42,2021-06-15 07:27:19.817080
2021-01-04,0001-01-01,104637,1310,completed,42,2021-06-15 07:27:19.817080
2021-01-04,0001-01-01,104641,1301,completed,42,2021-06-15 07:27:19.817080
2021-01-04,0001-01-01,104641,1302,completed,42,2021-06-15 07:27:19.817080
2021-01-04,0001-01-01,104641,1305,completed,42,2021-06-15 07:27:19.817080
2021-01-04,0001-01-01,104641,1307,completed,42,2021-06-15 07:27:19.817080
2021-01-04,0001-01-01,104645,1341,completed,42,2021-06-15 07:27:19.817080
2021-01-04,0001-01-01,104645,1125,completed,42,2021-06-15 07:27:19.817080
2021-01-04,0001-01-01,104645,1309,completed,42,2021-06-15 07:27:19.817080
2021-01-04,0001-01-01,104645,1227,completed,42,2021-06-15 07:27:19.817080
2021-01-04,0001-01-01,104647,1307,completed,42,2021-06-15 07:27:19.817080
2021-01-04,0001-01-01,104647,1309,completed,42,2021-06-15 07:27:19.817080
2021-01-04,0001-01-01,104647,1310,completed,42,2021-06-15 07:27:19.817080
2021-01-04,0001-01-01,104647,1311,completed,42,2021-06-15 07:27:19.817080
2021-01-04,0001-01-01,104654,1304,completed,42,2021-06-15 07:27:19.817080
2021-01-04,0001-01-01,104654,1306,completed,42,2021-06-15 07:27:19.817080
2021-01-04,0001-01-01,104654,1307,completed,42,2021-06-15 07:27:19.817080
2021-01-04,0001-01-01,104654,1309,completed,42,2021-06-15 07:27:19.817080
2021-01-04,0001-01-01,104654,1310,completed,42,2021-06-15 07:27:19.817080
2021-01-04,0001-01-01,104657,1225,completed,42,2021-06-15 07:27:19.817080
2021-01-04,0001-01-01,104657,1134,completed,42,2021-06-15 07:27:19.817080
2021-01-04,0001-01-01,104671,1363,completed,42,2021-06-15 07:27:19.817080
2021-01-04,0001-01-01,104671,1365,completed,42,2021-06-15 07:27:19.817080
2021-01-04,0001-01-01,104672,1305,completed,42,2021-06-15 07:27:19.817080
2021-01-04,0001-01-01,104672,1306,completed,42,2021-06-15 07:27:19.817080
2021-01-04,0001-01-01,104672,1307,completed,42,2021-06-15 07:27:19.817080
2021-01-04,0001-01-01,104690,1416,completed,42,2021-06-15 07:27:19.817080
2021-01-04,0001-01-01,104690,1417,completed,42,2021-06-15 07:27:19.817080
2021-01-04,0001-01-01,104690,1418,completed,42,2021-06-15 07:27:19.817080
2021-01-04,0001-01-01,104690,1420,completed,42,2021-06-15 07:27:19.817080
2021-01-04,0001-01-01,104699,1410,completed,42,2021-06-15 07:27:19.817080
2021-01-04,0001-01-01,104699,1411,completed,42,2021-06-15 07:27:19.817080
2021-01-04,0001-01-01,104699,1413,completed,42,2021-06-15 07:27:19.817080
2021-01-04,0001-01-01,104699,1414,completed,42,2021-06-15 07:27:19.817080
2021-01-04,0001-01-01,104706,1360,completed,42,2021-06-15 07:27:19.817080
2021-01-04,0001-01-01,104706,1361,completed,42,2021-06-15 07:27:19.817080
2021-01-04,0001-01-01,104706,1364,completed,42,2021-06-15 07:27:19.817080
2021-01-04,0001-01-01,104706,1366,completed,42,2021-06-15 07:27:19.817080
2021-01-04,0001-01-01,104708,1416,completed,42,2021-06-15 07:27:19.817080
2021-01-04,0001-01-01,104708,1418,completed,42,2021-06-15 07:27:19.817080
2021-01-04,0001-01-01,104708,1420,completed,42,2021-06-15 07:27:19.817080
2021-01-04,0001-01-01,104724,1265,completed,42,2021-06-15 07:27:19.817080
2021-01-04,0001-01-01,104724,1413,completed,42,2021-06-15 07:27:19.817080
2021-01-04,0001-01-01,104724,1414,completed,42,2021-06-15 07:27:19.817080
2021-01-04,0001-01-01,104724,1415,completed,42,2021-06-15 07:27:19.817080
2021-01-04,0001-01-01,104733,1302,completed,42,2021-06-15 07:27:19.817080
2021-01-04,0001-01-01,104733,1304,completed,42,2021-06-15 07:27:19.817080
2021-01-04,0001-01-01,104733,1306,completed,42,2021-06-15 07:27:19.817080
2021-01-04,0001-01-01,104733,1307,completed,42,2021-06-15 07:27:19.817080
2021-01-04,0001-01-01,104740,1302,completed,42,2021-06-15 07:27:19.817080
2021-01-04,0001-01-01,104740,1304,completed,42,2021-06-15 07:27:19.817080
2021-01-04,0001-01-01,104740,1306,completed,42,2021-06-15 07:27:19.817080
2021-01-04,0001-01-01,104740,1307,completed,42,2021-06-15 07:27:19.817080
2021-01-04,0001-01-01,104743,1235,completed,42,2021-06-15 07:27:19.817080
2021-01-04,0001-01-01,104743,1138,completed,42,2021-06-15 07:27:19.817080
2021-01-04,0001-01-01,104743,1238,completed,42,2021-06-15 07:27:19.817080
2021-01-04,0001-01-01,104743,1139,completed,42,2021-06-15 07:27:19.817080
2021-01-04,0001-01-01,104774,1410,completed,42,2021-06-15 07:27:19.817080
2021-01-04,0001-01-01,104774,1411,completed,42,2021-06-15 07:27:19.817080
2021-01-04,0001-01-01,104774,1412,completed,42,2021-06-15 07:27:19.817080
2021-01-04,0001-01-01,104774,1413,completed,42,2021-06-15 07:27:19.817080
2021-01-04,0001-01-01,104774,1415,completed,42,2021-06-15 07:27:19.817080
2021-01-04,0001-01-01,104776,1355,completed,42,2021-06-15 07:27:19.817080
2021-01-04,0001-01-01,104776,1358,completed,42,2021-06-15 07:27:19.817080
2021-01-04,0001-01-01,104776,1363,completed,42,2021-06-15 07:27:19.817080
2021-01-04,0001-01-01,104776,1365,completed,42,2021-06-15 07:27:19.817080
2021-01-04,0001-01-01,104794,1414,completed,42,2021-06-15 07:27:19.817080
2021-01-04,0001-01-01,104794,1415,completed,42,2021-06-15 07:27:19.817080
2021-01-04,0001-01-01,104794,1302,completed,42,2021-06-15 07:27:19.817080
2021-01-04,0001-01-01,104794,1416,completed,42,2021-06-15 07:27:19.817080
2021-01-04,0001-01-01,104800,1414,completed,42,2021-06-15 07:27:19.817080
2021-01-04,0001-01-01,104800,1416,completed,42,2021-06-15 07:27:19.817080
2021-01-04,0001-01-01,104807,1302,completed,42,2021-06-15 07:27:19.817080
2021-01-04,0001-01-01,104807,1304,completed,42,2021-06-15 07:27:19.817080
2021-01-04,0001-01-01,104807,1306,completed,42,2021-06-15 07:27:19.817080
2021-01-04,0001-01-01,104807,1309,completed,42,2021-06-15 07:27:19.817080
2021-01-04,0001-01-01,104807,1310,completed,42,2021-06-15 07:27:19.817080
2021-01-04,0001-01-01,104817,1421,completed,42,2021-06-15 07:27:19.817080
2021-01-04,0001-01-01,104817,1422,completed,42,2021-06-15 07:27:19.817080
2021-01-04,0001-01-01,104851,1414,completed,42,2021-06-15 07:27:19.817080
2021-01-04,0001-01-01,104851,1415,completed,42,2021-06-15 07:27:19.817080
2021-01-04,0001-01-01,104851,1417,completed,42,2021-06-15 07:27:19.817080
2021-01-04,0001-01-01,104851,1418,completed,42,2021-06-15 07:27:19.817080
2021-01-04,0001-01-01,104878,1356,completed,42,2021-06-15 07:27:19.817080
2021-01-04,0001-01-01,104878,1357,completed,42,2021-06-15 07:27:19.817080
2021-01-04,0001-01-01,104878,1366,completed,42,2021-06-15 07:27:19.817080
2021-01-04,0001-01-01,104884,1413,completed,42,2021-06-15 07:27:19.817080
2021-01-04,0001-01-01,104884,1414,completed,42,2021-06-15 07:27:19.817080
2021-01-04,0001-01-01,104884,1415,completed,42,2021-06-15 07:27:19.817080
2021-01-04,0001-01-01,104884,1417,completed,42,2021-06-15 07:27:19.817080
2021-01-04,0001-01-01,104884,1418,completed,42,2021-06-15 07:27:19.817080
2021-01-04,0001-01-01,104902,1273,completed,42,2021-06-15 07:27:19.817080
2021-01-04,0001-01-01,104902,1128,completed,42,2021-06-15 07:27:19.817080
2021-01-04,0001-01-01,104902,1130,completed,42,2021-06-15 07:27:19.817080
2021-01-04,0001-01-01,104902,1131,completed,42,2021-06-15 07:27:19.817080
2021-01-04,0001-01-01,104905,1230,completed,42,2021-06-15 07:27:19.817080
2021-01-04,0001-01-01,104905,1135,completed,42,2021-06-15 07:27:19.817080
2021-01-04,0001-01-01,104905,1236,completed,42,2021-06-15 07:27:19.817080
2021-01-04,0001-01-01,104915,1349,completed,42,2021-06-15 07:27:19.817080
2021-01-04,0001-01-01,104915,1353,completed,42,2021-06-15 07:27:19.817080
2021-01-04,0001-01-01,104915,1132,completed,42,2021-06-15 07:27:19.817080
2021-01-04,0001-01-01,104915,1363,completed,42,2021-06-15 07:27:19.817080
2021-01-04,0001-01-01,104915,1365,completed,42,2021-06-15 07:27:19.817080
2021-01-04,0001-01-01,104919,1415,completed,42,2021-06-15 07:27:19.817080
2021-01-04,0001-01-01,104919,1416,completed,42,2021-06-15 07:27:19.817080
2021-01-04,0001-01-01,104919,1220,completed,42,2021-06-15 07:27:19.817080
2021-01-04,0001-01-01,104919,1417,completed,42,2021-06-15 07:27:19.817080
2021-01-04,0001-01-01,104925,1231,completed,42,2021-06-15 07:27:19.817080
2021-01-04,0001-01-01,104925,1240,completed,42,2021-06-15 07:27:19.817080
2021-01-04,0001-01-01,104925,1142,completed,42,2021-06-15 07:27:19.817080
2021-01-04,0001-01-01,104926,1366,completed,42,2021-06-15 07:27:19.817080
2021-01-04,0001-01-01,104926,1367,completed,42,2021-06-15 07:27:19.817080
2021-01-04,0001-01-01,104926,1369,completed,42,2021-06-15 07:27:19.817080
2021-01-04,0001-01-01,104957,1134,completed,42,2021-06-15 07:27:19.817080
2021-01-04,0001-01-01,104957,1136,completed,42,2021-06-15 07:27:19.817080
2021-01-04,0001-01-01,104957,1145,completed,42,2021-06-15 07:27:19.817080
2021-01-04,0001-01-01,104957,1151,completed,42,2021-06-15 07:27:19.817080
2021-01-04,0001-01-01,104977,1135,completed,42,2021-06-15 07:27:19.817080
2021-01-04,0001-01-01,104997,1304,completed,42,2021-06-15 07:27:19.817080
2021-01-04,0001-01-01,104997,1305,completed,42,2021-06-15 07:27:19.817080
2021-01-04,0001-01-01,104997,1306,completed,42,2021-06-15 07:27:19.817080
2021-01-04,0001-01-01,103000,1366,completed,42,2021-06-15 07:27:19.817080
2021-01-04,0001-01-01,103005,1164,completed,42,2021-06-15 07:27:19.817080
2021-01-04,0001-01-01,103005,1165,completed,42,2021-06-15 07:27:19.817080
2021-01-04,0001-01-01,103005,1189,completed,42,2021-06-15 07:27:19.817080
2021-01-04,0001-01-01,103005,1190,completed,42,2021-06-15 07:27:19.817080
2021-01-04,0001-01-01,103007,1167,completed,42,2021-06-15 07:27:19.817080
2021-01-04,0001-01-01,103009,1312,completed,42,2021-06-15 07:27:19.817080
2021-01-04,0001-01-01,103009,1313,completed,42,2021-06-15 07:27:19.817080
2021-01-04,0001-01-01,103010,1179,completed,42,2021-06-15 07:27:19.817080
2021-01-04,0001-01-01,103010,1190,completed,42,2021-06-15 07:27:19.817080
2021-01-04,0001-01-01,103011,1177,completed,42,2021-06-15 07:27:19.817080
2021-01-04,0001-01-01,103011,1183,completed,42,2021-06-15 07:27:19.817080
2021-01-04,0001-01-01,103037,1373,completed,42,2021-06-15 07:27:19.817080
2021-01-04,0001-01-01,103037,1379,completed,42,2021-06-15 07:27:19.817080
2021-01-04,0001-01-01,103037,1380,completed,42,2021-06-15 07:27:19.817080
2021-01-04,0001-01-01,103037,1381,completed,42,2021-06-15 07:27:19.817080
2021-01-04,0001-01-01,103039,1171,completed,42,2021-06-15 07:27:19.817080
2021-01-04,0001-01-01,103055,1179,completed,42,2021-06-15 07:27:19.817080
2021-01-04,0001-01-01,103055,1183,completed,42,2021-06-15 07:27:19.817080
2021-01-04,0001-01-01,103066,1170,completed,42,2021-06-15 07:27:19.817080
2021-01-04,0001-01-01,103068,1312,completed,42,2021-06-15 07:27:19.817080
2021-01-04,0001-01-01,103068,1370,completed,42,2021-06-15 07:27:19.817080
2021-01-04,0001-01-01,103068,1166,completed,42,2021-06-15 07:27:19.817080
2021-01-04,0001-01-01,103070,1157,completed,42,2021-06-15 07:27:19.817080
2021-01-04,0001-01-01,103070,1170,completed,42,2021-06-15 07:27:19.817080
2021-01-04,0001-01-01,103070,1190,completed,42,2021-06-15 07:27:19.817080
2021-01-04,0001-01-01,103087,1167,completed,42,2021-06-15 07:27:19.817080
2021-01-04,0001-01-01,103087,1169,completed,42,2021-06-15 07:27:19.817080
2021-01-04,0001-01-01,103087,1179,completed,42,2021-06-15 07:27:19.817080
2021-01-04,0001-01-01,103087,1191,completed,42,2021-06-15 07:27:19.817080
2021-01-04,0001-01-01,103097,1374,completed,42,2021-06-15 07:27:19.817080
2021-01-04,0001-01-01,103097,1375,completed,42,2021-06-15 07:27:19.817080
2021-01-04,0001-01-01,103097,1379,completed,42,2021-06-15 07:27:19.817080
2021-01-04,0001-01-01,103097,1382,completed,42,2021-06-15 07:27:19.817080
2021-01-04,0001-01-01,103097,1386,completed,42,2021-06-15 07:27:19.817080
2021-01-04,0001-01-01,103108,1136,completed,42,2021-06-15 07:27:19.817080
2021-01-04,0001-01-01,103108,1239,completed,42,2021-06-15 07:27:19.817080
2021-01-04,0001-01-01,103110,1422,completed,42,2021-06-15 07:27:19.817080
2021-01-04,0001-01-01,103110,1166,completed,42,2021-06-15 07:27:19.817080
2021-01-04,0001-01-01,103116,1161,completed,42,2021-06-15 07:27:19.817080
2021-01-04,0001-01-01,103116,1163,completed,42,2021-06-15 07:27:19.817080
2021-01-04,0001-01-01,103116,1170,completed,42,2021-06-15 07:27:19.817080
2021-01-04,0001-01-01,103120,1166,completed,42,2021-06-15 07:27:19.817080
2021-01-04,0001-01-01,103120,1168,completed,42,2021-06-15 07:27:19.817080
2021-01-04,0001-01-01,103120,1172,completed,42,2021-06-15 07:27:19.817080
2021-01-04,0001-01-01,103120,1179,completed,42,2021-06-15 07:27:19.817080
2021-01-04,0001-01-01,103129,1176,completed,42,2021-06-15 07:27:19.817080
2021-01-04,0001-01-01,103134,1148,completed,42,2021-06-15 07:27:19.817080
2021-01-04,0001-01-01,103135,1191,completed,42,2021-06-15 07:27:19.817080
2021-01-04,0001-01-01,103140,1142,completed,42,2021-06-15 07:27:19.817080
2021-01-04,0001-01-01,103148,1139,completed,42,2021-06-15 07:27:19.817080
2021-01-04,0001-01-01,103171,1156,completed,42,2021-06-15 07:27:19.817080
2021-01-04,0001-01-01,103171,1383,completed,42,2021-06-15 07:27:19.817080
2021-01-04,0001-01-01,103171,1386,completed,42,2021-06-15 07:27:19.817080
2021-01-04,0001-01-01,103191,1167,completed,42,2021-06-15 07:27:19.817080
2021-01-04,0001-01-01,103191,1176,completed,42,2021-06-15 07:27:19.817080
2021-01-04,0001-01-01,103191,1177,completed,42,2021-06-15 07:27:19.817080
2021-01-04,0001-01-01,103191,1183,completed,42,2021-06-15 07:27:19.817080
2021-01-04,0001-01-01,103202,1377,completed,42,2021-06-15 07:27:19.817080
2021-01-04,0001-01-01,103227,1373,completed,42,2021-06-15 07:27:19.817080
2021-01-04,0001-01-01,103227,1151,completed,42,2021-06-15 07:27:19.817080
2021-01-04,0001-01-01,103234,1168,completed,42,2021-06-15 07:27:19.817080
2021-01-04,0001-01-01,103249,1383,completed,42,2021-06-15 07:27:19.817080
2021-01-04,0001-01-01,103257,1370,completed,42,2021-06-15 07:27:19.817080
2021-01-04,0001-01-01,103263,1174,completed,42,2021-06-15 07:27:19.817080
2021-01-04,0001-01-01,103275,1174,completed,42,2021-06-15 07:27:19.817080
2021-01-04,0001-01-01,103297,1177,completed,42,2021-06-15 07:27:19.817080
2021-01-04,0001-01-01,103300,1169,completed,42,2021-06-15 07:27:19.817080
2021-01-04,0001-01-01,103300,1171,completed,42,2021-06-15 07:27:19.817080
2021-01-04,0001-01-01,103300,1180,completed,42,2021-06-15 07:27:19.817080
2021-01-04,0001-01-01,103300,1189,completed,42,2021-06-15 07:27:19.817080
2021-01-04,0001-01-01,103307,1313,completed,42,2021-06-15 07:27:19.817080
2021-01-04,0001-01-01,103307,1376,completed,42,2021-06-15 07:27:19.817080
2021-01-04,0001-01-01,103339,1180,completed,42,2021-06-15 07:27:19.817080
2021-01-04,0001-01-01,103359,1153,completed,42,2021-06-15 07:27:19.817080
2021-01-04,0001-01-01,103367,1166,completed,42,2021-06-15 07:27:19.817080
2021-01-04,0001-01-01,103381,1380,completed,42,2021-06-15 07:27:19.817080
2021-01-04,0001-01-01,103381,1163,completed,42,2021-06-15 07:27:19.817080
2021-01-04,0001-01-01,103381,1169,completed,42,2021-06-15 07:27:19.817080
2021-01-04,0001-01-01,103381,1175,completed,42,2021-06-15 07:27:19.817080
2021-01-04,0001-01-01,103385,1371,completed,42,2021-06-15 07:27:19.817080
2021-01-04,0001-01-01,103385,1373,completed,42,2021-06-15 07:27:19.817080
2021-01-04,0001-01-01,103385,1374,completed,42,2021-06-15 07:27:19.817080
2021-01-04,0001-01-01,103385,1382,completed,42,2021-06-15 07:27:19.817080
2021-01-04,0001-01-01,103400,1157,completed,42,2021-06-15 07:27:19.817080
2021-01-04,0001-01-01,103400,1162,completed,42,2021-06-15 07:27:19.817080
2021-01-04,0001-01-01,103403,1177,completed,42,2021-06-15 07:27:19.817080
2021-01-04,0001-01-01,103403,1189,completed,42,2021-06-15 07:27:19.817080
2021-01-04,0001-01-01,103450,1380,completed,42,2021-06-15 07:27:19.817080
2021-01-04,0001-01-01,103450,1386,completed,42,2021-06-15 07:27:19.817080
2021-01-04,0001-01-01,103469,1386,completed,42,2021-06-15 07:27:19.817080
2021-01-04,0001-01-01,103476,1185,completed,42,2021-06-15 07:27:19.817080
2021-01-04,0001-01-01,103496,1175,completed,42,2021-06-15 07:27:19.817080
2021-01-04,0001-01-01,103496,1177,completed,42,2021-06-15 07:27:19.817080
2021-01-04,0001-01-01,103496,1183,completed,42,2021-06-15 07:27:19.817080
2021-01-04,0001-01-01,103507,1177,completed,42,2021-06-15 07:27:19.817080
2021-01-04,0001-01-01,103520,1422,completed,42,2021-06-15 07:27:19.817080
2021-01-04,0001-01-01,103520,1312,completed,42,2021-06-15 07:27:19.817080
2021-01-04,0001-01-01,103527,1152,completed,42,2021-06-15 07:27:19.817080
2021-01-04,0001-01-01,103527,1168,completed,42,2021-06-15 07:27:19.817080
2021-01-04,0001-01-01,103527,1181,completed,42,2021-06-15 07:27:19.817080
2021-01-04,0001-01-01,103544,1163,completed,42,2021-06-15 07:27:19.817080
2021-01-04,0001-01-01,103544,1170,completed,42,2021-06-15 07:27:19.817080
2021-01-04,0001-01-01,103544,1171,completed,42,2021-06-15 07:27:19.817080
2021-01-04,0001-01-01,103544,1181,completed,42,2021-06-15 07:27:19.817080
2021-01-04,0001-01-01,103555,1162,completed,42,2021-06-15 07:27:19.817080
2021-01-04,0001-01-01,103555,1172,completed,42,2021-06-15 07:27:19.817080
2021-01-04,0001-01-01,103555,1189,completed,42,2021-06-15 07:27:19.817080
2021-01-04,0001-01-01,103562,1383,completed,42,2021-06-15 07:27:19.817080
2021-01-04,0001-01-01,103562,1386,completed,42,2021-06-15 07:27:19.817080
2021-01-04,0001-01-01,103596,1313,completed,42,2021-06-15 07:27:19.817080
2021-01-04,0001-01-01,103596,1153,completed,42,2021-06-15 07:27:19.817080
2021-01-04,0001-01-01,103635,1191,completed,42,2021-06-15 07:27:19.817080
2021-01-04,0001-01-01,103646,1167,completed,42,2021-06-15 07:27:19.817080
2021-01-04,0001-01-01,103646,1169,completed,42,2021-06-15 07:27:19.817080
2021-01-04,0001-01-01,103646,1191,completed,42,2021-06-15 07:27:19.817080
2021-01-04,0001-01-01,103649,1139,completed,42,2021-06-15 07:27:19.817080
2021-01-04,0001-01-01,103649,1185,completed,42,2021-06-15 07:27:19.817080
2021-01-04,0001-01-01,103657,1422,completed,42,2021-06-15 07:27:19.817080
2021-01-04,0001-01-01,103665,1180,completed,42,2021-06-15 07:27:19.817080
2021-01-04,0001-01-01,103665,1191,completed,42,2021-06-15 07:27:19.817080
2021-01-04,0001-01-01,103672,1174,completed,42,2021-06-15 07:27:19.817080
2021-01-04,0001-01-01,103672,1175,completed,42,2021-06-15 07:27:19.817080
2021-01-04,0001-01-01,103672,1180,completed,42,2021-06-15 07:27:19.817080
2021-01-04,0001-01-01,103672,1189,completed,42,2021-06-15 07:27:19.817080
2021-01-04,0001-01-01,103681,1154,completed,42,2021-06-15 07:27:19.817080
2021-01-04,0001-01-01,103685,1241,completed,42,2021-06-15 07:27:19.817080
2021-01-04,0001-01-01,103685,1376,completed,42,2021-06-15 07:27:19.817080
2021-01-04,0001-01-01,103685,1191,completed,42,2021-06-15 07:27:19.817080
2021-01-04,0001-01-01,103695,1381,completed,42,2021-06-15 07:27:19.817080
2021-01-04,0001-01-01,103695,1383,completed,42,2021-06-15 07:27:19.817080
2021-01-04,0001-01-01,103695,1386,completed,42,2021-06-15 07:27:19.817080
2021-01-04,0001-01-01,103706,1169,completed,42,2021-06-15 07:27:19.817080
2021-01-04,0001-01-01,103713,1164,completed,42,2021-06-15 07:27:19.817080
2021-01-04,0001-01-01,103713,1179,completed,42,2021-06-15 07:27:19.817080
2021-01-04,0001-01-01,103713,1180,completed,42,2021-06-15 07:27:19.817080
2021-01-04,0001-01-01,103713,1190,completed,42,2021-06-15 07:27:19.817080
2021-01-04,0001-01-01,103720,1168,completed,42,2021-06-15 07:27:19.817080
2021-01-04,0001-01-01,103720,1174,completed,42,2021-06-15 07:27:19.817080
2021-01-04,0001-01-01,103720,1179,completed,42,2021-06-15 07:27:19.817080
2021-01-04,0001-01-01,103720,1190,completed,42,2021-06-15 07:27:19.817080
2021-01-04,0001-01-01,103729,1420,completed,42,2021-06-15 07:27:19.817080
2021-01-04,0001-01-01,103729,1421,completed,42,2021-06-15 07:27:19.817080
2021-01-04,0001-01-01,103729,1168,completed,42,2021-06-15 07:27:19.817080
2021-01-04,0001-01-01,103740,1187,completed,42,2021-06-15 07:27:19.817080
2021-01-04,0001-01-01,103747,1367,completed,42,2021-06-15 07:27:19.817080
2021-01-04,0001-01-01,103761,1175,completed,42,2021-06-15 07:27:19.817080
2021-01-04,0001-01-01,103761,1190,completed,42,2021-06-15 07:27:19.817080
2021-01-04,0001-01-01,103761,1191,completed,42,2021-06-15 07:27:19.817080
2021-01-04,0001-01-01,103784,1170,completed,42,2021-06-15 07:27:19.817080
2021-01-04,0001-01-01,103784,1180,completed,42,2021-06-15 07:27:19.817080
2021-01-04,0001-01-01,103784,1181,completed,42,2021-06-15 07:27:19.817080
2021-01-04,0001-01-01,103798,1191,completed,42,2021-06-15 07:27:19.817080
2021-01-04,0001-01-01,103799,1176,completed,42,2021-06-15 07:27:19.817080
2021-01-04,0001-01-01,103799,1182,completed,42,2021-06-15 07:27:19.817080
2021-01-04,0001-01-01,103799,1190,completed,42,2021-06-15 07:27:19.817080
2021-01-04,0001-01-01,103812,1170,completed,42,2021-06-15 07:27:19.817080
2021-01-04,0001-01-01,103812,1176,completed,42,2021-06-15 07:27:19.817080
2021-01-04,0001-01-01,103812,1177,completed,42,2021-06-15 07:27:19.817080
2021-01-04,0001-01-01,103812,1181,completed,42,2021-06-15 07:27:19.817080
2021-01-04,0001-01-01,103818,1374,completed,42,2021-06-15 07:27:19.817080
2021-01-04,0001-01-01,103818,1376,completed,42,2021-06-15 07:27:19.817080
2021-01-04,0001-01-01,103818,1378,completed,42,2021-06-15 07:27:19.817080
2021-01-04,0001-01-01,103818,1380,completed,42,2021-06-15 07:27:19.817080
2021-01-04,0001-01-01,103828,1381,completed,42,2021-06-15 07:27:19.817080
2021-01-04,0001-01-01,103828,1382,completed,42,2021-06-15 07:27:19.817080
2021-01-04,0001-01-01,103828,1383,completed,42,2021-06-15 07:27:19.817080
2021-01-04,0001-01-01,103828,1165,completed,42,2021-06-15 07:27:19.817080
2021-01-04,0001-01-01,103836,1377,completed,42,2021-06-15 07:27:19.817080
2021-01-04,0001-01-01,103836,1378,completed,42,2021-06-15 07:27:19.817080
2021-01-04,0001-01-01,103836,1382,completed,42,2021-06-15 07:27:19.817080
2021-01-04,0001-01-01,103836,1166,completed,42,2021-06-15 07:27:19.817080
2021-01-04,0001-01-01,103847,1169,completed,42,2021-06-15 07:27:19.817080
2021-01-04,0001-01-01,103847,1170,completed,42,2021-06-15 07:27:19.817080
2021-01-04,0001-01-01,103847,1185,completed,42,2021-06-15 07:27:19.817080
2021-01-04,0001-01-01,103847,1190,completed,42,2021-06-15 07:27:19.817080
2021-01-04,0001-01-01,103852,1378,completed,42,2021-06-15 07:27:19.817080
2021-01-04,0001-01-01,103852,1381,completed,42,2021-06-15 07:27:19.817080
2021-01-04,0001-01-01,103852,1383,completed,42,2021-06-15 07:27:19.817080
2021-01-04,0001-01-01,103856,1386,completed,42,2021-06-15 07:27:19.817080
2021-01-04,0001-01-01,103856,1179,completed,42,2021-06-15 07:27:19.817080
2021-01-04,0001-01-01,103891,1165,completed,42,2021-06-15 07:27:19.817080
2021-01-04,0001-01-01,103924,1189,completed,42,2021-06-15 07:27:19.817080
2021-01-04,0001-01-01,103928,1380,completed,42,2021-06-15 07:27:19.817080
2021-01-04,0001-01-01,103928,1382,completed,42,2021-06-15 07:27:19.817080
2021-01-04,0001-01-01,103928,1383,completed,42,2021-06-15 07:27:19.817080
2021-01-04,0001-01-01,103929,1161,completed,42,2021-06-15 07:27:19.817080
2021-01-04,0001-01-01,103929,1162,completed,42,2021-06-15 07:27:19.817080
2021-01-04,0001-01-01,103929,1169,completed,42,2021-06-15 07:27:19.817080
2021-01-04,0001-01-01,103929,1189,completed,42,2021-06-15 07:27:19.817080
2021-01-04,0001-01-01,103939,1157,completed,42,2021-06-15 07:27:19.817080
2021-01-04,0001-01-01,103939,1170,completed,42,2021-06-15 07:27:19.817080
2021-01-04,0001-01-01,103939,1185,completed,42,2021-06-15 07:27:19.817080
2021-01-04,0001-01-01,103942,1162,completed,42,2021-06-15 07:27:19.817080
2021-01-04,0001-01-01,103942,1163,completed,42,2021-06-15 07:27:19.817080
2021-01-04,0001-01-01,103942,1174,completed,42,2021-06-15 07:27:19.817080
2021-01-04,0001-01-01,103942,1183,completed,42,2021-06-15 07:27:19.817080
2021-01-04,0001-01-01,103943,1162,completed,42,2021-06-15 07:27:19.817080
2021-01-04,0001-01-01,103943,1172,completed,42,2021-06-15 07:27:19.817080
2021-01-04,0001-01-01,103943,1176,completed,42,2021-06-15 07:27:19.817080
2021-01-04,0001-01-01,103943,1187,completed,42,2021-06-15 07:27:19.817080
2021-01-04,0001-01-01,103948,1380,completed,42,2021-06-15 07:27:19.817080
2021-01-04,0001-01-01,103948,1381,completed,42,2021-06-15 07:27:19.817080
2021-01-04,0001-01-01,103948,1182,completed,42,2021-06-15 07:27:19.817080
2021-01-04,0001-01-01,103952,1163,completed,42,2021-06-15 07:27:19.817080
2021-01-04,0001-01-01,103955,1187,completed,42,2021-06-15 07:27:19.817080
2021-01-04,0001-01-01,103980,1166,completed,42,2021-06-15 07:27:19.817080
2021-01-04,0001-01-01,103980,1182,completed,42,2021-06-15 07:27:19.817080
2021-01-04,0001-01-01,103980,1190,completed,42,2021-06-15 07:27:19.817080
2021-01-04,0001-01-01,103980,1191,completed,42,2021-06-15 07:27:19.817080
2021-01-04,0001-01-01,103989,1378,completed,42,2021-06-15 07:27:19.817080
2021-01-04,0001-01-01,103989,1379,completed,42,2021-06-15 07:27:19.817080
2021-01-04,0001-01-01,103989,1382,completed,42,2021-06-15 07:27:19.817080
2021-01-04,0001-01-01,103989,1383,completed,42,2021-06-15 07:27:19.817080
