course_id,semester_id,staff_id,lecture_days,lecture_start_hour,lecture_duration,lab_days,lab_start_hour,lab_duration
1090,29,5313,0101010,8,75,0000010,10,90
1091,29,5313,0101010,8,75,0000010,10,90
1092,29,5347,0010100,8,75,0000010,10,90
1242,29,5316,0010100,8,75,0000010,10,90
1192,29,5358,0101010,8,75,0000010,10,90
1093,29,5352,0101010,8,75,0000010,10,90
1243,29,5332,0101010,8,75,0000010,10,90
1193,29,5317,0010100,8,75,0000010,10,90
1248,29,5352,0010100,8,75,0000010,10,90
1094,29,5352,0101010,8,75,0000010,10,90
1194,29,5363,0010100,8,75,0000010,10,90
1099,29,5344,0101010,8,75,0000010,10,90
1256,29,5358,0101010,8,75,0000010,10,90
1206,29,5329,0010100,8,75,0000010,10,90
1249,29,5349,0010100,8,75,0000010,10,90
1199,29,5357,0101010,8,75,0000010,10,90
1095,29,5347,0010100,8,75,0000010,10,90
1245,29,5364,0101010,8,75,0000010,10,90
1107,29,5328,0010100,8,75,0000010,10,90
1207,29,5339,0101010,8,75,0000010,10,90
1250,29,5344,0101010,8,75,0000010,10,90
1200,29,5314,0101010,8,75,0000010,10,90
1096,29,5327,0101010,8,75,0000010,10,90
1246,29,5333,0101010,8,75,0000010,10,90
1196,29,5347,0010100,8,75,0000010,10,90
1101,29,5352,0010100,8,75,0000010,10,90
1258,29,5341,0101010,8,75,0000010,10,90
1208,29,5346,0010100,8,75,0000010,10,90
1251,29,5363,0010100,8,75,0000010,10,90
1201,29,5315,0010100,8,75,0000010,10,90
1097,29,5339,0010100,8,75,0000010,10,90
1247,29,5360,0010100,8,75,0000010,10,90
1197,29,5343,0010100,8,75,0000010,10,90
1102,29,5352,0010100,8,75,0000010,10,90
1259,29,5348,0101010,8,75,0000010,10,90
1252,29,5337,0010100,8,75,0000010,10,90
1202,29,5354,0101010,8,75,0000010,10,90
1098,29,5336,0010100,8,75,0000010,10,90
1103,29,5326,0101010,8,75,0000010,10,90
1260,29,5352,0010100,8,75,0000010,10,90
1210,29,5343,0101010,8,75,0000010,10,90
1253,29,5356,0010100,8,75,0000010,10,90
1203,29,5321,0010100,8,75,0000010,10,90
1104,29,5361,0010100,8,75,0000010,10,90
1261,29,5338,0010100,8,75,0000010,10,90
1211,29,5331,0101010,8,75,0000010,10,90
1254,29,5364,0101010,8,75,0000010,10,90
1204,29,5318,0010100,8,75,0000010,10,90
1112,29,5358,0101010,8,75,0000010,10,90
1262,29,5344,0101010,8,75,0000010,10,90
1212,29,5332,0010100,8,75,0000010,10,90
1255,29,5319,0010100,8,75,0000010,10,90
1205,29,5346,0101010,8,75,0000010,10,90
1113,29,5324,0010100,8,75,0000010,10,90
1263,29,5318,0010100,8,75,0000010,10,90
1213,29,5335,0010100,8,75,0000010,10,90
1214,29,5314,0101010,8,75,0000010,10,90
1115,29,5348,0010100,8,75,0000010,10,90
1265,29,5362,0010100,8,75,0000010,10,90
1215,29,5355,0101010,8,75,0000010,10,90
1116,29,5340,0010100,8,75,0000010,10,90
1266,29,5361,0010100,8,75,0000010,10,90
1216,29,5325,0101010,8,75,0000010,10,90
1117,29,5342,0101010,8,75,0000010,10,90
1267,29,5319,0101010,8,75,0000010,10,90
1118,29,5340,0101010,8,75,0000010,10,90
1268,29,5356,0010100,8,75,0000010,10,90
1119,29,5357,0010100,8,75,0000010,10,90
1269,29,5315,0010100,8,75,0000010,10,90
1219,29,5330,0010100,8,75,0000010,10,90
1120,29,5365,0101010,8,75,0000010,10,90
1270,29,5316,0010100,8,75,0000010,10,90
1220,29,5344,0101010,8,75,0000010,10,90
1121,29,5336,0101010,8,75,0000010,10,90
1271,29,5321,0101010,8,75,0000010,10,90
1221,29,5338,0101010,8,75,0000010,10,90
1122,29,5345,0101010,8,75,0000010,10,90
1272,29,5336,0010100,8,75,0000010,10,90
1222,29,5326,0101010,8,75,0000010,10,90
1123,29,5325,0101010,8,75,0000010,10,90
1273,29,5365,0010100,8,75,0000010,10,90
1223,29,5348,0101010,8,75,0000010,10,90
1124,29,5319,0101010,8,75,0000010,10,90
1224,29,5350,0010100,8,75,0000010,10,90
1125,29,5321,0010100,8,75,0000010,10,90
1225,29,5316,0010100,8,75,0000010,10,90
1126,29,5324,0010100,8,75,0000010,10,90
1226,29,5327,0101010,8,75,0000010,10,90
1227,29,5320,0101010,8,75,0000010,10,90
1128,29,5334,0010100,8,75,0000010,10,90
1228,29,5321,0010100,8,75,0000010,10,90
1129,29,5318,0010100,8,75,0000010,10,90
1229,29,5358,0101010,8,75,0000010,10,90
1130,29,5325,0101010,8,75,0000010,10,90
1230,29,5363,0010100,8,75,0000010,10,90
1131,29,5330,0101010,8,75,0000010,10,90
1231,29,5351,0010100,8,75,0000010,10,90
1132,29,5316,0010100,8,75,0000010,10,90
1232,29,5317,0010100,8,75,0000010,10,90
1133,29,5335,0010100,8,75,0000010,10,90
1233,29,5348,0101010,8,75,0000010,10,90
1134,29,5325,0010100,8,75,0000010,10,90
1135,29,5346,0101010,8,75,0000010,10,90
1235,29,5349,0010100,8,75,0000010,10,90
1136,29,5358,0010100,8,75,0000010,10,90
1236,29,5364,0101010,8,75,0000010,10,90
1137,29,5349,0010100,8,75,0000010,10,90
1237,29,5337,0010100,8,75,0000010,10,90
1138,29,5314,0010100,8,75,0000010,10,90
1238,29,5342,0010100,8,75,0000010,10,90
1139,29,5316,0101010,8,75,0000010,10,90
1239,29,5318,0101010,8,75,0000010,10,90
1140,29,5362,0010100,8,75,0000010,10,90
1240,29,5343,0101010,8,75,0000010,10,90
1141,29,5362,0101010,8,75,0000010,10,90
1241,29,5316,0010100,8,75,0000010,10,90
1142,29,5363,0010100,8,75,0000010,10,90
1143,29,5352,0010100,8,75,0000010,10,90
1145,29,5316,0101010,8,75,0000010,10,90
1147,29,5352,0010100,8,75,0000010,10,90
1148,29,5362,0010100,8,75,0000010,10,90
1150,29,5325,0010100,8,75,0000010,10,90
1151,29,5365,0010100,8,75,0000010,10,90
1152,29,5344,0101010,8,75,0000010,10,90
1153,29,5324,0010100,8,75,0000010,10,90
1154,29,5342,0101010,8,75,0000010,10,90
1155,29,5327,0101010,8,75,0000010,10,90
1156,29,5338,0010100,8,75,0000010,10,90
1157,29,5347,0010100,8,75,0000010,10,90
1159,29,5316,0010100,8,75,0000010,10,90
1161,29,5327,0010100,8,75,0000010,10,90
1162,29,5344,0010100,8,75,0000010,10,90
1163,29,5342,0101010,8,75,0000010,10,90
1164,29,5334,0010100,8,75,0000010,10,90
1165,29,5315,0010100,8,75,0000010,10,90
1166,29,5321,0010100,8,75,0000010,10,90
1167,29,5314,0101010,8,75,0000010,10,90
1168,29,5355,0101010,8,75,0000010,10,90
1169,29,5363,0101010,8,75,0000010,10,90
1170,29,5328,0010100,8,75,0000010,10,90
1171,29,5340,0101010,8,75,0000010,10,90
1172,29,5355,0010100,8,75,0000010,10,90
1174,29,5350,0101010,8,75,0000010,10,90
1175,29,5333,0101010,8,75,0000010,10,90
1176,29,5329,0010100,8,75,0000010,10,90
1177,29,5317,0101010,8,75,0000010,10,90
1179,29,5317,0010100,8,75,0000010,10,90
1180,29,5330,0101010,8,75,0000010,10,90
1181,29,5337,0010100,8,75,0000010,10,90
1182,29,5364,0010100,8,75,0000010,10,90
1183,29,5343,0010100,8,75,0000010,10,90
1185,29,5356,0101010,8,75,0000010,10,90
1187,29,5357,0010100,8,75,0000010,10,90
1189,29,5326,0101010,8,75,0000010,10,90
1190,29,5358,0101010,8,75,0000010,10,90
1191,29,5355,0010100,8,75,0000010,10,90
1274,29,5366,0101010,8,75,0000010,10,90
1275,29,5372,0101010,8,75,0000010,10,90
1281,29,5373,0010100,8,75,0000010,10,90
1277,29,5373,0010100,8,75,0000010,10,90
1289,29,5376,0101010,8,75,0000010,10,90
1282,29,5370,0101010,8,75,0000010,10,90
1290,29,5372,0010100,8,75,0000010,10,90
1283,29,5366,0010100,8,75,0000010,10,90
1279,29,5372,0101010,8,75,0000010,10,90
1291,29,5368,0010100,8,75,0000010,10,90
1284,29,5370,0101010,8,75,0000010,10,90
1280,29,5372,0010100,8,75,0000010,10,90
1292,29,5370,0101010,8,75,0000010,10,90
1285,29,5369,0101010,8,75,0000010,10,90
1293,29,5373,0010100,8,75,0000010,10,90
1286,29,5372,0101010,8,75,0000010,10,90
1294,29,5368,0010100,8,75,0000010,10,90
1287,29,5371,0101010,8,75,0000010,10,90
1295,29,5366,0010100,8,75,0000010,10,90
1296,29,5375,0101010,8,75,0000010,10,90
1297,29,5370,0101010,8,75,0000010,10,90
1299,29,5366,0101010,8,75,0000010,10,90
1300,29,5373,0010100,8,75,0000010,10,90
1301,29,5371,0101010,8,75,0000010,10,90
1302,29,5375,0101010,8,75,0000010,10,90
1304,29,5369,0101010,8,75,0000010,10,90
1305,29,5368,0101010,8,75,0000010,10,90
1306,29,5369,0101010,8,75,0000010,10,90
1307,29,5372,0010100,8,75,0000010,10,90
1309,29,5372,0101010,8,75,0000010,10,90
1310,29,5376,0010100,8,75,0000010,10,90
1311,29,5366,0010100,8,75,0000010,10,90
1312,29,5376,0101010,8,75,0000010,10,90
1313,29,5377,0101010,8,75,0000010,10,90
1314,29,5384,0010100,8,75,0000010,10,90
1315,29,5380,0101010,8,75,0000010,10,90
1316,29,5381,0101010,8,75,0000010,10,90
1328,29,5391,0101010,8,75,0000010,10,90
1321,29,5391,0101010,8,75,0000010,10,90
1329,29,5386,0101010,8,75,0000010,10,90
1322,29,5383,0101010,8,75,0000010,10,90
1318,29,5396,0010100,8,75,0000010,10,90
1330,29,5385,0101010,8,75,0000010,10,90
1323,29,5394,0010100,8,75,0000010,10,90
1319,29,5395,0101010,8,75,0000010,10,90
1331,29,5388,0010100,8,75,0000010,10,90
1324,29,5395,0010100,8,75,0000010,10,90
1320,29,5397,0010100,8,75,0000010,10,90
1332,29,5393,0010100,8,75,0000010,10,90
1325,29,5379,0010100,8,75,0000010,10,90
1333,29,5382,0010100,8,75,0000010,10,90
1326,29,5386,0010100,8,75,0000010,10,90
1334,29,5397,0101010,8,75,0000010,10,90
1327,29,5389,0010100,8,75,0000010,10,90
1335,29,5378,0010100,8,75,0000010,10,90
1336,29,5378,0101010,8,75,0000010,10,90
1337,29,5391,0010100,8,75,0000010,10,90
1339,29,5395,0101010,8,75,0000010,10,90
1341,29,5394,0101010,8,75,0000010,10,90
1343,29,5395,0010100,8,75,0000010,10,90
1344,29,5385,0010100,8,75,0000010,10,90
1345,29,5383,0101010,8,75,0000010,10,90
1346,29,5379,0010100,8,75,0000010,10,90
1347,29,5391,0010100,8,75,0000010,10,90
1349,29,5389,0010100,8,75,0000010,10,90
1351,29,5378,0010100,8,75,0000010,10,90
1352,29,5397,0101010,8,75,0000010,10,90
1353,29,5392,0010100,8,75,0000010,10,90
1354,29,5391,0101010,8,75,0000010,10,90
1355,29,5393,0101010,8,75,0000010,10,90
1356,29,5390,0010100,8,75,0000010,10,90
1357,29,5378,0010100,8,75,0000010,10,90
1358,29,5394,0101010,8,75,0000010,10,90
1360,29,5381,0010100,8,75,0000010,10,90
1361,29,5389,0010100,8,75,0000010,10,90
1363,29,5389,0010100,8,75,0000010,10,90
1364,29,5383,0101010,8,75,0000010,10,90
1365,29,5384,0101010,8,75,0000010,10,90
1366,29,5388,0101010,8,75,0000010,10,90
1367,29,5387,0010100,8,75,0000010,10,90
1368,29,5398,0101010,8,75,0000010,10,90
1369,29,5383,0010100,8,75,0000010,10,90
1370,29,5382,0101010,8,75,0000010,10,90
1371,29,5391,0101010,8,75,0000010,10,90
1372,29,5398,0010100,8,75,0000010,10,90
1373,29,5390,0010100,8,75,0000010,10,90
1374,29,5389,0010100,8,75,0000010,10,90
1375,29,5383,0101010,8,75,0000010,10,90
1376,29,5398,0010100,8,75,0000010,10,90
1377,29,5388,0010100,8,75,0000010,10,90
1378,29,5386,0010100,8,75,0000010,10,90
1379,29,5385,0101010,8,75,0000010,10,90
1380,29,5393,0101010,8,75,0000010,10,90
1381,29,5381,0101010,8,75,0000010,10,90
1382,29,5394,0101010,8,75,0000010,10,90
1383,29,5392,0101010,8,75,0000010,10,90
1386,29,5387,0101010,8,75,0000010,10,90
1388,29,5406,0101010,8,75,0000010,10,90
1389,29,5404,0101010,8,75,0000010,10,90
1390,29,5407,0010100,8,75,0000010,10,90
1402,29,5406,0101010,8,75,0000010,10,90
1395,29,5403,0101010,8,75,0000010,10,90
1391,29,5400,0101010,8,75,0000010,10,90
1403,29,5403,0101010,8,75,0000010,10,90
1396,29,5401,0101010,8,75,0000010,10,90
1392,29,5407,0010100,8,75,0000010,10,90
1404,29,5407,0010100,8,75,0000010,10,90
1393,29,5401,0101010,8,75,0000010,10,90
1405,29,5406,0010100,8,75,0000010,10,90
1398,29,5401,0101010,8,75,0000010,10,90
1394,29,5408,0010100,8,75,0000010,10,90
1406,29,5407,0010100,8,75,0000010,10,90
1399,29,5403,0101010,8,75,0000010,10,90
1407,29,5406,0101010,8,75,0000010,10,90
1400,29,5400,0010100,8,75,0000010,10,90
1408,29,5401,0101010,8,75,0000010,10,90
1401,29,5407,0101010,8,75,0000010,10,90
1409,29,5408,0101010,8,75,0000010,10,90
1410,29,5405,0101010,8,75,0000010,10,90
1411,29,5399,0101010,8,75,0000010,10,90
1412,29,5400,0010100,8,75,0000010,10,90
1413,29,5408,0101010,8,75,0000010,10,90
1414,29,5400,0101010,8,75,0000010,10,90
1415,29,5406,0010100,8,75,0000010,10,90
1416,29,5404,0010100,8,75,0000010,10,90
1417,29,5402,0101010,8,75,0000010,10,90
1418,29,5403,0010100,8,75,0000010,10,90
1420,29,5404,0101010,8,75,0000010,10,90
1421,29,5408,0101010,8,75,0000010,10,90
1422,29,5407,0101010,8,75,0000010,10,90
1090,30,5313,0101010,8,75,0000010,10,90
1091,30,5313,0101010,8,75,0000010,10,90
1092,30,5345,0010100,8,75,0000010,10,90
1242,30,5314,0010100,8,75,0000010,10,90
1192,30,5357,0101010,8,75,0000010,10,90
1093,30,5353,0101010,8,75,0000010,10,90
1243,30,5342,0101010,8,75,0000010,10,90
1193,30,5340,0010100,8,75,0000010,10,90
1248,30,5336,0010100,8,75,0000010,10,90
1094,30,5330,0101010,8,75,0000010,10,90
1194,30,5337,0010100,8,75,0000010,10,90
1099,30,5339,0101010,8,75,0000010,10,90
1256,30,5338,0101010,8,75,0000010,10,90
1206,30,5337,0010100,8,75,0000010,10,90
1249,30,5317,0010100,8,75,0000010,10,90
1199,30,5345,0101010,8,75,0000010,10,90
1095,30,5353,0010100,8,75,0000010,10,90
1245,30,5349,0101010,8,75,0000010,10,90
1107,30,5324,0010100,8,75,0000010,10,90
1207,30,5341,0101010,8,75,0000010,10,90
1250,30,5339,0101010,8,75,0000010,10,90
1200,30,5316,0101010,8,75,0000010,10,90
1096,30,5334,0101010,8,75,0000010,10,90
1246,30,5314,0101010,8,75,0000010,10,90
1196,30,5323,0010100,8,75,0000010,10,90
1101,30,5356,0010100,8,75,0000010,10,90
1258,30,5327,0101010,8,75,0000010,10,90
1208,30,5358,0010100,8,75,0000010,10,90
1251,30,5327,0010100,8,75,0000010,10,90
1201,30,5358,0010100,8,75,0000010,10,90
1097,30,5347,0010100,8,75,0000010,10,90
1247,30,5324,0010100,8,75,0000010,10,90
1197,30,5347,0010100,8,75,0000010,10,90
1102,30,5358,0010100,8,75,0000010,10,90
1259,30,5331,0101010,8,75,0000010,10,90
1252,30,5350,0010100,8,75,0000010,10,90
1202,30,5321,0101010,8,75,0000010,10,90
1098,30,5337,0010100,8,75,0000010,10,90
1103,30,5349,0101010,8,75,0000010,10,90
1260,30,5357,0010100,8,75,0000010,10,90
1210,30,5346,0101010,8,75,0000010,10,90
1253,30,5329,0010100,8,75,0000010,10,90
1203,30,5322,0010100,8,75,0000010,10,90
1104,30,5334,0010100,8,75,0000010,10,90
1261,30,5365,0010100,8,75,0000010,10,90
1211,30,5344,0101010,8,75,0000010,10,90
1254,30,5328,0101010,8,75,0000010,10,90
1204,30,5342,0010100,8,75,0000010,10,90
1112,30,5347,0101010,8,75,0000010,10,90
1262,30,5341,0101010,8,75,0000010,10,90
1212,30,5323,0010100,8,75,0000010,10,90
1255,30,5337,0010100,8,75,0000010,10,90
1205,30,5336,0101010,8,75,0000010,10,90
1113,30,5352,0010100,8,75,0000010,10,90
1263,30,5363,0010100,8,75,0000010,10,90
1213,30,5321,0010100,8,75,0000010,10,90
1214,30,5324,0101010,8,75,0000010,10,90
1115,30,5362,0010100,8,75,0000010,10,90
1265,30,5363,0010100,8,75,0000010,10,90
1215,30,5337,0101010,8,75,0000010,10,90
1116,30,5322,0010100,8,75,0000010,10,90
1266,30,5345,0010100,8,75,0000010,10,90
1216,30,5358,0101010,8,75,0000010,10,90
1117,30,5362,0101010,8,75,0000010,10,90
1267,30,5320,0101010,8,75,0000010,10,90
1118,30,5343,0101010,8,75,0000010,10,90
1268,30,5345,0010100,8,75,0000010,10,90
1119,30,5324,0010100,8,75,0000010,10,90
1269,30,5354,0010100,8,75,0000010,10,90
1219,30,5354,0010100,8,75,0000010,10,90
1120,30,5330,0101010,8,75,0000010,10,90
1270,30,5349,0010100,8,75,0000010,10,90
1220,30,5318,0101010,8,75,0000010,10,90
1121,30,5324,0101010,8,75,0000010,10,90
1271,30,5318,0101010,8,75,0000010,10,90
1221,30,5335,0101010,8,75,0000010,10,90
1122,30,5337,0101010,8,75,0000010,10,90
1272,30,5344,0010100,8,75,0000010,10,90
1222,30,5320,0101010,8,75,0000010,10,90
1123,30,5355,0101010,8,75,0000010,10,90
1273,30,5351,0010100,8,75,0000010,10,90
1223,30,5348,0101010,8,75,0000010,10,90
1124,30,5354,0101010,8,75,0000010,10,90
1224,30,5350,0010100,8,75,0000010,10,90
1125,30,5316,0010100,8,75,0000010,10,90
1225,30,5335,0010100,8,75,0000010,10,90
1126,30,5322,0010100,8,75,0000010,10,90
1226,30,5351,0101010,8,75,0000010,10,90
1227,30,5340,0101010,8,75,0000010,10,90
1128,30,5323,0010100,8,75,0000010,10,90
1228,30,5349,0010100,8,75,0000010,10,90
1129,30,5317,0010100,8,75,0000010,10,90
1229,30,5354,0101010,8,75,0000010,10,90
1130,30,5363,0101010,8,75,0000010,10,90
1230,30,5326,0010100,8,75,0000010,10,90
1131,30,5354,0101010,8,75,0000010,10,90
1231,30,5346,0010100,8,75,0000010,10,90
1132,30,5341,0010100,8,75,0000010,10,90
1232,30,5354,0010100,8,75,0000010,10,90
1133,30,5323,0010100,8,75,0000010,10,90
1233,30,5317,0101010,8,75,0000010,10,90
1134,30,5340,0010100,8,75,0000010,10,90
1135,30,5356,0101010,8,75,0000010,10,90
1235,30,5343,0010100,8,75,0000010,10,90
1136,30,5329,0010100,8,75,0000010,10,90
1236,30,5317,0101010,8,75,0000010,10,90
1137,30,5331,0010100,8,75,0000010,10,90
1237,30,5322,0010100,8,75,0000010,10,90
1138,30,5322,0010100,8,75,0000010,10,90
1238,30,5362,0010100,8,75,0000010,10,90
1139,30,5352,0101010,8,75,0000010,10,90
1239,30,5350,0101010,8,75,0000010,10,90
1140,30,5340,0010100,8,75,0000010,10,90
1240,30,5340,0101010,8,75,0000010,10,90
1141,30,5317,0101010,8,75,0000010,10,90
1241,30,5365,0010100,8,75,0000010,10,90
1142,30,5324,0010100,8,75,0000010,10,90
1143,30,5359,0010100,8,75,0000010,10,90
1145,30,5358,0101010,8,75,0000010,10,90
1147,30,5322,0010100,8,75,0000010,10,90
1148,30,5356,0010100,8,75,0000010,10,90
1150,30,5364,0010100,8,75,0000010,10,90
1151,30,5325,0010100,8,75,0000010,10,90
1152,30,5339,0101010,8,75,0000010,10,90
1153,30,5356,0010100,8,75,0000010,10,90
1154,30,5323,0101010,8,75,0000010,10,90
1155,30,5347,0101010,8,75,0000010,10,90
1156,30,5358,0010100,8,75,0000010,10,90
1157,30,5346,0010100,8,75,0000010,10,90
1159,30,5326,0010100,8,75,0000010,10,90
1161,30,5360,0010100,8,75,0000010,10,90
1162,30,5323,0010100,8,75,0000010,10,90
1163,30,5362,0101010,8,75,0000010,10,90
1164,30,5365,0010100,8,75,0000010,10,90
1165,30,5341,0010100,8,75,0000010,10,90
1166,30,5329,0010100,8,75,0000010,10,90
1167,30,5341,0101010,8,75,0000010,10,90
1168,30,5356,0101010,8,75,0000010,10,90
1169,30,5340,0101010,8,75,0000010,10,90
1170,30,5362,0010100,8,75,0000010,10,90
1171,30,5330,0101010,8,75,0000010,10,90
1172,30,5363,0010100,8,75,0000010,10,90
1174,30,5357,0101010,8,75,0000010,10,90
1175,30,5325,0101010,8,75,0000010,10,90
1176,30,5358,0010100,8,75,0000010,10,90
1177,30,5328,0101010,8,75,0000010,10,90
1179,30,5357,0010100,8,75,0000010,10,90
1180,30,5322,0101010,8,75,0000010,10,90
1181,30,5321,0010100,8,75,0000010,10,90
1182,30,5318,0010100,8,75,0000010,10,90
1183,30,5314,0010100,8,75,0000010,10,90
1185,30,5320,0101010,8,75,0000010,10,90
1187,30,5345,0010100,8,75,0000010,10,90
1189,30,5343,0101010,8,75,0000010,10,90
1190,30,5324,0101010,8,75,0000010,10,90
1191,30,5335,0010100,8,75,0000010,10,90
1274,30,5376,0101010,8,75,0000010,10,90
1275,30,5369,0101010,8,75,0000010,10,90
1281,30,5372,0010100,8,75,0000010,10,90
1277,30,5370,0010100,8,75,0000010,10,90
1289,30,5376,0101010,8,75,0000010,10,90
1282,30,5373,0101010,8,75,0000010,10,90
1290,30,5376,0010100,8,75,0000010,10,90
1283,30,5367,0010100,8,75,0000010,10,90
1279,30,5367,0101010,8,75,0000010,10,90
1291,30,5375,0010100,8,75,0000010,10,90
1284,30,5370,0101010,8,75,0000010,10,90
1280,30,5368,0010100,8,75,0000010,10,90
1292,30,5373,0101010,8,75,0000010,10,90
1285,30,5373,0101010,8,75,0000010,10,90
1293,30,5367,0010100,8,75,0000010,10,90
1286,30,5373,0101010,8,75,0000010,10,90
1294,30,5377,0010100,8,75,0000010,10,90
1287,30,5374,0101010,8,75,0000010,10,90
1295,30,5371,0010100,8,75,0000010,10,90
1296,30,5375,0101010,8,75,0000010,10,90
1297,30,5366,0101010,8,75,0000010,10,90
1299,30,5366,0101010,8,75,0000010,10,90
1300,30,5372,0010100,8,75,0000010,10,90
1301,30,5377,0101010,8,75,0000010,10,90
1302,30,5372,0101010,8,75,0000010,10,90
1304,30,5366,0101010,8,75,0000010,10,90
1305,30,5371,0101010,8,75,0000010,10,90
1306,30,5375,0101010,8,75,0000010,10,90
1307,30,5368,0010100,8,75,0000010,10,90
1309,30,5376,0101010,8,75,0000010,10,90
1310,30,5366,0010100,8,75,0000010,10,90
1311,30,5372,0010100,8,75,0000010,10,90
1312,30,5375,0101010,8,75,0000010,10,90
1313,30,5369,0101010,8,75,0000010,10,90
1314,30,5380,0010100,8,75,0000010,10,90
1315,30,5398,0101010,8,75,0000010,10,90
1316,30,5397,0101010,8,75,0000010,10,90
1328,30,5393,0101010,8,75,0000010,10,90
1321,30,5380,0101010,8,75,0000010,10,90
1329,30,5392,0101010,8,75,0000010,10,90
1322,30,5393,0101010,8,75,0000010,10,90
1318,30,5390,0010100,8,75,0000010,10,90
1330,30,5382,0101010,8,75,0000010,10,90
1323,30,5379,0010100,8,75,0000010,10,90
1319,30,5389,0101010,8,75,0000010,10,90
1331,30,5396,0010100,8,75,0000010,10,90
1324,30,5386,0010100,8,75,0000010,10,90
1320,30,5379,0010100,8,75,0000010,10,90
1332,30,5381,0010100,8,75,0000010,10,90
1325,30,5392,0010100,8,75,0000010,10,90
1333,30,5383,0010100,8,75,0000010,10,90
1326,30,5395,0010100,8,75,0000010,10,90
1334,30,5379,0101010,8,75,0000010,10,90
1327,30,5395,0010100,8,75,0000010,10,90
1335,30,5391,0010100,8,75,0000010,10,90
1336,30,5383,0101010,8,75,0000010,10,90
1337,30,5378,0010100,8,75,0000010,10,90
1339,30,5378,0101010,8,75,0000010,10,90
1341,30,5397,0101010,8,75,0000010,10,90
1343,30,5390,0010100,8,75,0000010,10,90
1344,30,5396,0010100,8,75,0000010,10,90
1345,30,5388,0101010,8,75,0000010,10,90
1346,30,5386,0010100,8,75,0000010,10,90
1347,30,5394,0010100,8,75,0000010,10,90
1349,30,5394,0010100,8,75,0000010,10,90
1351,30,5392,0010100,8,75,0000010,10,90
1352,30,5389,0101010,8,75,0000010,10,90
1353,30,5384,0010100,8,75,0000010,10,90
1354,30,5395,0101010,8,75,0000010,10,90
1355,30,5393,0101010,8,75,0000010,10,90
1356,30,5395,0010100,8,75,0000010,10,90
1357,30,5392,0010100,8,75,0000010,10,90
1358,30,5378,0101010,8,75,0000010,10,90
1360,30,5394,0010100,8,75,0000010,10,90
1361,30,5380,0010100,8,75,0000010,10,90
1363,30,5397,0010100,8,75,0000010,10,90
1364,30,5396,0101010,8,75,0000010,10,90
1365,30,5382,0101010,8,75,0000010,10,90
1366,30,5396,0101010,8,75,0000010,10,90
1367,30,5396,0010100,8,75,0000010,10,90
1368,30,5398,0101010,8,75,0000010,10,90
1369,30,5388,0010100,8,75,0000010,10,90
1370,30,5390,0101010,8,75,0000010,10,90
1371,30,5381,0101010,8,75,0000010,10,90
1372,30,5396,0010100,8,75,0000010,10,90
1373,30,5386,0010100,8,75,0000010,10,90
1374,30,5391,0010100,8,75,0000010,10,90
1375,30,5395,0101010,8,75,0000010,10,90
1376,30,5383,0010100,8,75,0000010,10,90
1377,30,5385,0010100,8,75,0000010,10,90
1378,30,5379,0010100,8,75,0000010,10,90
1379,30,5381,0101010,8,75,0000010,10,90
1380,30,5380,0101010,8,75,0000010,10,90
1381,30,5387,0101010,8,75,0000010,10,90
1382,30,5391,0101010,8,75,0000010,10,90
1383,30,5380,0101010,8,75,0000010,10,90
1386,30,5390,0101010,8,75,0000010,10,90
1388,30,5408,0101010,8,75,0000010,10,90
1389,30,5407,0101010,8,75,0000010,10,90
1390,30,5404,0010100,8,75,0000010,10,90
1402,30,5400,0101010,8,75,0000010,10,90
1395,30,5406,0101010,8,75,0000010,10,90
1391,30,5405,0101010,8,75,0000010,10,90
1403,30,5401,0101010,8,75,0000010,10,90
1396,30,5404,0101010,8,75,0000010,10,90
1392,30,5408,0010100,8,75,0000010,10,90
1404,30,5399,0010100,8,75,0000010,10,90
1393,30,5400,0101010,8,75,0000010,10,90
1405,30,5399,0010100,8,75,0000010,10,90
1398,30,5405,0101010,8,75,0000010,10,90
1394,30,5399,0010100,8,75,0000010,10,90
1406,30,5403,0010100,8,75,0000010,10,90
1399,30,5403,0101010,8,75,0000010,10,90
1407,30,5405,0101010,8,75,0000010,10,90
1400,30,5406,0010100,8,75,0000010,10,90
1408,30,5407,0101010,8,75,0000010,10,90
1401,30,5405,0101010,8,75,0000010,10,90
1409,30,5406,0101010,8,75,0000010,10,90
1410,30,5399,0101010,8,75,0000010,10,90
1411,30,5400,0101010,8,75,0000010,10,90
1412,30,5407,0010100,8,75,0000010,10,90
1413,30,5401,0101010,8,75,0000010,10,90
1414,30,5407,0101010,8,75,0000010,10,90
1415,30,5401,0010100,8,75,0000010,10,90
1416,30,5401,0010100,8,75,0000010,10,90
1417,30,5405,0101010,8,75,0000010,10,90
1418,30,5401,0010100,8,75,0000010,10,90
1420,30,5399,0101010,8,75,0000010,10,90
1421,30,5403,0101010,8,75,0000010,10,90
1422,30,5405,0101010,8,75,0000010,10,90
1090,31,5313,0101010,8,75,0000010,10,90
1091,31,5313,0101010,8,75,0000010,10,90
1092,31,5352,0010100,8,75,0000010,10,90
1242,31,5331,0010100,8,75,0000010,10,90
1192,31,5326,0101010,8,75,0000010,10,90
1093,31,5338,0101010,8,75,0000010,10,90
1243,31,5363,0101010,8,75,0000010,10,90
1193,31,5316,0010100,8,75,0000010,10,90
1248,31,5348,0010100,8,75,0000010,10,90
1094,31,5323,0101010,8,75,0000010,10,90
1194,31,5315,0010100,8,75,0000010,10,90
1099,31,5336,0101010,8,75,0000010,10,90
1256,31,5356,0101010,8,75,0000010,10,90
1206,31,5341,0010100,8,75,0000010,10,90
1249,31,5346,0010100,8,75,0000010,10,90
1199,31,5353,0101010,8,75,0000010,10,90
1095,31,5326,0010100,8,75,0000010,10,90
1245,31,5324,0101010,8,75,0000010,10,90
1107,31,5349,0010100,8,75,0000010,10,90
1207,31,5349,0101010,8,75,0000010,10,90
1250,31,5349,0101010,8,75,0000010,10,90
1200,31,5352,0101010,8,75,0000010,10,90
1096,31,5329,0101010,8,75,0000010,10,90
1246,31,5337,0101010,8,75,0000010,10,90
1196,31,5351,0010100,8,75,0000010,10,90
1101,31,5324,0010100,8,75,0000010,10,90
1258,31,5337,0101010,8,75,0000010,10,90
1208,31,5331,0010100,8,75,0000010,10,90
1251,31,5336,0010100,8,75,0000010,10,90
1201,31,5333,0010100,8,75,0000010,10,90
1097,31,5348,0010100,8,75,0000010,10,90
1247,31,5361,0010100,8,75,0000010,10,90
1197,31,5345,0010100,8,75,0000010,10,90
1102,31,5335,0010100,8,75,0000010,10,90
1259,31,5318,0101010,8,75,0000010,10,90
1252,31,5318,0010100,8,75,0000010,10,90
1202,31,5316,0101010,8,75,0000010,10,90
1098,31,5356,0010100,8,75,0000010,10,90
1103,31,5332,0101010,8,75,0000010,10,90
1260,31,5359,0010100,8,75,0000010,10,90
1210,31,5350,0101010,8,75,0000010,10,90
1253,31,5327,0010100,8,75,0000010,10,90
1203,31,5346,0010100,8,75,0000010,10,90
1104,31,5323,0010100,8,75,0000010,10,90
1261,31,5326,0010100,8,75,0000010,10,90
1211,31,5333,0101010,8,75,0000010,10,90
1254,31,5320,0101010,8,75,0000010,10,90
1204,31,5357,0010100,8,75,0000010,10,90
1112,31,5356,0101010,8,75,0000010,10,90
1262,31,5319,0101010,8,75,0000010,10,90
1212,31,5352,0010100,8,75,0000010,10,90
1255,31,5359,0010100,8,75,0000010,10,90
1205,31,5320,0101010,8,75,0000010,10,90
1113,31,5339,0010100,8,75,0000010,10,90
1263,31,5363,0010100,8,75,0000010,10,90
1213,31,5328,0010100,8,75,0000010,10,90
1214,31,5333,0101010,8,75,0000010,10,90
1115,31,5357,0010100,8,75,0000010,10,90
1265,31,5344,0010100,8,75,0000010,10,90
1215,31,5357,0101010,8,75,0000010,10,90
1116,31,5322,0010100,8,75,0000010,10,90
1266,31,5356,0010100,8,75,0000010,10,90
1216,31,5316,0101010,8,75,0000010,10,90
1117,31,5331,0101010,8,75,0000010,10,90
1267,31,5351,0101010,8,75,0000010,10,90
1118,31,5333,0101010,8,75,0000010,10,90
1268,31,5316,0010100,8,75,0000010,10,90
1119,31,5316,0010100,8,75,0000010,10,90
1269,31,5359,0010100,8,75,0000010,10,90
1219,31,5322,0010100,8,75,0000010,10,90
1120,31,5361,0101010,8,75,0000010,10,90
1270,31,5345,0010100,8,75,0000010,10,90
1220,31,5362,0101010,8,75,0000010,10,90
1121,31,5344,0101010,8,75,0000010,10,90
1271,31,5327,0101010,8,75,0000010,10,90
1221,31,5346,0101010,8,75,0000010,10,90
1122,31,5321,0101010,8,75,0000010,10,90
1272,31,5336,0010100,8,75,0000010,10,90
1222,31,5324,0101010,8,75,0000010,10,90
1123,31,5361,0101010,8,75,0000010,10,90
1273,31,5352,0010100,8,75,0000010,10,90
1223,31,5365,0101010,8,75,0000010,10,90
1124,31,5352,0101010,8,75,0000010,10,90
1224,31,5358,0010100,8,75,0000010,10,90
1125,31,5356,0010100,8,75,0000010,10,90
1225,31,5322,0010100,8,75,0000010,10,90
1126,31,5326,0010100,8,75,0000010,10,90
1226,31,5333,0101010,8,75,0000010,10,90
1227,31,5351,0101010,8,75,0000010,10,90
1128,31,5337,0010100,8,75,0000010,10,90
1228,31,5326,0010100,8,75,0000010,10,90
1129,31,5334,0010100,8,75,0000010,10,90
1229,31,5357,0101010,8,75,0000010,10,90
1130,31,5321,0101010,8,75,0000010,10,90
1230,31,5326,0010100,8,75,0000010,10,90
1131,31,5322,0101010,8,75,0000010,10,90
1231,31,5335,0010100,8,75,0000010,10,90
1132,31,5314,0010100,8,75,0000010,10,90
1232,31,5319,0010100,8,75,0000010,10,90
1133,31,5317,0010100,8,75,0000010,10,90
1233,31,5342,0101010,8,75,0000010,10,90
1134,31,5359,0010100,8,75,0000010,10,90
1135,31,5355,0101010,8,75,0000010,10,90
1235,31,5318,0010100,8,75,0000010,10,90
1136,31,5353,0010100,8,75,0000010,10,90
1236,31,5339,0101010,8,75,0000010,10,90
1137,31,5353,0010100,8,75,0000010,10,90
1237,31,5357,0010100,8,75,0000010,10,90
1138,31,5345,0010100,8,75,0000010,10,90
1238,31,5321,0010100,8,75,0000010,10,90
1139,31,5336,0101010,8,75,0000010,10,90
1239,31,5363,0101010,8,75,0000010,10,90
1140,31,5326,0010100,8,75,0000010,10,90
1240,31,5341,0101010,8,75,0000010,10,90
1141,31,5314,0101010,8,75,0000010,10,90
1241,31,5330,0010100,8,75,0000010,10,90
1142,31,5352,0010100,8,75,0000010,10,90
1143,31,5316,0010100,8,75,0000010,10,90
1145,31,5338,0101010,8,75,0000010,10,90
1147,31,5316,0010100,8,75,0000010,10,90
1148,31,5333,0010100,8,75,0000010,10,90
1150,31,5340,0010100,8,75,0000010,10,90
1151,31,5319,0010100,8,75,0000010,10,90
1152,31,5343,0101010,8,75,0000010,10,90
1153,31,5347,0010100,8,75,0000010,10,90
1154,31,5365,0101010,8,75,0000010,10,90
1155,31,5338,0101010,8,75,0000010,10,90
1156,31,5354,0010100,8,75,0000010,10,90
1157,31,5344,0010100,8,75,0000010,10,90
1159,31,5342,0010100,8,75,0000010,10,90
1161,31,5318,0010100,8,75,0000010,10,90
1162,31,5355,0010100,8,75,0000010,10,90
1163,31,5364,0101010,8,75,0000010,10,90
1164,31,5337,0010100,8,75,0000010,10,90
1165,31,5354,0010100,8,75,0000010,10,90
1166,31,5319,0010100,8,75,0000010,10,90
1167,31,5325,0101010,8,75,0000010,10,90
1168,31,5322,0101010,8,75,0000010,10,90
1169,31,5361,0101010,8,75,0000010,10,90
1170,31,5335,0010100,8,75,0000010,10,90
1171,31,5325,0101010,8,75,0000010,10,90
1172,31,5357,0010100,8,75,0000010,10,90
1174,31,5343,0101010,8,75,0000010,10,90
1175,31,5359,0101010,8,75,0000010,10,90
1176,31,5328,0010100,8,75,0000010,10,90
1177,31,5363,0101010,8,75,0000010,10,90
1179,31,5362,0010100,8,75,0000010,10,90
1180,31,5352,0101010,8,75,0000010,10,90
1181,31,5346,0010100,8,75,0000010,10,90
1182,31,5341,0010100,8,75,0000010,10,90
1183,31,5316,0010100,8,75,0000010,10,90
1185,31,5329,0101010,8,75,0000010,10,90
1187,31,5342,0010100,8,75,0000010,10,90
1189,31,5318,0101010,8,75,0000010,10,90
1190,31,5351,0101010,8,75,0000010,10,90
1191,31,5358,0010100,8,75,0000010,10,90
1274,31,5368,0101010,8,75,0000010,10,90
1275,31,5369,0101010,8,75,0000010,10,90
1281,31,5370,0010100,8,75,0000010,10,90
1277,31,5368,0010100,8,75,0000010,10,90
1289,31,5370,0101010,8,75,0000010,10,90
1282,31,5366,0101010,8,75,0000010,10,90
1290,31,5376,0010100,8,75,0000010,10,90
1283,31,5370,0010100,8,75,0000010,10,90
1279,31,5370,0101010,8,75,0000010,10,90
1291,31,5371,0010100,8,75,0000010,10,90
1284,31,5366,0101010,8,75,0000010,10,90
1280,31,5368,0010100,8,75,0000010,10,90
1292,31,5366,0101010,8,75,0000010,10,90
1285,31,5367,0101010,8,75,0000010,10,90
1293,31,5368,0010100,8,75,0000010,10,90
1286,31,5377,0101010,8,75,0000010,10,90
1294,31,5367,0010100,8,75,0000010,10,90
1287,31,5369,0101010,8,75,0000010,10,90
1295,31,5376,0010100,8,75,0000010,10,90
1296,31,5376,0101010,8,75,0000010,10,90
1297,31,5371,0101010,8,75,0000010,10,90
1299,31,5377,0101010,8,75,0000010,10,90
1300,31,5371,0010100,8,75,0000010,10,90
1301,31,5374,0101010,8,75,0000010,10,90
1302,31,5375,0101010,8,75,0000010,10,90
1304,31,5369,0101010,8,75,0000010,10,90
1305,31,5376,0101010,8,75,0000010,10,90
1306,31,5370,0101010,8,75,0000010,10,90
1307,31,5367,0010100,8,75,0000010,10,90
1309,31,5368,0101010,8,75,0000010,10,90
1310,31,5370,0010100,8,75,0000010,10,90
1311,31,5368,0010100,8,75,0000010,10,90
1312,31,5369,0101010,8,75,0000010,10,90
1313,31,5374,0101010,8,75,0000010,10,90
1314,31,5391,0010100,8,75,0000010,10,90
1315,31,5383,0101010,8,75,0000010,10,90
1316,31,5392,0101010,8,75,0000010,10,90
1328,31,5390,0101010,8,75,0000010,10,90
1321,31,5385,0101010,8,75,0000010,10,90
1329,31,5392,0101010,8,75,0000010,10,90
1322,31,5379,0101010,8,75,0000010,10,90
1318,31,5383,0010100,8,75,0000010,10,90
1330,31,5392,0101010,8,75,0000010,10,90
1323,31,5385,0010100,8,75,0000010,10,90
1319,31,5380,0101010,8,75,0000010,10,90
1331,31,5397,0010100,8,75,0000010,10,90
1324,31,5393,0010100,8,75,0000010,10,90
1320,31,5388,0010100,8,75,0000010,10,90
1332,31,5386,0010100,8,75,0000010,10,90
1325,31,5398,0010100,8,75,0000010,10,90
1333,31,5384,0010100,8,75,0000010,10,90
1326,31,5398,0010100,8,75,0000010,10,90
1334,31,5381,0101010,8,75,0000010,10,90
1327,31,5391,0010100,8,75,0000010,10,90
1335,31,5394,0010100,8,75,0000010,10,90
1336,31,5396,0101010,8,75,0000010,10,90
1337,31,5385,0010100,8,75,0000010,10,90
1339,31,5392,0101010,8,75,0000010,10,90
1341,31,5387,0101010,8,75,0000010,10,90
1343,31,5398,0010100,8,75,0000010,10,90
1344,31,5397,0010100,8,75,0000010,10,90
1345,31,5381,0101010,8,75,0000010,10,90
1346,31,5383,0010100,8,75,0000010,10,90
1347,31,5388,0010100,8,75,0000010,10,90
1349,31,5383,0010100,8,75,0000010,10,90
1351,31,5395,0010100,8,75,0000010,10,90
1352,31,5393,0101010,8,75,0000010,10,90
1353,31,5387,0010100,8,75,0000010,10,90
1354,31,5382,0101010,8,75,0000010,10,90
1355,31,5396,0101010,8,75,0000010,10,90
1356,31,5387,0010100,8,75,0000010,10,90
1357,31,5384,0010100,8,75,0000010,10,90
1358,31,5388,0101010,8,75,0000010,10,90
1360,31,5395,0010100,8,75,0000010,10,90
1361,31,5382,0010100,8,75,0000010,10,90
1363,31,5389,0010100,8,75,0000010,10,90
1364,31,5390,0101010,8,75,0000010,10,90
1365,31,5396,0101010,8,75,0000010,10,90
1366,31,5385,0101010,8,75,0000010,10,90
1367,31,5379,0010100,8,75,0000010,10,90
1368,31,5390,0101010,8,75,0000010,10,90
1369,31,5395,0010100,8,75,0000010,10,90
1370,31,5396,0101010,8,75,0000010,10,90
1371,31,5388,0101010,8,75,0000010,10,90
1372,31,5392,0010100,8,75,0000010,10,90
1373,31,5392,0010100,8,75,0000010,10,90
1374,31,5393,0010100,8,75,0000010,10,90
1375,31,5392,0101010,8,75,0000010,10,90
1376,31,5381,0010100,8,75,0000010,10,90
1377,31,5380,0010100,8,75,0000010,10,90
1378,31,5392,0010100,8,75,0000010,10,90
1379,31,5397,0101010,8,75,0000010,10,90
1380,31,5383,0101010,8,75,0000010,10,90
1381,31,5381,0101010,8,75,0000010,10,90
1382,31,5389,0101010,8,75,0000010,10,90
1383,31,5379,0101010,8,75,0000010,10,90
1386,31,5397,0101010,8,75,0000010,10,90
1388,31,5405,0101010,8,75,0000010,10,90
1389,31,5408,0101010,8,75,0000010,10,90
1390,31,5401,0010100,8,75,0000010,10,90
1402,31,5408,0101010,8,75,0000010,10,90
1395,31,5404,0101010,8,75,0000010,10,90
1391,31,5401,0101010,8,75,0000010,10,90
1403,31,5407,0101010,8,75,0000010,10,90
1396,31,5406,0101010,8,75,0000010,10,90
1392,31,5404,0010100,8,75,0000010,10,90
1404,31,5399,0010100,8,75,0000010,10,90
1393,31,5406,0101010,8,75,0000010,10,90
1405,31,5407,0010100,8,75,0000010,10,90
1398,31,5403,0101010,8,75,0000010,10,90
1394,31,5402,0010100,8,75,0000010,10,90
1406,31,5402,0010100,8,75,0000010,10,90
1399,31,5400,0101010,8,75,0000010,10,90
1407,31,5404,0101010,8,75,0000010,10,90
1400,31,5408,0010100,8,75,0000010,10,90
1408,31,5402,0101010,8,75,0000010,10,90
1401,31,5405,0101010,8,75,0000010,10,90
1409,31,5406,0101010,8,75,0000010,10,90
1410,31,5402,0101010,8,75,0000010,10,90
1411,31,5407,0101010,8,75,0000010,10,90
1412,31,5399,0010100,8,75,0000010,10,90
1413,31,5402,0101010,8,75,0000010,10,90
1414,31,5399,0101010,8,75,0000010,10,90
1415,31,5405,0010100,8,75,0000010,10,90
1416,31,5406,0010100,8,75,0000010,10,90
1417,31,5403,0101010,8,75,0000010,10,90
1418,31,5400,0010100,8,75,0000010,10,90
1420,31,5405,0101010,8,75,0000010,10,90
1421,31,5406,0101010,8,75,0000010,10,90
1422,31,5402,0101010,8,75,0000010,10,90
1090,32,5313,0101010,8,75,0000010,10,90
1091,32,5313,0101010,8,75,0000010,10,90
1092,32,5331,0010100,8,75,0000010,10,90
1242,32,5358,0010100,8,75,0000010,10,90
1192,32,5365,0101010,8,75,0000010,10,90
1093,32,5328,0101010,8,75,0000010,10,90
1243,32,5330,0101010,8,75,0000010,10,90
1193,32,5334,0010100,8,75,0000010,10,90
1248,32,5335,0010100,8,75,0000010,10,90
1094,32,5315,0101010,8,75,0000010,10,90
1194,32,5328,0010100,8,75,0000010,10,90
1099,32,5344,0101010,8,75,0000010,10,90
1256,32,5314,0101010,8,75,0000010,10,90
1206,32,5329,0010100,8,75,0000010,10,90
1249,32,5318,0010100,8,75,0000010,10,90
1199,32,5358,0101010,8,75,0000010,10,90
1095,32,5364,0010100,8,75,0000010,10,90
1245,32,5354,0101010,8,75,0000010,10,90
1107,32,5356,0010100,8,75,0000010,10,90
1207,32,5328,0101010,8,75,0000010,10,90
1250,32,5326,0101010,8,75,0000010,10,90
1200,32,5344,0101010,8,75,0000010,10,90
1096,32,5320,0101010,8,75,0000010,10,90
1246,32,5321,0101010,8,75,0000010,10,90
1196,32,5340,0010100,8,75,0000010,10,90
1101,32,5361,0010100,8,75,0000010,10,90
1258,32,5356,0101010,8,75,0000010,10,90
1208,32,5330,0010100,8,75,0000010,10,90
1251,32,5363,0010100,8,75,0000010,10,90
1201,32,5365,0010100,8,75,0000010,10,90
1097,32,5351,0010100,8,75,0000010,10,90
1247,32,5320,0010100,8,75,0000010,10,90
1197,32,5317,0010100,8,75,0000010,10,90
1102,32,5338,0010100,8,75,0000010,10,90
1259,32,5350,0101010,8,75,0000010,10,90
1252,32,5361,0010100,8,75,0000010,10,90
1202,32,5317,0101010,8,75,0000010,10,90
1098,32,5338,0010100,8,75,0000010,10,90
1103,32,5337,0101010,8,75,0000010,10,90
1260,32,5314,0010100,8,75,0000010,10,90
1210,32,5324,0101010,8,75,0000010,10,90
1253,32,5362,0010100,8,75,0000010,10,90
1203,32,5334,0010100,8,75,0000010,10,90
1104,32,5324,0010100,8,75,0000010,10,90
1261,32,5321,0010100,8,75,0000010,10,90
1211,32,5329,0101010,8,75,0000010,10,90
1254,32,5362,0101010,8,75,0000010,10,90
1204,32,5331,0010100,8,75,0000010,10,90
1112,32,5358,0101010,8,75,0000010,10,90
1262,32,5352,0101010,8,75,0000010,10,90
1212,32,5365,0010100,8,75,0000010,10,90
1255,32,5336,0010100,8,75,0000010,10,90
1205,32,5342,0101010,8,75,0000010,10,90
1113,32,5323,0010100,8,75,0000010,10,90
1263,32,5338,0010100,8,75,0000010,10,90
1213,32,5363,0010100,8,75,0000010,10,90
1214,32,5325,0101010,8,75,0000010,10,90
1115,32,5346,0010100,8,75,0000010,10,90
1265,32,5351,0010100,8,75,0000010,10,90
1215,32,5336,0101010,8,75,0000010,10,90
1116,32,5328,0010100,8,75,0000010,10,90
1266,32,5348,0010100,8,75,0000010,10,90
1216,32,5333,0101010,8,75,0000010,10,90
1117,32,5346,0101010,8,75,0000010,10,90
1267,32,5318,0101010,8,75,0000010,10,90
1118,32,5361,0101010,8,75,0000010,10,90
1268,32,5328,0010100,8,75,0000010,10,90
1119,32,5330,0010100,8,75,0000010,10,90
1269,32,5342,0010100,8,75,0000010,10,90
1219,32,5359,0010100,8,75,0000010,10,90
1120,32,5337,0101010,8,75,0000010,10,90
1270,32,5330,0010100,8,75,0000010,10,90
1220,32,5354,0101010,8,75,0000010,10,90
1121,32,5321,0101010,8,75,0000010,10,90
1271,32,5343,0101010,8,75,0000010,10,90
1221,32,5317,0101010,8,75,0000010,10,90
1122,32,5346,0101010,8,75,0000010,10,90
1272,32,5361,0010100,8,75,0000010,10,90
1222,32,5331,0101010,8,75,0000010,10,90
1123,32,5320,0101010,8,75,0000010,10,90
1273,32,5354,0010100,8,75,0000010,10,90
1223,32,5323,0101010,8,75,0000010,10,90
1124,32,5347,0101010,8,75,0000010,10,90
1224,32,5324,0010100,8,75,0000010,10,90
1125,32,5357,0010100,8,75,0000010,10,90
1225,32,5315,0010100,8,75,0000010,10,90
1126,32,5355,0010100,8,75,0000010,10,90
1226,32,5316,0101010,8,75,0000010,10,90
1227,32,5346,0101010,8,75,0000010,10,90
1128,32,5323,0010100,8,75,0000010,10,90
1228,32,5325,0010100,8,75,0000010,10,90
1129,32,5316,0010100,8,75,0000010,10,90
1229,32,5333,0101010,8,75,0000010,10,90
1130,32,5318,0101010,8,75,0000010,10,90
1230,32,5340,0010100,8,75,0000010,10,90
1131,32,5340,0101010,8,75,0000010,10,90
1231,32,5357,0010100,8,75,0000010,10,90
1132,32,5353,0010100,8,75,0000010,10,90
1232,32,5324,0010100,8,75,0000010,10,90
1133,32,5325,0010100,8,75,0000010,10,90
1233,32,5361,0101010,8,75,0000010,10,90
1134,32,5336,0010100,8,75,0000010,10,90
1135,32,5344,0101010,8,75,0000010,10,90
1235,32,5346,0010100,8,75,0000010,10,90
1136,32,5325,0010100,8,75,0000010,10,90
1236,32,5314,0101010,8,75,0000010,10,90
1137,32,5348,0010100,8,75,0000010,10,90
1237,32,5345,0010100,8,75,0000010,10,90
1138,32,5348,0010100,8,75,0000010,10,90
1238,32,5314,0010100,8,75,0000010,10,90
1139,32,5357,0101010,8,75,0000010,10,90
1239,32,5355,0101010,8,75,0000010,10,90
1140,32,5339,0010100,8,75,0000010,10,90
1240,32,5338,0101010,8,75,0000010,10,90
1141,32,5314,0101010,8,75,0000010,10,90
1241,32,5319,0010100,8,75,0000010,10,90
1142,32,5348,0010100,8,75,0000010,10,90
1143,32,5333,0010100,8,75,0000010,10,90
1145,32,5361,0101010,8,75,0000010,10,90
1147,32,5355,0010100,8,75,0000010,10,90
1148,32,5344,0010100,8,75,0000010,10,90
1150,32,5320,0010100,8,75,0000010,10,90
1151,32,5344,0010100,8,75,0000010,10,90
1152,32,5354,0101010,8,75,0000010,10,90
1153,32,5341,0010100,8,75,0000010,10,90
1154,32,5351,0101010,8,75,0000010,10,90
1155,32,5319,0101010,8,75,0000010,10,90
1156,32,5326,0010100,8,75,0000010,10,90
1157,32,5314,0010100,8,75,0000010,10,90
1159,32,5358,0010100,8,75,0000010,10,90
1161,32,5350,0010100,8,75,0000010,10,90
1162,32,5343,0010100,8,75,0000010,10,90
1163,32,5350,0101010,8,75,0000010,10,90
1164,32,5320,0010100,8,75,0000010,10,90
1165,32,5350,0010100,8,75,0000010,10,90
1166,32,5315,0010100,8,75,0000010,10,90
1167,32,5347,0101010,8,75,0000010,10,90
1168,32,5355,0101010,8,75,0000010,10,90
1169,32,5317,0101010,8,75,0000010,10,90
1170,32,5321,0010100,8,75,0000010,10,90
1171,32,5363,0101010,8,75,0000010,10,90
1172,32,5347,0010100,8,75,0000010,10,90
1174,32,5324,0101010,8,75,0000010,10,90
1175,32,5344,0101010,8,75,0000010,10,90
1176,32,5326,0010100,8,75,0000010,10,90
1177,32,5364,0101010,8,75,0000010,10,90
1179,32,5348,0010100,8,75,0000010,10,90
1180,32,5336,0101010,8,75,0000010,10,90
1181,32,5326,0010100,8,75,0000010,10,90
1182,32,5326,0010100,8,75,0000010,10,90
1183,32,5332,0010100,8,75,0000010,10,90
1185,32,5322,0101010,8,75,0000010,10,90
1187,32,5347,0010100,8,75,0000010,10,90
1189,32,5315,0101010,8,75,0000010,10,90
1190,32,5316,0101010,8,75,0000010,10,90
1191,32,5329,0010100,8,75,0000010,10,90
1274,32,5366,0101010,8,75,0000010,10,90
1275,32,5366,0101010,8,75,0000010,10,90
1281,32,5373,0010100,8,75,0000010,10,90
1277,32,5367,0010100,8,75,0000010,10,90
1289,32,5367,0101010,8,75,0000010,10,90
1282,32,5374,0101010,8,75,0000010,10,90
1290,32,5371,0010100,8,75,0000010,10,90
1283,32,5377,0010100,8,75,0000010,10,90
1279,32,5368,0101010,8,75,0000010,10,90
1291,32,5375,0010100,8,75,0000010,10,90
1284,32,5375,0101010,8,75,0000010,10,90
1280,32,5366,0010100,8,75,0000010,10,90
1292,32,5377,0101010,8,75,0000010,10,90
1285,32,5367,0101010,8,75,0000010,10,90
1293,32,5370,0010100,8,75,0000010,10,90
1286,32,5375,0101010,8,75,0000010,10,90
1294,32,5371,0010100,8,75,0000010,10,90
1287,32,5368,0101010,8,75,0000010,10,90
1295,32,5369,0010100,8,75,0000010,10,90
1296,32,5371,0101010,8,75,0000010,10,90
1297,32,5366,0101010,8,75,0000010,10,90
1299,32,5370,0101010,8,75,0000010,10,90
1300,32,5371,0010100,8,75,0000010,10,90
1301,32,5372,0101010,8,75,0000010,10,90
1302,32,5371,0101010,8,75,0000010,10,90
1304,32,5372,0101010,8,75,0000010,10,90
1305,32,5376,0101010,8,75,0000010,10,90
1306,32,5377,0101010,8,75,0000010,10,90
1307,32,5371,0010100,8,75,0000010,10,90
1309,32,5375,0101010,8,75,0000010,10,90
1310,32,5375,0010100,8,75,0000010,10,90
1311,32,5371,0010100,8,75,0000010,10,90
1312,32,5371,0101010,8,75,0000010,10,90
1313,32,5370,0101010,8,75,0000010,10,90
1314,32,5380,0010100,8,75,0000010,10,90
1315,32,5393,0101010,8,75,0000010,10,90
1316,32,5396,0101010,8,75,0000010,10,90
1328,32,5382,0101010,8,75,0000010,10,90
1321,32,5384,0101010,8,75,0000010,10,90
1329,32,5386,0101010,8,75,0000010,10,90
1322,32,5382,0101010,8,75,0000010,10,90
1318,32,5379,0010100,8,75,0000010,10,90
1330,32,5386,0101010,8,75,0000010,10,90
1323,32,5396,0010100,8,75,0000010,10,90
1319,32,5383,0101010,8,75,0000010,10,90
1331,32,5385,0010100,8,75,0000010,10,90
1324,32,5380,0010100,8,75,0000010,10,90
1320,32,5388,0010100,8,75,0000010,10,90
1332,32,5383,0010100,8,75,0000010,10,90
1325,32,5395,0010100,8,75,0000010,10,90
1333,32,5389,0010100,8,75,0000010,10,90
1326,32,5390,0010100,8,75,0000010,10,90
1334,32,5382,0101010,8,75,0000010,10,90
1327,32,5392,0010100,8,75,0000010,10,90
1335,32,5389,0010100,8,75,0000010,10,90
1336,32,5394,0101010,8,75,0000010,10,90
1337,32,5379,0010100,8,75,0000010,10,90
1339,32,5396,0101010,8,75,0000010,10,90
1341,32,5391,0101010,8,75,0000010,10,90
1343,32,5388,0010100,8,75,0000010,10,90
1344,32,5393,0010100,8,75,0000010,10,90
1345,32,5391,0101010,8,75,0000010,10,90
1346,32,5379,0010100,8,75,0000010,10,90
1347,32,5393,0010100,8,75,0000010,10,90
1349,32,5391,0010100,8,75,0000010,10,90
1351,32,5383,0010100,8,75,0000010,10,90
1352,32,5391,0101010,8,75,0000010,10,90
1353,32,5398,0010100,8,75,0000010,10,90
1354,32,5379,0101010,8,75,0000010,10,90
1355,32,5396,0101010,8,75,0000010,10,90
1356,32,5390,0010100,8,75,0000010,10,90
1357,32,5385,0010100,8,75,0000010,10,90
1358,32,5397,0101010,8,75,0000010,10,90
1360,32,5397,0010100,8,75,0000010,10,90
1361,32,5380,0010100,8,75,0000010,10,90
1363,32,5380,0010100,8,75,0000010,10,90
1364,32,5398,0101010,8,75,0000010,10,90
1365,32,5380,0101010,8,75,0000010,10,90
1366,32,5393,0101010,8,75,0000010,10,90
1367,32,5389,0010100,8,75,0000010,10,90
1368,32,5385,0101010,8,75,0000010,10,90
1369,32,5393,0010100,8,75,0000010,10,90
1370,32,5387,0101010,8,75,0000010,10,90
1371,32,5386,0101010,8,75,0000010,10,90
1372,32,5391,0010100,8,75,0000010,10,90
1373,32,5391,0010100,8,75,0000010,10,90
1374,32,5392,0010100,8,75,0000010,10,90
1375,32,5384,0101010,8,75,0000010,10,90
1376,32,5389,0010100,8,75,0000010,10,90
1377,32,5386,0010100,8,75,0000010,10,90
1378,32,5388,0010100,8,75,0000010,10,90
1379,32,5381,0101010,8,75,0000010,10,90
1380,32,5391,0101010,8,75,0000010,10,90
1381,32,5392,0101010,8,75,0000010,10,90
1382,32,5390,0101010,8,75,0000010,10,90
1383,32,5394,0101010,8,75,0000010,10,90
1386,32,5396,0101010,8,75,0000010,10,90
1388,32,5402,0101010,8,75,0000010,10,90
1389,32,5401,0101010,8,75,0000010,10,90
1390,32,5406,0010100,8,75,0000010,10,90
1402,32,5400,0101010,8,75,0000010,10,90
1395,32,5399,0101010,8,75,0000010,10,90
1391,32,5405,0101010,8,75,0000010,10,90
1403,32,5403,0101010,8,75,0000010,10,90
1396,32,5407,0101010,8,75,0000010,10,90
1392,32,5400,0010100,8,75,0000010,10,90
1404,32,5407,0010100,8,75,0000010,10,90
1393,32,5405,0101010,8,75,0000010,10,90
1405,32,5400,0010100,8,75,0000010,10,90
1398,32,5403,0101010,8,75,0000010,10,90
1394,32,5407,0010100,8,75,0000010,10,90
1406,32,5404,0010100,8,75,0000010,10,90
1399,32,5407,0101010,8,75,0000010,10,90
1407,32,5400,0101010,8,75,0000010,10,90
1400,32,5406,0010100,8,75,0000010,10,90
1408,32,5402,0101010,8,75,0000010,10,90
1401,32,5408,0101010,8,75,0000010,10,90
1409,32,5402,0101010,8,75,0000010,10,90
1410,32,5408,0101010,8,75,0000010,10,90
1411,32,5402,0101010,8,75,0000010,10,90
1412,32,5402,0010100,8,75,0000010,10,90
1413,32,5403,0101010,8,75,0000010,10,90
1414,32,5402,0101010,8,75,0000010,10,90
1415,32,5400,0010100,8,75,0000010,10,90
1416,32,5405,0010100,8,75,0000010,10,90
1417,32,5402,0101010,8,75,0000010,10,90
1418,32,5404,0010100,8,75,0000010,10,90
1420,32,5403,0101010,8,75,0000010,10,90
1421,32,5407,0101010,8,75,0000010,10,90
1422,32,5400,0101010,8,75,0000010,10,90
1090,33,5313,0101010,8,75,0000010,10,90
1091,33,5313,0101010,8,75,0000010,10,90
1092,33,5350,0010100,8,75,0000010,10,90
1242,33,5355,0010100,8,75,0000010,10,90
1192,33,5319,0101010,8,75,0000010,10,90
1093,33,5354,0101010,8,75,0000010,10,90
1243,33,5350,0101010,8,75,0000010,10,90
1193,33,5329,0010100,8,75,0000010,10,90
1248,33,5337,0010100,8,75,0000010,10,90
1094,33,5362,0101010,8,75,0000010,10,90
1194,33,5322,0010100,8,75,0000010,10,90
1099,33,5351,0101010,8,75,0000010,10,90
1256,33,5348,0101010,8,75,0000010,10,90
1206,33,5363,0010100,8,75,0000010,10,90
1249,33,5349,0010100,8,75,0000010,10,90
1199,33,5327,0101010,8,75,0000010,10,90
1095,33,5335,0010100,8,75,0000010,10,90
1245,33,5335,0101010,8,75,0000010,10,90
1107,33,5361,0010100,8,75,0000010,10,90
1207,33,5340,0101010,8,75,0000010,10,90
1250,33,5346,0101010,8,75,0000010,10,90
1200,33,5334,0101010,8,75,0000010,10,90
1096,33,5356,0101010,8,75,0000010,10,90
1246,33,5320,0101010,8,75,0000010,10,90
1196,33,5319,0010100,8,75,0000010,10,90
1101,33,5314,0010100,8,75,0000010,10,90
1258,33,5348,0101010,8,75,0000010,10,90
1208,33,5342,0010100,8,75,0000010,10,90
1251,33,5325,0010100,8,75,0000010,10,90
1201,33,5353,0010100,8,75,0000010,10,90
1097,33,5357,0010100,8,75,0000010,10,90
1247,33,5345,0010100,8,75,0000010,10,90
1197,33,5332,0010100,8,75,0000010,10,90
1102,33,5319,0010100,8,75,0000010,10,90
1259,33,5344,0101010,8,75,0000010,10,90
1252,33,5339,0010100,8,75,0000010,10,90
1202,33,5338,0101010,8,75,0000010,10,90
1098,33,5351,0010100,8,75,0000010,10,90
1103,33,5335,0101010,8,75,0000010,10,90
1260,33,5349,0010100,8,75,0000010,10,90
1210,33,5343,0101010,8,75,0000010,10,90
1253,33,5344,0010100,8,75,0000010,10,90
1203,33,5338,0010100,8,75,0000010,10,90
1104,33,5335,0010100,8,75,0000010,10,90
1261,33,5326,0010100,8,75,0000010,10,90
1211,33,5326,0101010,8,75,0000010,10,90
1254,33,5325,0101010,8,75,0000010,10,90
1204,33,5347,0010100,8,75,0000010,10,90
1112,33,5359,0101010,8,75,0000010,10,90
1262,33,5318,0101010,8,75,0000010,10,90
1212,33,5317,0010100,8,75,0000010,10,90
1255,33,5356,0010100,8,75,0000010,10,90
1205,33,5321,0101010,8,75,0000010,10,90
1113,33,5342,0010100,8,75,0000010,10,90
1263,33,5358,0010100,8,75,0000010,10,90
1213,33,5359,0010100,8,75,0000010,10,90
1214,33,5364,0101010,8,75,0000010,10,90
1115,33,5349,0010100,8,75,0000010,10,90
1265,33,5341,0010100,8,75,0000010,10,90
1215,33,5355,0101010,8,75,0000010,10,90
1116,33,5335,0010100,8,75,0000010,10,90
1266,33,5337,0010100,8,75,0000010,10,90
1216,33,5331,0101010,8,75,0000010,10,90
1117,33,5318,0101010,8,75,0000010,10,90
1267,33,5348,0101010,8,75,0000010,10,90
1118,33,5336,0101010,8,75,0000010,10,90
1268,33,5348,0010100,8,75,0000010,10,90
1119,33,5331,0010100,8,75,0000010,10,90
1269,33,5342,0010100,8,75,0000010,10,90
1219,33,5314,0010100,8,75,0000010,10,90
1120,33,5351,0101010,8,75,0000010,10,90
1270,33,5363,0010100,8,75,0000010,10,90
1220,33,5348,0101010,8,75,0000010,10,90
1121,33,5318,0101010,8,75,0000010,10,90
1271,33,5336,0101010,8,75,0000010,10,90
1221,33,5342,0101010,8,75,0000010,10,90
1122,33,5324,0101010,8,75,0000010,10,90
1272,33,5334,0010100,8,75,0000010,10,90
1222,33,5332,0101010,8,75,0000010,10,90
1123,33,5350,0101010,8,75,0000010,10,90
1273,33,5319,0010100,8,75,0000010,10,90
1223,33,5360,0101010,8,75,0000010,10,90
1124,33,5349,0101010,8,75,0000010,10,90
1224,33,5343,0010100,8,75,0000010,10,90
1125,33,5329,0010100,8,75,0000010,10,90
1225,33,5316,0010100,8,75,0000010,10,90
1126,33,5317,0010100,8,75,0000010,10,90
1226,33,5329,0101010,8,75,0000010,10,90
1227,33,5329,0101010,8,75,0000010,10,90
1128,33,5340,0010100,8,75,0000010,10,90
1228,33,5346,0010100,8,75,0000010,10,90
1129,33,5339,0010100,8,75,0000010,10,90
1229,33,5359,0101010,8,75,0000010,10,90
1130,33,5326,0101010,8,75,0000010,10,90
1230,33,5339,0010100,8,75,0000010,10,90
1131,33,5339,0101010,8,75,0000010,10,90
1231,33,5350,0010100,8,75,0000010,10,90
1132,33,5343,0010100,8,75,0000010,10,90
1232,33,5350,0010100,8,75,0000010,10,90
1133,33,5342,0010100,8,75,0000010,10,90
1233,33,5323,0101010,8,75,0000010,10,90
1134,33,5349,0010100,8,75,0000010,10,90
1135,33,5315,0101010,8,75,0000010,10,90
1235,33,5348,0010100,8,75,0000010,10,90
1136,33,5324,0010100,8,75,0000010,10,90
1236,33,5361,0101010,8,75,0000010,10,90
1137,33,5332,0010100,8,75,0000010,10,90
1237,33,5325,0010100,8,75,0000010,10,90
1138,33,5365,0010100,8,75,0000010,10,90
1238,33,5355,0010100,8,75,0000010,10,90
1139,33,5360,0101010,8,75,0000010,10,90
1239,33,5364,0101010,8,75,0000010,10,90
1140,33,5342,0010100,8,75,0000010,10,90
1240,33,5346,0101010,8,75,0000010,10,90
1141,33,5340,0101010,8,75,0000010,10,90
1241,33,5335,0010100,8,75,0000010,10,90
1142,33,5339,0010100,8,75,0000010,10,90
1143,33,5363,0010100,8,75,0000010,10,90
1145,33,5341,0101010,8,75,0000010,10,90
1147,33,5352,0010100,8,75,0000010,10,90
1148,33,5355,0010100,8,75,0000010,10,90
1150,33,5318,0010100,8,75,0000010,10,90
1151,33,5330,0010100,8,75,0000010,10,90
1152,33,5363,0101010,8,75,0000010,10,90
1153,33,5323,0010100,8,75,0000010,10,90
1154,33,5360,0101010,8,75,0000010,10,90
1155,33,5343,0101010,8,75,0000010,10,90
1156,33,5335,0010100,8,75,0000010,10,90
1157,33,5341,0010100,8,75,0000010,10,90
1159,33,5314,0010100,8,75,0000010,10,90
1161,33,5327,0010100,8,75,0000010,10,90
1162,33,5348,0010100,8,75,0000010,10,90
1163,33,5350,0101010,8,75,0000010,10,90
1164,33,5333,0010100,8,75,0000010,10,90
1165,33,5354,0010100,8,75,0000010,10,90
1166,33,5333,0010100,8,75,0000010,10,90
1167,33,5317,0101010,8,75,0000010,10,90
1168,33,5317,0101010,8,75,0000010,10,90
1169,33,5328,0101010,8,75,0000010,10,90
1170,33,5339,0010100,8,75,0000010,10,90
1171,33,5361,0101010,8,75,0000010,10,90
1172,33,5319,0010100,8,75,0000010,10,90
1174,33,5314,0101010,8,75,0000010,10,90
1175,33,5330,0101010,8,75,0000010,10,90
1176,33,5344,0010100,8,75,0000010,10,90
1177,33,5335,0101010,8,75,0000010,10,90
1179,33,5349,0010100,8,75,0000010,10,90
1180,33,5314,0101010,8,75,0000010,10,90
1181,33,5351,0010100,8,75,0000010,10,90
1182,33,5358,0010100,8,75,0000010,10,90
1183,33,5346,0010100,8,75,0000010,10,90
1185,33,5343,0101010,8,75,0000010,10,90
1187,33,5342,0010100,8,75,0000010,10,90
1189,33,5359,0101010,8,75,0000010,10,90
1190,33,5358,0101010,8,75,0000010,10,90
1191,33,5361,0010100,8,75,0000010,10,90
1274,33,5370,0101010,8,75,0000010,10,90
1275,33,5370,0101010,8,75,0000010,10,90
1281,33,5373,0010100,8,75,0000010,10,90
1277,33,5374,0010100,8,75,0000010,10,90
1289,33,5371,0101010,8,75,0000010,10,90
1282,33,5366,0101010,8,75,0000010,10,90
1290,33,5368,0010100,8,75,0000010,10,90
1283,33,5370,0010100,8,75,0000010,10,90
1279,33,5371,0101010,8,75,0000010,10,90
1291,33,5366,0010100,8,75,0000010,10,90
1284,33,5375,0101010,8,75,0000010,10,90
1280,33,5369,0010100,8,75,0000010,10,90
1292,33,5366,0101010,8,75,0000010,10,90
1285,33,5370,0101010,8,75,0000010,10,90
1293,33,5376,0010100,8,75,0000010,10,90
1286,33,5375,0101010,8,75,0000010,10,90
1294,33,5370,0010100,8,75,0000010,10,90
1287,33,5370,0101010,8,75,0000010,10,90
1295,33,5368,0010100,8,75,0000010,10,90
1296,33,5370,0101010,8,75,0000010,10,90
1297,33,5366,0101010,8,75,0000010,10,90
1299,33,5372,0101010,8,75,0000010,10,90
1300,33,5369,0010100,8,75,0000010,10,90
1301,33,5369,0101010,8,75,0000010,10,90
1302,33,5370,0101010,8,75,0000010,10,90
1304,33,5370,0101010,8,75,0000010,10,90
1305,33,5370,0101010,8,75,0000010,10,90
1306,33,5369,0101010,8,75,0000010,10,90
1307,33,5372,0010100,8,75,0000010,10,90
1309,33,5377,0101010,8,75,0000010,10,90
1310,33,5373,0010100,8,75,0000010,10,90
1311,33,5375,0010100,8,75,0000010,10,90
1312,33,5366,0101010,8,75,0000010,10,90
1313,33,5373,0101010,8,75,0000010,10,90
1314,33,5386,0010100,8,75,0000010,10,90
1315,33,5381,0101010,8,75,0000010,10,90
1316,33,5391,0101010,8,75,0000010,10,90
1328,33,5392,0101010,8,75,0000010,10,90
1321,33,5391,0101010,8,75,0000010,10,90
1329,33,5395,0101010,8,75,0000010,10,90
1322,33,5387,0101010,8,75,0000010,10,90
1318,33,5384,0010100,8,75,0000010,10,90
1330,33,5379,0101010,8,75,0000010,10,90
1323,33,5388,0010100,8,75,0000010,10,90
1319,33,5397,0101010,8,75,0000010,10,90
1331,33,5391,0010100,8,75,0000010,10,90
1324,33,5389,0010100,8,75,0000010,10,90
1320,33,5386,0010100,8,75,0000010,10,90
1332,33,5397,0010100,8,75,0000010,10,90
1325,33,5381,0010100,8,75,0000010,10,90
1333,33,5382,0010100,8,75,0000010,10,90
1326,33,5378,0010100,8,75,0000010,10,90
1334,33,5398,0101010,8,75,0000010,10,90
1327,33,5383,0010100,8,75,0000010,10,90
1335,33,5380,0010100,8,75,0000010,10,90
1336,33,5396,0101010,8,75,0000010,10,90
1337,33,5393,0010100,8,75,0000010,10,90
1339,33,5398,0101010,8,75,0000010,10,90
1341,33,5386,0101010,8,75,0000010,10,90
1343,33,5394,0010100,8,75,0000010,10,90
1344,33,5393,0010100,8,75,0000010,10,90
1345,33,5396,0101010,8,75,0000010,10,90
1346,33,5387,0010100,8,75,0000010,10,90
1347,33,5395,0010100,8,75,0000010,10,90
1349,33,5388,0010100,8,75,0000010,10,90
1351,33,5387,0010100,8,75,0000010,10,90
1352,33,5378,0101010,8,75,0000010,10,90
1353,33,5378,0010100,8,75,0000010,10,90
1354,33,5397,0101010,8,75,0000010,10,90
1355,33,5380,0101010,8,75,0000010,10,90
1356,33,5397,0010100,8,75,0000010,10,90
1357,33,5396,0010100,8,75,0000010,10,90
1358,33,5386,0101010,8,75,0000010,10,90
1360,33,5379,0010100,8,75,0000010,10,90
1361,33,5385,0010100,8,75,0000010,10,90
1363,33,5391,0010100,8,75,0000010,10,90
1364,33,5384,0101010,8,75,0000010,10,90
1365,33,5392,0101010,8,75,0000010,10,90
1366,33,5381,0101010,8,75,0000010,10,90
1367,33,5378,0010100,8,75,0000010,10,90
1368,33,5389,0101010,8,75,0000010,10,90
1369,33,5394,0010100,8,75,0000010,10,90
1370,33,5385,0101010,8,75,0000010,10,90
1371,33,5388,0101010,8,75,0000010,10,90
1372,33,5390,0010100,8,75,0000010,10,90
1373,33,5395,0010100,8,75,0000010,10,90
1374,33,5395,0010100,8,75,0000010,10,90
1375,33,5386,0101010,8,75,0000010,10,90
1376,33,5378,0010100,8,75,0000010,10,90
1377,33,5387,0010100,8,75,0000010,10,90
1378,33,5379,0010100,8,75,0000010,10,90
1379,33,5392,0101010,8,75,0000010,10,90
1380,33,5383,0101010,8,75,0000010,10,90
1381,33,5382,0101010,8,75,0000010,10,90
1382,33,5398,0101010,8,75,0000010,10,90
1383,33,5395,0101010,8,75,0000010,10,90
1386,33,5386,0101010,8,75,0000010,10,90
1388,33,5408,0101010,8,75,0000010,10,90
1389,33,5404,0101010,8,75,0000010,10,90
1390,33,5406,0010100,8,75,0000010,10,90
1402,33,5408,0101010,8,75,0000010,10,90
1395,33,5402,0101010,8,75,0000010,10,90
1391,33,5402,0101010,8,75,0000010,10,90
1403,33,5399,0101010,8,75,0000010,10,90
1396,33,5399,0101010,8,75,0000010,10,90
1392,33,5407,0010100,8,75,0000010,10,90
1404,33,5406,0010100,8,75,0000010,10,90
1393,33,5399,0101010,8,75,0000010,10,90
1405,33,5405,0010100,8,75,0000010,10,90
1398,33,5408,0101010,8,75,0000010,10,90
1394,33,5406,0010100,8,75,0000010,10,90
1406,33,5405,0010100,8,75,0000010,10,90
1399,33,5402,0101010,8,75,0000010,10,90
1407,33,5408,0101010,8,75,0000010,10,90
1400,33,5408,0010100,8,75,0000010,10,90
1408,33,5407,0101010,8,75,0000010,10,90
1401,33,5408,0101010,8,75,0000010,10,90
1409,33,5400,0101010,8,75,0000010,10,90
1410,33,5406,0101010,8,75,0000010,10,90
1411,33,5404,0101010,8,75,0000010,10,90
1412,33,5405,0010100,8,75,0000010,10,90
1413,33,5405,0101010,8,75,0000010,10,90
1414,33,5406,0101010,8,75,0000010,10,90
1415,33,5399,0010100,8,75,0000010,10,90
1416,33,5405,0010100,8,75,0000010,10,90
1417,33,5403,0101010,8,75,0000010,10,90
1418,33,5400,0010100,8,75,0000010,10,90
1420,33,5399,0101010,8,75,0000010,10,90
1421,33,5403,0101010,8,75,0000010,10,90
1422,33,5401,0101010,8,75,0000010,10,90
1090,34,5313,0101010,8,75,0000010,10,90
1091,34,5313,0101010,8,75,0000010,10,90
1092,34,5339,0010100,8,75,0000010,10,90
1242,34,5331,0010100,8,75,0000010,10,90
1192,34,5362,0101010,8,75,0000010,10,90
1093,34,5343,0101010,8,75,0000010,10,90
1243,34,5315,0101010,8,75,0000010,10,90
1193,34,5339,0010100,8,75,0000010,10,90
1248,34,5358,0010100,8,75,0000010,10,90
1094,34,5364,0101010,8,75,0000010,10,90
1194,34,5357,0010100,8,75,0000010,10,90
1099,34,5318,0101010,8,75,0000010,10,90
1256,34,5318,0101010,8,75,0000010,10,90
1206,34,5362,0010100,8,75,0000010,10,90
1249,34,5336,0010100,8,75,0000010,10,90
1199,34,5347,0101010,8,75,0000010,10,90
1095,34,5362,0010100,8,75,0000010,10,90
1245,34,5327,0101010,8,75,0000010,10,90
1107,34,5353,0010100,8,75,0000010,10,90
1207,34,5344,0101010,8,75,0000010,10,90
1250,34,5322,0101010,8,75,0000010,10,90
1200,34,5358,0101010,8,75,0000010,10,90
1096,34,5317,0101010,8,75,0000010,10,90
1246,34,5360,0101010,8,75,0000010,10,90
1196,34,5339,0010100,8,75,0000010,10,90
1101,34,5347,0010100,8,75,0000010,10,90
1258,34,5315,0101010,8,75,0000010,10,90
1208,34,5357,0010100,8,75,0000010,10,90
1251,34,5320,0010100,8,75,0000010,10,90
1201,34,5331,0010100,8,75,0000010,10,90
1097,34,5342,0010100,8,75,0000010,10,90
1247,34,5356,0010100,8,75,0000010,10,90
1197,34,5316,0010100,8,75,0000010,10,90
1102,34,5316,0010100,8,75,0000010,10,90
1259,34,5349,0101010,8,75,0000010,10,90
1252,34,5353,0010100,8,75,0000010,10,90
1202,34,5328,0101010,8,75,0000010,10,90
1098,34,5320,0010100,8,75,0000010,10,90
1103,34,5344,0101010,8,75,0000010,10,90
1260,34,5336,0010100,8,75,0000010,10,90
1210,34,5342,0101010,8,75,0000010,10,90
1253,34,5339,0010100,8,75,0000010,10,90
1203,34,5332,0010100,8,75,0000010,10,90
1104,34,5315,0010100,8,75,0000010,10,90
1261,34,5323,0010100,8,75,0000010,10,90
1211,34,5348,0101010,8,75,0000010,10,90
1254,34,5321,0101010,8,75,0000010,10,90
1204,34,5360,0010100,8,75,0000010,10,90
1112,34,5348,0101010,8,75,0000010,10,90
1262,34,5329,0101010,8,75,0000010,10,90
1212,34,5351,0010100,8,75,0000010,10,90
1255,34,5332,0010100,8,75,0000010,10,90
1205,34,5347,0101010,8,75,0000010,10,90
1113,34,5315,0010100,8,75,0000010,10,90
1263,34,5331,0010100,8,75,0000010,10,90
1213,34,5359,0010100,8,75,0000010,10,90
1214,34,5357,0101010,8,75,0000010,10,90
1115,34,5365,0010100,8,75,0000010,10,90
1265,34,5338,0010100,8,75,0000010,10,90
1215,34,5326,0101010,8,75,0000010,10,90
1116,34,5318,0010100,8,75,0000010,10,90
1266,34,5335,0010100,8,75,0000010,10,90
1216,34,5333,0101010,8,75,0000010,10,90
1117,34,5348,0101010,8,75,0000010,10,90
1267,34,5318,0101010,8,75,0000010,10,90
1118,34,5331,0101010,8,75,0000010,10,90
1268,34,5323,0010100,8,75,0000010,10,90
1119,34,5319,0010100,8,75,0000010,10,90
1269,34,5350,0010100,8,75,0000010,10,90
1219,34,5338,0010100,8,75,0000010,10,90
1120,34,5314,0101010,8,75,0000010,10,90
1270,34,5323,0010100,8,75,0000010,10,90
1220,34,5356,0101010,8,75,0000010,10,90
1121,34,5346,0101010,8,75,0000010,10,90
1271,34,5326,0101010,8,75,0000010,10,90
1221,34,5325,0101010,8,75,0000010,10,90
1122,34,5346,0101010,8,75,0000010,10,90
1272,34,5352,0010100,8,75,0000010,10,90
1222,34,5336,0101010,8,75,0000010,10,90
1123,34,5344,0101010,8,75,0000010,10,90
1273,34,5359,0010100,8,75,0000010,10,90
1223,34,5357,0101010,8,75,0000010,10,90
1124,34,5348,0101010,8,75,0000010,10,90
1224,34,5328,0010100,8,75,0000010,10,90
1125,34,5348,0010100,8,75,0000010,10,90
1225,34,5318,0010100,8,75,0000010,10,90
1126,34,5333,0010100,8,75,0000010,10,90
1226,34,5327,0101010,8,75,0000010,10,90
1227,34,5350,0101010,8,75,0000010,10,90
1128,34,5357,0010100,8,75,0000010,10,90
1228,34,5362,0010100,8,75,0000010,10,90
1129,34,5336,0010100,8,75,0000010,10,90
1229,34,5324,0101010,8,75,0000010,10,90
1130,34,5344,0101010,8,75,0000010,10,90
1230,34,5328,0010100,8,75,0000010,10,90
1131,34,5329,0101010,8,75,0000010,10,90
1231,34,5336,0010100,8,75,0000010,10,90
1132,34,5334,0010100,8,75,0000010,10,90
1232,34,5348,0010100,8,75,0000010,10,90
1133,34,5321,0010100,8,75,0000010,10,90
1233,34,5319,0101010,8,75,0000010,10,90
1134,34,5357,0010100,8,75,0000010,10,90
1135,34,5356,0101010,8,75,0000010,10,90
1235,34,5315,0010100,8,75,0000010,10,90
1136,34,5319,0010100,8,75,0000010,10,90
1236,34,5356,0101010,8,75,0000010,10,90
1137,34,5360,0010100,8,75,0000010,10,90
1237,34,5332,0010100,8,75,0000010,10,90
1138,34,5338,0010100,8,75,0000010,10,90
1238,34,5324,0010100,8,75,0000010,10,90
1139,34,5328,0101010,8,75,0000010,10,90
1239,34,5343,0101010,8,75,0000010,10,90
1140,34,5340,0010100,8,75,0000010,10,90
1240,34,5354,0101010,8,75,0000010,10,90
1141,34,5339,0101010,8,75,0000010,10,90
1241,34,5337,0010100,8,75,0000010,10,90
1142,34,5319,0010100,8,75,0000010,10,90
1143,34,5347,0010100,8,75,0000010,10,90
1145,34,5353,0101010,8,75,0000010,10,90
1147,34,5356,0010100,8,75,0000010,10,90
1148,34,5337,0010100,8,75,0000010,10,90
1150,34,5328,0010100,8,75,0000010,10,90
1151,34,5364,0010100,8,75,0000010,10,90
1152,34,5327,0101010,8,75,0000010,10,90
1153,34,5356,0010100,8,75,0000010,10,90
1154,34,5325,0101010,8,75,0000010,10,90
1155,34,5334,0101010,8,75,0000010,10,90
1156,34,5360,0010100,8,75,0000010,10,90
1157,34,5339,0010100,8,75,0000010,10,90
1159,34,5344,0010100,8,75,0000010,10,90
1161,34,5328,0010100,8,75,0000010,10,90
1162,34,5330,0010100,8,75,0000010,10,90
1163,34,5314,0101010,8,75,0000010,10,90
1164,34,5314,0010100,8,75,0000010,10,90
1165,34,5327,0010100,8,75,0000010,10,90
1166,34,5314,0010100,8,75,0000010,10,90
1167,34,5317,0101010,8,75,0000010,10,90
1168,34,5350,0101010,8,75,0000010,10,90
1169,34,5318,0101010,8,75,0000010,10,90
1170,34,5350,0010100,8,75,0000010,10,90
1171,34,5350,0101010,8,75,0000010,10,90
1172,34,5358,0010100,8,75,0000010,10,90
1174,34,5328,0101010,8,75,0000010,10,90
1175,34,5346,0101010,8,75,0000010,10,90
1176,34,5339,0010100,8,75,0000010,10,90
1177,34,5325,0101010,8,75,0000010,10,90
1179,34,5319,0010100,8,75,0000010,10,90
1180,34,5363,0101010,8,75,0000010,10,90
1181,34,5330,0010100,8,75,0000010,10,90
1182,34,5348,0010100,8,75,0000010,10,90
1183,34,5339,0010100,8,75,0000010,10,90
1185,34,5341,0101010,8,75,0000010,10,90
1187,34,5344,0010100,8,75,0000010,10,90
1189,34,5365,0101010,8,75,0000010,10,90
1190,34,5357,0101010,8,75,0000010,10,90
1191,34,5357,0010100,8,75,0000010,10,90
1274,34,5368,0101010,8,75,0000010,10,90
1275,34,5366,0101010,8,75,0000010,10,90
1281,34,5368,0010100,8,75,0000010,10,90
1277,34,5373,0010100,8,75,0000010,10,90
1289,34,5372,0101010,8,75,0000010,10,90
1282,34,5370,0101010,8,75,0000010,10,90
1290,34,5375,0010100,8,75,0000010,10,90
1283,34,5369,0010100,8,75,0000010,10,90
1279,34,5367,0101010,8,75,0000010,10,90
1291,34,5371,0010100,8,75,0000010,10,90
1284,34,5375,0101010,8,75,0000010,10,90
1280,34,5369,0010100,8,75,0000010,10,90
1292,34,5371,0101010,8,75,0000010,10,90
1285,34,5377,0101010,8,75,0000010,10,90
1293,34,5375,0010100,8,75,0000010,10,90
1286,34,5370,0101010,8,75,0000010,10,90
1294,34,5375,0010100,8,75,0000010,10,90
1287,34,5369,0101010,8,75,0000010,10,90
1295,34,5371,0010100,8,75,0000010,10,90
1296,34,5366,0101010,8,75,0000010,10,90
1297,34,5372,0101010,8,75,0000010,10,90
1299,34,5374,0101010,8,75,0000010,10,90
1300,34,5376,0010100,8,75,0000010,10,90
1301,34,5377,0101010,8,75,0000010,10,90
1302,34,5371,0101010,8,75,0000010,10,90
1304,34,5368,0101010,8,75,0000010,10,90
1305,34,5373,0101010,8,75,0000010,10,90
1306,34,5372,0101010,8,75,0000010,10,90
1307,34,5369,0010100,8,75,0000010,10,90
1309,34,5377,0101010,8,75,0000010,10,90
1310,34,5376,0010100,8,75,0000010,10,90
1311,34,5374,0010100,8,75,0000010,10,90
1312,34,5373,0101010,8,75,0000010,10,90
1313,34,5371,0101010,8,75,0000010,10,90
1314,34,5383,0010100,8,75,0000010,10,90
1315,34,5395,0101010,8,75,0000010,10,90
1316,34,5388,0101010,8,75,0000010,10,90
1328,34,5386,0101010,8,75,0000010,10,90
1321,34,5379,0101010,8,75,0000010,10,90
1329,34,5390,0101010,8,75,0000010,10,90
1322,34,5389,0101010,8,75,0000010,10,90
1318,34,5379,0010100,8,75,0000010,10,90
1330,34,5389,0101010,8,75,0000010,10,90
1323,34,5388,0010100,8,75,0000010,10,90
1319,34,5384,0101010,8,75,0000010,10,90
1331,34,5392,0010100,8,75,0000010,10,90
1324,34,5386,0010100,8,75,0000010,10,90
1320,34,5390,0010100,8,75,0000010,10,90
1332,34,5397,0010100,8,75,0000010,10,90
1325,34,5382,0010100,8,75,0000010,10,90
1333,34,5386,0010100,8,75,0000010,10,90
1326,34,5393,0010100,8,75,0000010,10,90
1334,34,5398,0101010,8,75,0000010,10,90
1327,34,5394,0010100,8,75,0000010,10,90
1335,34,5397,0010100,8,75,0000010,10,90
1336,34,5389,0101010,8,75,0000010,10,90
1337,34,5387,0010100,8,75,0000010,10,90
1339,34,5386,0101010,8,75,0000010,10,90
1341,34,5384,0101010,8,75,0000010,10,90
1343,34,5397,0010100,8,75,0000010,10,90
1344,34,5382,0010100,8,75,0000010,10,90
1345,34,5397,0101010,8,75,0000010,10,90
1346,34,5380,0010100,8,75,0000010,10,90
1347,34,5382,0010100,8,75,0000010,10,90
1349,34,5386,0010100,8,75,0000010,10,90
1351,34,5380,0010100,8,75,0000010,10,90
1352,34,5394,0101010,8,75,0000010,10,90
1353,34,5389,0010100,8,75,0000010,10,90
1354,34,5389,0101010,8,75,0000010,10,90
1355,34,5384,0101010,8,75,0000010,10,90
1356,34,5378,0010100,8,75,0000010,10,90
1357,34,5387,0010100,8,75,0000010,10,90
1358,34,5379,0101010,8,75,0000010,10,90
1360,34,5379,0010100,8,75,0000010,10,90
1361,34,5388,0010100,8,75,0000010,10,90
1363,34,5394,0010100,8,75,0000010,10,90
1364,34,5395,0101010,8,75,0000010,10,90
1365,34,5396,0101010,8,75,0000010,10,90
1366,34,5388,0101010,8,75,0000010,10,90
1367,34,5384,0010100,8,75,0000010,10,90
1368,34,5386,0101010,8,75,0000010,10,90
1369,34,5397,0010100,8,75,0000010,10,90
1370,34,5396,0101010,8,75,0000010,10,90
1371,34,5389,0101010,8,75,0000010,10,90
1372,34,5397,0010100,8,75,0000010,10,90
1373,34,5395,0010100,8,75,0000010,10,90
1374,34,5384,0010100,8,75,0000010,10,90
1375,34,5382,0101010,8,75,0000010,10,90
1376,34,5378,0010100,8,75,0000010,10,90
1377,34,5382,0010100,8,75,0000010,10,90
1378,34,5389,0010100,8,75,0000010,10,90
1379,34,5398,0101010,8,75,0000010,10,90
1380,34,5392,0101010,8,75,0000010,10,90
1381,34,5391,0101010,8,75,0000010,10,90
1382,34,5398,0101010,8,75,0000010,10,90
1383,34,5397,0101010,8,75,0000010,10,90
1386,34,5397,0101010,8,75,0000010,10,90
1388,34,5408,0101010,8,75,0000010,10,90
1389,34,5403,0101010,8,75,0000010,10,90
1390,34,5399,0010100,8,75,0000010,10,90
1402,34,5402,0101010,8,75,0000010,10,90
1395,34,5404,0101010,8,75,0000010,10,90
1391,34,5404,0101010,8,75,0000010,10,90
1403,34,5406,0101010,8,75,0000010,10,90
1396,34,5407,0101010,8,75,0000010,10,90
1392,34,5403,0010100,8,75,0000010,10,90
1404,34,5403,0010100,8,75,0000010,10,90
1393,34,5406,0101010,8,75,0000010,10,90
1405,34,5403,0010100,8,75,0000010,10,90
1398,34,5405,0101010,8,75,0000010,10,90
1394,34,5406,0010100,8,75,0000010,10,90
1406,34,5399,0010100,8,75,0000010,10,90
1399,34,5401,0101010,8,75,0000010,10,90
1407,34,5402,0101010,8,75,0000010,10,90
1400,34,5406,0010100,8,75,0000010,10,90
1408,34,5406,0101010,8,75,0000010,10,90
1401,34,5406,0101010,8,75,0000010,10,90
1409,34,5407,0101010,8,75,0000010,10,90
1410,34,5404,0101010,8,75,0000010,10,90
1411,34,5404,0101010,8,75,0000010,10,90
1412,34,5403,0010100,8,75,0000010,10,90
1413,34,5400,0101010,8,75,0000010,10,90
1414,34,5400,0101010,8,75,0000010,10,90
1415,34,5405,0010100,8,75,0000010,10,90
1416,34,5399,0010100,8,75,0000010,10,90
1417,34,5401,0101010,8,75,0000010,10,90
1418,34,5405,0010100,8,75,0000010,10,90
1420,34,5407,0101010,8,75,0000010,10,90
1421,34,5404,0101010,8,75,0000010,10,90
1422,34,5399,0101010,8,75,0000010,10,90
1090,35,5313,0101010,8,75,0000010,10,90
1091,35,5313,0101010,8,75,0000010,10,90
1092,35,5321,0010100,8,75,0000010,10,90
1242,35,5345,0010100,8,75,0000010,10,90
1192,35,5315,0101010,8,75,0000010,10,90
1093,35,5354,0101010,8,75,0000010,10,90
1243,35,5338,0101010,8,75,0000010,10,90
1193,35,5336,0010100,8,75,0000010,10,90
1248,35,5347,0010100,8,75,0000010,10,90
1094,35,5316,0101010,8,75,0000010,10,90
1194,35,5319,0010100,8,75,0000010,10,90
1099,35,5329,0101010,8,75,0000010,10,90
1256,35,5324,0101010,8,75,0000010,10,90
1206,35,5351,0010100,8,75,0000010,10,90
1249,35,5364,0010100,8,75,0000010,10,90
1199,35,5345,0101010,8,75,0000010,10,90
1095,35,5336,0010100,8,75,0000010,10,90
1245,35,5331,0101010,8,75,0000010,10,90
1107,35,5330,0010100,8,75,0000010,10,90
1207,35,5353,0101010,8,75,0000010,10,90
1250,35,5362,0101010,8,75,0000010,10,90
1200,35,5320,0101010,8,75,0000010,10,90
1096,35,5354,0101010,8,75,0000010,10,90
1246,35,5358,0101010,8,75,0000010,10,90
1196,35,5325,0010100,8,75,0000010,10,90
1101,35,5339,0010100,8,75,0000010,10,90
1258,35,5360,0101010,8,75,0000010,10,90
1208,35,5351,0010100,8,75,0000010,10,90
1251,35,5362,0010100,8,75,0000010,10,90
1201,35,5358,0010100,8,75,0000010,10,90
1097,35,5350,0010100,8,75,0000010,10,90
1247,35,5315,0010100,8,75,0000010,10,90
1197,35,5330,0010100,8,75,0000010,10,90
1102,35,5316,0010100,8,75,0000010,10,90
1259,35,5344,0101010,8,75,0000010,10,90
1252,35,5356,0010100,8,75,0000010,10,90
1202,35,5323,0101010,8,75,0000010,10,90
1098,35,5321,0010100,8,75,0000010,10,90
1103,35,5347,0101010,8,75,0000010,10,90
1260,35,5352,0010100,8,75,0000010,10,90
1210,35,5362,0101010,8,75,0000010,10,90
1253,35,5347,0010100,8,75,0000010,10,90
1203,35,5333,0010100,8,75,0000010,10,90
1104,35,5350,0010100,8,75,0000010,10,90
1261,35,5325,0010100,8,75,0000010,10,90
1211,35,5339,0101010,8,75,0000010,10,90
1254,35,5340,0101010,8,75,0000010,10,90
1204,35,5320,0010100,8,75,0000010,10,90
1112,35,5354,0101010,8,75,0000010,10,90
1262,35,5323,0101010,8,75,0000010,10,90
1212,35,5335,0010100,8,75,0000010,10,90
1255,35,5360,0010100,8,75,0000010,10,90
1205,35,5317,0101010,8,75,0000010,10,90
1113,35,5340,0010100,8,75,0000010,10,90
1263,35,5345,0010100,8,75,0000010,10,90
1213,35,5333,0010100,8,75,0000010,10,90
1214,35,5356,0101010,8,75,0000010,10,90
1115,35,5360,0010100,8,75,0000010,10,90
1265,35,5364,0010100,8,75,0000010,10,90
1215,35,5340,0101010,8,75,0000010,10,90
1116,35,5356,0010100,8,75,0000010,10,90
1266,35,5338,0010100,8,75,0000010,10,90
1216,35,5357,0101010,8,75,0000010,10,90
1117,35,5330,0101010,8,75,0000010,10,90
1267,35,5358,0101010,8,75,0000010,10,90
1118,35,5315,0101010,8,75,0000010,10,90
1268,35,5363,0010100,8,75,0000010,10,90
1119,35,5328,0010100,8,75,0000010,10,90
1269,35,5333,0010100,8,75,0000010,10,90
1219,35,5352,0010100,8,75,0000010,10,90
1120,35,5321,0101010,8,75,0000010,10,90
1270,35,5356,0010100,8,75,0000010,10,90
1220,35,5354,0101010,8,75,0000010,10,90
1121,35,5357,0101010,8,75,0000010,10,90
1271,35,5314,0101010,8,75,0000010,10,90
1221,35,5365,0101010,8,75,0000010,10,90
1122,35,5329,0101010,8,75,0000010,10,90
1272,35,5315,0010100,8,75,0000010,10,90
1222,35,5325,0101010,8,75,0000010,10,90
1123,35,5339,0101010,8,75,0000010,10,90
1273,35,5357,0010100,8,75,0000010,10,90
1223,35,5333,0101010,8,75,0000010,10,90
1124,35,5340,0101010,8,75,0000010,10,90
1224,35,5328,0010100,8,75,0000010,10,90
1125,35,5332,0010100,8,75,0000010,10,90
1225,35,5342,0010100,8,75,0000010,10,90
1126,35,5345,0010100,8,75,0000010,10,90
1226,35,5315,0101010,8,75,0000010,10,90
1227,35,5350,0101010,8,75,0000010,10,90
1128,35,5329,0010100,8,75,0000010,10,90
1228,35,5326,0010100,8,75,0000010,10,90
1129,35,5344,0010100,8,75,0000010,10,90
1229,35,5347,0101010,8,75,0000010,10,90
1130,35,5328,0101010,8,75,0000010,10,90
1230,35,5325,0010100,8,75,0000010,10,90
1131,35,5348,0101010,8,75,0000010,10,90
1231,35,5357,0010100,8,75,0000010,10,90
1132,35,5325,0010100,8,75,0000010,10,90
1232,35,5340,0010100,8,75,0000010,10,90
1133,35,5341,0010100,8,75,0000010,10,90
1233,35,5318,0101010,8,75,0000010,10,90
1134,35,5335,0010100,8,75,0000010,10,90
1135,35,5323,0101010,8,75,0000010,10,90
1235,35,5317,0010100,8,75,0000010,10,90
1136,35,5359,0010100,8,75,0000010,10,90
1236,35,5325,0101010,8,75,0000010,10,90
1137,35,5318,0010100,8,75,0000010,10,90
1237,35,5315,0010100,8,75,0000010,10,90
1138,35,5341,0010100,8,75,0000010,10,90
1238,35,5325,0010100,8,75,0000010,10,90
1139,35,5324,0101010,8,75,0000010,10,90
1239,35,5354,0101010,8,75,0000010,10,90
1140,35,5325,0010100,8,75,0000010,10,90
1240,35,5320,0101010,8,75,0000010,10,90
1141,35,5352,0101010,8,75,0000010,10,90
1241,35,5356,0010100,8,75,0000010,10,90
1142,35,5331,0010100,8,75,0000010,10,90
1143,35,5360,0010100,8,75,0000010,10,90
1145,35,5334,0101010,8,75,0000010,10,90
1147,35,5365,0010100,8,75,0000010,10,90
1148,35,5337,0010100,8,75,0000010,10,90
1150,35,5336,0010100,8,75,0000010,10,90
1151,35,5343,0010100,8,75,0000010,10,90
1152,35,5346,0101010,8,75,0000010,10,90
1153,35,5325,0010100,8,75,0000010,10,90
1154,35,5331,0101010,8,75,0000010,10,90
1155,35,5361,0101010,8,75,0000010,10,90
1156,35,5361,0010100,8,75,0000010,10,90
1157,35,5315,0010100,8,75,0000010,10,90
1159,35,5350,0010100,8,75,0000010,10,90
1161,35,5359,0010100,8,75,0000010,10,90
1162,35,5335,0010100,8,75,0000010,10,90
1163,35,5361,0101010,8,75,0000010,10,90
1164,35,5340,0010100,8,75,0000010,10,90
1165,35,5363,0010100,8,75,0000010,10,90
1166,35,5323,0010100,8,75,0000010,10,90
1167,35,5358,0101010,8,75,0000010,10,90
1168,35,5365,0101010,8,75,0000010,10,90
1169,35,5329,0101010,8,75,0000010,10,90
1170,35,5315,0010100,8,75,0000010,10,90
1171,35,5349,0101010,8,75,0000010,10,90
1172,35,5323,0010100,8,75,0000010,10,90
1174,35,5331,0101010,8,75,0000010,10,90
1175,35,5354,0101010,8,75,0000010,10,90
1176,35,5326,0010100,8,75,0000010,10,90
1177,35,5326,0101010,8,75,0000010,10,90
1179,35,5314,0010100,8,75,0000010,10,90
1180,35,5326,0101010,8,75,0000010,10,90
1181,35,5337,0010100,8,75,0000010,10,90
1182,35,5319,0010100,8,75,0000010,10,90
1183,35,5320,0010100,8,75,0000010,10,90
1185,35,5329,0101010,8,75,0000010,10,90
1187,35,5334,0010100,8,75,0000010,10,90
1189,35,5365,0101010,8,75,0000010,10,90
1190,35,5345,0101010,8,75,0000010,10,90
1191,35,5361,0010100,8,75,0000010,10,90
1274,35,5371,0101010,8,75,0000010,10,90
1275,35,5373,0101010,8,75,0000010,10,90
1281,35,5370,0010100,8,75,0000010,10,90
1277,35,5372,0010100,8,75,0000010,10,90
1289,35,5369,0101010,8,75,0000010,10,90
1282,35,5377,0101010,8,75,0000010,10,90
1290,35,5368,0010100,8,75,0000010,10,90
1283,35,5367,0010100,8,75,0000010,10,90
1279,35,5367,0101010,8,75,0000010,10,90
1291,35,5368,0010100,8,75,0000010,10,90
1284,35,5366,0101010,8,75,0000010,10,90
1280,35,5367,0010100,8,75,0000010,10,90
1292,35,5366,0101010,8,75,0000010,10,90
1285,35,5376,0101010,8,75,0000010,10,90
1293,35,5371,0010100,8,75,0000010,10,90
1286,35,5373,0101010,8,75,0000010,10,90
1294,35,5376,0010100,8,75,0000010,10,90
1287,35,5366,0101010,8,75,0000010,10,90
1295,35,5375,0010100,8,75,0000010,10,90
1296,35,5374,0101010,8,75,0000010,10,90
1297,35,5374,0101010,8,75,0000010,10,90
1299,35,5367,0101010,8,75,0000010,10,90
1300,35,5371,0010100,8,75,0000010,10,90
1301,35,5377,0101010,8,75,0000010,10,90
1302,35,5371,0101010,8,75,0000010,10,90
1304,35,5370,0101010,8,75,0000010,10,90
1305,35,5372,0101010,8,75,0000010,10,90
1306,35,5373,0101010,8,75,0000010,10,90
1307,35,5373,0010100,8,75,0000010,10,90
1309,35,5370,0101010,8,75,0000010,10,90
1310,35,5373,0010100,8,75,0000010,10,90
1311,35,5373,0010100,8,75,0000010,10,90
1312,35,5375,0101010,8,75,0000010,10,90
1313,35,5377,0101010,8,75,0000010,10,90
1314,35,5392,0010100,8,75,0000010,10,90
1315,35,5379,0101010,8,75,0000010,10,90
1316,35,5394,0101010,8,75,0000010,10,90
1328,35,5388,0101010,8,75,0000010,10,90
1321,35,5381,0101010,8,75,0000010,10,90
1329,35,5382,0101010,8,75,0000010,10,90
1322,35,5388,0101010,8,75,0000010,10,90
1318,35,5389,0010100,8,75,0000010,10,90
1330,35,5398,0101010,8,75,0000010,10,90
1323,35,5383,0010100,8,75,0000010,10,90
1319,35,5398,0101010,8,75,0000010,10,90
1331,35,5386,0010100,8,75,0000010,10,90
1324,35,5383,0010100,8,75,0000010,10,90
1320,35,5379,0010100,8,75,0000010,10,90
1332,35,5387,0010100,8,75,0000010,10,90
1325,35,5398,0010100,8,75,0000010,10,90
1333,35,5387,0010100,8,75,0000010,10,90
1326,35,5397,0010100,8,75,0000010,10,90
1334,35,5379,0101010,8,75,0000010,10,90
1327,35,5380,0010100,8,75,0000010,10,90
1335,35,5391,0010100,8,75,0000010,10,90
1336,35,5398,0101010,8,75,0000010,10,90
1337,35,5394,0010100,8,75,0000010,10,90
1339,35,5390,0101010,8,75,0000010,10,90
1341,35,5381,0101010,8,75,0000010,10,90
1343,35,5389,0010100,8,75,0000010,10,90
1344,35,5393,0010100,8,75,0000010,10,90
1345,35,5388,0101010,8,75,0000010,10,90
1346,35,5387,0010100,8,75,0000010,10,90
1347,35,5397,0010100,8,75,0000010,10,90
1349,35,5380,0010100,8,75,0000010,10,90
1351,35,5378,0010100,8,75,0000010,10,90
1352,35,5396,0101010,8,75,0000010,10,90
1353,35,5392,0010100,8,75,0000010,10,90
1354,35,5394,0101010,8,75,0000010,10,90
1355,35,5392,0101010,8,75,0000010,10,90
1356,35,5382,0010100,8,75,0000010,10,90
1357,35,5388,0010100,8,75,0000010,10,90
1358,35,5390,0101010,8,75,0000010,10,90
1360,35,5389,0010100,8,75,0000010,10,90
1361,35,5378,0010100,8,75,0000010,10,90
1363,35,5389,0010100,8,75,0000010,10,90
1364,35,5379,0101010,8,75,0000010,10,90
1365,35,5397,0101010,8,75,0000010,10,90
1366,35,5398,0101010,8,75,0000010,10,90
1367,35,5382,0010100,8,75,0000010,10,90
1368,35,5390,0101010,8,75,0000010,10,90
1369,35,5385,0010100,8,75,0000010,10,90
1370,35,5381,0101010,8,75,0000010,10,90
1371,35,5394,0101010,8,75,0000010,10,90
1372,35,5391,0010100,8,75,0000010,10,90
1373,35,5382,0010100,8,75,0000010,10,90
1374,35,5386,0010100,8,75,0000010,10,90
1375,35,5391,0101010,8,75,0000010,10,90
1376,35,5395,0010100,8,75,0000010,10,90
1377,35,5393,0010100,8,75,0000010,10,90
1378,35,5379,0010100,8,75,0000010,10,90
1379,35,5382,0101010,8,75,0000010,10,90
1380,35,5389,0101010,8,75,0000010,10,90
1381,35,5390,0101010,8,75,0000010,10,90
1382,35,5389,0101010,8,75,0000010,10,90
1383,35,5385,0101010,8,75,0000010,10,90
1386,35,5381,0101010,8,75,0000010,10,90
1388,35,5407,0101010,8,75,0000010,10,90
1389,35,5404,0101010,8,75,0000010,10,90
1390,35,5405,0010100,8,75,0000010,10,90
1402,35,5404,0101010,8,75,0000010,10,90
1395,35,5408,0101010,8,75,0000010,10,90
1391,35,5403,0101010,8,75,0000010,10,90
1403,35,5407,0101010,8,75,0000010,10,90
1396,35,5403,0101010,8,75,0000010,10,90
1392,35,5399,0010100,8,75,0000010,10,90
1404,35,5403,0010100,8,75,0000010,10,90
1393,35,5402,0101010,8,75,0000010,10,90
1405,35,5401,0010100,8,75,0000010,10,90
1398,35,5399,0101010,8,75,0000010,10,90
1394,35,5406,0010100,8,75,0000010,10,90
1406,35,5399,0010100,8,75,0000010,10,90
1399,35,5408,0101010,8,75,0000010,10,90
1407,35,5402,0101010,8,75,0000010,10,90
1400,35,5405,0010100,8,75,0000010,10,90
1408,35,5405,0101010,8,75,0000010,10,90
1401,35,5400,0101010,8,75,0000010,10,90
1409,35,5404,0101010,8,75,0000010,10,90
1410,35,5403,0101010,8,75,0000010,10,90
1411,35,5407,0101010,8,75,0000010,10,90
1412,35,5408,0010100,8,75,0000010,10,90
1413,35,5399,0101010,8,75,0000010,10,90
1414,35,5405,0101010,8,75,0000010,10,90
1415,35,5402,0010100,8,75,0000010,10,90
1416,35,5403,0010100,8,75,0000010,10,90
1417,35,5403,0101010,8,75,0000010,10,90
1418,35,5408,0010100,8,75,0000010,10,90
1420,35,5408,0101010,8,75,0000010,10,90
1421,35,5406,0101010,8,75,0000010,10,90
1422,35,5402,0101010,8,75,0000010,10,90
1090,36,5313,0101010,8,75,0000010,10,90
1091,36,5313,0101010,8,75,0000010,10,90
1092,36,5352,0010100,8,75,0000010,10,90
1242,36,5349,0010100,8,75,0000010,10,90
1192,36,5361,0101010,8,75,0000010,10,90
1093,36,5346,0101010,8,75,0000010,10,90
1243,36,5345,0101010,8,75,0000010,10,90
1193,36,5315,0010100,8,75,0000010,10,90
1248,36,5363,0010100,8,75,0000010,10,90
1094,36,5330,0101010,8,75,0000010,10,90
1194,36,5328,0010100,8,75,0000010,10,90
1099,36,5330,0101010,8,75,0000010,10,90
1256,36,5345,0101010,8,75,0000010,10,90
1206,36,5326,0010100,8,75,0000010,10,90
1249,36,5365,0010100,8,75,0000010,10,90
1199,36,5336,0101010,8,75,0000010,10,90
1095,36,5345,0010100,8,75,0000010,10,90
1245,36,5324,0101010,8,75,0000010,10,90
1107,36,5341,0010100,8,75,0000010,10,90
1207,36,5364,0101010,8,75,0000010,10,90
1250,36,5362,0101010,8,75,0000010,10,90
1200,36,5345,0101010,8,75,0000010,10,90
1096,36,5359,0101010,8,75,0000010,10,90
1246,36,5316,0101010,8,75,0000010,10,90
1196,36,5343,0010100,8,75,0000010,10,90
1101,36,5354,0010100,8,75,0000010,10,90
1258,36,5334,0101010,8,75,0000010,10,90
1208,36,5315,0010100,8,75,0000010,10,90
1251,36,5350,0010100,8,75,0000010,10,90
1201,36,5321,0010100,8,75,0000010,10,90
1097,36,5328,0010100,8,75,0000010,10,90
1247,36,5321,0010100,8,75,0000010,10,90
1197,36,5355,0010100,8,75,0000010,10,90
1102,36,5326,0010100,8,75,0000010,10,90
1259,36,5341,0101010,8,75,0000010,10,90
1252,36,5321,0010100,8,75,0000010,10,90
1202,36,5324,0101010,8,75,0000010,10,90
1098,36,5332,0010100,8,75,0000010,10,90
1103,36,5327,0101010,8,75,0000010,10,90
1260,36,5353,0010100,8,75,0000010,10,90
1210,36,5347,0101010,8,75,0000010,10,90
1253,36,5335,0010100,8,75,0000010,10,90
1203,36,5324,0010100,8,75,0000010,10,90
1104,36,5326,0010100,8,75,0000010,10,90
1261,36,5365,0010100,8,75,0000010,10,90
1211,36,5319,0101010,8,75,0000010,10,90
1254,36,5330,0101010,8,75,0000010,10,90
1204,36,5327,0010100,8,75,0000010,10,90
1112,36,5356,0101010,8,75,0000010,10,90
1262,36,5342,0101010,8,75,0000010,10,90
1212,36,5319,0010100,8,75,0000010,10,90
1255,36,5330,0010100,8,75,0000010,10,90
1205,36,5356,0101010,8,75,0000010,10,90
1113,36,5363,0010100,8,75,0000010,10,90
1263,36,5350,0010100,8,75,0000010,10,90
1213,36,5355,0010100,8,75,0000010,10,90
1214,36,5344,0101010,8,75,0000010,10,90
1115,36,5350,0010100,8,75,0000010,10,90
1265,36,5324,0010100,8,75,0000010,10,90
1215,36,5326,0101010,8,75,0000010,10,90
1116,36,5358,0010100,8,75,0000010,10,90
1266,36,5343,0010100,8,75,0000010,10,90
1216,36,5362,0101010,8,75,0000010,10,90
1117,36,5325,0101010,8,75,0000010,10,90
1267,36,5354,0101010,8,75,0000010,10,90
1118,36,5337,0101010,8,75,0000010,10,90
1268,36,5329,0010100,8,75,0000010,10,90
1119,36,5320,0010100,8,75,0000010,10,90
1269,36,5363,0010100,8,75,0000010,10,90
1219,36,5317,0010100,8,75,0000010,10,90
1120,36,5347,0101010,8,75,0000010,10,90
1270,36,5356,0010100,8,75,0000010,10,90
1220,36,5363,0101010,8,75,0000010,10,90
1121,36,5330,0101010,8,75,0000010,10,90
1271,36,5324,0101010,8,75,0000010,10,90
1221,36,5324,0101010,8,75,0000010,10,90
1122,36,5333,0101010,8,75,0000010,10,90
1272,36,5338,0010100,8,75,0000010,10,90
1222,36,5337,0101010,8,75,0000010,10,90
1123,36,5328,0101010,8,75,0000010,10,90
1273,36,5346,0010100,8,75,0000010,10,90
1223,36,5345,0101010,8,75,0000010,10,90
1124,36,5327,0101010,8,75,0000010,10,90
1224,36,5334,0010100,8,75,0000010,10,90
1125,36,5316,0010100,8,75,0000010,10,90
1225,36,5344,0010100,8,75,0000010,10,90
1126,36,5339,0010100,8,75,0000010,10,90
1226,36,5338,0101010,8,75,0000010,10,90
1227,36,5349,0101010,8,75,0000010,10,90
1128,36,5360,0010100,8,75,0000010,10,90
1228,36,5319,0010100,8,75,0000010,10,90
1129,36,5335,0010100,8,75,0000010,10,90
1229,36,5360,0101010,8,75,0000010,10,90
1130,36,5350,0101010,8,75,0000010,10,90
1230,36,5322,0010100,8,75,0000010,10,90
1131,36,5317,0101010,8,75,0000010,10,90
1231,36,5332,0010100,8,75,0000010,10,90
1132,36,5316,0010100,8,75,0000010,10,90
1232,36,5327,0010100,8,75,0000010,10,90
1133,36,5348,0010100,8,75,0000010,10,90
1233,36,5358,0101010,8,75,0000010,10,90
1134,36,5322,0010100,8,75,0000010,10,90
1135,36,5340,0101010,8,75,0000010,10,90
1235,36,5322,0010100,8,75,0000010,10,90
1136,36,5333,0010100,8,75,0000010,10,90
1236,36,5331,0101010,8,75,0000010,10,90
1137,36,5334,0010100,8,75,0000010,10,90
1237,36,5319,0010100,8,75,0000010,10,90
1138,36,5364,0010100,8,75,0000010,10,90
1238,36,5325,0010100,8,75,0000010,10,90
1139,36,5348,0101010,8,75,0000010,10,90
1239,36,5353,0101010,8,75,0000010,10,90
1140,36,5337,0010100,8,75,0000010,10,90
1240,36,5344,0101010,8,75,0000010,10,90
1141,36,5328,0101010,8,75,0000010,10,90
1241,36,5359,0010100,8,75,0000010,10,90
1142,36,5345,0010100,8,75,0000010,10,90
1143,36,5358,0010100,8,75,0000010,10,90
1145,36,5341,0101010,8,75,0000010,10,90
1147,36,5333,0010100,8,75,0000010,10,90
1148,36,5356,0010100,8,75,0000010,10,90
1150,36,5322,0010100,8,75,0000010,10,90
1151,36,5350,0010100,8,75,0000010,10,90
1152,36,5356,0101010,8,75,0000010,10,90
1153,36,5359,0010100,8,75,0000010,10,90
1154,36,5334,0101010,8,75,0000010,10,90
1155,36,5321,0101010,8,75,0000010,10,90
1156,36,5343,0010100,8,75,0000010,10,90
1157,36,5337,0010100,8,75,0000010,10,90
1159,36,5335,0010100,8,75,0000010,10,90
1161,36,5365,0010100,8,75,0000010,10,90
1162,36,5347,0010100,8,75,0000010,10,90
1163,36,5325,0101010,8,75,0000010,10,90
1164,36,5362,0010100,8,75,0000010,10,90
1165,36,5322,0010100,8,75,0000010,10,90
1166,36,5344,0010100,8,75,0000010,10,90
1167,36,5324,0101010,8,75,0000010,10,90
1168,36,5347,0101010,8,75,0000010,10,90
1169,36,5362,0101010,8,75,0000010,10,90
1170,36,5355,0010100,8,75,0000010,10,90
1171,36,5342,0101010,8,75,0000010,10,90
1172,36,5352,0010100,8,75,0000010,10,90
1174,36,5320,0101010,8,75,0000010,10,90
1175,36,5322,0101010,8,75,0000010,10,90
1176,36,5340,0010100,8,75,0000010,10,90
1177,36,5326,0101010,8,75,0000010,10,90
1179,36,5355,0010100,8,75,0000010,10,90
1180,36,5318,0101010,8,75,0000010,10,90
1181,36,5351,0010100,8,75,0000010,10,90
1182,36,5317,0010100,8,75,0000010,10,90
1183,36,5344,0010100,8,75,0000010,10,90
1185,36,5330,0101010,8,75,0000010,10,90
1187,36,5352,0010100,8,75,0000010,10,90
1189,36,5365,0101010,8,75,0000010,10,90
1190,36,5346,0101010,8,75,0000010,10,90
1191,36,5323,0010100,8,75,0000010,10,90
1274,36,5377,0101010,8,75,0000010,10,90
1275,36,5370,0101010,8,75,0000010,10,90
1281,36,5368,0010100,8,75,0000010,10,90
1277,36,5367,0010100,8,75,0000010,10,90
1289,36,5372,0101010,8,75,0000010,10,90
1282,36,5374,0101010,8,75,0000010,10,90
1290,36,5376,0010100,8,75,0000010,10,90
1283,36,5373,0010100,8,75,0000010,10,90
1279,36,5370,0101010,8,75,0000010,10,90
1291,36,5368,0010100,8,75,0000010,10,90
1284,36,5372,0101010,8,75,0000010,10,90
1280,36,5375,0010100,8,75,0000010,10,90
1292,36,5373,0101010,8,75,0000010,10,90
1285,36,5372,0101010,8,75,0000010,10,90
1293,36,5371,0010100,8,75,0000010,10,90
1286,36,5377,0101010,8,75,0000010,10,90
1294,36,5367,0010100,8,75,0000010,10,90
1287,36,5371,0101010,8,75,0000010,10,90
1295,36,5374,0010100,8,75,0000010,10,90
1296,36,5367,0101010,8,75,0000010,10,90
1297,36,5374,0101010,8,75,0000010,10,90
1299,36,5377,0101010,8,75,0000010,10,90
1300,36,5367,0010100,8,75,0000010,10,90
1301,36,5375,0101010,8,75,0000010,10,90
1302,36,5376,0101010,8,75,0000010,10,90
1304,36,5376,0101010,8,75,0000010,10,90
1305,36,5370,0101010,8,75,0000010,10,90
1306,36,5374,0101010,8,75,0000010,10,90
1307,36,5372,0010100,8,75,0000010,10,90
1309,36,5373,0101010,8,75,0000010,10,90
1310,36,5371,0010100,8,75,0000010,10,90
1311,36,5374,0010100,8,75,0000010,10,90
1312,36,5369,0101010,8,75,0000010,10,90
1313,36,5371,0101010,8,75,0000010,10,90
1314,36,5393,0010100,8,75,0000010,10,90
1315,36,5382,0101010,8,75,0000010,10,90
1316,36,5398,0101010,8,75,0000010,10,90
1328,36,5384,0101010,8,75,0000010,10,90
1321,36,5383,0101010,8,75,0000010,10,90
1329,36,5398,0101010,8,75,0000010,10,90
1322,36,5393,0101010,8,75,0000010,10,90
1318,36,5381,0010100,8,75,0000010,10,90
1330,36,5387,0101010,8,75,0000010,10,90
1323,36,5379,0010100,8,75,0000010,10,90
1319,36,5380,0101010,8,75,0000010,10,90
1331,36,5394,0010100,8,75,0000010,10,90
1324,36,5390,0010100,8,75,0000010,10,90
1320,36,5398,0010100,8,75,0000010,10,90
1332,36,5386,0010100,8,75,0000010,10,90
1325,36,5383,0010100,8,75,0000010,10,90
1333,36,5388,0010100,8,75,0000010,10,90
1326,36,5381,0010100,8,75,0000010,10,90
1334,36,5383,0101010,8,75,0000010,10,90
1327,36,5390,0010100,8,75,0000010,10,90
1335,36,5387,0010100,8,75,0000010,10,90
1336,36,5398,0101010,8,75,0000010,10,90
1337,36,5396,0010100,8,75,0000010,10,90
1339,36,5385,0101010,8,75,0000010,10,90
1341,36,5392,0101010,8,75,0000010,10,90
1343,36,5382,0010100,8,75,0000010,10,90
1344,36,5383,0010100,8,75,0000010,10,90
1345,36,5378,0101010,8,75,0000010,10,90
1346,36,5388,0010100,8,75,0000010,10,90
1347,36,5398,0010100,8,75,0000010,10,90
1349,36,5384,0010100,8,75,0000010,10,90
1351,36,5391,0010100,8,75,0000010,10,90
1352,36,5384,0101010,8,75,0000010,10,90
1353,36,5389,0010100,8,75,0000010,10,90
1354,36,5389,0101010,8,75,0000010,10,90
1355,36,5379,0101010,8,75,0000010,10,90
1356,36,5386,0010100,8,75,0000010,10,90
1357,36,5388,0010100,8,75,0000010,10,90
1358,36,5381,0101010,8,75,0000010,10,90
1360,36,5396,0010100,8,75,0000010,10,90
1361,36,5389,0010100,8,75,0000010,10,90
1363,36,5388,0010100,8,75,0000010,10,90
1364,36,5388,0101010,8,75,0000010,10,90
1365,36,5390,0101010,8,75,0000010,10,90
1366,36,5393,0101010,8,75,0000010,10,90
1367,36,5391,0010100,8,75,0000010,10,90
1368,36,5397,0101010,8,75,0000010,10,90
1369,36,5389,0010100,8,75,0000010,10,90
1370,36,5382,0101010,8,75,0000010,10,90
1371,36,5389,0101010,8,75,0000010,10,90
1372,36,5397,0010100,8,75,0000010,10,90
1373,36,5379,0010100,8,75,0000010,10,90
1374,36,5385,0010100,8,75,0000010,10,90
1375,36,5394,0101010,8,75,0000010,10,90
1376,36,5389,0010100,8,75,0000010,10,90
1377,36,5391,0010100,8,75,0000010,10,90
1378,36,5385,0010100,8,75,0000010,10,90
1379,36,5390,0101010,8,75,0000010,10,90
1380,36,5383,0101010,8,75,0000010,10,90
1381,36,5382,0101010,8,75,0000010,10,90
1382,36,5381,0101010,8,75,0000010,10,90
1383,36,5390,0101010,8,75,0000010,10,90
1386,36,5398,0101010,8,75,0000010,10,90
1388,36,5400,0101010,8,75,0000010,10,90
1389,36,5406,0101010,8,75,0000010,10,90
1390,36,5407,0010100,8,75,0000010,10,90
1402,36,5403,0101010,8,75,0000010,10,90
1395,36,5399,0101010,8,75,0000010,10,90
1391,36,5402,0101010,8,75,0000010,10,90
1403,36,5401,0101010,8,75,0000010,10,90
1396,36,5399,0101010,8,75,0000010,10,90
1392,36,5405,0010100,8,75,0000010,10,90
1404,36,5406,0010100,8,75,0000010,10,90
1393,36,5400,0101010,8,75,0000010,10,90
1405,36,5402,0010100,8,75,0000010,10,90
1398,36,5402,0101010,8,75,0000010,10,90
1394,36,5401,0010100,8,75,0000010,10,90
1406,36,5400,0010100,8,75,0000010,10,90
1399,36,5406,0101010,8,75,0000010,10,90
1407,36,5402,0101010,8,75,0000010,10,90
1400,36,5404,0010100,8,75,0000010,10,90
1408,36,5402,0101010,8,75,0000010,10,90
1401,36,5405,0101010,8,75,0000010,10,90
1409,36,5404,0101010,8,75,0000010,10,90
1410,36,5403,0101010,8,75,0000010,10,90
1411,36,5408,0101010,8,75,0000010,10,90
1412,36,5407,0010100,8,75,0000010,10,90
1413,36,5406,0101010,8,75,0000010,10,90
1414,36,5405,0101010,8,75,0000010,10,90
1415,36,5401,0010100,8,75,0000010,10,90
1416,36,5408,0010100,8,75,0000010,10,90
1417,36,5400,0101010,8,75,0000010,10,90
1418,36,5406,0010100,8,75,0000010,10,90
1420,36,5404,0101010,8,75,0000010,10,90
1421,36,5402,0101010,8,75,0000010,10,90
1422,36,5408,0101010,8,75,0000010,10,90
1090,37,5313,0101010,8,75,0000010,10,90
1091,37,5313,0101010,8,75,0000010,10,90
1092,37,5319,0010100,8,75,0000010,10,90
1242,37,5339,0010100,8,75,0000010,10,90
1192,37,5319,0101010,8,75,0000010,10,90
1093,37,5324,0101010,8,75,0000010,10,90
1243,37,5337,0101010,8,75,0000010,10,90
1193,37,5353,0010100,8,75,0000010,10,90
1248,37,5324,0010100,8,75,0000010,10,90
1094,37,5360,0101010,8,75,0000010,10,90
1194,37,5316,0010100,8,75,0000010,10,90
1099,37,5332,0101010,8,75,0000010,10,90
1256,37,5323,0101010,8,75,0000010,10,90
1206,37,5316,0010100,8,75,0000010,10,90
1249,37,5334,0010100,8,75,0000010,10,90
1199,37,5321,0101010,8,75,0000010,10,90
1095,37,5327,0010100,8,75,0000010,10,90
1245,37,5363,0101010,8,75,0000010,10,90
1107,37,5354,0010100,8,75,0000010,10,90
1207,37,5351,0101010,8,75,0000010,10,90
1250,37,5326,0101010,8,75,0000010,10,90
1200,37,5321,0101010,8,75,0000010,10,90
1096,37,5354,0101010,8,75,0000010,10,90
1246,37,5333,0101010,8,75,0000010,10,90
1196,37,5350,0010100,8,75,0000010,10,90
1101,37,5331,0010100,8,75,0000010,10,90
1258,37,5340,0101010,8,75,0000010,10,90
1208,37,5335,0010100,8,75,0000010,10,90
1251,37,5317,0010100,8,75,0000010,10,90
1201,37,5319,0010100,8,75,0000010,10,90
1097,37,5316,0010100,8,75,0000010,10,90
1247,37,5329,0010100,8,75,0000010,10,90
1197,37,5324,0010100,8,75,0000010,10,90
1102,37,5349,0010100,8,75,0000010,10,90
1259,37,5338,0101010,8,75,0000010,10,90
1252,37,5337,0010100,8,75,0000010,10,90
1202,37,5325,0101010,8,75,0000010,10,90
1098,37,5352,0010100,8,75,0000010,10,90
1103,37,5351,0101010,8,75,0000010,10,90
1260,37,5352,0010100,8,75,0000010,10,90
1210,37,5320,0101010,8,75,0000010,10,90
1253,37,5346,0010100,8,75,0000010,10,90
1203,37,5340,0010100,8,75,0000010,10,90
1104,37,5314,0010100,8,75,0000010,10,90
1261,37,5362,0010100,8,75,0000010,10,90
1211,37,5359,0101010,8,75,0000010,10,90
1254,37,5327,0101010,8,75,0000010,10,90
1204,37,5320,0010100,8,75,0000010,10,90
1112,37,5349,0101010,8,75,0000010,10,90
1262,37,5351,0101010,8,75,0000010,10,90
1212,37,5347,0010100,8,75,0000010,10,90
1255,37,5325,0010100,8,75,0000010,10,90
1205,37,5352,0101010,8,75,0000010,10,90
1113,37,5333,0010100,8,75,0000010,10,90
1263,37,5333,0010100,8,75,0000010,10,90
1213,37,5364,0010100,8,75,0000010,10,90
1214,37,5326,0101010,8,75,0000010,10,90
1115,37,5329,0010100,8,75,0000010,10,90
1265,37,5316,0010100,8,75,0000010,10,90
1215,37,5324,0101010,8,75,0000010,10,90
1116,37,5349,0010100,8,75,0000010,10,90
1266,37,5365,0010100,8,75,0000010,10,90
1216,37,5337,0101010,8,75,0000010,10,90
1117,37,5341,0101010,8,75,0000010,10,90
1267,37,5362,0101010,8,75,0000010,10,90
1118,37,5339,0101010,8,75,0000010,10,90
1268,37,5320,0010100,8,75,0000010,10,90
1119,37,5348,0010100,8,75,0000010,10,90
1269,37,5344,0010100,8,75,0000010,10,90
1219,37,5342,0010100,8,75,0000010,10,90
1120,37,5357,0101010,8,75,0000010,10,90
1270,37,5356,0010100,8,75,0000010,10,90
1220,37,5353,0101010,8,75,0000010,10,90
1121,37,5362,0101010,8,75,0000010,10,90
1271,37,5342,0101010,8,75,0000010,10,90
1221,37,5316,0101010,8,75,0000010,10,90
1122,37,5330,0101010,8,75,0000010,10,90
1272,37,5334,0010100,8,75,0000010,10,90
1222,37,5324,0101010,8,75,0000010,10,90
1123,37,5330,0101010,8,75,0000010,10,90
1273,37,5330,0010100,8,75,0000010,10,90
1223,37,5342,0101010,8,75,0000010,10,90
1124,37,5337,0101010,8,75,0000010,10,90
1224,37,5360,0010100,8,75,0000010,10,90
1125,37,5327,0010100,8,75,0000010,10,90
1225,37,5358,0010100,8,75,0000010,10,90
1126,37,5343,0010100,8,75,0000010,10,90
1226,37,5342,0101010,8,75,0000010,10,90
1227,37,5319,0101010,8,75,0000010,10,90
1128,37,5343,0010100,8,75,0000010,10,90
1228,37,5347,0010100,8,75,0000010,10,90
1129,37,5339,0010100,8,75,0000010,10,90
1229,37,5346,0101010,8,75,0000010,10,90
1130,37,5352,0101010,8,75,0000010,10,90
1230,37,5338,0010100,8,75,0000010,10,90
1131,37,5348,0101010,8,75,0000010,10,90
1231,37,5361,0010100,8,75,0000010,10,90
1132,37,5351,0010100,8,75,0000010,10,90
1232,37,5355,0010100,8,75,0000010,10,90
1133,37,5319,0010100,8,75,0000010,10,90
1233,37,5361,0101010,8,75,0000010,10,90
1134,37,5318,0010100,8,75,0000010,10,90
1135,37,5343,0101010,8,75,0000010,10,90
1235,37,5362,0010100,8,75,0000010,10,90
1136,37,5315,0010100,8,75,0000010,10,90
1236,37,5318,0101010,8,75,0000010,10,90
1137,37,5362,0010100,8,75,0000010,10,90
1237,37,5321,0010100,8,75,0000010,10,90
1138,37,5365,0010100,8,75,0000010,10,90
1238,37,5338,0010100,8,75,0000010,10,90
1139,37,5333,0101010,8,75,0000010,10,90
1239,37,5319,0101010,8,75,0000010,10,90
1140,37,5335,0010100,8,75,0000010,10,90
1240,37,5358,0101010,8,75,0000010,10,90
1141,37,5333,0101010,8,75,0000010,10,90
1241,37,5363,0010100,8,75,0000010,10,90
1142,37,5359,0010100,8,75,0000010,10,90
1143,37,5346,0010100,8,75,0000010,10,90
1145,37,5352,0101010,8,75,0000010,10,90
1147,37,5358,0010100,8,75,0000010,10,90
1148,37,5320,0010100,8,75,0000010,10,90
1150,37,5364,0010100,8,75,0000010,10,90
1151,37,5338,0010100,8,75,0000010,10,90
1152,37,5344,0101010,8,75,0000010,10,90
1153,37,5336,0010100,8,75,0000010,10,90
1154,37,5328,0101010,8,75,0000010,10,90
1155,37,5355,0101010,8,75,0000010,10,90
1156,37,5345,0010100,8,75,0000010,10,90
1157,37,5338,0010100,8,75,0000010,10,90
1159,37,5361,0010100,8,75,0000010,10,90
1161,37,5355,0010100,8,75,0000010,10,90
1162,37,5347,0010100,8,75,0000010,10,90
1163,37,5320,0101010,8,75,0000010,10,90
1164,37,5333,0010100,8,75,0000010,10,90
1165,37,5328,0010100,8,75,0000010,10,90
1166,37,5353,0010100,8,75,0000010,10,90
1167,37,5360,0101010,8,75,0000010,10,90
1168,37,5328,0101010,8,75,0000010,10,90
1169,37,5332,0101010,8,75,0000010,10,90
1170,37,5361,0010100,8,75,0000010,10,90
1171,37,5337,0101010,8,75,0000010,10,90
1172,37,5323,0010100,8,75,0000010,10,90
1174,37,5353,0101010,8,75,0000010,10,90
1175,37,5337,0101010,8,75,0000010,10,90
1176,37,5334,0010100,8,75,0000010,10,90
1177,37,5359,0101010,8,75,0000010,10,90
1179,37,5320,0010100,8,75,0000010,10,90
1180,37,5352,0101010,8,75,0000010,10,90
1181,37,5337,0010100,8,75,0000010,10,90
1182,37,5331,0010100,8,75,0000010,10,90
1183,37,5344,0010100,8,75,0000010,10,90
1185,37,5358,0101010,8,75,0000010,10,90
1187,37,5361,0010100,8,75,0000010,10,90
1189,37,5314,0101010,8,75,0000010,10,90
1190,37,5326,0101010,8,75,0000010,10,90
1191,37,5334,0010100,8,75,0000010,10,90
1274,37,5375,0101010,8,75,0000010,10,90
1275,37,5373,0101010,8,75,0000010,10,90
1281,37,5369,0010100,8,75,0000010,10,90
1277,37,5375,0010100,8,75,0000010,10,90
1289,37,5371,0101010,8,75,0000010,10,90
1282,37,5373,0101010,8,75,0000010,10,90
1290,37,5374,0010100,8,75,0000010,10,90
1283,37,5371,0010100,8,75,0000010,10,90
1279,37,5376,0101010,8,75,0000010,10,90
1291,37,5369,0010100,8,75,0000010,10,90
1284,37,5366,0101010,8,75,0000010,10,90
1280,37,5370,0010100,8,75,0000010,10,90
1292,37,5376,0101010,8,75,0000010,10,90
1285,37,5372,0101010,8,75,0000010,10,90
1293,37,5371,0010100,8,75,0000010,10,90
1286,37,5375,0101010,8,75,0000010,10,90
1294,37,5369,0010100,8,75,0000010,10,90
1287,37,5372,0101010,8,75,0000010,10,90
1295,37,5375,0010100,8,75,0000010,10,90
1296,37,5372,0101010,8,75,0000010,10,90
1297,37,5374,0101010,8,75,0000010,10,90
1299,37,5371,0101010,8,75,0000010,10,90
1300,37,5372,0010100,8,75,0000010,10,90
1301,37,5372,0101010,8,75,0000010,10,90
1302,37,5367,0101010,8,75,0000010,10,90
1304,37,5370,0101010,8,75,0000010,10,90
1305,37,5366,0101010,8,75,0000010,10,90
1306,37,5374,0101010,8,75,0000010,10,90
1307,37,5370,0010100,8,75,0000010,10,90
1309,37,5372,0101010,8,75,0000010,10,90
1310,37,5374,0010100,8,75,0000010,10,90
1311,37,5375,0010100,8,75,0000010,10,90
1312,37,5368,0101010,8,75,0000010,10,90
1313,37,5377,0101010,8,75,0000010,10,90
1314,37,5397,0010100,8,75,0000010,10,90
1315,37,5392,0101010,8,75,0000010,10,90
1316,37,5392,0101010,8,75,0000010,10,90
1328,37,5396,0101010,8,75,0000010,10,90
1321,37,5378,0101010,8,75,0000010,10,90
1329,37,5378,0101010,8,75,0000010,10,90
1322,37,5398,0101010,8,75,0000010,10,90
1318,37,5389,0010100,8,75,0000010,10,90
1330,37,5380,0101010,8,75,0000010,10,90
1323,37,5394,0010100,8,75,0000010,10,90
1319,37,5394,0101010,8,75,0000010,10,90
1331,37,5384,0010100,8,75,0000010,10,90
1324,37,5378,0010100,8,75,0000010,10,90
1320,37,5388,0010100,8,75,0000010,10,90
1332,37,5390,0010100,8,75,0000010,10,90
1325,37,5379,0010100,8,75,0000010,10,90
1333,37,5388,0010100,8,75,0000010,10,90
1326,37,5383,0010100,8,75,0000010,10,90
1334,37,5384,0101010,8,75,0000010,10,90
1327,37,5391,0010100,8,75,0000010,10,90
1335,37,5392,0010100,8,75,0000010,10,90
1336,37,5396,0101010,8,75,0000010,10,90
1337,37,5396,0010100,8,75,0000010,10,90
1339,37,5385,0101010,8,75,0000010,10,90
1341,37,5397,0101010,8,75,0000010,10,90
1343,37,5390,0010100,8,75,0000010,10,90
1344,37,5386,0010100,8,75,0000010,10,90
1345,37,5378,0101010,8,75,0000010,10,90
1346,37,5381,0010100,8,75,0000010,10,90
1347,37,5383,0010100,8,75,0000010,10,90
1349,37,5393,0010100,8,75,0000010,10,90
1351,37,5385,0010100,8,75,0000010,10,90
1352,37,5387,0101010,8,75,0000010,10,90
1353,37,5393,0010100,8,75,0000010,10,90
1354,37,5391,0101010,8,75,0000010,10,90
1355,37,5387,0101010,8,75,0000010,10,90
1356,37,5394,0010100,8,75,0000010,10,90
1357,37,5397,0010100,8,75,0000010,10,90
1358,37,5378,0101010,8,75,0000010,10,90
1360,37,5396,0010100,8,75,0000010,10,90
1361,37,5381,0010100,8,75,0000010,10,90
1363,37,5388,0010100,8,75,0000010,10,90
1364,37,5378,0101010,8,75,0000010,10,90
1365,37,5392,0101010,8,75,0000010,10,90
1366,37,5383,0101010,8,75,0000010,10,90
1367,37,5391,0010100,8,75,0000010,10,90
1368,37,5382,0101010,8,75,0000010,10,90
1369,37,5382,0010100,8,75,0000010,10,90
1370,37,5389,0101010,8,75,0000010,10,90
1371,37,5378,0101010,8,75,0000010,10,90
1372,37,5379,0010100,8,75,0000010,10,90
1373,37,5395,0010100,8,75,0000010,10,90
1374,37,5381,0010100,8,75,0000010,10,90
1375,37,5397,0101010,8,75,0000010,10,90
1376,37,5395,0010100,8,75,0000010,10,90
1377,37,5384,0010100,8,75,0000010,10,90
1378,37,5381,0010100,8,75,0000010,10,90
1379,37,5378,0101010,8,75,0000010,10,90
1380,37,5380,0101010,8,75,0000010,10,90
1381,37,5389,0101010,8,75,0000010,10,90
1382,37,5391,0101010,8,75,0000010,10,90
1383,37,5393,0101010,8,75,0000010,10,90
1386,37,5381,0101010,8,75,0000010,10,90
1388,37,5404,0101010,8,75,0000010,10,90
1389,37,5406,0101010,8,75,0000010,10,90
1390,37,5401,0010100,8,75,0000010,10,90
1402,37,5402,0101010,8,75,0000010,10,90
1395,37,5399,0101010,8,75,0000010,10,90
1391,37,5405,0101010,8,75,0000010,10,90
1403,37,5400,0101010,8,75,0000010,10,90
1396,37,5403,0101010,8,75,0000010,10,90
1392,37,5408,0010100,8,75,0000010,10,90
1404,37,5405,0010100,8,75,0000010,10,90
1393,37,5399,0101010,8,75,0000010,10,90
1405,37,5407,0010100,8,75,0000010,10,90
1398,37,5408,0101010,8,75,0000010,10,90
1394,37,5405,0010100,8,75,0000010,10,90
1406,37,5404,0010100,8,75,0000010,10,90
1399,37,5408,0101010,8,75,0000010,10,90
1407,37,5408,0101010,8,75,0000010,10,90
1400,37,5401,0010100,8,75,0000010,10,90
1408,37,5402,0101010,8,75,0000010,10,90
1401,37,5399,0101010,8,75,0000010,10,90
1409,37,5399,0101010,8,75,0000010,10,90
1410,37,5405,0101010,8,75,0000010,10,90
1411,37,5399,0101010,8,75,0000010,10,90
1412,37,5399,0010100,8,75,0000010,10,90
1413,37,5399,0101010,8,75,0000010,10,90
1414,37,5402,0101010,8,75,0000010,10,90
1415,37,5404,0010100,8,75,0000010,10,90
1416,37,5402,0010100,8,75,0000010,10,90
1417,37,5404,0101010,8,75,0000010,10,90
1418,37,5399,0010100,8,75,0000010,10,90
1420,37,5406,0101010,8,75,0000010,10,90
1421,37,5404,0101010,8,75,0000010,10,90
1422,37,5404,0101010,8,75,0000010,10,90
1090,38,5313,0101010,8,75,0000010,10,90
1091,38,5313,0101010,8,75,0000010,10,90
1092,38,5360,0010100,8,75,0000010,10,90
1242,38,5338,0010100,8,75,0000010,10,90
1192,38,5316,0101010,8,75,0000010,10,90
1093,38,5360,0101010,8,75,0000010,10,90
1243,38,5349,0101010,8,75,0000010,10,90
1193,38,5360,0010100,8,75,0000010,10,90
1248,38,5358,0010100,8,75,0000010,10,90
1094,38,5317,0101010,8,75,0000010,10,90
1194,38,5362,0010100,8,75,0000010,10,90
1099,38,5335,0101010,8,75,0000010,10,90
1256,38,5340,0101010,8,75,0000010,10,90
1206,38,5339,0010100,8,75,0000010,10,90
1249,38,5326,0010100,8,75,0000010,10,90
1199,38,5342,0101010,8,75,0000010,10,90
1095,38,5350,0010100,8,75,0000010,10,90
1245,38,5334,0101010,8,75,0000010,10,90
1107,38,5359,0010100,8,75,0000010,10,90
1207,38,5365,0101010,8,75,0000010,10,90
1250,38,5360,0101010,8,75,0000010,10,90
1200,38,5314,0101010,8,75,0000010,10,90
1096,38,5336,0101010,8,75,0000010,10,90
1246,38,5354,0101010,8,75,0000010,10,90
1196,38,5335,0010100,8,75,0000010,10,90
1101,38,5325,0010100,8,75,0000010,10,90
1258,38,5351,0101010,8,75,0000010,10,90
1208,38,5339,0010100,8,75,0000010,10,90
1251,38,5338,0010100,8,75,0000010,10,90
1201,38,5331,0010100,8,75,0000010,10,90
1097,38,5363,0010100,8,75,0000010,10,90
1247,38,5341,0010100,8,75,0000010,10,90
1197,38,5320,0010100,8,75,0000010,10,90
1102,38,5348,0010100,8,75,0000010,10,90
1259,38,5362,0101010,8,75,0000010,10,90
1252,38,5342,0010100,8,75,0000010,10,90
1202,38,5334,0101010,8,75,0000010,10,90
1098,38,5355,0010100,8,75,0000010,10,90
1103,38,5332,0101010,8,75,0000010,10,90
1260,38,5340,0010100,8,75,0000010,10,90
1210,38,5320,0101010,8,75,0000010,10,90
1253,38,5365,0010100,8,75,0000010,10,90
1203,38,5322,0010100,8,75,0000010,10,90
1104,38,5358,0010100,8,75,0000010,10,90
1261,38,5347,0010100,8,75,0000010,10,90
1211,38,5365,0101010,8,75,0000010,10,90
1254,38,5350,0101010,8,75,0000010,10,90
1204,38,5344,0010100,8,75,0000010,10,90
1112,38,5354,0101010,8,75,0000010,10,90
1262,38,5324,0101010,8,75,0000010,10,90
1212,38,5361,0010100,8,75,0000010,10,90
1255,38,5314,0010100,8,75,0000010,10,90
1205,38,5319,0101010,8,75,0000010,10,90
1113,38,5329,0010100,8,75,0000010,10,90
1263,38,5345,0010100,8,75,0000010,10,90
1213,38,5344,0010100,8,75,0000010,10,90
1214,38,5332,0101010,8,75,0000010,10,90
1115,38,5315,0010100,8,75,0000010,10,90
1265,38,5333,0010100,8,75,0000010,10,90
1215,38,5327,0101010,8,75,0000010,10,90
1116,38,5339,0010100,8,75,0000010,10,90
1266,38,5346,0010100,8,75,0000010,10,90
1216,38,5364,0101010,8,75,0000010,10,90
1117,38,5316,0101010,8,75,0000010,10,90
1267,38,5320,0101010,8,75,0000010,10,90
1118,38,5324,0101010,8,75,0000010,10,90
1268,38,5362,0010100,8,75,0000010,10,90
1119,38,5332,0010100,8,75,0000010,10,90
1269,38,5361,0010100,8,75,0000010,10,90
1219,38,5351,0010100,8,75,0000010,10,90
1120,38,5316,0101010,8,75,0000010,10,90
1270,38,5322,0010100,8,75,0000010,10,90
1220,38,5351,0101010,8,75,0000010,10,90
1121,38,5353,0101010,8,75,0000010,10,90
1271,38,5330,0101010,8,75,0000010,10,90
1221,38,5323,0101010,8,75,0000010,10,90
1122,38,5351,0101010,8,75,0000010,10,90
1272,38,5360,0010100,8,75,0000010,10,90
1222,38,5354,0101010,8,75,0000010,10,90
1123,38,5325,0101010,8,75,0000010,10,90
1273,38,5332,0010100,8,75,0000010,10,90
1223,38,5365,0101010,8,75,0000010,10,90
1124,38,5332,0101010,8,75,0000010,10,90
1224,38,5346,0010100,8,75,0000010,10,90
1125,38,5333,0010100,8,75,0000010,10,90
1225,38,5323,0010100,8,75,0000010,10,90
1126,38,5316,0010100,8,75,0000010,10,90
1226,38,5344,0101010,8,75,0000010,10,90
1227,38,5333,0101010,8,75,0000010,10,90
1128,38,5348,0010100,8,75,0000010,10,90
1228,38,5360,0010100,8,75,0000010,10,90
1129,38,5352,0010100,8,75,0000010,10,90
1229,38,5362,0101010,8,75,0000010,10,90
1130,38,5365,0101010,8,75,0000010,10,90
1230,38,5332,0010100,8,75,0000010,10,90
1131,38,5345,0101010,8,75,0000010,10,90
1231,38,5346,0010100,8,75,0000010,10,90
1132,38,5354,0010100,8,75,0000010,10,90
1232,38,5341,0010100,8,75,0000010,10,90
1133,38,5329,0010100,8,75,0000010,10,90
1233,38,5364,0101010,8,75,0000010,10,90
1134,38,5356,0010100,8,75,0000010,10,90
1135,38,5346,0101010,8,75,0000010,10,90
1235,38,5346,0010100,8,75,0000010,10,90
1136,38,5323,0010100,8,75,0000010,10,90
1236,38,5349,0101010,8,75,0000010,10,90
1137,38,5360,0010100,8,75,0000010,10,90
1237,38,5316,0010100,8,75,0000010,10,90
1138,38,5352,0010100,8,75,0000010,10,90
1238,38,5321,0010100,8,75,0000010,10,90
1139,38,5320,0101010,8,75,0000010,10,90
1239,38,5360,0101010,8,75,0000010,10,90
1140,38,5355,0010100,8,75,0000010,10,90
1240,38,5322,0101010,8,75,0000010,10,90
1141,38,5328,0101010,8,75,0000010,10,90
1241,38,5353,0010100,8,75,0000010,10,90
1142,38,5333,0010100,8,75,0000010,10,90
1143,38,5356,0010100,8,75,0000010,10,90
1145,38,5365,0101010,8,75,0000010,10,90
1147,38,5360,0010100,8,75,0000010,10,90
1148,38,5361,0010100,8,75,0000010,10,90
1150,38,5357,0010100,8,75,0000010,10,90
1151,38,5359,0010100,8,75,0000010,10,90
1152,38,5346,0101010,8,75,0000010,10,90
1153,38,5362,0010100,8,75,0000010,10,90
1154,38,5323,0101010,8,75,0000010,10,90
1155,38,5365,0101010,8,75,0000010,10,90
1156,38,5329,0010100,8,75,0000010,10,90
1157,38,5339,0010100,8,75,0000010,10,90
1159,38,5316,0010100,8,75,0000010,10,90
1161,38,5335,0010100,8,75,0000010,10,90
1162,38,5348,0010100,8,75,0000010,10,90
1163,38,5352,0101010,8,75,0000010,10,90
1164,38,5334,0010100,8,75,0000010,10,90
1165,38,5353,0010100,8,75,0000010,10,90
1166,38,5351,0010100,8,75,0000010,10,90
1167,38,5332,0101010,8,75,0000010,10,90
1168,38,5330,0101010,8,75,0000010,10,90
1169,38,5338,0101010,8,75,0000010,10,90
1170,38,5328,0010100,8,75,0000010,10,90
1171,38,5336,0101010,8,75,0000010,10,90
1172,38,5330,0010100,8,75,0000010,10,90
1174,38,5364,0101010,8,75,0000010,10,90
1175,38,5349,0101010,8,75,0000010,10,90
1176,38,5358,0010100,8,75,0000010,10,90
1177,38,5346,0101010,8,75,0000010,10,90
1179,38,5342,0010100,8,75,0000010,10,90
1180,38,5364,0101010,8,75,0000010,10,90
1181,38,5363,0010100,8,75,0000010,10,90
1182,38,5341,0010100,8,75,0000010,10,90
1183,38,5348,0010100,8,75,0000010,10,90
1185,38,5316,0101010,8,75,0000010,10,90
1187,38,5361,0010100,8,75,0000010,10,90
1189,38,5343,0101010,8,75,0000010,10,90
1190,38,5324,0101010,8,75,0000010,10,90
1191,38,5316,0010100,8,75,0000010,10,90
1274,38,5368,0101010,8,75,0000010,10,90
1275,38,5370,0101010,8,75,0000010,10,90
1281,38,5372,0010100,8,75,0000010,10,90
1277,38,5372,0010100,8,75,0000010,10,90
1289,38,5376,0101010,8,75,0000010,10,90
1282,38,5370,0101010,8,75,0000010,10,90
1290,38,5367,0010100,8,75,0000010,10,90
1283,38,5368,0010100,8,75,0000010,10,90
1279,38,5368,0101010,8,75,0000010,10,90
1291,38,5376,0010100,8,75,0000010,10,90
1284,38,5372,0101010,8,75,0000010,10,90
1280,38,5373,0010100,8,75,0000010,10,90
1292,38,5366,0101010,8,75,0000010,10,90
1285,38,5370,0101010,8,75,0000010,10,90
1293,38,5372,0010100,8,75,0000010,10,90
1286,38,5371,0101010,8,75,0000010,10,90
1294,38,5366,0010100,8,75,0000010,10,90
1287,38,5369,0101010,8,75,0000010,10,90
1295,38,5377,0010100,8,75,0000010,10,90
1296,38,5367,0101010,8,75,0000010,10,90
1297,38,5368,0101010,8,75,0000010,10,90
1299,38,5367,0101010,8,75,0000010,10,90
1300,38,5370,0010100,8,75,0000010,10,90
1301,38,5371,0101010,8,75,0000010,10,90
1302,38,5366,0101010,8,75,0000010,10,90
1304,38,5370,0101010,8,75,0000010,10,90
1305,38,5371,0101010,8,75,0000010,10,90
1306,38,5370,0101010,8,75,0000010,10,90
1307,38,5372,0010100,8,75,0000010,10,90
1309,38,5370,0101010,8,75,0000010,10,90
1310,38,5377,0010100,8,75,0000010,10,90
1311,38,5370,0010100,8,75,0000010,10,90
1312,38,5367,0101010,8,75,0000010,10,90
1313,38,5369,0101010,8,75,0000010,10,90
1314,38,5382,0010100,8,75,0000010,10,90
1315,38,5379,0101010,8,75,0000010,10,90
1316,38,5397,0101010,8,75,0000010,10,90
1328,38,5392,0101010,8,75,0000010,10,90
1321,38,5391,0101010,8,75,0000010,10,90
1329,38,5392,0101010,8,75,0000010,10,90
1322,38,5393,0101010,8,75,0000010,10,90
1318,38,5395,0010100,8,75,0000010,10,90
1330,38,5393,0101010,8,75,0000010,10,90
1323,38,5387,0010100,8,75,0000010,10,90
1319,38,5389,0101010,8,75,0000010,10,90
1331,38,5388,0010100,8,75,0000010,10,90
1324,38,5386,0010100,8,75,0000010,10,90
1320,38,5390,0010100,8,75,0000010,10,90
1332,38,5392,0010100,8,75,0000010,10,90
1325,38,5398,0010100,8,75,0000010,10,90
1333,38,5391,0010100,8,75,0000010,10,90
1326,38,5395,0010100,8,75,0000010,10,90
1334,38,5385,0101010,8,75,0000010,10,90
1327,38,5390,0010100,8,75,0000010,10,90
1335,38,5388,0010100,8,75,0000010,10,90
1336,38,5391,0101010,8,75,0000010,10,90
1337,38,5391,0010100,8,75,0000010,10,90
1339,38,5378,0101010,8,75,0000010,10,90
1341,38,5396,0101010,8,75,0000010,10,90
1343,38,5383,0010100,8,75,0000010,10,90
1344,38,5385,0010100,8,75,0000010,10,90
1345,38,5395,0101010,8,75,0000010,10,90
1346,38,5380,0010100,8,75,0000010,10,90
1347,38,5387,0010100,8,75,0000010,10,90
1349,38,5386,0010100,8,75,0000010,10,90
1351,38,5391,0010100,8,75,0000010,10,90
1352,38,5393,0101010,8,75,0000010,10,90
1353,38,5392,0010100,8,75,0000010,10,90
1354,38,5379,0101010,8,75,0000010,10,90
1355,38,5392,0101010,8,75,0000010,10,90
1356,38,5397,0010100,8,75,0000010,10,90
1357,38,5395,0010100,8,75,0000010,10,90
1358,38,5385,0101010,8,75,0000010,10,90
1360,38,5392,0010100,8,75,0000010,10,90
1361,38,5395,0010100,8,75,0000010,10,90
1363,38,5398,0010100,8,75,0000010,10,90
1364,38,5386,0101010,8,75,0000010,10,90
1365,38,5378,0101010,8,75,0000010,10,90
1366,38,5397,0101010,8,75,0000010,10,90
1367,38,5394,0010100,8,75,0000010,10,90
1368,38,5386,0101010,8,75,0000010,10,90
1369,38,5388,0010100,8,75,0000010,10,90
1370,38,5391,0101010,8,75,0000010,10,90
1371,38,5379,0101010,8,75,0000010,10,90
1372,38,5379,0010100,8,75,0000010,10,90
1373,38,5379,0010100,8,75,0000010,10,90
1374,38,5379,0010100,8,75,0000010,10,90
1375,38,5388,0101010,8,75,0000010,10,90
1376,38,5397,0010100,8,75,0000010,10,90
1377,38,5391,0010100,8,75,0000010,10,90
1378,38,5382,0010100,8,75,0000010,10,90
1379,38,5386,0101010,8,75,0000010,10,90
1380,38,5387,0101010,8,75,0000010,10,90
1381,38,5386,0101010,8,75,0000010,10,90
1382,38,5391,0101010,8,75,0000010,10,90
1383,38,5384,0101010,8,75,0000010,10,90
1386,38,5396,0101010,8,75,0000010,10,90
1388,38,5405,0101010,8,75,0000010,10,90
1389,38,5401,0101010,8,75,0000010,10,90
1390,38,5404,0010100,8,75,0000010,10,90
1402,38,5403,0101010,8,75,0000010,10,90
1395,38,5405,0101010,8,75,0000010,10,90
1391,38,5404,0101010,8,75,0000010,10,90
1403,38,5400,0101010,8,75,0000010,10,90
1396,38,5399,0101010,8,75,0000010,10,90
1392,38,5403,0010100,8,75,0000010,10,90
1404,38,5404,0010100,8,75,0000010,10,90
1393,38,5408,0101010,8,75,0000010,10,90
1405,38,5406,0010100,8,75,0000010,10,90
1398,38,5401,0101010,8,75,0000010,10,90
1394,38,5402,0010100,8,75,0000010,10,90
1406,38,5404,0010100,8,75,0000010,10,90
1399,38,5402,0101010,8,75,0000010,10,90
1407,38,5406,0101010,8,75,0000010,10,90
1400,38,5400,0010100,8,75,0000010,10,90
1408,38,5407,0101010,8,75,0000010,10,90
1401,38,5404,0101010,8,75,0000010,10,90
1409,38,5405,0101010,8,75,0000010,10,90
1410,38,5402,0101010,8,75,0000010,10,90
1411,38,5405,0101010,8,75,0000010,10,90
1412,38,5408,0010100,8,75,0000010,10,90
1413,38,5403,0101010,8,75,0000010,10,90
1414,38,5399,0101010,8,75,0000010,10,90
1415,38,5405,0010100,8,75,0000010,10,90
1416,38,5406,0010100,8,75,0000010,10,90
1417,38,5403,0101010,8,75,0000010,10,90
1418,38,5406,0010100,8,75,0000010,10,90
1420,38,5403,0101010,8,75,0000010,10,90
1421,38,5405,0101010,8,75,0000010,10,90
1422,38,5405,0101010,8,75,0000010,10,90
1090,39,5313,0101010,8,75,0000010,10,90
1091,39,5313,0101010,8,75,0000010,10,90
1092,39,5353,0010100,8,75,0000010,10,90
1242,39,5325,0010100,8,75,0000010,10,90
1192,39,5360,0101010,8,75,0000010,10,90
1093,39,5357,0101010,8,75,0000010,10,90
1243,39,5331,0101010,8,75,0000010,10,90
1193,39,5336,0010100,8,75,0000010,10,90
1248,39,5345,0010100,8,75,0000010,10,90
1094,39,5346,0101010,8,75,0000010,10,90
1194,39,5332,0010100,8,75,0000010,10,90
1099,39,5341,0101010,8,75,0000010,10,90
1256,39,5351,0101010,8,75,0000010,10,90
1206,39,5314,0010100,8,75,0000010,10,90
1249,39,5318,0010100,8,75,0000010,10,90
1199,39,5363,0101010,8,75,0000010,10,90
1095,39,5332,0010100,8,75,0000010,10,90
1245,39,5342,0101010,8,75,0000010,10,90
1107,39,5321,0010100,8,75,0000010,10,90
1207,39,5335,0101010,8,75,0000010,10,90
1250,39,5321,0101010,8,75,0000010,10,90
1200,39,5343,0101010,8,75,0000010,10,90
1096,39,5321,0101010,8,75,0000010,10,90
1246,39,5338,0101010,8,75,0000010,10,90
1196,39,5335,0010100,8,75,0000010,10,90
1101,39,5350,0010100,8,75,0000010,10,90
1258,39,5352,0101010,8,75,0000010,10,90
1208,39,5364,0010100,8,75,0000010,10,90
1251,39,5363,0010100,8,75,0000010,10,90
1201,39,5338,0010100,8,75,0000010,10,90
1097,39,5354,0010100,8,75,0000010,10,90
1247,39,5358,0010100,8,75,0000010,10,90
1197,39,5352,0010100,8,75,0000010,10,90
1102,39,5314,0010100,8,75,0000010,10,90
1259,39,5320,0101010,8,75,0000010,10,90
1252,39,5333,0010100,8,75,0000010,10,90
1202,39,5317,0101010,8,75,0000010,10,90
1098,39,5355,0010100,8,75,0000010,10,90
1103,39,5353,0101010,8,75,0000010,10,90
1260,39,5337,0010100,8,75,0000010,10,90
1210,39,5326,0101010,8,75,0000010,10,90
1253,39,5322,0010100,8,75,0000010,10,90
1203,39,5318,0010100,8,75,0000010,10,90
1104,39,5343,0010100,8,75,0000010,10,90
1261,39,5343,0010100,8,75,0000010,10,90
1211,39,5353,0101010,8,75,0000010,10,90
1254,39,5351,0101010,8,75,0000010,10,90
1204,39,5325,0010100,8,75,0000010,10,90
1112,39,5365,0101010,8,75,0000010,10,90
1262,39,5326,0101010,8,75,0000010,10,90
1212,39,5319,0010100,8,75,0000010,10,90
1255,39,5330,0010100,8,75,0000010,10,90
1205,39,5340,0101010,8,75,0000010,10,90
1113,39,5323,0010100,8,75,0000010,10,90
1263,39,5359,0010100,8,75,0000010,10,90
1213,39,5322,0010100,8,75,0000010,10,90
1214,39,5332,0101010,8,75,0000010,10,90
1115,39,5360,0010100,8,75,0000010,10,90
1265,39,5352,0010100,8,75,0000010,10,90
1215,39,5348,0101010,8,75,0000010,10,90
1116,39,5343,0010100,8,75,0000010,10,90
1266,39,5343,0010100,8,75,0000010,10,90
1216,39,5325,0101010,8,75,0000010,10,90
1117,39,5326,0101010,8,75,0000010,10,90
1267,39,5362,0101010,8,75,0000010,10,90
1118,39,5333,0101010,8,75,0000010,10,90
1268,39,5340,0010100,8,75,0000010,10,90
1119,39,5352,0010100,8,75,0000010,10,90
1269,39,5350,0010100,8,75,0000010,10,90
1219,39,5326,0010100,8,75,0000010,10,90
1120,39,5325,0101010,8,75,0000010,10,90
1270,39,5317,0010100,8,75,0000010,10,90
1220,39,5348,0101010,8,75,0000010,10,90
1121,39,5341,0101010,8,75,0000010,10,90
1271,39,5355,0101010,8,75,0000010,10,90
1221,39,5352,0101010,8,75,0000010,10,90
1122,39,5341,0101010,8,75,0000010,10,90
1272,39,5321,0010100,8,75,0000010,10,90
1222,39,5337,0101010,8,75,0000010,10,90
1123,39,5350,0101010,8,75,0000010,10,90
1273,39,5342,0010100,8,75,0000010,10,90
1223,39,5315,0101010,8,75,0000010,10,90
1124,39,5363,0101010,8,75,0000010,10,90
1224,39,5316,0010100,8,75,0000010,10,90
1125,39,5352,0010100,8,75,0000010,10,90
1225,39,5343,0010100,8,75,0000010,10,90
1126,39,5316,0010100,8,75,0000010,10,90
1226,39,5335,0101010,8,75,0000010,10,90
1227,39,5332,0101010,8,75,0000010,10,90
1128,39,5333,0010100,8,75,0000010,10,90
1228,39,5326,0010100,8,75,0000010,10,90
1129,39,5356,0010100,8,75,0000010,10,90
1229,39,5322,0101010,8,75,0000010,10,90
1130,39,5335,0101010,8,75,0000010,10,90
1230,39,5317,0010100,8,75,0000010,10,90
1131,39,5314,0101010,8,75,0000010,10,90
1231,39,5326,0010100,8,75,0000010,10,90
1132,39,5315,0010100,8,75,0000010,10,90
1232,39,5319,0010100,8,75,0000010,10,90
1133,39,5335,0010100,8,75,0000010,10,90
1233,39,5340,0101010,8,75,0000010,10,90
1134,39,5325,0010100,8,75,0000010,10,90
1135,39,5327,0101010,8,75,0000010,10,90
1235,39,5323,0010100,8,75,0000010,10,90
1136,39,5361,0010100,8,75,0000010,10,90
1236,39,5363,0101010,8,75,0000010,10,90
1137,39,5320,0010100,8,75,0000010,10,90
1237,39,5345,0010100,8,75,0000010,10,90
1138,39,5346,0010100,8,75,0000010,10,90
1238,39,5344,0010100,8,75,0000010,10,90
1139,39,5342,0101010,8,75,0000010,10,90
1239,39,5351,0101010,8,75,0000010,10,90
1140,39,5364,0010100,8,75,0000010,10,90
1240,39,5349,0101010,8,75,0000010,10,90
1141,39,5360,0101010,8,75,0000010,10,90
1241,39,5314,0010100,8,75,0000010,10,90
1142,39,5330,0010100,8,75,0000010,10,90
1143,39,5336,0010100,8,75,0000010,10,90
1145,39,5316,0101010,8,75,0000010,10,90
1147,39,5314,0010100,8,75,0000010,10,90
1148,39,5354,0010100,8,75,0000010,10,90
1150,39,5329,0010100,8,75,0000010,10,90
1151,39,5327,0010100,8,75,0000010,10,90
1152,39,5335,0101010,8,75,0000010,10,90
1153,39,5354,0010100,8,75,0000010,10,90
1154,39,5342,0101010,8,75,0000010,10,90
1155,39,5326,0101010,8,75,0000010,10,90
1156,39,5339,0010100,8,75,0000010,10,90
1157,39,5365,0010100,8,75,0000010,10,90
1159,39,5324,0010100,8,75,0000010,10,90
1161,39,5338,0010100,8,75,0000010,10,90
1162,39,5353,0010100,8,75,0000010,10,90
1163,39,5317,0101010,8,75,0000010,10,90
1164,39,5352,0010100,8,75,0000010,10,90
1165,39,5357,0010100,8,75,0000010,10,90
1166,39,5327,0010100,8,75,0000010,10,90
1167,39,5325,0101010,8,75,0000010,10,90
1168,39,5361,0101010,8,75,0000010,10,90
1169,39,5345,0101010,8,75,0000010,10,90
1170,39,5320,0010100,8,75,0000010,10,90
1171,39,5351,0101010,8,75,0000010,10,90
1172,39,5342,0010100,8,75,0000010,10,90
1174,39,5347,0101010,8,75,0000010,10,90
1175,39,5330,0101010,8,75,0000010,10,90
1176,39,5326,0010100,8,75,0000010,10,90
1177,39,5335,0101010,8,75,0000010,10,90
1179,39,5334,0010100,8,75,0000010,10,90
1180,39,5359,0101010,8,75,0000010,10,90
1181,39,5327,0010100,8,75,0000010,10,90
1182,39,5364,0010100,8,75,0000010,10,90
1183,39,5365,0010100,8,75,0000010,10,90
1185,39,5318,0101010,8,75,0000010,10,90
1187,39,5336,0010100,8,75,0000010,10,90
1189,39,5363,0101010,8,75,0000010,10,90
1190,39,5319,0101010,8,75,0000010,10,90
1191,39,5314,0010100,8,75,0000010,10,90
1274,39,5377,0101010,8,75,0000010,10,90
1275,39,5368,0101010,8,75,0000010,10,90
1281,39,5373,0010100,8,75,0000010,10,90
1277,39,5370,0010100,8,75,0000010,10,90
1289,39,5377,0101010,8,75,0000010,10,90
1282,39,5373,0101010,8,75,0000010,10,90
1290,39,5369,0010100,8,75,0000010,10,90
1283,39,5366,0010100,8,75,0000010,10,90
1279,39,5366,0101010,8,75,0000010,10,90
1291,39,5376,0010100,8,75,0000010,10,90
1284,39,5370,0101010,8,75,0000010,10,90
1280,39,5374,0010100,8,75,0000010,10,90
1292,39,5367,0101010,8,75,0000010,10,90
1285,39,5371,0101010,8,75,0000010,10,90
1293,39,5371,0010100,8,75,0000010,10,90
1286,39,5367,0101010,8,75,0000010,10,90
1294,39,5368,0010100,8,75,0000010,10,90
1287,39,5372,0101010,8,75,0000010,10,90
1295,39,5373,0010100,8,75,0000010,10,90
1296,39,5375,0101010,8,75,0000010,10,90
1297,39,5375,0101010,8,75,0000010,10,90
1299,39,5376,0101010,8,75,0000010,10,90
1300,39,5367,0010100,8,75,0000010,10,90
1301,39,5368,0101010,8,75,0000010,10,90
1302,39,5372,0101010,8,75,0000010,10,90
1304,39,5366,0101010,8,75,0000010,10,90
1305,39,5374,0101010,8,75,0000010,10,90
1306,39,5366,0101010,8,75,0000010,10,90
1307,39,5372,0010100,8,75,0000010,10,90
1309,39,5375,0101010,8,75,0000010,10,90
1310,39,5374,0010100,8,75,0000010,10,90
1311,39,5373,0010100,8,75,0000010,10,90
1312,39,5369,0101010,8,75,0000010,10,90
1313,39,5375,0101010,8,75,0000010,10,90
1314,39,5388,0010100,8,75,0000010,10,90
1315,39,5395,0101010,8,75,0000010,10,90
1316,39,5390,0101010,8,75,0000010,10,90
1328,39,5397,0101010,8,75,0000010,10,90
1321,39,5393,0101010,8,75,0000010,10,90
1329,39,5390,0101010,8,75,0000010,10,90
1322,39,5388,0101010,8,75,0000010,10,90
1318,39,5398,0010100,8,75,0000010,10,90
1330,39,5387,0101010,8,75,0000010,10,90
1323,39,5380,0010100,8,75,0000010,10,90
1319,39,5385,0101010,8,75,0000010,10,90
1331,39,5390,0010100,8,75,0000010,10,90
1324,39,5391,0010100,8,75,0000010,10,90
1320,39,5397,0010100,8,75,0000010,10,90
1332,39,5392,0010100,8,75,0000010,10,90
1325,39,5388,0010100,8,75,0000010,10,90
1333,39,5398,0010100,8,75,0000010,10,90
1326,39,5393,0010100,8,75,0000010,10,90
1334,39,5390,0101010,8,75,0000010,10,90
1327,39,5382,0010100,8,75,0000010,10,90
1335,39,5378,0010100,8,75,0000010,10,90
1336,39,5382,0101010,8,75,0000010,10,90
1337,39,5393,0010100,8,75,0000010,10,90
1339,39,5390,0101010,8,75,0000010,10,90
1341,39,5397,0101010,8,75,0000010,10,90
1343,39,5384,0010100,8,75,0000010,10,90
1344,39,5380,0010100,8,75,0000010,10,90
1345,39,5389,0101010,8,75,0000010,10,90
1346,39,5393,0010100,8,75,0000010,10,90
1347,39,5398,0010100,8,75,0000010,10,90
1349,39,5378,0010100,8,75,0000010,10,90
1351,39,5395,0010100,8,75,0000010,10,90
1352,39,5396,0101010,8,75,0000010,10,90
1353,39,5388,0010100,8,75,0000010,10,90
1354,39,5392,0101010,8,75,0000010,10,90
1355,39,5385,0101010,8,75,0000010,10,90
1356,39,5384,0010100,8,75,0000010,10,90
1357,39,5383,0010100,8,75,0000010,10,90
1358,39,5394,0101010,8,75,0000010,10,90
1360,39,5389,0010100,8,75,0000010,10,90
1361,39,5379,0010100,8,75,0000010,10,90
1363,39,5388,0010100,8,75,0000010,10,90
1364,39,5383,0101010,8,75,0000010,10,90
1365,39,5389,0101010,8,75,0000010,10,90
1366,39,5397,0101010,8,75,0000010,10,90
1367,39,5392,0010100,8,75,0000010,10,90
1368,39,5390,0101010,8,75,0000010,10,90
1369,39,5390,0010100,8,75,0000010,10,90
1370,39,5397,0101010,8,75,0000010,10,90
1371,39,5381,0101010,8,75,0000010,10,90
1372,39,5393,0010100,8,75,0000010,10,90
1373,39,5383,0010100,8,75,0000010,10,90
1374,39,5387,0010100,8,75,0000010,10,90
1375,39,5388,0101010,8,75,0000010,10,90
1376,39,5385,0010100,8,75,0000010,10,90
1377,39,5395,0010100,8,75,0000010,10,90
1378,39,5391,0010100,8,75,0000010,10,90
1379,39,5391,0101010,8,75,0000010,10,90
1380,39,5394,0101010,8,75,0000010,10,90
1381,39,5393,0101010,8,75,0000010,10,90
1382,39,5387,0101010,8,75,0000010,10,90
1383,39,5381,0101010,8,75,0000010,10,90
1386,39,5397,0101010,8,75,0000010,10,90
1388,39,5399,0101010,8,75,0000010,10,90
1389,39,5399,0101010,8,75,0000010,10,90
1390,39,5404,0010100,8,75,0000010,10,90
1402,39,5399,0101010,8,75,0000010,10,90
1395,39,5408,0101010,8,75,0000010,10,90
1391,39,5406,0101010,8,75,0000010,10,90
1403,39,5402,0101010,8,75,0000010,10,90
1396,39,5405,0101010,8,75,0000010,10,90
1392,39,5405,0010100,8,75,0000010,10,90
1404,39,5407,0010100,8,75,0000010,10,90
1393,39,5403,0101010,8,75,0000010,10,90
1405,39,5407,0010100,8,75,0000010,10,90
1398,39,5399,0101010,8,75,0000010,10,90
1394,39,5404,0010100,8,75,0000010,10,90
1406,39,5408,0010100,8,75,0000010,10,90
1399,39,5400,0101010,8,75,0000010,10,90
1407,39,5405,0101010,8,75,0000010,10,90
1400,39,5401,0010100,8,75,0000010,10,90
1408,39,5405,0101010,8,75,0000010,10,90
1401,39,5400,0101010,8,75,0000010,10,90
1409,39,5405,0101010,8,75,0000010,10,90
1410,39,5401,0101010,8,75,0000010,10,90
1411,39,5401,0101010,8,75,0000010,10,90
1412,39,5399,0010100,8,75,0000010,10,90
1413,39,5406,0101010,8,75,0000010,10,90
1414,39,5400,0101010,8,75,0000010,10,90
1415,39,5402,0010100,8,75,0000010,10,90
1416,39,5401,0010100,8,75,0000010,10,90
1417,39,5407,0101010,8,75,0000010,10,90
1418,39,5399,0010100,8,75,0000010,10,90
1420,39,5404,0101010,8,75,0000010,10,90
1421,39,5408,0101010,8,75,0000010,10,90
1422,39,5403,0101010,8,75,0000010,10,90
1090,40,5313,0101010,8,75,0000010,10,90
1091,40,5313,0101010,8,75,0000010,10,90
1092,40,5323,0010100,8,75,0000010,10,90
1242,40,5341,0010100,8,75,0000010,10,90
1192,40,5340,0101010,8,75,0000010,10,90
1093,40,5324,0101010,8,75,0000010,10,90
1243,40,5320,0101010,8,75,0000010,10,90
1193,40,5321,0010100,8,75,0000010,10,90
1248,40,5363,0010100,8,75,0000010,10,90
1094,40,5352,0101010,8,75,0000010,10,90
1194,40,5316,0010100,8,75,0000010,10,90
1099,40,5327,0101010,8,75,0000010,10,90
1256,40,5327,0101010,8,75,0000010,10,90
1206,40,5326,0010100,8,75,0000010,10,90
1249,40,5354,0010100,8,75,0000010,10,90
1199,40,5314,0101010,8,75,0000010,10,90
1095,40,5334,0010100,8,75,0000010,10,90
1245,40,5363,0101010,8,75,0000010,10,90
1107,40,5328,0010100,8,75,0000010,10,90
1207,40,5320,0101010,8,75,0000010,10,90
1250,40,5350,0101010,8,75,0000010,10,90
1200,40,5354,0101010,8,75,0000010,10,90
1096,40,5333,0101010,8,75,0000010,10,90
1246,40,5359,0101010,8,75,0000010,10,90
1196,40,5322,0010100,8,75,0000010,10,90
1101,40,5345,0010100,8,75,0000010,10,90
1258,40,5318,0101010,8,75,0000010,10,90
1208,40,5341,0010100,8,75,0000010,10,90
1251,40,5348,0010100,8,75,0000010,10,90
1201,40,5323,0010100,8,75,0000010,10,90
1097,40,5355,0010100,8,75,0000010,10,90
1247,40,5330,0010100,8,75,0000010,10,90
1197,40,5319,0010100,8,75,0000010,10,90
1102,40,5352,0010100,8,75,0000010,10,90
1259,40,5358,0101010,8,75,0000010,10,90
1252,40,5315,0010100,8,75,0000010,10,90
1202,40,5335,0101010,8,75,0000010,10,90
1098,40,5323,0010100,8,75,0000010,10,90
1103,40,5334,0101010,8,75,0000010,10,90
1260,40,5354,0010100,8,75,0000010,10,90
1210,40,5345,0101010,8,75,0000010,10,90
1253,40,5333,0010100,8,75,0000010,10,90
1203,40,5315,0010100,8,75,0000010,10,90
1104,40,5336,0010100,8,75,0000010,10,90
1261,40,5353,0010100,8,75,0000010,10,90
1211,40,5315,0101010,8,75,0000010,10,90
1254,40,5353,0101010,8,75,0000010,10,90
1204,40,5323,0010100,8,75,0000010,10,90
1112,40,5315,0101010,8,75,0000010,10,90
1262,40,5342,0101010,8,75,0000010,10,90
1212,40,5362,0010100,8,75,0000010,10,90
1255,40,5320,0010100,8,75,0000010,10,90
1205,40,5348,0101010,8,75,0000010,10,90
1113,40,5326,0010100,8,75,0000010,10,90
1263,40,5326,0010100,8,75,0000010,10,90
1213,40,5355,0010100,8,75,0000010,10,90
1214,40,5330,0101010,8,75,0000010,10,90
1115,40,5362,0010100,8,75,0000010,10,90
1265,40,5341,0010100,8,75,0000010,10,90
1215,40,5350,0101010,8,75,0000010,10,90
1116,40,5353,0010100,8,75,0000010,10,90
1266,40,5356,0010100,8,75,0000010,10,90
1216,40,5320,0101010,8,75,0000010,10,90
1117,40,5355,0101010,8,75,0000010,10,90
1267,40,5356,0101010,8,75,0000010,10,90
1118,40,5314,0101010,8,75,0000010,10,90
1268,40,5344,0010100,8,75,0000010,10,90
1119,40,5362,0010100,8,75,0000010,10,90
1269,40,5329,0010100,8,75,0000010,10,90
1219,40,5344,0010100,8,75,0000010,10,90
1120,40,5330,0101010,8,75,0000010,10,90
1270,40,5365,0010100,8,75,0000010,10,90
1220,40,5359,0101010,8,75,0000010,10,90
1121,40,5341,0101010,8,75,0000010,10,90
1271,40,5355,0101010,8,75,0000010,10,90
1221,40,5324,0101010,8,75,0000010,10,90
1122,40,5327,0101010,8,75,0000010,10,90
1272,40,5316,0010100,8,75,0000010,10,90
1222,40,5350,0101010,8,75,0000010,10,90
1123,40,5318,0101010,8,75,0000010,10,90
1273,40,5327,0010100,8,75,0000010,10,90
1223,40,5326,0101010,8,75,0000010,10,90
1124,40,5352,0101010,8,75,0000010,10,90
1224,40,5363,0010100,8,75,0000010,10,90
1125,40,5321,0010100,8,75,0000010,10,90
1225,40,5348,0010100,8,75,0000010,10,90
1126,40,5315,0010100,8,75,0000010,10,90
1226,40,5358,0101010,8,75,0000010,10,90
1227,40,5357,0101010,8,75,0000010,10,90
1128,40,5364,0010100,8,75,0000010,10,90
1228,40,5363,0010100,8,75,0000010,10,90
1129,40,5326,0010100,8,75,0000010,10,90
1229,40,5364,0101010,8,75,0000010,10,90
1130,40,5343,0101010,8,75,0000010,10,90
1230,40,5342,0010100,8,75,0000010,10,90
1131,40,5363,0101010,8,75,0000010,10,90
1231,40,5351,0010100,8,75,0000010,10,90
1132,40,5347,0010100,8,75,0000010,10,90
1232,40,5316,0010100,8,75,0000010,10,90
1133,40,5348,0010100,8,75,0000010,10,90
1233,40,5348,0101010,8,75,0000010,10,90
1134,40,5352,0010100,8,75,0000010,10,90
1135,40,5355,0101010,8,75,0000010,10,90
1235,40,5341,0010100,8,75,0000010,10,90
1136,40,5334,0010100,8,75,0000010,10,90
1236,40,5356,0101010,8,75,0000010,10,90
1137,40,5365,0010100,8,75,0000010,10,90
1237,40,5329,0010100,8,75,0000010,10,90
1138,40,5349,0010100,8,75,0000010,10,90
1238,40,5344,0010100,8,75,0000010,10,90
1139,40,5323,0101010,8,75,0000010,10,90
1239,40,5356,0101010,8,75,0000010,10,90
1140,40,5337,0010100,8,75,0000010,10,90
1240,40,5350,0101010,8,75,0000010,10,90
1141,40,5338,0101010,8,75,0000010,10,90
1241,40,5350,0010100,8,75,0000010,10,90
1142,40,5325,0010100,8,75,0000010,10,90
1143,40,5354,0010100,8,75,0000010,10,90
1145,40,5344,0101010,8,75,0000010,10,90
1147,40,5348,0010100,8,75,0000010,10,90
1148,40,5365,0010100,8,75,0000010,10,90
1150,40,5338,0010100,8,75,0000010,10,90
1151,40,5359,0010100,8,75,0000010,10,90
1152,40,5353,0101010,8,75,0000010,10,90
1153,40,5317,0010100,8,75,0000010,10,90
1154,40,5363,0101010,8,75,0000010,10,90
1155,40,5350,0101010,8,75,0000010,10,90
1156,40,5365,0010100,8,75,0000010,10,90
1157,40,5321,0010100,8,75,0000010,10,90
1159,40,5332,0010100,8,75,0000010,10,90
1161,40,5348,0010100,8,75,0000010,10,90
1162,40,5341,0010100,8,75,0000010,10,90
1163,40,5343,0101010,8,75,0000010,10,90
1164,40,5326,0010100,8,75,0000010,10,90
1165,40,5360,0010100,8,75,0000010,10,90
1166,40,5332,0010100,8,75,0000010,10,90
1167,40,5347,0101010,8,75,0000010,10,90
1168,40,5351,0101010,8,75,0000010,10,90
1169,40,5335,0101010,8,75,0000010,10,90
1170,40,5364,0010100,8,75,0000010,10,90
1171,40,5321,0101010,8,75,0000010,10,90
1172,40,5318,0010100,8,75,0000010,10,90
1174,40,5322,0101010,8,75,0000010,10,90
1175,40,5353,0101010,8,75,0000010,10,90
1176,40,5353,0010100,8,75,0000010,10,90
1177,40,5328,0101010,8,75,0000010,10,90
1179,40,5323,0010100,8,75,0000010,10,90
1180,40,5328,0101010,8,75,0000010,10,90
1181,40,5356,0010100,8,75,0000010,10,90
1182,40,5350,0010100,8,75,0000010,10,90
1183,40,5314,0010100,8,75,0000010,10,90
1185,40,5347,0101010,8,75,0000010,10,90
1187,40,5335,0010100,8,75,0000010,10,90
1189,40,5347,0101010,8,75,0000010,10,90
1190,40,5354,0101010,8,75,0000010,10,90
1191,40,5340,0010100,8,75,0000010,10,90
1274,40,5367,0101010,8,75,0000010,10,90
1275,40,5368,0101010,8,75,0000010,10,90
1281,40,5367,0010100,8,75,0000010,10,90
1277,40,5373,0010100,8,75,0000010,10,90
1289,40,5377,0101010,8,75,0000010,10,90
1282,40,5367,0101010,8,75,0000010,10,90
1290,40,5373,0010100,8,75,0000010,10,90
1283,40,5377,0010100,8,75,0000010,10,90
1279,40,5377,0101010,8,75,0000010,10,90
1291,40,5374,0010100,8,75,0000010,10,90
1284,40,5374,0101010,8,75,0000010,10,90
1280,40,5369,0010100,8,75,0000010,10,90
1292,40,5369,0101010,8,75,0000010,10,90
1285,40,5367,0101010,8,75,0000010,10,90
1293,40,5366,0010100,8,75,0000010,10,90
1286,40,5376,0101010,8,75,0000010,10,90
1294,40,5370,0010100,8,75,0000010,10,90
1287,40,5372,0101010,8,75,0000010,10,90
1295,40,5368,0010100,8,75,0000010,10,90
1296,40,5375,0101010,8,75,0000010,10,90
1297,40,5368,0101010,8,75,0000010,10,90
1299,40,5370,0101010,8,75,0000010,10,90
1300,40,5370,0010100,8,75,0000010,10,90
1301,40,5377,0101010,8,75,0000010,10,90
1302,40,5371,0101010,8,75,0000010,10,90
1304,40,5370,0101010,8,75,0000010,10,90
1305,40,5370,0101010,8,75,0000010,10,90
1306,40,5372,0101010,8,75,0000010,10,90
1307,40,5373,0010100,8,75,0000010,10,90
1309,40,5373,0101010,8,75,0000010,10,90
1310,40,5373,0010100,8,75,0000010,10,90
1311,40,5368,0010100,8,75,0000010,10,90
1312,40,5372,0101010,8,75,0000010,10,90
1313,40,5377,0101010,8,75,0000010,10,90
1314,40,5392,0010100,8,75,0000010,10,90
1315,40,5385,0101010,8,75,0000010,10,90
1316,40,5381,0101010,8,75,0000010,10,90
1328,40,5396,0101010,8,75,0000010,10,90
1321,40,5396,0101010,8,75,0000010,10,90
1329,40,5389,0101010,8,75,0000010,10,90
1322,40,5383,0101010,8,75,0000010,10,90
1318,40,5381,0010100,8,75,0000010,10,90
1330,40,5394,0101010,8,75,0000010,10,90
1323,40,5382,0010100,8,75,0000010,10,90
1319,40,5391,0101010,8,75,0000010,10,90
1331,40,5388,0010100,8,75,0000010,10,90
1324,40,5396,0010100,8,75,0000010,10,90
1320,40,5398,0010100,8,75,0000010,10,90
1332,40,5380,0010100,8,75,0000010,10,90
1325,40,5398,0010100,8,75,0000010,10,90
1333,40,5392,0010100,8,75,0000010,10,90
1326,40,5382,0010100,8,75,0000010,10,90
1334,40,5396,0101010,8,75,0000010,10,90
1327,40,5395,0010100,8,75,0000010,10,90
1335,40,5398,0010100,8,75,0000010,10,90
1336,40,5382,0101010,8,75,0000010,10,90
1337,40,5398,0010100,8,75,0000010,10,90
1339,40,5390,0101010,8,75,0000010,10,90
1341,40,5387,0101010,8,75,0000010,10,90
1343,40,5384,0010100,8,75,0000010,10,90
1344,40,5383,0010100,8,75,0000010,10,90
1345,40,5389,0101010,8,75,0000010,10,90
1346,40,5388,0010100,8,75,0000010,10,90
1347,40,5395,0010100,8,75,0000010,10,90
1349,40,5395,0010100,8,75,0000010,10,90
1351,40,5393,0010100,8,75,0000010,10,90
1352,40,5383,0101010,8,75,0000010,10,90
1353,40,5396,0010100,8,75,0000010,10,90
1354,40,5382,0101010,8,75,0000010,10,90
1355,40,5393,0101010,8,75,0000010,10,90
1356,40,5385,0010100,8,75,0000010,10,90
1357,40,5395,0010100,8,75,0000010,10,90
1358,40,5393,0101010,8,75,0000010,10,90
1360,40,5396,0010100,8,75,0000010,10,90
1361,40,5388,0010100,8,75,0000010,10,90
1363,40,5396,0010100,8,75,0000010,10,90
1364,40,5395,0101010,8,75,0000010,10,90
1365,40,5381,0101010,8,75,0000010,10,90
1366,40,5383,0101010,8,75,0000010,10,90
1367,40,5392,0010100,8,75,0000010,10,90
1368,40,5394,0101010,8,75,0000010,10,90
1369,40,5396,0010100,8,75,0000010,10,90
1370,40,5395,0101010,8,75,0000010,10,90
1371,40,5390,0101010,8,75,0000010,10,90
1372,40,5398,0010100,8,75,0000010,10,90
1373,40,5396,0010100,8,75,0000010,10,90
1374,40,5396,0010100,8,75,0000010,10,90
1375,40,5381,0101010,8,75,0000010,10,90
1376,40,5378,0010100,8,75,0000010,10,90
1377,40,5393,0010100,8,75,0000010,10,90
1378,40,5385,0010100,8,75,0000010,10,90
1379,40,5391,0101010,8,75,0000010,10,90
1380,40,5398,0101010,8,75,0000010,10,90
1381,40,5382,0101010,8,75,0000010,10,90
1382,40,5386,0101010,8,75,0000010,10,90
1383,40,5387,0101010,8,75,0000010,10,90
1386,40,5379,0101010,8,75,0000010,10,90
1388,40,5404,0101010,8,75,0000010,10,90
1389,40,5399,0101010,8,75,0000010,10,90
1390,40,5402,0010100,8,75,0000010,10,90
1402,40,5404,0101010,8,75,0000010,10,90
1395,40,5399,0101010,8,75,0000010,10,90
1391,40,5403,0101010,8,75,0000010,10,90
1403,40,5406,0101010,8,75,0000010,10,90
1396,40,5399,0101010,8,75,0000010,10,90
1392,40,5401,0010100,8,75,0000010,10,90
1404,40,5403,0010100,8,75,0000010,10,90
1393,40,5408,0101010,8,75,0000010,10,90
1405,40,5406,0010100,8,75,0000010,10,90
1398,40,5400,0101010,8,75,0000010,10,90
1394,40,5400,0010100,8,75,0000010,10,90
1406,40,5404,0010100,8,75,0000010,10,90
1399,40,5405,0101010,8,75,0000010,10,90
1407,40,5405,0101010,8,75,0000010,10,90
1400,40,5399,0010100,8,75,0000010,10,90
1408,40,5403,0101010,8,75,0000010,10,90
1401,40,5401,0101010,8,75,0000010,10,90
1409,40,5403,0101010,8,75,0000010,10,90
1410,40,5399,0101010,8,75,0000010,10,90
1411,40,5404,0101010,8,75,0000010,10,90
1412,40,5407,0010100,8,75,0000010,10,90
1413,40,5399,0101010,8,75,0000010,10,90
1414,40,5402,0101010,8,75,0000010,10,90
1415,40,5402,0010100,8,75,0000010,10,90
1416,40,5405,0010100,8,75,0000010,10,90
1417,40,5403,0101010,8,75,0000010,10,90
1418,40,5407,0010100,8,75,0000010,10,90
1420,40,5405,0101010,8,75,0000010,10,90
1421,40,5399,0101010,8,75,0000010,10,90
1422,40,5401,0101010,8,75,0000010,10,90
1090,41,5313,0101010,8,75,0000010,10,90
1091,41,5313,0101010,8,75,0000010,10,90
1092,41,5363,0010100,8,75,0000010,10,90
1242,41,5346,0010100,8,75,0000010,10,90
1192,41,5333,0101010,8,75,0000010,10,90
1093,41,5328,0101010,8,75,0000010,10,90
1243,41,5319,0101010,8,75,0000010,10,90
1193,41,5360,0010100,8,75,0000010,10,90
1248,41,5344,0010100,8,75,0000010,10,90
1094,41,5328,0101010,8,75,0000010,10,90
1194,41,5322,0010100,8,75,0000010,10,90
1099,41,5340,0101010,8,75,0000010,10,90
1256,41,5317,0101010,8,75,0000010,10,90
1206,41,5338,0010100,8,75,0000010,10,90
1249,41,5342,0010100,8,75,0000010,10,90
1199,41,5315,0101010,8,75,0000010,10,90
1095,41,5348,0010100,8,75,0000010,10,90
1245,41,5350,0101010,8,75,0000010,10,90
1107,41,5324,0010100,8,75,0000010,10,90
1207,41,5348,0101010,8,75,0000010,10,90
1250,41,5320,0101010,8,75,0000010,10,90
1200,41,5355,0101010,8,75,0000010,10,90
1096,41,5360,0101010,8,75,0000010,10,90
1246,41,5357,0101010,8,75,0000010,10,90
1196,41,5342,0010100,8,75,0000010,10,90
1101,41,5319,0010100,8,75,0000010,10,90
1258,41,5333,0101010,8,75,0000010,10,90
1208,41,5348,0010100,8,75,0000010,10,90
1251,41,5360,0010100,8,75,0000010,10,90
1201,41,5347,0010100,8,75,0000010,10,90
1097,41,5330,0010100,8,75,0000010,10,90
1247,41,5340,0010100,8,75,0000010,10,90
1197,41,5325,0010100,8,75,0000010,10,90
1102,41,5360,0010100,8,75,0000010,10,90
1259,41,5333,0101010,8,75,0000010,10,90
1252,41,5342,0010100,8,75,0000010,10,90
1202,41,5325,0101010,8,75,0000010,10,90
1098,41,5319,0010100,8,75,0000010,10,90
1103,41,5349,0101010,8,75,0000010,10,90
1260,41,5334,0010100,8,75,0000010,10,90
1210,41,5339,0101010,8,75,0000010,10,90
1253,41,5332,0010100,8,75,0000010,10,90
1203,41,5350,0010100,8,75,0000010,10,90
1104,41,5335,0010100,8,75,0000010,10,90
1261,41,5327,0010100,8,75,0000010,10,90
1211,41,5351,0101010,8,75,0000010,10,90
1254,41,5322,0101010,8,75,0000010,10,90
1204,41,5352,0010100,8,75,0000010,10,90
1112,41,5322,0101010,8,75,0000010,10,90
1262,41,5350,0101010,8,75,0000010,10,90
1212,41,5348,0010100,8,75,0000010,10,90
1255,41,5323,0010100,8,75,0000010,10,90
1205,41,5335,0101010,8,75,0000010,10,90
1113,41,5363,0010100,8,75,0000010,10,90
1263,41,5333,0010100,8,75,0000010,10,90
1213,41,5328,0010100,8,75,0000010,10,90
1214,41,5335,0101010,8,75,0000010,10,90
1115,41,5358,0010100,8,75,0000010,10,90
1265,41,5365,0010100,8,75,0000010,10,90
1215,41,5327,0101010,8,75,0000010,10,90
1116,41,5330,0010100,8,75,0000010,10,90
1266,41,5315,0010100,8,75,0000010,10,90
1216,41,5325,0101010,8,75,0000010,10,90
1117,41,5362,0101010,8,75,0000010,10,90
1267,41,5349,0101010,8,75,0000010,10,90
1118,41,5340,0101010,8,75,0000010,10,90
1268,41,5346,0010100,8,75,0000010,10,90
1119,41,5357,0010100,8,75,0000010,10,90
1269,41,5337,0010100,8,75,0000010,10,90
1219,41,5338,0010100,8,75,0000010,10,90
1120,41,5354,0101010,8,75,0000010,10,90
1270,41,5343,0010100,8,75,0000010,10,90
1220,41,5359,0101010,8,75,0000010,10,90
1121,41,5320,0101010,8,75,0000010,10,90
1271,41,5327,0101010,8,75,0000010,10,90
1221,41,5314,0101010,8,75,0000010,10,90
1122,41,5324,0101010,8,75,0000010,10,90
1272,41,5362,0010100,8,75,0000010,10,90
1222,41,5365,0101010,8,75,0000010,10,90
1123,41,5365,0101010,8,75,0000010,10,90
1273,41,5358,0010100,8,75,0000010,10,90
1223,41,5357,0101010,8,75,0000010,10,90
1124,41,5360,0101010,8,75,0000010,10,90
1224,41,5346,0010100,8,75,0000010,10,90
1125,41,5339,0010100,8,75,0000010,10,90
1225,41,5341,0010100,8,75,0000010,10,90
1126,41,5352,0010100,8,75,0000010,10,90
1226,41,5349,0101010,8,75,0000010,10,90
1227,41,5338,0101010,8,75,0000010,10,90
1128,41,5334,0010100,8,75,0000010,10,90
1228,41,5316,0010100,8,75,0000010,10,90
1129,41,5327,0010100,8,75,0000010,10,90
1229,41,5362,0101010,8,75,0000010,10,90
1130,41,5345,0101010,8,75,0000010,10,90
1230,41,5337,0010100,8,75,0000010,10,90
1131,41,5339,0101010,8,75,0000010,10,90
1231,41,5365,0010100,8,75,0000010,10,90
1132,41,5353,0010100,8,75,0000010,10,90
1232,41,5336,0010100,8,75,0000010,10,90
1133,41,5330,0010100,8,75,0000010,10,90
1233,41,5341,0101010,8,75,0000010,10,90
1134,41,5317,0010100,8,75,0000010,10,90
1135,41,5314,0101010,8,75,0000010,10,90
1235,41,5327,0010100,8,75,0000010,10,90
1136,41,5324,0010100,8,75,0000010,10,90
1236,41,5358,0101010,8,75,0000010,10,90
1137,41,5324,0010100,8,75,0000010,10,90
1237,41,5331,0010100,8,75,0000010,10,90
1138,41,5334,0010100,8,75,0000010,10,90
1238,41,5329,0010100,8,75,0000010,10,90
1139,41,5325,0101010,8,75,0000010,10,90
1239,41,5320,0101010,8,75,0000010,10,90
1140,41,5353,0010100,8,75,0000010,10,90
1240,41,5314,0101010,8,75,0000010,10,90
1141,41,5351,0101010,8,75,0000010,10,90
1241,41,5338,0010100,8,75,0000010,10,90
1142,41,5356,0010100,8,75,0000010,10,90
1143,41,5332,0010100,8,75,0000010,10,90
1145,41,5335,0101010,8,75,0000010,10,90
1147,41,5320,0010100,8,75,0000010,10,90
1148,41,5324,0010100,8,75,0000010,10,90
1150,41,5318,0010100,8,75,0000010,10,90
1151,41,5338,0010100,8,75,0000010,10,90
1152,41,5344,0101010,8,75,0000010,10,90
1153,41,5356,0010100,8,75,0000010,10,90
1154,41,5358,0101010,8,75,0000010,10,90
1155,41,5361,0101010,8,75,0000010,10,90
1156,41,5355,0010100,8,75,0000010,10,90
1157,41,5314,0010100,8,75,0000010,10,90
1159,41,5326,0010100,8,75,0000010,10,90
1161,41,5360,0010100,8,75,0000010,10,90
1162,41,5324,0010100,8,75,0000010,10,90
1163,41,5316,0101010,8,75,0000010,10,90
1164,41,5351,0010100,8,75,0000010,10,90
1165,41,5363,0010100,8,75,0000010,10,90
1166,41,5314,0010100,8,75,0000010,10,90
1167,41,5365,0101010,8,75,0000010,10,90
1168,41,5325,0101010,8,75,0000010,10,90
1169,41,5347,0101010,8,75,0000010,10,90
1170,41,5327,0010100,8,75,0000010,10,90
1171,41,5349,0101010,8,75,0000010,10,90
1172,41,5324,0010100,8,75,0000010,10,90
1174,41,5360,0101010,8,75,0000010,10,90
1175,41,5351,0101010,8,75,0000010,10,90
1176,41,5331,0010100,8,75,0000010,10,90
1177,41,5355,0101010,8,75,0000010,10,90
1179,41,5341,0010100,8,75,0000010,10,90
1180,41,5359,0101010,8,75,0000010,10,90
1181,41,5326,0010100,8,75,0000010,10,90
1182,41,5354,0010100,8,75,0000010,10,90
1183,41,5346,0010100,8,75,0000010,10,90
1185,41,5358,0101010,8,75,0000010,10,90
1187,41,5317,0010100,8,75,0000010,10,90
1189,41,5326,0101010,8,75,0000010,10,90
1190,41,5329,0101010,8,75,0000010,10,90
1191,41,5337,0010100,8,75,0000010,10,90
1274,41,5370,0101010,8,75,0000010,10,90
1275,41,5368,0101010,8,75,0000010,10,90
1281,41,5373,0010100,8,75,0000010,10,90
1277,41,5369,0010100,8,75,0000010,10,90
1289,41,5371,0101010,8,75,0000010,10,90
1282,41,5366,0101010,8,75,0000010,10,90
1290,41,5367,0010100,8,75,0000010,10,90
1283,41,5368,0010100,8,75,0000010,10,90
1279,41,5374,0101010,8,75,0000010,10,90
1291,41,5375,0010100,8,75,0000010,10,90
1284,41,5368,0101010,8,75,0000010,10,90
1280,41,5369,0010100,8,75,0000010,10,90
1292,41,5376,0101010,8,75,0000010,10,90
1285,41,5374,0101010,8,75,0000010,10,90
1293,41,5366,0010100,8,75,0000010,10,90
1286,41,5369,0101010,8,75,0000010,10,90
1294,41,5377,0010100,8,75,0000010,10,90
1287,41,5370,0101010,8,75,0000010,10,90
1295,41,5370,0010100,8,75,0000010,10,90
1296,41,5367,0101010,8,75,0000010,10,90
1297,41,5369,0101010,8,75,0000010,10,90
1299,41,5372,0101010,8,75,0000010,10,90
1300,41,5366,0010100,8,75,0000010,10,90
1301,41,5373,0101010,8,75,0000010,10,90
1302,41,5371,0101010,8,75,0000010,10,90
1304,41,5371,0101010,8,75,0000010,10,90
1305,41,5376,0101010,8,75,0000010,10,90
1306,41,5369,0101010,8,75,0000010,10,90
1307,41,5372,0010100,8,75,0000010,10,90
1309,41,5367,0101010,8,75,0000010,10,90
1310,41,5366,0010100,8,75,0000010,10,90
1311,41,5375,0010100,8,75,0000010,10,90
1312,41,5373,0101010,8,75,0000010,10,90
1313,41,5368,0101010,8,75,0000010,10,90
1314,41,5394,0010100,8,75,0000010,10,90
1315,41,5387,0101010,8,75,0000010,10,90
1316,41,5379,0101010,8,75,0000010,10,90
1328,41,5389,0101010,8,75,0000010,10,90
1321,41,5389,0101010,8,75,0000010,10,90
1329,41,5394,0101010,8,75,0000010,10,90
1322,41,5380,0101010,8,75,0000010,10,90
1318,41,5398,0010100,8,75,0000010,10,90
1330,41,5389,0101010,8,75,0000010,10,90
1323,41,5379,0010100,8,75,0000010,10,90
1319,41,5387,0101010,8,75,0000010,10,90
1331,41,5379,0010100,8,75,0000010,10,90
1324,41,5396,0010100,8,75,0000010,10,90
1320,41,5398,0010100,8,75,0000010,10,90
1332,41,5397,0010100,8,75,0000010,10,90
1325,41,5381,0010100,8,75,0000010,10,90
1333,41,5389,0010100,8,75,0000010,10,90
1326,41,5386,0010100,8,75,0000010,10,90
1334,41,5384,0101010,8,75,0000010,10,90
1327,41,5390,0010100,8,75,0000010,10,90
1335,41,5386,0010100,8,75,0000010,10,90
1336,41,5386,0101010,8,75,0000010,10,90
1337,41,5392,0010100,8,75,0000010,10,90
1339,41,5385,0101010,8,75,0000010,10,90
1341,41,5397,0101010,8,75,0000010,10,90
1343,41,5383,0010100,8,75,0000010,10,90
1344,41,5397,0010100,8,75,0000010,10,90
1345,41,5382,0101010,8,75,0000010,10,90
1346,41,5381,0010100,8,75,0000010,10,90
1347,41,5398,0010100,8,75,0000010,10,90
1349,41,5395,0010100,8,75,0000010,10,90
1351,41,5395,0010100,8,75,0000010,10,90
1352,41,5386,0101010,8,75,0000010,10,90
1353,41,5381,0010100,8,75,0000010,10,90
1354,41,5386,0101010,8,75,0000010,10,90
1355,41,5391,0101010,8,75,0000010,10,90
1356,41,5381,0010100,8,75,0000010,10,90
1357,41,5391,0010100,8,75,0000010,10,90
1358,41,5380,0101010,8,75,0000010,10,90
1360,41,5392,0010100,8,75,0000010,10,90
1361,41,5389,0010100,8,75,0000010,10,90
1363,41,5383,0010100,8,75,0000010,10,90
1364,41,5396,0101010,8,75,0000010,10,90
1365,41,5381,0101010,8,75,0000010,10,90
1366,41,5394,0101010,8,75,0000010,10,90
1367,41,5398,0010100,8,75,0000010,10,90
1368,41,5394,0101010,8,75,0000010,10,90
1369,41,5380,0010100,8,75,0000010,10,90
1370,41,5395,0101010,8,75,0000010,10,90
1371,41,5380,0101010,8,75,0000010,10,90
1372,41,5387,0010100,8,75,0000010,10,90
1373,41,5393,0010100,8,75,0000010,10,90
1374,41,5383,0010100,8,75,0000010,10,90
1375,41,5388,0101010,8,75,0000010,10,90
1376,41,5387,0010100,8,75,0000010,10,90
1377,41,5393,0010100,8,75,0000010,10,90
1378,41,5389,0010100,8,75,0000010,10,90
1379,41,5384,0101010,8,75,0000010,10,90
1380,41,5384,0101010,8,75,0000010,10,90
1381,41,5390,0101010,8,75,0000010,10,90
1382,41,5380,0101010,8,75,0000010,10,90
1383,41,5384,0101010,8,75,0000010,10,90
1386,41,5393,0101010,8,75,0000010,10,90
1388,41,5407,0101010,8,75,0000010,10,90
1389,41,5403,0101010,8,75,0000010,10,90
1390,41,5408,0010100,8,75,0000010,10,90
1402,41,5405,0101010,8,75,0000010,10,90
1395,41,5405,0101010,8,75,0000010,10,90
1391,41,5405,0101010,8,75,0000010,10,90
1403,41,5406,0101010,8,75,0000010,10,90
1396,41,5399,0101010,8,75,0000010,10,90
1392,41,5406,0010100,8,75,0000010,10,90
1404,41,5406,0010100,8,75,0000010,10,90
1393,41,5400,0101010,8,75,0000010,10,90
1405,41,5402,0010100,8,75,0000010,10,90
1398,41,5404,0101010,8,75,0000010,10,90
1394,41,5408,0010100,8,75,0000010,10,90
1406,41,5407,0010100,8,75,0000010,10,90
1399,41,5407,0101010,8,75,0000010,10,90
1407,41,5403,0101010,8,75,0000010,10,90
1400,41,5406,0010100,8,75,0000010,10,90
1408,41,5400,0101010,8,75,0000010,10,90
1401,41,5405,0101010,8,75,0000010,10,90
1409,41,5407,0101010,8,75,0000010,10,90
1410,41,5402,0101010,8,75,0000010,10,90
1411,41,5401,0101010,8,75,0000010,10,90
1412,41,5399,0010100,8,75,0000010,10,90
1413,41,5402,0101010,8,75,0000010,10,90
1414,41,5404,0101010,8,75,0000010,10,90
1415,41,5404,0010100,8,75,0000010,10,90
1416,41,5404,0010100,8,75,0000010,10,90
1417,41,5401,0101010,8,75,0000010,10,90
1418,41,5407,0010100,8,75,0000010,10,90
1420,41,5405,0101010,8,75,0000010,10,90
1421,41,5400,0101010,8,75,0000010,10,90
1422,41,5401,0101010,8,75,0000010,10,90
1090,42,5313,0101010,8,75,0000010,10,90
1091,42,5313,0101010,8,75,0000010,10,90
1092,42,5315,0010100,8,75,0000010,10,90
1242,42,5334,0010100,8,75,0000010,10,90
1192,42,5347,0101010,8,75,0000010,10,90
1093,42,5361,0101010,8,75,0000010,10,90
1243,42,5346,0101010,8,75,0000010,10,90
1193,42,5339,0010100,8,75,0000010,10,90
1248,42,5351,0010100,8,75,0000010,10,90
1094,42,5356,0101010,8,75,0000010,10,90
1194,42,5331,0010100,8,75,0000010,10,90
1099,42,5328,0101010,8,75,0000010,10,90
1256,42,5316,0101010,8,75,0000010,10,90
1206,42,5325,0010100,8,75,0000010,10,90
1249,42,5322,0010100,8,75,0000010,10,90
1199,42,5358,0101010,8,75,0000010,10,90
1095,42,5335,0010100,8,75,0000010,10,90
1245,42,5339,0101010,8,75,0000010,10,90
1107,42,5362,0010100,8,75,0000010,10,90
1207,42,5332,0101010,8,75,0000010,10,90
1250,42,5325,0101010,8,75,0000010,10,90
1200,42,5317,0101010,8,75,0000010,10,90
1096,42,5317,0101010,8,75,0000010,10,90
1246,42,5350,0101010,8,75,0000010,10,90
1196,42,5318,0010100,8,75,0000010,10,90
1101,42,5329,0010100,8,75,0000010,10,90
1258,42,5357,0101010,8,75,0000010,10,90
1208,42,5354,0010100,8,75,0000010,10,90
1251,42,5352,0010100,8,75,0000010,10,90
1201,42,5334,0010100,8,75,0000010,10,90
1097,42,5335,0010100,8,75,0000010,10,90
1247,42,5345,0010100,8,75,0000010,10,90
1197,42,5315,0010100,8,75,0000010,10,90
1102,42,5342,0010100,8,75,0000010,10,90
1259,42,5356,0101010,8,75,0000010,10,90
1252,42,5330,0010100,8,75,0000010,10,90
1202,42,5321,0101010,8,75,0000010,10,90
1098,42,5350,0010100,8,75,0000010,10,90
1103,42,5343,0101010,8,75,0000010,10,90
1260,42,5363,0010100,8,75,0000010,10,90
1210,42,5336,0101010,8,75,0000010,10,90
1253,42,5361,0010100,8,75,0000010,10,90
1203,42,5364,0010100,8,75,0000010,10,90
1104,42,5318,0010100,8,75,0000010,10,90
1261,42,5350,0010100,8,75,0000010,10,90
1211,42,5359,0101010,8,75,0000010,10,90
1254,42,5355,0101010,8,75,0000010,10,90
1204,42,5341,0010100,8,75,0000010,10,90
1112,42,5338,0101010,8,75,0000010,10,90
1262,42,5337,0101010,8,75,0000010,10,90
1212,42,5326,0010100,8,75,0000010,10,90
1255,42,5317,0010100,8,75,0000010,10,90
1205,42,5341,0101010,8,75,0000010,10,90
1113,42,5355,0010100,8,75,0000010,10,90
1263,42,5363,0010100,8,75,0000010,10,90
1213,42,5334,0010100,8,75,0000010,10,90
1214,42,5337,0101010,8,75,0000010,10,90
1115,42,5364,0010100,8,75,0000010,10,90
1265,42,5356,0010100,8,75,0000010,10,90
1215,42,5329,0101010,8,75,0000010,10,90
1116,42,5315,0010100,8,75,0000010,10,90
1266,42,5343,0010100,8,75,0000010,10,90
1216,42,5348,0101010,8,75,0000010,10,90
1117,42,5345,0101010,8,75,0000010,10,90
1267,42,5340,0101010,8,75,0000010,10,90
1118,42,5324,0101010,8,75,0000010,10,90
1268,42,5340,0010100,8,75,0000010,10,90
1119,42,5327,0010100,8,75,0000010,10,90
1269,42,5363,0010100,8,75,0000010,10,90
1219,42,5323,0010100,8,75,0000010,10,90
1120,42,5336,0101010,8,75,0000010,10,90
1270,42,5364,0010100,8,75,0000010,10,90
1220,42,5347,0101010,8,75,0000010,10,90
1121,42,5340,0101010,8,75,0000010,10,90
1271,42,5356,0101010,8,75,0000010,10,90
1221,42,5314,0101010,8,75,0000010,10,90
1122,42,5352,0101010,8,75,0000010,10,90
1272,42,5323,0010100,8,75,0000010,10,90
1222,42,5346,0101010,8,75,0000010,10,90
1123,42,5329,0101010,8,75,0000010,10,90
1273,42,5355,0010100,8,75,0000010,10,90
1223,42,5345,0101010,8,75,0000010,10,90
1124,42,5316,0101010,8,75,0000010,10,90
1224,42,5321,0010100,8,75,0000010,10,90
1125,42,5341,0010100,8,75,0000010,10,90
1225,42,5331,0010100,8,75,0000010,10,90
1126,42,5331,0010100,8,75,0000010,10,90
1226,42,5355,0101010,8,75,0000010,10,90
1227,42,5342,0101010,8,75,0000010,10,90
1128,42,5361,0010100,8,75,0000010,10,90
1228,42,5347,0010100,8,75,0000010,10,90
1129,42,5327,0010100,8,75,0000010,10,90
1229,42,5365,0101010,8,75,0000010,10,90
1130,42,5322,0101010,8,75,0000010,10,90
1230,42,5337,0010100,8,75,0000010,10,90
1131,42,5333,0101010,8,75,0000010,10,90
1231,42,5364,0010100,8,75,0000010,10,90
1132,42,5337,0010100,8,75,0000010,10,90
1232,42,5340,0010100,8,75,0000010,10,90
1133,42,5334,0010100,8,75,0000010,10,90
1233,42,5323,0101010,8,75,0000010,10,90
1134,42,5332,0010100,8,75,0000010,10,90
1135,42,5315,0101010,8,75,0000010,10,90
1235,42,5349,0010100,8,75,0000010,10,90
1136,42,5341,0010100,8,75,0000010,10,90
1236,42,5346,0101010,8,75,0000010,10,90
1137,42,5329,0010100,8,75,0000010,10,90
1237,42,5344,0010100,8,75,0000010,10,90
1138,42,5349,0010100,8,75,0000010,10,90
1238,42,5349,0010100,8,75,0000010,10,90
1139,42,5359,0101010,8,75,0000010,10,90
1239,42,5340,0101010,8,75,0000010,10,90
1140,42,5355,0010100,8,75,0000010,10,90
1240,42,5363,0101010,8,75,0000010,10,90
1141,42,5328,0101010,8,75,0000010,10,90
1241,42,5320,0010100,8,75,0000010,10,90
1142,42,5361,0010100,8,75,0000010,10,90
1143,42,5314,0010100,8,75,0000010,10,90
1145,42,5354,0101010,8,75,0000010,10,90
1147,42,5340,0010100,8,75,0000010,10,90
1148,42,5320,0010100,8,75,0000010,10,90
1150,42,5317,0010100,8,75,0000010,10,90
1151,42,5347,0010100,8,75,0000010,10,90
1152,42,5335,0101010,8,75,0000010,10,90
1153,42,5351,0010100,8,75,0000010,10,90
1154,42,5324,0101010,8,75,0000010,10,90
1155,42,5350,0101010,8,75,0000010,10,90
1156,42,5341,0010100,8,75,0000010,10,90
1157,42,5321,0010100,8,75,0000010,10,90
1159,42,5323,0010100,8,75,0000010,10,90
1161,42,5343,0010100,8,75,0000010,10,90
1162,42,5332,0010100,8,75,0000010,10,90
1163,42,5336,0101010,8,75,0000010,10,90
1164,42,5330,0010100,8,75,0000010,10,90
1165,42,5332,0010100,8,75,0000010,10,90
1166,42,5337,0010100,8,75,0000010,10,90
1167,42,5316,0101010,8,75,0000010,10,90
1168,42,5335,0101010,8,75,0000010,10,90
1169,42,5324,0101010,8,75,0000010,10,90
1170,42,5331,0010100,8,75,0000010,10,90
1171,42,5316,0101010,8,75,0000010,10,90
1172,42,5331,0010100,8,75,0000010,10,90
1174,42,5350,0101010,8,75,0000010,10,90
1175,42,5361,0101010,8,75,0000010,10,90
1176,42,5342,0010100,8,75,0000010,10,90
1177,42,5351,0101010,8,75,0000010,10,90
1179,42,5346,0010100,8,75,0000010,10,90
1180,42,5363,0101010,8,75,0000010,10,90
1181,42,5321,0010100,8,75,0000010,10,90
1182,42,5345,0010100,8,75,0000010,10,90
1183,42,5363,0010100,8,75,0000010,10,90
1185,42,5356,0101010,8,75,0000010,10,90
1187,42,5324,0010100,8,75,0000010,10,90
1189,42,5327,0101010,8,75,0000010,10,90
1190,42,5338,0101010,8,75,0000010,10,90
1191,42,5316,0010100,8,75,0000010,10,90
1274,42,5376,0101010,8,75,0000010,10,90
1275,42,5372,0101010,8,75,0000010,10,90
1281,42,5376,0010100,8,75,0000010,10,90
1277,42,5375,0010100,8,75,0000010,10,90
1289,42,5370,0101010,8,75,0000010,10,90
1282,42,5367,0101010,8,75,0000010,10,90
1290,42,5373,0010100,8,75,0000010,10,90
1283,42,5372,0010100,8,75,0000010,10,90
1279,42,5373,0101010,8,75,0000010,10,90
1291,42,5373,0010100,8,75,0000010,10,90
1284,42,5368,0101010,8,75,0000010,10,90
1280,42,5369,0010100,8,75,0000010,10,90
1292,42,5371,0101010,8,75,0000010,10,90
1285,42,5377,0101010,8,75,0000010,10,90
1293,42,5369,0010100,8,75,0000010,10,90
1286,42,5370,0101010,8,75,0000010,10,90
1294,42,5377,0010100,8,75,0000010,10,90
1287,42,5372,0101010,8,75,0000010,10,90
1295,42,5366,0010100,8,75,0000010,10,90
1296,42,5375,0101010,8,75,0000010,10,90
1297,42,5366,0101010,8,75,0000010,10,90
1299,42,5374,0101010,8,75,0000010,10,90
1300,42,5369,0010100,8,75,0000010,10,90
1301,42,5368,0101010,8,75,0000010,10,90
1302,42,5375,0101010,8,75,0000010,10,90
1304,42,5377,0101010,8,75,0000010,10,90
1305,42,5377,0101010,8,75,0000010,10,90
1306,42,5375,0101010,8,75,0000010,10,90
1307,42,5371,0010100,8,75,0000010,10,90
1309,42,5374,0101010,8,75,0000010,10,90
1310,42,5374,0010100,8,75,0000010,10,90
1311,42,5370,0010100,8,75,0000010,10,90
1312,42,5371,0101010,8,75,0000010,10,90
1313,42,5368,0101010,8,75,0000010,10,90
1314,42,5393,0010100,8,75,0000010,10,90
1315,42,5393,0101010,8,75,0000010,10,90
1316,42,5388,0101010,8,75,0000010,10,90
1328,42,5392,0101010,8,75,0000010,10,90
1321,42,5383,0101010,8,75,0000010,10,90
1329,42,5383,0101010,8,75,0000010,10,90
1322,42,5381,0101010,8,75,0000010,10,90
1318,42,5396,0010100,8,75,0000010,10,90
1330,42,5389,0101010,8,75,0000010,10,90
1323,42,5379,0010100,8,75,0000010,10,90
1319,42,5390,0101010,8,75,0000010,10,90
1331,42,5388,0010100,8,75,0000010,10,90
1324,42,5383,0010100,8,75,0000010,10,90
1320,42,5381,0010100,8,75,0000010,10,90
1332,42,5390,0010100,8,75,0000010,10,90
1325,42,5381,0010100,8,75,0000010,10,90
1333,42,5383,0010100,8,75,0000010,10,90
1326,42,5387,0010100,8,75,0000010,10,90
1334,42,5385,0101010,8,75,0000010,10,90
1327,42,5389,0010100,8,75,0000010,10,90
1335,42,5384,0010100,8,75,0000010,10,90
1336,42,5379,0101010,8,75,0000010,10,90
1337,42,5387,0010100,8,75,0000010,10,90
1339,42,5381,0101010,8,75,0000010,10,90
1341,42,5393,0101010,8,75,0000010,10,90
1343,42,5385,0010100,8,75,0000010,10,90
1344,42,5390,0010100,8,75,0000010,10,90
1345,42,5383,0101010,8,75,0000010,10,90
1346,42,5382,0010100,8,75,0000010,10,90
1347,42,5384,0010100,8,75,0000010,10,90
1349,42,5396,0010100,8,75,0000010,10,90
1351,42,5383,0010100,8,75,0000010,10,90
1352,42,5398,0101010,8,75,0000010,10,90
1353,42,5381,0010100,8,75,0000010,10,90
1354,42,5394,0101010,8,75,0000010,10,90
1355,42,5397,0101010,8,75,0000010,10,90
1356,42,5381,0010100,8,75,0000010,10,90
1357,42,5390,0010100,8,75,0000010,10,90
1358,42,5396,0101010,8,75,0000010,10,90
1360,42,5388,0010100,8,75,0000010,10,90
1361,42,5384,0010100,8,75,0000010,10,90
1363,42,5390,0010100,8,75,0000010,10,90
1364,42,5381,0101010,8,75,0000010,10,90
1365,42,5392,0101010,8,75,0000010,10,90
1366,42,5378,0101010,8,75,0000010,10,90
1367,42,5397,0010100,8,75,0000010,10,90
1368,42,5389,0101010,8,75,0000010,10,90
1369,42,5387,0010100,8,75,0000010,10,90
1370,42,5391,0101010,8,75,0000010,10,90
1371,42,5387,0101010,8,75,0000010,10,90
1372,42,5392,0010100,8,75,0000010,10,90
1373,42,5394,0010100,8,75,0000010,10,90
1374,42,5382,0010100,8,75,0000010,10,90
1375,42,5394,0101010,8,75,0000010,10,90
1376,42,5385,0010100,8,75,0000010,10,90
1377,42,5398,0010100,8,75,0000010,10,90
1378,42,5390,0010100,8,75,0000010,10,90
1379,42,5393,0101010,8,75,0000010,10,90
1380,42,5385,0101010,8,75,0000010,10,90
1381,42,5378,0101010,8,75,0000010,10,90
1382,42,5387,0101010,8,75,0000010,10,90
1383,42,5386,0101010,8,75,0000010,10,90
1386,42,5392,0101010,8,75,0000010,10,90
1388,42,5408,0101010,8,75,0000010,10,90
1389,42,5402,0101010,8,75,0000010,10,90
1390,42,5405,0010100,8,75,0000010,10,90
1402,42,5407,0101010,8,75,0000010,10,90
1395,42,5405,0101010,8,75,0000010,10,90
1391,42,5402,0101010,8,75,0000010,10,90
1403,42,5402,0101010,8,75,0000010,10,90
1396,42,5408,0101010,8,75,0000010,10,90
1392,42,5408,0010100,8,75,0000010,10,90
1404,42,5402,0010100,8,75,0000010,10,90
1393,42,5408,0101010,8,75,0000010,10,90
1405,42,5400,0010100,8,75,0000010,10,90
1398,42,5399,0101010,8,75,0000010,10,90
1394,42,5404,0010100,8,75,0000010,10,90
1406,42,5403,0010100,8,75,0000010,10,90
1399,42,5401,0101010,8,75,0000010,10,90
1407,42,5407,0101010,8,75,0000010,10,90
1400,42,5400,0010100,8,75,0000010,10,90
1408,42,5400,0101010,8,75,0000010,10,90
1401,42,5403,0101010,8,75,0000010,10,90
1409,42,5404,0101010,8,75,0000010,10,90
1410,42,5408,0101010,8,75,0000010,10,90
1411,42,5407,0101010,8,75,0000010,10,90
1412,42,5407,0010100,8,75,0000010,10,90
1413,42,5400,0101010,8,75,0000010,10,90
1414,42,5403,0101010,8,75,0000010,10,90
1415,42,5406,0010100,8,75,0000010,10,90
1416,42,5407,0010100,8,75,0000010,10,90
1417,42,5407,0101010,8,75,0000010,10,90
1418,42,5401,0010100,8,75,0000010,10,90
1420,42,5402,0101010,8,75,0000010,10,90
1421,42,5402,0101010,8,75,0000010,10,90
1422,42,5399,0101010,8,75,0000010,10,90
1090,43,5313,0101010,8,75,0000010,10,90
1091,43,5313,0101010,8,75,0000010,10,90
1092,43,5339,0010100,8,75,0000010,10,90
1242,43,5345,0010100,8,75,0000010,10,90
1192,43,5350,0101010,8,75,0000010,10,90
1093,43,5349,0101010,8,75,0000010,10,90
1243,43,5331,0101010,8,75,0000010,10,90
1193,43,5333,0010100,8,75,0000010,10,90
1248,43,5344,0010100,8,75,0000010,10,90
1094,43,5340,0101010,8,75,0000010,10,90
1194,43,5337,0010100,8,75,0000010,10,90
1099,43,5319,0101010,8,75,0000010,10,90
1256,43,5329,0101010,8,75,0000010,10,90
1206,43,5338,0010100,8,75,0000010,10,90
1249,43,5360,0010100,8,75,0000010,10,90
1199,43,5315,0101010,8,75,0000010,10,90
1095,43,5346,0010100,8,75,0000010,10,90
1245,43,5317,0101010,8,75,0000010,10,90
1107,43,5343,0010100,8,75,0000010,10,90
1207,43,5320,0101010,8,75,0000010,10,90
1250,43,5354,0101010,8,75,0000010,10,90
1200,43,5356,0101010,8,75,0000010,10,90
1096,43,5324,0101010,8,75,0000010,10,90
1246,43,5324,0101010,8,75,0000010,10,90
1196,43,5352,0010100,8,75,0000010,10,90
1101,43,5324,0010100,8,75,0000010,10,90
1258,43,5325,0101010,8,75,0000010,10,90
1208,43,5342,0010100,8,75,0000010,10,90
1251,43,5364,0010100,8,75,0000010,10,90
1201,43,5336,0010100,8,75,0000010,10,90
1097,43,5326,0010100,8,75,0000010,10,90
1247,43,5345,0010100,8,75,0000010,10,90
1197,43,5347,0010100,8,75,0000010,10,90
1102,43,5341,0010100,8,75,0000010,10,90
1259,43,5354,0101010,8,75,0000010,10,90
1252,43,5356,0010100,8,75,0000010,10,90
1202,43,5347,0101010,8,75,0000010,10,90
1098,43,5331,0010100,8,75,0000010,10,90
1103,43,5336,0101010,8,75,0000010,10,90
1260,43,5364,0010100,8,75,0000010,10,90
1210,43,5323,0101010,8,75,0000010,10,90
1253,43,5358,0010100,8,75,0000010,10,90
1203,43,5353,0010100,8,75,0000010,10,90
1104,43,5332,0010100,8,75,0000010,10,90
1261,43,5321,0010100,8,75,0000010,10,90
1211,43,5343,0101010,8,75,0000010,10,90
1254,43,5321,0101010,8,75,0000010,10,90
1204,43,5342,0010100,8,75,0000010,10,90
1112,43,5359,0101010,8,75,0000010,10,90
1262,43,5344,0101010,8,75,0000010,10,90
1212,43,5355,0010100,8,75,0000010,10,90
1255,43,5350,0010100,8,75,0000010,10,90
1205,43,5349,0101010,8,75,0000010,10,90
1113,43,5354,0010100,8,75,0000010,10,90
1263,43,5348,0010100,8,75,0000010,10,90
1213,43,5348,0010100,8,75,0000010,10,90
1214,43,5340,0101010,8,75,0000010,10,90
1115,43,5349,0010100,8,75,0000010,10,90
1265,43,5323,0010100,8,75,0000010,10,90
1215,43,5325,0101010,8,75,0000010,10,90
1116,43,5350,0010100,8,75,0000010,10,90
1266,43,5340,0010100,8,75,0000010,10,90
1216,43,5326,0101010,8,75,0000010,10,90
1117,43,5346,0101010,8,75,0000010,10,90
1267,43,5344,0101010,8,75,0000010,10,90
1118,43,5315,0101010,8,75,0000010,10,90
1268,43,5323,0010100,8,75,0000010,10,90
1119,43,5364,0010100,8,75,0000010,10,90
1269,43,5343,0010100,8,75,0000010,10,90
1219,43,5326,0010100,8,75,0000010,10,90
1120,43,5360,0101010,8,75,0000010,10,90
1270,43,5360,0010100,8,75,0000010,10,90
1220,43,5333,0101010,8,75,0000010,10,90
1121,43,5359,0101010,8,75,0000010,10,90
1271,43,5343,0101010,8,75,0000010,10,90
1221,43,5336,0101010,8,75,0000010,10,90
1122,43,5329,0101010,8,75,0000010,10,90
1272,43,5365,0010100,8,75,0000010,10,90
1222,43,5364,0101010,8,75,0000010,10,90
1123,43,5334,0101010,8,75,0000010,10,90
1273,43,5328,0010100,8,75,0000010,10,90
1223,43,5346,0101010,8,75,0000010,10,90
1124,43,5330,0101010,8,75,0000010,10,90
1224,43,5323,0010100,8,75,0000010,10,90
1125,43,5318,0010100,8,75,0000010,10,90
1225,43,5355,0010100,8,75,0000010,10,90
1126,43,5323,0010100,8,75,0000010,10,90
1226,43,5354,0101010,8,75,0000010,10,90
1227,43,5327,0101010,8,75,0000010,10,90
1128,43,5322,0010100,8,75,0000010,10,90
1228,43,5336,0010100,8,75,0000010,10,90
1129,43,5330,0010100,8,75,0000010,10,90
1229,43,5343,0101010,8,75,0000010,10,90
1130,43,5320,0101010,8,75,0000010,10,90
1230,43,5343,0010100,8,75,0000010,10,90
1131,43,5353,0101010,8,75,0000010,10,90
1231,43,5362,0010100,8,75,0000010,10,90
1132,43,5352,0010100,8,75,0000010,10,90
1232,43,5355,0010100,8,75,0000010,10,90
1133,43,5343,0010100,8,75,0000010,10,90
1233,43,5329,0101010,8,75,0000010,10,90
1134,43,5356,0010100,8,75,0000010,10,90
1135,43,5325,0101010,8,75,0000010,10,90
1235,43,5329,0010100,8,75,0000010,10,90
1136,43,5331,0010100,8,75,0000010,10,90
1236,43,5314,0101010,8,75,0000010,10,90
1137,43,5341,0010100,8,75,0000010,10,90
1237,43,5343,0010100,8,75,0000010,10,90
1138,43,5330,0010100,8,75,0000010,10,90
1238,43,5314,0010100,8,75,0000010,10,90
1139,43,5329,0101010,8,75,0000010,10,90
1239,43,5314,0101010,8,75,0000010,10,90
1140,43,5320,0010100,8,75,0000010,10,90
1240,43,5353,0101010,8,75,0000010,10,90
1141,43,5345,0101010,8,75,0000010,10,90
1241,43,5352,0010100,8,75,0000010,10,90
1142,43,5322,0010100,8,75,0000010,10,90
1143,43,5356,0010100,8,75,0000010,10,90
1145,43,5358,0101010,8,75,0000010,10,90
1147,43,5315,0010100,8,75,0000010,10,90
1148,43,5363,0010100,8,75,0000010,10,90
1150,43,5323,0010100,8,75,0000010,10,90
1151,43,5353,0010100,8,75,0000010,10,90
1152,43,5329,0101010,8,75,0000010,10,90
1153,43,5315,0010100,8,75,0000010,10,90
1154,43,5364,0101010,8,75,0000010,10,90
1155,43,5336,0101010,8,75,0000010,10,90
1156,43,5314,0010100,8,75,0000010,10,90
1157,43,5364,0010100,8,75,0000010,10,90
1159,43,5359,0010100,8,75,0000010,10,90
1161,43,5327,0010100,8,75,0000010,10,90
1162,43,5327,0010100,8,75,0000010,10,90
1163,43,5349,0101010,8,75,0000010,10,90
1164,43,5359,0010100,8,75,0000010,10,90
1165,43,5314,0010100,8,75,0000010,10,90
1166,43,5356,0010100,8,75,0000010,10,90
1167,43,5358,0101010,8,75,0000010,10,90
1168,43,5335,0101010,8,75,0000010,10,90
1169,43,5350,0101010,8,75,0000010,10,90
1170,43,5323,0010100,8,75,0000010,10,90
1171,43,5339,0101010,8,75,0000010,10,90
1172,43,5362,0010100,8,75,0000010,10,90
1174,43,5357,0101010,8,75,0000010,10,90
1175,43,5356,0101010,8,75,0000010,10,90
1176,43,5323,0010100,8,75,0000010,10,90
1177,43,5355,0101010,8,75,0000010,10,90
1179,43,5354,0010100,8,75,0000010,10,90
1180,43,5350,0101010,8,75,0000010,10,90
1181,43,5346,0010100,8,75,0000010,10,90
1182,43,5332,0010100,8,75,0000010,10,90
1183,43,5351,0010100,8,75,0000010,10,90
1185,43,5341,0101010,8,75,0000010,10,90
1187,43,5330,0010100,8,75,0000010,10,90
1189,43,5363,0101010,8,75,0000010,10,90
1190,43,5327,0101010,8,75,0000010,10,90
1191,43,5357,0010100,8,75,0000010,10,90
1274,43,5370,0101010,8,75,0000010,10,90
1275,43,5374,0101010,8,75,0000010,10,90
1281,43,5370,0010100,8,75,0000010,10,90
1277,43,5368,0010100,8,75,0000010,10,90
1289,43,5369,0101010,8,75,0000010,10,90
1282,43,5370,0101010,8,75,0000010,10,90
1290,43,5374,0010100,8,75,0000010,10,90
1283,43,5374,0010100,8,75,0000010,10,90
1279,43,5376,0101010,8,75,0000010,10,90
1291,43,5366,0010100,8,75,0000010,10,90
1284,43,5377,0101010,8,75,0000010,10,90
1280,43,5375,0010100,8,75,0000010,10,90
1292,43,5376,0101010,8,75,0000010,10,90
1285,43,5370,0101010,8,75,0000010,10,90
1293,43,5370,0010100,8,75,0000010,10,90
1286,43,5366,0101010,8,75,0000010,10,90
1294,43,5374,0010100,8,75,0000010,10,90
1287,43,5377,0101010,8,75,0000010,10,90
1295,43,5373,0010100,8,75,0000010,10,90
1296,43,5375,0101010,8,75,0000010,10,90
1297,43,5376,0101010,8,75,0000010,10,90
1299,43,5369,0101010,8,75,0000010,10,90
1300,43,5372,0010100,8,75,0000010,10,90
1301,43,5368,0101010,8,75,0000010,10,90
1302,43,5368,0101010,8,75,0000010,10,90
1304,43,5377,0101010,8,75,0000010,10,90
1305,43,5374,0101010,8,75,0000010,10,90
1306,43,5377,0101010,8,75,0000010,10,90
1307,43,5368,0010100,8,75,0000010,10,90
1309,43,5368,0101010,8,75,0000010,10,90
1310,43,5371,0010100,8,75,0000010,10,90
1311,43,5370,0010100,8,75,0000010,10,90
1312,43,5373,0101010,8,75,0000010,10,90
1313,43,5373,0101010,8,75,0000010,10,90
1314,43,5380,0010100,8,75,0000010,10,90
1315,43,5390,0101010,8,75,0000010,10,90
1316,43,5384,0101010,8,75,0000010,10,90
1328,43,5394,0101010,8,75,0000010,10,90
1321,43,5388,0101010,8,75,0000010,10,90
1329,43,5385,0101010,8,75,0000010,10,90
1322,43,5388,0101010,8,75,0000010,10,90
1318,43,5391,0010100,8,75,0000010,10,90
1330,43,5398,0101010,8,75,0000010,10,90
1323,43,5394,0010100,8,75,0000010,10,90
1319,43,5381,0101010,8,75,0000010,10,90
1331,43,5386,0010100,8,75,0000010,10,90
1324,43,5383,0010100,8,75,0000010,10,90
1320,43,5398,0010100,8,75,0000010,10,90
1332,43,5378,0010100,8,75,0000010,10,90
1325,43,5391,0010100,8,75,0000010,10,90
1333,43,5383,0010100,8,75,0000010,10,90
1326,43,5398,0010100,8,75,0000010,10,90
1334,43,5395,0101010,8,75,0000010,10,90
1327,43,5394,0010100,8,75,0000010,10,90
1335,43,5380,0010100,8,75,0000010,10,90
1336,43,5389,0101010,8,75,0000010,10,90
1337,43,5394,0010100,8,75,0000010,10,90
1339,43,5378,0101010,8,75,0000010,10,90
1341,43,5396,0101010,8,75,0000010,10,90
1343,43,5398,0010100,8,75,0000010,10,90
1344,43,5380,0010100,8,75,0000010,10,90
1345,43,5390,0101010,8,75,0000010,10,90
1346,43,5384,0010100,8,75,0000010,10,90
1347,43,5396,0010100,8,75,0000010,10,90
1349,43,5390,0010100,8,75,0000010,10,90
1351,43,5398,0010100,8,75,0000010,10,90
1352,43,5382,0101010,8,75,0000010,10,90
1353,43,5383,0010100,8,75,0000010,10,90
1354,43,5397,0101010,8,75,0000010,10,90
1355,43,5393,0101010,8,75,0000010,10,90
1356,43,5382,0010100,8,75,0000010,10,90
1357,43,5383,0010100,8,75,0000010,10,90
1358,43,5384,0101010,8,75,0000010,10,90
1360,43,5378,0010100,8,75,0000010,10,90
1361,43,5397,0010100,8,75,0000010,10,90
1363,43,5397,0010100,8,75,0000010,10,90
1364,43,5390,0101010,8,75,0000010,10,90
1365,43,5381,0101010,8,75,0000010,10,90
1366,43,5394,0101010,8,75,0000010,10,90
1367,43,5387,0010100,8,75,0000010,10,90
1368,43,5379,0101010,8,75,0000010,10,90
1369,43,5394,0010100,8,75,0000010,10,90
1370,43,5386,0101010,8,75,0000010,10,90
1371,43,5390,0101010,8,75,0000010,10,90
1372,43,5384,0010100,8,75,0000010,10,90
1373,43,5385,0010100,8,75,0000010,10,90
1374,43,5398,0010100,8,75,0000010,10,90
1375,43,5386,0101010,8,75,0000010,10,90
1376,43,5397,0010100,8,75,0000010,10,90
1377,43,5397,0010100,8,75,0000010,10,90
1378,43,5386,0010100,8,75,0000010,10,90
1379,43,5381,0101010,8,75,0000010,10,90
1380,43,5396,0101010,8,75,0000010,10,90
1381,43,5378,0101010,8,75,0000010,10,90
1382,43,5396,0101010,8,75,0000010,10,90
1383,43,5386,0101010,8,75,0000010,10,90
1386,43,5388,0101010,8,75,0000010,10,90
1388,43,5404,0101010,8,75,0000010,10,90
1389,43,5408,0101010,8,75,0000010,10,90
1390,43,5406,0010100,8,75,0000010,10,90
1402,43,5404,0101010,8,75,0000010,10,90
1395,43,5403,0101010,8,75,0000010,10,90
1391,43,5400,0101010,8,75,0000010,10,90
1403,43,5402,0101010,8,75,0000010,10,90
1396,43,5405,0101010,8,75,0000010,10,90
1392,43,5404,0010100,8,75,0000010,10,90
1404,43,5399,0010100,8,75,0000010,10,90
1393,43,5401,0101010,8,75,0000010,10,90
1405,43,5403,0010100,8,75,0000010,10,90
1398,43,5402,0101010,8,75,0000010,10,90
1394,43,5401,0010100,8,75,0000010,10,90
1406,43,5406,0010100,8,75,0000010,10,90
1399,43,5400,0101010,8,75,0000010,10,90
1407,43,5408,0101010,8,75,0000010,10,90
1400,43,5399,0010100,8,75,0000010,10,90
1408,43,5403,0101010,8,75,0000010,10,90
1401,43,5406,0101010,8,75,0000010,10,90
1409,43,5403,0101010,8,75,0000010,10,90
1410,43,5406,0101010,8,75,0000010,10,90
1411,43,5401,0101010,8,75,0000010,10,90
1412,43,5405,0010100,8,75,0000010,10,90
1413,43,5399,0101010,8,75,0000010,10,90
1414,43,5401,0101010,8,75,0000010,10,90
1415,43,5405,0010100,8,75,0000010,10,90
1416,43,5406,0010100,8,75,0000010,10,90
1417,43,5408,0101010,8,75,0000010,10,90
1418,43,5405,0010100,8,75,0000010,10,90
1420,43,5408,0101010,8,75,0000010,10,90
1421,43,5406,0101010,8,75,0000010,10,90
1422,43,5407,0101010,8,75,0000010,10,90
