student_id,course_id,semester_id,score,letter_grade
100016,1090,29,+9.9250000000000000e+01,A+
100016,1091,29,+9.8125000000000000e+01,A+
100033,1206,29,+9.1281250000000000e+01,A-
100033,1107,29,+8.8312500000000000e+01,B+
100033,1200,29,+8.3531250000000000e+01,B
100043,1090,29,+8.7406250000000000e+01,B+
100043,1091,29,+8.6000000000000000e+01,B
100048,1274,29,+8.9187500000000000e+01,B+
100048,1275,29,+8.6937500000000000e+01,B
100062,1090,29,+9.1625000000000000e+01,A-
100062,1091,29,+9.2000000000000000e+01,A-
100062,1193,29,+9.3468750000000000e+01,A
100063,1275,29,+8.0093750000000000e+01,B-
100063,1281,29,+8.0468750000000000e+01,B-
100063,1277,29,+8.3125000000000000e+01,B
100063,1289,29,+8.1312500000000000e+01,B-
100093,1314,29,+9.3312500000000000e+01,A
100093,1321,29,+9.7562500000000000e+01,A+
100096,1274,29,+8.5312500000000000e+01,B
100096,1281,29,+9.5000000000000000e+01,A
100096,1277,29,+8.9656250000000000e+01,B+
100096,1289,29,+9.1093750000000000e+01,A-
100101,1388,29,+9.1281250000000000e+01,A-
100101,1389,29,+8.7375000000000000e+01,B+
100101,1390,29,+8.2375000000000000e+01,B-
100101,1402,29,+8.9656250000000000e+01,B+
100101,1395,29,+8.7312500000000000e+01,B+
100105,1248,29,+8.2687500000000000e+01,B-
100105,1245,29,+7.4875000000000000e+01,C
100117,1314,29,+8.7218750000000000e+01,B+
100117,1315,29,+8.9812500000000000e+01,B+
100118,1389,29,+9.0656250000000000e+01,A-
100118,1402,29,+9.0906250000000000e+01,A-
100118,1395,29,+9.1312500000000000e+01,A-
100118,1391,29,+9.0500000000000000e+01,A-
100151,1193,29,+9.2250000000000000e+01,A-
100166,1274,29,+8.6281250000000000e+01,B
100166,1281,29,+8.9375000000000000e+01,B+
100166,1277,29,+8.7375000000000000e+01,B+
100167,1274,29,+8.5875000000000000e+01,B
100167,1275,29,+8.6562500000000000e+01,B
100167,1289,29,+8.8562500000000000e+01,B+
100167,1282,29,+9.0500000000000000e+01,A-
100192,1314,29,+9.2093750000000000e+01,A-
100192,1315,29,+8.4281250000000000e+01,B
100192,1193,29,+8.2375000000000000e+01,B-
100196,1388,29,+8.0718750000000000e+01,B-
100196,1389,29,+8.3937500000000000e+01,B
100196,1390,29,+8.1031250000000000e+01,B-
100196,1402,29,+7.9156250000000000e+01,C+
100197,1274,29,+7.9250000000000000e+01,C+
100197,1281,29,+8.5312500000000000e+01,B
100197,1277,29,+8.1625000000000000e+01,B-
100210,1242,29,+9.2906250000000000e+01,A-
100210,1245,29,+9.6781250000000000e+01,A
100210,1258,29,+9.2968750000000000e+01,A-
100224,1090,29,+8.1406250000000000e+01,B-
100224,1091,29,+8.4375000000000000e+01,B
100225,1315,29,+9.2843750000000000e+01,A-
100232,1090,29,+8.1281250000000000e+01,B-
100232,1091,29,+8.1875000000000000e+01,B-
100232,1395,29,+8.4968750000000000e+01,B
100241,1274,29,+5.5781250000000000e+01,F
100241,1289,29,+5.8125000000000000e+01,F
100241,1282,29,+6.0093750000000000e+01,D
100245,1090,29,+8.9968750000000000e+01,B+
100245,1091,29,+8.7968750000000000e+01,B+
100253,1274,29,+8.8906250000000000e+01,B+
100253,1388,29,+8.7781250000000000e+01,B+
100253,1275,29,+8.3718750000000000e+01,B
100253,1281,29,+9.1312500000000000e+01,A-
100254,1092,29,+9.0187500000000000e+01,A-
100254,1243,29,+8.4312500000000000e+01,B
100254,1277,29,+8.9406250000000000e+01,B+
100262,1281,29,+8.4281250000000000e+01,B
100262,1277,29,+8.4781250000000000e+01,B
100262,1289,29,+7.9343750000000000e+01,C+
100262,1282,29,+8.3000000000000000e+01,B
100263,1389,29,+8.4343750000000000e+01,B
100263,1390,29,+8.4250000000000000e+01,B
100263,1395,29,+8.8843750000000000e+01,B+
100267,1389,29,+9.8687500000000000e+01,A+
100267,1390,29,+1.0034375000000000e+02,A+
100267,1395,29,+9.5718750000000000e+01,A
100267,1403,29,+9.8250000000000000e+01,A+
100290,1388,29,+8.4875000000000000e+01,B
100290,1248,29,+7.8750000000000000e+01,C+
100290,1390,29,+8.1687500000000000e+01,B-
100290,1402,29,+8.5125000000000000e+01,B
100290,1395,29,+8.5187500000000000e+01,B
100299,1314,29,+8.7593750000000000e+01,B+
100299,1315,29,+8.4968750000000000e+01,B
100299,1322,29,+9.1125000000000000e+01,A-
100303,1090,29,+8.2531250000000000e+01,B-
100303,1275,29,+8.1406250000000000e+01,B-
100303,1091,29,+8.4343750000000000e+01,B
100323,1274,29,+9.7906250000000000e+01,A+
100323,1275,29,+9.3531250000000000e+01,A
100323,1281,29,+1.0037500000000000e+02,A+
100325,1388,29,+8.3781250000000000e+01,B
100325,1389,29,+8.9843750000000000e+01,B+
100325,1094,29,+9.1812500000000000e+01,A-
100325,1390,29,+8.8250000000000000e+01,B+
100352,1090,29,+9.0062500000000000e+01,A-
100352,1091,29,+8.1562500000000000e+01,B-
100373,1090,29,+9.7000000000000000e+01,A+
100373,1091,29,+9.7125000000000000e+01,A+
100373,1094,29,+9.5312500000000000e+01,A
100379,1316,29,+9.2062500000000000e+01,A-
100379,1329,29,+9.2812500000000000e+01,A-
100379,1322,29,+9.3437500000000000e+01,A
100392,1090,29,+9.0250000000000000e+01,A-
100392,1091,29,+9.4093750000000000e+01,A
100399,1388,29,+8.8531250000000000e+01,B+
100399,1389,29,+9.0312500000000000e+01,A-
100402,1274,29,+7.7187500000000000e+01,C+
100434,1388,29,+8.1656250000000000e+01,B-
100434,1389,29,+8.8812500000000000e+01,B+
100434,1402,29,+8.5906250000000000e+01,B
100434,1395,29,+8.6781250000000000e+01,B
100436,1328,29,+6.1375000000000000e+01,D
100436,1321,29,+5.3312500000000000e+01,F
100449,1388,29,+8.6437500000000000e+01,B
100449,1389,29,+8.2218750000000000e+01,B-
100449,1390,29,+8.0500000000000000e+01,B-
100449,1402,29,+8.2531250000000000e+01,B-
100449,1395,29,+8.2375000000000000e+01,B-
100478,1274,29,+8.4656250000000000e+01,B
100478,1281,29,+8.6437500000000000e+01,B
100488,1388,29,+9.2687500000000000e+01,A-
100488,1389,29,+9.3718750000000000e+01,A
100488,1390,29,+8.8468750000000000e+01,B+
100490,1242,29,+8.2968750000000000e+01,B-
100490,1099,29,+8.3093750000000000e+01,B
100490,1245,29,+7.7875000000000000e+01,C+
100490,1250,29,+8.1468750000000000e+01,B-
100490,1096,29,+8.5031250000000000e+01,B
100502,1389,29,+9.7312500000000000e+01,A+
100502,1390,29,+9.5218750000000000e+01,A
100502,1391,29,+9.7281250000000000e+01,A+
100522,1315,29,+9.2500000000000000e+01,A-
100522,1323,29,+9.7250000000000000e+01,A+
100540,1090,29,+8.3218750000000000e+01,B
100540,1091,29,+8.4031250000000000e+01,B
100552,1242,29,+9.6062500000000000e+01,A
100552,1093,29,+9.8062500000000000e+01,A+
100552,1243,29,+9.9343750000000000e+01,A+
100555,1090,29,+5.8468750000000000e+01,F
100576,1192,29,+8.8687500000000000e+01,B+
100576,1256,29,+8.3812500000000000e+01,B
100596,1090,29,+8.6281250000000000e+01,B
100596,1192,29,+9.0062500000000000e+01,A-
100596,1091,29,+9.2250000000000000e+01,A-
100596,1281,29,+8.8468750000000000e+01,B+
100599,1275,29,+9.0812500000000000e+01,A-
100619,1090,29,+9.1468750000000000e+01,A-
100619,1091,29,+8.7281250000000000e+01,B+
100619,1208,29,+8.6937500000000000e+01,B
100627,1388,29,+8.4968750000000000e+01,B
100627,1389,29,+8.1125000000000000e+01,B-
100627,1390,29,+8.3812500000000000e+01,B
100627,1402,29,+7.8156250000000000e+01,C+
100642,1090,29,+8.0437500000000000e+01,B-
100642,1091,29,+8.4187500000000000e+01,B
100646,1092,29,+9.3187500000000000e+01,A
100646,1242,29,+9.4312500000000000e+01,A
100646,1192,29,+8.9906250000000000e+01,B+
100646,1093,29,+9.2656250000000000e+01,A-
100662,1388,29,+8.6937500000000000e+01,B
100662,1389,29,+8.3406250000000000e+01,B
100662,1390,29,+8.8312500000000000e+01,B+
100684,1388,29,+8.6906250000000000e+01,B
100684,1389,29,+7.8437500000000000e+01,C+
100684,1390,29,+8.7187500000000000e+01,B+
100684,1391,29,+8.3375000000000000e+01,B
100689,1388,29,+9.4281250000000000e+01,A
100689,1389,29,+8.6875000000000000e+01,B
100689,1402,29,+9.1500000000000000e+01,A-
100689,1395,29,+9.2031250000000000e+01,A-
100698,1275,29,+8.4031250000000000e+01,B
100698,1329,29,+7.7375000000000000e+01,C+
100700,1388,29,+7.8593750000000000e+01,C+
100700,1390,29,+8.0562500000000000e+01,B-
100700,1402,29,+7.9531250000000000e+01,C+
100700,1395,29,+8.1375000000000000e+01,B-
100700,1391,29,+8.1843750000000000e+01,B-
100701,1388,29,+8.8562500000000000e+01,B+
100701,1316,29,+9.1343750000000000e+01,A-
100701,1390,29,+8.8750000000000000e+01,B+
100701,1402,29,+8.6031250000000000e+01,B
100701,1194,29,+8.8968750000000000e+01,B+
100706,1090,29,+8.9156250000000000e+01,B+
100706,1091,29,+9.0437500000000000e+01,A-
100706,1243,29,+9.5531250000000000e+01,A
100708,1388,29,+8.5812500000000000e+01,B
100708,1389,29,+8.9250000000000000e+01,B+
100708,1390,29,+8.3000000000000000e+01,B
100708,1402,29,+8.0218750000000000e+01,B-
100713,1274,29,+8.6593750000000000e+01,B
100713,1275,29,+8.9468750000000000e+01,B+
100716,1090,29,+8.7125000000000000e+01,B+
100716,1315,29,+9.0156250000000000e+01,A-
100716,1091,29,+8.9968750000000000e+01,B+
100716,1275,29,+8.0343750000000000e+01,B-
100729,1094,29,+9.8093750000000000e+01,A+
100729,1099,29,+9.8656250000000000e+01,A+
100729,1256,29,+9.3031250000000000e+01,A
100729,1095,29,+9.5062500000000000e+01,A
100734,1388,29,+9.2656250000000000e+01,A-
100734,1389,29,+8.6156250000000000e+01,B
100779,1090,29,+9.4968750000000000e+01,A
100779,1091,29,+9.8000000000000000e+01,A+
100779,1095,29,+9.5968750000000000e+01,A
100782,1090,29,+8.9093750000000000e+01,B+
100782,1091,29,+8.6125000000000000e+01,B
100782,1328,29,+8.9343750000000000e+01,B+
100785,1274,29,+9.0468750000000000e+01,A-
100785,1275,29,+9.3218750000000000e+01,A
100785,1277,29,+8.9468750000000000e+01,B+
100785,1289,29,+9.0968750000000000e+01,A-
100785,1290,29,+9.1500000000000000e+01,A-
100788,1389,29,+8.3812500000000000e+01,B
100788,1390,29,+8.3375000000000000e+01,B
100788,1402,29,+8.2906250000000000e+01,B-
100800,1388,29,+9.3437500000000000e+01,A
100800,1314,29,+9.1875000000000000e+01,A-
100800,1315,29,+8.9437500000000000e+01,B+
100806,1389,29,+8.3718750000000000e+01,B
100806,1390,29,+8.0156250000000000e+01,B-
100806,1395,29,+8.3625000000000000e+01,B
100807,1274,29,+8.0281250000000000e+01,B-
100807,1275,29,+8.3687500000000000e+01,B
100807,1277,29,+7.6781250000000000e+01,C
100810,1090,29,+8.4062500000000000e+01,B
100810,1093,29,+7.8062500000000000e+01,C+
100810,1091,29,+7.9312500000000000e+01,C+
100825,1315,29,+9.0000000000000000e+01,A-
100827,1090,29,+8.6562500000000000e+01,B
100827,1091,29,+8.7250000000000000e+01,B+
100829,1389,29,+8.3500000000000000e+01,B
100829,1390,29,+8.2125000000000000e+01,B-
100829,1402,29,+7.9375000000000000e+01,C+
100829,1395,29,+7.8250000000000000e+01,C+
100829,1206,29,+8.3968750000000000e+01,B
100845,1274,29,+9.7593750000000000e+01,A+
100845,1275,29,+9.7625000000000000e+01,A+
100845,1316,29,+9.8187500000000000e+01,A+
100845,1281,29,+9.5812500000000000e+01,A
100847,1274,29,+8.6937500000000000e+01,B
100847,1275,29,+8.9593750000000000e+01,B+
100847,1395,29,+8.8062500000000000e+01,B+
100847,1289,29,+8.4375000000000000e+01,B
100847,1282,29,+8.7281250000000000e+01,B+
100851,1274,29,+9.2562500000000000e+01,A-
100851,1275,29,+9.3250000000000000e+01,A
100866,1274,29,+8.6437500000000000e+01,B
100866,1275,29,+8.6281250000000000e+01,B
100893,1090,29,+9.0406250000000000e+01,A-
100893,1275,29,+8.4906250000000000e+01,B
100893,1091,29,+8.9812500000000000e+01,B+
100913,1092,29,+9.2125000000000000e+01,A-
100913,1281,29,+8.8781250000000000e+01,B+
100913,1249,29,+8.9468750000000000e+01,B+
100913,1277,29,+8.8187500000000000e+01,B+
100945,1242,29,+7.7031250000000000e+01,C+
100945,1243,29,+8.2718750000000000e+01,B-
100951,1389,29,+9.0125000000000000e+01,A-
100951,1390,29,+9.4250000000000000e+01,A
100951,1402,29,+9.3906250000000000e+01,A
100951,1395,29,+9.3468750000000000e+01,A
100952,1193,29,+8.3093750000000000e+01,B
100952,1256,29,+8.5781250000000000e+01,B
100956,1316,29,+8.5093750000000000e+01,B
100956,1328,29,+8.2812500000000000e+01,B-
100958,1314,29,+8.2625000000000000e+01,B-
100958,1315,29,+8.4593750000000000e+01,B
100958,1316,29,+8.4687500000000000e+01,B
100963,1328,29,+9.7000000000000000e+01,A+
100963,1323,29,+9.2906250000000000e+01,A-
100964,1274,29,+9.0906250000000000e+01,A-
100964,1275,29,+8.7906250000000000e+01,B+
100964,1281,29,+8.8406250000000000e+01,B+
100967,1090,29,+7.7375000000000000e+01,C+
100967,1091,29,+8.2593750000000000e+01,B-
100971,1090,29,+9.2062500000000000e+01,A-
100971,1091,29,+8.7656250000000000e+01,B+
100981,1389,29,+8.4718750000000000e+01,B
100981,1390,29,+8.7406250000000000e+01,B+
100981,1402,29,+8.0375000000000000e+01,B-
100995,1274,29,+8.6906250000000000e+01,B
100995,1275,29,+9.0812500000000000e+01,A-
100995,1281,29,+8.9375000000000000e+01,B+
100033,1259,30,+8.2281250000000000e+01,B-
100033,1211,30,+8.2156250000000000e+01,B-
100033,1112,30,+8.8031250000000000e+01,B+
100033,1327,30,+8.8312500000000000e+01,B+
100043,1251,30,+7.7718750000000000e+01,C+
100048,1289,30,+8.7343750000000000e+01,B+
100048,1283,30,+8.6875000000000000e+01,B
100063,1290,30,+8.0531250000000000e+01,B-
100063,1196,30,+8.3687500000000000e+01,B
100063,1279,30,+8.2000000000000000e+01,B-
100093,1206,30,+9.6218750000000000e+01,A
100093,1329,30,+9.8500000000000000e+01,A+
100093,1322,30,+9.1312500000000000e+01,A-
100093,1318,30,+9.3125000000000000e+01,A
100093,1246,30,+1.0009375000000000e+02,A+
100096,1290,30,+9.0093750000000000e+01,A-
100096,1283,30,+8.0812500000000000e+01,B-
100101,1391,30,+8.9468750000000000e+01,B+
100101,1403,30,+8.7281250000000000e+01,B+
100101,1396,30,+8.7000000000000000e+01,B+
100101,1392,30,+8.8937500000000000e+01,B+
100105,1258,30,+8.0031250000000000e+01,B-
100105,1208,30,+8.2718750000000000e+01,B-
100105,1251,30,+8.5562500000000000e+01,B
100117,1246,30,+8.9718750000000000e+01,B+
100117,1323,30,+8.4187500000000000e+01,B
100117,1319,30,+8.7093750000000000e+01,B+
100117,1331,30,+8.8156250000000000e+01,B+
100118,1403,30,+9.4250000000000000e+01,A
100118,1396,30,+9.1250000000000000e+01,A-
100118,1404,30,+9.4156250000000000e+01,A
100118,1393,30,+9.3406250000000000e+01,A
100151,1202,30,+9.5156250000000000e+01,A
100151,1210,30,+9.6218750000000000e+01,A
100166,1289,30,+9.0968750000000000e+01,A-
100166,1290,30,+8.9312500000000000e+01,B+
100167,1290,30,+8.6843750000000000e+01,B
100167,1283,30,+8.8968750000000000e+01,B+
100167,1279,30,+8.5906250000000000e+01,B
100167,1280,30,+8.8812500000000000e+01,B+
100167,1292,30,+8.8593750000000000e+01,B+
100192,1328,30,+8.7000000000000000e+01,B+
100192,1321,30,+8.9250000000000000e+01,B+
100192,1329,30,+8.6968750000000000e+01,B
100192,1322,30,+8.9468750000000000e+01,B+
100196,1395,30,+8.3562500000000000e+01,B
100196,1391,30,+7.8687500000000000e+01,C+
100196,1403,30,+8.3968750000000000e+01,B
100196,1396,30,+8.0718750000000000e+01,B-
100196,1392,30,+8.7187500000000000e+01,B+
100197,1289,30,+8.2531250000000000e+01,B-
100197,1290,30,+7.8125000000000000e+01,C+
100197,1283,30,+7.9812500000000000e+01,C+
100197,1279,30,+8.4343750000000000e+01,B
100210,1197,30,+9.1781250000000000e+01,A-
100210,1262,30,+9.1593750000000000e+01,A-
100224,1194,30,+7.8562500000000000e+01,C+
100224,1099,30,+8.5062500000000000e+01,B
100225,1318,30,+9.2093750000000000e+01,A-
100225,1330,30,+9.1750000000000000e+01,A-
100225,1319,30,+9.4343750000000000e+01,A
100241,1283,30,+5.8156250000000000e+01,F
100241,1279,30,+5.8343750000000000e+01,F
100241,1291,30,+5.6625000000000000e+01,F
100253,1282,30,+7.8187500000000000e+01,C+
100253,1290,30,+8.6906250000000000e+01,B
100253,1283,30,+8.8125000000000000e+01,B+
100253,1405,30,+8.6968750000000000e+01,B
100253,1284,30,+8.4593750000000000e+01,B
100254,1096,30,+8.7875000000000000e+01,B+
100254,1201,30,+8.9531250000000000e+01,B+
100254,1197,30,+9.0093750000000000e+01,A-
100254,1098,30,+8.6781250000000000e+01,B
100262,1290,30,+8.3031250000000000e+01,B
100262,1247,30,+8.0843750000000000e+01,B-
100262,1291,30,+7.9718750000000000e+01,C+
100263,1403,30,+7.9062500000000000e+01,C+
100263,1392,30,+8.3468750000000000e+01,B
100263,1404,30,+8.1812500000000000e+01,B-
100267,1396,30,+9.6750000000000000e+01,A
100267,1392,30,+9.5875000000000000e+01,A
100267,1404,30,+1.0159375000000000e+02,A+
100290,1391,30,+7.9218750000000000e+01,C+
100290,1403,30,+8.4625000000000000e+01,B
100290,1396,30,+8.5531250000000000e+01,B
100290,1404,30,+8.2031250000000000e+01,B-
100299,1393,30,+8.2187500000000000e+01,B-
100299,1324,30,+7.8750000000000000e+01,C+
100303,1277,30,+9.0000000000000000e+01,A-
100323,1277,30,+9.6687500000000000e+01,A
100323,1396,30,+9.8031250000000000e+01,A+
100323,1290,30,+9.9937500000000000e+01,A+
100325,1395,30,+8.0843750000000000e+01,B-
100325,1391,30,+8.7562500000000000e+01,B+
100325,1403,30,+8.7375000000000000e+01,B+
100325,1396,30,+8.8750000000000000e+01,B+
100352,1396,30,+9.1687500000000000e+01,A-
100379,1330,30,+9.0968750000000000e+01,A-
100379,1331,30,+9.0906250000000000e+01,A-
100379,1324,30,+9.4812500000000000e+01,A
100379,1332,30,+9.4875000000000000e+01,A
100392,1329,30,+9.3437500000000000e+01,A
100399,1390,30,+8.8343750000000000e+01,B+
100399,1402,30,+8.8937500000000000e+01,B+
100399,1391,30,+9.0562500000000000e+01,A-
100402,1281,30,+8.4468750000000000e+01,B
100402,1277,30,+8.4062500000000000e+01,B
100402,1282,30,+8.3562500000000000e+01,B
100402,1283,30,+8.0406250000000000e+01,B-
100402,1323,30,+8.1343750000000000e+01,B-
100434,1391,30,+8.6187500000000000e+01,B
100434,1403,30,+8.7218750000000000e+01,B+
100434,1392,30,+8.9250000000000000e+01,B+
100434,1404,30,+8.3937500000000000e+01,B
100436,1329,30,+5.7062500000000000e+01,F
100436,1318,30,+6.3250000000000000e+01,D
100449,1277,30,+8.1906250000000000e+01,B-
100449,1403,30,+8.8093750000000000e+01,B+
100449,1396,30,+8.7437500000000000e+01,B+
100478,1277,30,+8.3718750000000000e+01,B
100478,1289,30,+8.3031250000000000e+01,B
100478,1282,30,+8.0531250000000000e+01,B-
100488,1402,30,+9.4468750000000000e+01,A
100488,1395,30,+9.2937500000000000e+01,A-
100488,1391,30,+9.3625000000000000e+01,A
100488,1403,30,+9.1593750000000000e+01,A-
100488,1396,30,+9.2468750000000000e+01,A-
100490,1259,30,+8.6625000000000000e+01,B
100490,1292,30,+8.5875000000000000e+01,B
100502,1403,30,+9.7593750000000000e+01,A+
100502,1404,30,+9.7312500000000000e+01,A+
100522,1320,30,+8.7437500000000000e+01,B+
100522,1334,30,+9.4375000000000000e+01,A
100540,1256,30,+8.1531250000000000e+01,B-
100552,1250,30,+9.7093750000000000e+01,A+
100555,1091,30,+5.8343750000000000e+01,F
100555,1328,30,+5.5718750000000000e+01,F
100555,1202,30,+5.4156250000000000e+01,F
100576,1206,30,+9.1187500000000000e+01,A-
100576,1249,30,+8.5375000000000000e+01,B
100576,1200,30,+8.2468750000000000e+01,B-
100576,1096,30,+8.0781250000000000e+01,B-
100599,1289,30,+9.0843750000000000e+01,A-
100599,1282,30,+8.7093750000000000e+01,B+
100599,1290,30,+8.9125000000000000e+01,B+
100599,1283,30,+8.9593750000000000e+01,B+
100599,1279,30,+8.6375000000000000e+01,B
100627,1395,30,+8.5843750000000000e+01,B
100627,1403,30,+8.6968750000000000e+01,B
100627,1392,30,+8.1468750000000000e+01,B-
100627,1393,30,+8.2031250000000000e+01,B-
100646,1099,30,+9.3687500000000000e+01,A
100646,1249,30,+8.6875000000000000e+01,B
100646,1258,30,+9.2406250000000000e+01,A-
100662,1395,30,+8.8187500000000000e+01,B+
100662,1391,30,+8.2062500000000000e+01,B-
100662,1396,30,+8.7531250000000000e+01,B+
100662,1392,30,+9.0656250000000000e+01,A-
100684,1403,30,+8.2031250000000000e+01,B-
100684,1396,30,+8.1687500000000000e+01,B-
100684,1404,30,+8.4187500000000000e+01,B
100684,1393,30,+7.6656250000000000e+01,C
100689,1403,30,+9.1843750000000000e+01,A-
100689,1396,30,+8.9187500000000000e+01,B+
100689,1392,30,+8.9062500000000000e+01,B+
100689,1393,30,+9.2593750000000000e+01,A-
100698,1331,30,+9.0062500000000000e+01,A-
100698,1332,30,+8.6875000000000000e+01,B
100698,1333,30,+8.7218750000000000e+01,B+
100698,1326,30,+8.7812500000000000e+01,B+
100700,1403,30,+8.2250000000000000e+01,B-
100700,1396,30,+8.3125000000000000e+01,B
100700,1392,30,+8.1906250000000000e+01,B-
100700,1404,30,+8.3781250000000000e+01,B
100701,1391,30,+8.8937500000000000e+01,B+
100701,1403,30,+8.9968750000000000e+01,B+
100701,1396,30,+8.5625000000000000e+01,B
100708,1395,30,+8.6906250000000000e+01,B
100708,1391,30,+8.8500000000000000e+01,B+
100708,1396,30,+8.2187500000000000e+01,B-
100713,1282,30,+8.4375000000000000e+01,B
100716,1093,30,+8.5843750000000000e+01,B
100716,1290,30,+8.6562500000000000e+01,B
100729,1200,30,+9.4093750000000000e+01,A
100729,1096,30,+9.7343750000000000e+01,A+
100729,1101,30,+9.5968750000000000e+01,A
100729,1208,30,+9.8125000000000000e+01,A+
100734,1390,30,+8.8343750000000000e+01,B+
100734,1402,30,+9.4000000000000000e+01,A
100734,1395,30,+9.1812500000000000e+01,A-
100734,1391,30,+9.1875000000000000e+01,A-
100782,1194,30,+8.2593750000000000e+01,B-
100785,1283,30,+9.3187500000000000e+01,A
100788,1395,30,+8.2906250000000000e+01,B-
100788,1391,30,+8.1531250000000000e+01,B-
100788,1392,30,+8.3343750000000000e+01,B
100788,1404,30,+8.1718750000000000e+01,B-
100800,1316,30,+9.2593750000000000e+01,A-
100800,1321,30,+9.2625000000000000e+01,A-
100806,1391,30,+8.4875000000000000e+01,B
100806,1403,30,+8.0562500000000000e+01,B-
100806,1396,30,+8.3750000000000000e+01,B
100807,1289,30,+7.6593750000000000e+01,C
100807,1282,30,+8.5125000000000000e+01,B
100807,1290,30,+8.4437500000000000e+01,B
100810,1282,30,+7.9750000000000000e+01,C+
100810,1291,30,+8.2187500000000000e+01,B-
100825,1323,30,+9.0468750000000000e+01,A-
100825,1331,30,+8.3187500000000000e+01,B
100827,1256,30,+8.6906250000000000e+01,B
100827,1200,30,+8.9375000000000000e+01,B+
100829,1391,30,+7.9968750000000000e+01,C+
100829,1396,30,+8.5781250000000000e+01,B
100829,1392,30,+7.8750000000000000e+01,C+
100845,1283,30,+9.4437500000000000e+01,A
100845,1291,30,+9.8406250000000000e+01,A+
100845,1280,30,+9.8406250000000000e+01,A+
100847,1290,30,+8.6250000000000000e+01,B
100847,1283,30,+8.4437500000000000e+01,B
100847,1279,30,+9.3406250000000000e+01,A
100847,1291,30,+8.7750000000000000e+01,B+
100851,1277,30,+9.3406250000000000e+01,A
100851,1290,30,+9.3687500000000000e+01,A
100866,1277,30,+8.4031250000000000e+01,B
100866,1282,30,+8.2781250000000000e+01,B-
100866,1290,30,+8.1531250000000000e+01,B-
100866,1323,30,+7.9093750000000000e+01,C+
100893,1289,30,+9.0343750000000000e+01,A-
100913,1289,30,+8.7500000000000000e+01,B+
100913,1282,30,+8.8687500000000000e+01,B+
100913,1290,30,+8.8187500000000000e+01,B+
100913,1323,30,+8.9531250000000000e+01,B+
100945,1402,30,+7.4062500000000000e+01,C
100945,1099,30,+8.2781250000000000e+01,B-
100945,1256,30,+8.5375000000000000e+01,B
100945,1199,30,+7.4375000000000000e+01,C
100951,1391,30,+8.8750000000000000e+01,B+
100951,1403,30,+9.3625000000000000e+01,A
100951,1393,30,+9.4187500000000000e+01,A
100952,1206,30,+8.8375000000000000e+01,B+
100952,1251,30,+9.0562500000000000e+01,A-
100956,1319,30,+8.4187500000000000e+01,B
100956,1324,30,+8.7750000000000000e+01,B+
100956,1320,30,+8.2937500000000000e+01,B-
100958,1318,30,+8.1468750000000000e+01,B-
100958,1323,30,+8.5156250000000000e+01,B
100958,1324,30,+8.1156250000000000e+01,B-
100963,1331,30,+9.7687500000000000e+01,A+
100963,1324,30,+9.6031250000000000e+01,A
100963,1320,30,+9.8187500000000000e+01,A+
100964,1277,30,+8.4218750000000000e+01,B
100964,1282,30,+8.8281250000000000e+01,B+
100964,1096,30,+8.9812500000000000e+01,B+
100964,1290,30,+9.1812500000000000e+01,A-
100964,1258,30,+9.0750000000000000e+01,A-
100967,1199,30,+8.1187500000000000e+01,B-
100967,1391,30,+7.7562500000000000e+01,C+
100971,1245,30,+9.1468750000000000e+01,A-
100981,1391,30,+8.6625000000000000e+01,B
100981,1403,30,+8.5562500000000000e+01,B
100981,1392,30,+8.7343750000000000e+01,B+
100981,1404,30,+8.9750000000000000e+01,B+
100995,1277,30,+8.6437500000000000e+01,B
100995,1282,30,+8.9906250000000000e+01,B+
100995,1290,30,+8.6437500000000000e+01,B
100995,1283,30,+8.8687500000000000e+01,B+
101003,1316,31,+8.4625000000000000e+01,B
101019,1316,31,+9.1406250000000000e+01,A-
101019,1099,31,+8.9906250000000000e+01,B+
101024,1314,31,+8.6906250000000000e+01,B
101024,1389,31,+8.2468750000000000e+01,B-
101024,1316,31,+8.3281250000000000e+01,B
101024,1321,31,+8.0906250000000000e+01,B-
101026,1388,31,+8.3843750000000000e+01,B
101026,1389,31,+8.1781250000000000e+01,B-
101035,1092,31,+8.5187500000000000e+01,B
101035,1090,31,+9.0937500000000000e+01,A-
101035,1091,31,+8.2218750000000000e+01,B-
101036,1090,31,+7.8187500000000000e+01,C+
101036,1091,31,+8.2125000000000000e+01,B-
101055,1281,31,+8.0281250000000000e+01,B-
101055,1277,31,+7.8875000000000000e+01,C+
101055,1289,31,+8.4718750000000000e+01,B
101056,1314,31,+8.0218750000000000e+01,B-
101056,1315,31,+8.3750000000000000e+01,B
101058,1388,31,+8.4281250000000000e+01,B
101058,1389,31,+8.8375000000000000e+01,B+
101058,1091,31,+8.2093750000000000e+01,B-
101058,1402,31,+9.0281250000000000e+01,A-
101058,1395,31,+8.2281250000000000e+01,B-
101077,1092,31,+8.8625000000000000e+01,B+
101077,1315,31,+8.8593750000000000e+01,B+
101077,1275,31,+8.9437500000000000e+01,B+
101077,1094,31,+9.0437500000000000e+01,A-
101083,1090,31,+8.3625000000000000e+01,B
101083,1091,31,+7.4875000000000000e+01,C
101089,1315,31,+9.9500000000000000e+01,A+
101089,1328,31,+9.9093750000000000e+01,A+
101147,1315,31,+8.2812500000000000e+01,B-
101147,1321,31,+8.4093750000000000e+01,B
101147,1329,31,+8.3656250000000000e+01,B
101148,1316,31,+8.1906250000000000e+01,B-
101148,1330,31,+8.0343750000000000e+01,B-
101148,1319,31,+8.4531250000000000e+01,B
101150,1388,31,+8.8500000000000000e+01,B+
101150,1390,31,+9.4093750000000000e+01,A
101150,1402,31,+9.1000000000000000e+01,A-
101150,1395,31,+9.1781250000000000e+01,A-
101150,1199,31,+9.3312500000000000e+01,A
101158,1090,31,+8.0593750000000000e+01,B-
101158,1091,31,+8.0312500000000000e+01,B-
101158,1277,31,+7.4937500000000000e+01,C
101164,1193,31,+9.3312500000000000e+01,A
101164,1107,31,+9.3812500000000000e+01,A
101164,1207,31,+9.2437500000000000e+01,A-
101165,1402,31,+8.6625000000000000e+01,B
101165,1281,31,+8.2250000000000000e+01,B-
101187,1090,31,+8.2218750000000000e+01,B-
101187,1091,31,+7.9906250000000000e+01,C+
101188,1090,31,+9.8218750000000000e+01,A+
101188,1091,31,+9.6562500000000000e+01,A
101188,1243,31,+9.4906250000000000e+01,A
101200,1090,31,+8.2375000000000000e+01,B-
101200,1242,31,+8.2281250000000000e+01,B-
101200,1091,31,+7.9968750000000000e+01,C+
101211,1090,31,+8.1906250000000000e+01,B-
101211,1091,31,+8.2218750000000000e+01,B-
101211,1321,31,+8.1406250000000000e+01,B-
101215,1243,31,+8.7687500000000000e+01,B+
101215,1194,31,+8.2812500000000000e+01,B-
101215,1099,31,+8.1687500000000000e+01,B-
101215,1256,31,+8.9750000000000000e+01,B+
101238,1274,31,+8.9000000000000000e+01,B+
101238,1275,31,+9.5281250000000000e+01,A
101245,1090,31,+8.7937500000000000e+01,B+
101245,1093,31,+8.7812500000000000e+01,B+
101245,1091,31,+8.5562500000000000e+01,B
101266,1092,31,+5.6406250000000000e+01,F
101266,1314,31,+5.3500000000000000e+01,F
101266,1316,31,+5.9187500000000000e+01,F
101268,1090,31,+9.1812500000000000e+01,A-
101268,1091,31,+8.6562500000000000e+01,B
101273,1090,31,+5.8125000000000000e+01,F
101273,1091,31,+5.6968750000000000e+01,F
101275,1388,31,+8.6218750000000000e+01,B
101275,1390,31,+8.8593750000000000e+01,B+
101275,1402,31,+8.8281250000000000e+01,B+
101275,1395,31,+8.5437500000000000e+01,B
101275,1391,31,+9.0187500000000000e+01,A-
101278,1314,31,+8.3500000000000000e+01,B
101278,1315,31,+7.6906250000000000e+01,C
101278,1316,31,+8.1968750000000000e+01,B-
101278,1321,31,+7.9281250000000000e+01,C+
101282,1090,31,+8.7593750000000000e+01,B+
101282,1091,31,+8.7593750000000000e+01,B+
101290,1314,31,+7.9750000000000000e+01,C+
101290,1315,31,+7.8812500000000000e+01,C+
101290,1328,31,+8.3375000000000000e+01,B
101293,1090,31,+8.5312500000000000e+01,B
101293,1091,31,+8.4468750000000000e+01,B
101306,1090,31,+7.6687500000000000e+01,C
101306,1093,31,+8.3656250000000000e+01,B
101306,1091,31,+7.9718750000000000e+01,C+
101329,1193,31,+8.3125000000000000e+01,B
101329,1099,31,+8.7781250000000000e+01,B+
101336,1388,31,+9.3093750000000000e+01,A
101336,1389,31,+9.3250000000000000e+01,A
101336,1390,31,+9.0625000000000000e+01,A-
101336,1402,31,+9.1718750000000000e+01,A-
101347,1388,31,+8.0468750000000000e+01,B-
101347,1389,31,+8.0437500000000000e+01,B-
101347,1390,31,+8.4312500000000000e+01,B
101347,1395,31,+8.2343750000000000e+01,B-
101358,1388,31,+9.2656250000000000e+01,A-
101358,1389,31,+9.1062500000000000e+01,A-
101358,1402,31,+8.9250000000000000e+01,B+
101358,1391,31,+9.5281250000000000e+01,A
101376,1245,31,+8.7718750000000000e+01,B+
101376,1196,31,+8.5281250000000000e+01,B
101381,1090,31,+7.7812500000000000e+01,C+
101381,1091,31,+7.9781250000000000e+01,C+
101381,1322,31,+8.1562500000000000e+01,B-
101382,1090,31,+8.2000000000000000e+01,B-
101382,1091,31,+8.1375000000000000e+01,B-
101385,1090,31,+9.1250000000000000e+01,A-
101385,1275,31,+9.1187500000000000e+01,A-
101385,1091,31,+9.4593750000000000e+01,A
101387,1242,31,+8.3156250000000000e+01,B
101387,1315,31,+8.0718750000000000e+01,B-
101387,1316,31,+8.2250000000000000e+01,B-
101392,1090,31,+8.7468750000000000e+01,B+
101392,1091,31,+8.7062500000000000e+01,B+
101398,1090,31,+9.2437500000000000e+01,A-
101398,1091,31,+8.8875000000000000e+01,B+
101399,1243,31,+9.3093750000000000e+01,A
101399,1095,31,+9.2625000000000000e+01,A-
101399,1107,31,+9.4781250000000000e+01,A
101431,1090,31,+8.5375000000000000e+01,B
101431,1091,31,+8.2125000000000000e+01,B-
101431,1275,31,+8.3343750000000000e+01,B
101431,1194,31,+8.7468750000000000e+01,B+
101438,1274,31,+8.2343750000000000e+01,B-
101438,1281,31,+8.5406250000000000e+01,B
101483,1090,31,+8.1062500000000000e+01,B-
101483,1091,31,+8.4312500000000000e+01,B
101491,1275,31,+8.9875000000000000e+01,B+
101491,1277,31,+8.8125000000000000e+01,B+
101491,1289,31,+8.7562500000000000e+01,B+
101505,1275,31,+9.8437500000000000e+01,A+
101505,1094,31,+9.8593750000000000e+01,A+
101505,1281,31,+9.7718750000000000e+01,A+
101505,1277,31,+9.6093750000000000e+01,A
101519,1090,31,+9.4437500000000000e+01,A
101519,1321,31,+9.4218750000000000e+01,A
101519,1392,31,+9.5062500000000000e+01,A
101519,1323,31,+9.6500000000000000e+01,A
101536,1090,31,+8.1843750000000000e+01,B-
101536,1091,31,+8.3468750000000000e+01,B
101563,1090,31,+9.0593750000000000e+01,A-
101563,1091,31,+8.4218750000000000e+01,B
101582,1388,31,+8.8156250000000000e+01,B+
101582,1389,31,+8.7218750000000000e+01,B+
101582,1390,31,+8.9187500000000000e+01,B+
101582,1395,31,+9.0000000000000000e+01,A-
101583,1274,31,+8.5500000000000000e+01,B
101583,1322,31,+8.9437500000000000e+01,B+
101596,1090,31,+8.4156250000000000e+01,B
101596,1091,31,+7.7343750000000000e+01,C+
101603,1242,31,+6.0156250000000000e+01,D
101603,1193,31,+5.4718750000000000e+01,F
101603,1390,31,+5.4062500000000000e+01,F
101606,1090,31,+8.3218750000000000e+01,B
101606,1091,31,+8.4625000000000000e+01,B
101616,1192,31,+7.9875000000000000e+01,C+
101616,1199,31,+8.7125000000000000e+01,B+
101616,1207,31,+8.5625000000000000e+01,B
101617,1090,31,+8.7687500000000000e+01,B+
101617,1099,31,+9.1843750000000000e+01,A-
101617,1256,31,+9.2593750000000000e+01,A-
101617,1249,31,+9.3937500000000000e+01,A
101618,1281,31,+7.7593750000000000e+01,C+
101618,1289,31,+8.2375000000000000e+01,B-
101618,1282,31,+8.4625000000000000e+01,B
101618,1290,31,+7.7687500000000000e+01,C+
101621,1090,31,+8.6500000000000000e+01,B
101621,1091,31,+8.8625000000000000e+01,B+
101635,1315,31,+9.4843750000000000e+01,A
101635,1316,31,+8.9343750000000000e+01,B+
101635,1328,31,+9.0718750000000000e+01,A-
101635,1321,31,+8.9906250000000000e+01,B+
101650,1093,31,+8.7593750000000000e+01,B+
101650,1248,31,+9.0156250000000000e+01,A-
101650,1107,31,+9.2250000000000000e+01,A-
101667,1090,31,+8.9468750000000000e+01,B+
101667,1091,31,+9.2187500000000000e+01,A-
101680,1248,31,+9.8687500000000000e+01,A+
101680,1194,31,+9.5500000000000000e+01,A
101680,1199,31,+9.5968750000000000e+01,A
101681,1090,31,+9.1718750000000000e+01,A-
101681,1091,31,+9.6468750000000000e+01,A
101688,1242,31,+8.5562500000000000e+01,B
101688,1281,31,+8.7031250000000000e+01,B+
101688,1277,31,+9.0468750000000000e+01,A-
101690,1314,31,+9.3093750000000000e+01,A
101690,1315,31,+9.1531250000000000e+01,A-
101690,1316,31,+9.3437500000000000e+01,A
101694,1090,31,+9.1375000000000000e+01,A-
101694,1091,31,+8.5000000000000000e+01,B
101694,1243,31,+8.6593750000000000e+01,B
101694,1099,31,+8.8531250000000000e+01,B+
101699,1274,31,+7.8062500000000000e+01,C+
101699,1275,31,+7.6718750000000000e+01,C
101699,1277,31,+8.5562500000000000e+01,B
101721,1093,31,+8.8062500000000000e+01,B+
101721,1094,31,+8.7937500000000000e+01,B+
101721,1256,31,+8.7468750000000000e+01,B+
101723,1193,31,+9.0781250000000000e+01,A-
101723,1248,31,+9.2218750000000000e+01,A-
101723,1099,31,+9.1218750000000000e+01,A-
101739,1274,31,+8.7437500000000000e+01,B+
101739,1275,31,+8.5593750000000000e+01,B
101739,1281,31,+8.6687500000000000e+01,B
101747,1094,31,+8.8875000000000000e+01,B+
101747,1256,31,+8.8062500000000000e+01,B+
101752,1328,31,+9.1906250000000000e+01,A-
101759,1314,31,+8.0343750000000000e+01,B-
101759,1316,31,+8.0906250000000000e+01,B-
101762,1094,31,+7.8812500000000000e+01,C+
101762,1245,31,+7.8875000000000000e+01,C+
101772,1090,31,+8.8968750000000000e+01,B+
101772,1091,31,+8.9593750000000000e+01,B+
101783,1090,31,+8.1562500000000000e+01,B-
101783,1091,31,+8.7250000000000000e+01,B+
101788,1090,31,+8.3843750000000000e+01,B
101788,1091,31,+8.4218750000000000e+01,B
101788,1094,31,+8.7468750000000000e+01,B+
101788,1316,31,+9.1500000000000000e+01,A-
101808,1099,31,+8.5468750000000000e+01,B
101808,1256,31,+8.4562500000000000e+01,B
101808,1207,31,+8.3468750000000000e+01,B
101808,1096,31,+8.5093750000000000e+01,B
101814,1315,31,+9.0187500000000000e+01,A-
101814,1389,31,+9.2812500000000000e+01,A-
101820,1090,31,+7.7812500000000000e+01,C+
101820,1091,31,+8.3000000000000000e+01,B
101826,1243,31,+8.9750000000000000e+01,B+
101826,1094,31,+8.9593750000000000e+01,B+
101826,1249,31,+8.2218750000000000e+01,B-
101838,1090,31,+9.0656250000000000e+01,A-
101840,1315,31,+9.1968750000000000e+01,A-
101840,1316,31,+9.1125000000000000e+01,A-
101840,1328,31,+9.1937500000000000e+01,A-
101852,1090,31,+8.7562500000000000e+01,B+
101852,1091,31,+9.0625000000000000e+01,A-
101862,1090,31,+9.2250000000000000e+01,A-
101862,1091,31,+9.4593750000000000e+01,A
101868,1206,31,+9.2156250000000000e+01,A-
101868,1249,31,+9.1750000000000000e+01,A-
101873,1314,31,+7.9437500000000000e+01,C+
101873,1193,31,+8.3531250000000000e+01,B
101873,1328,31,+7.9531250000000000e+01,C+
101891,1315,31,+8.9687500000000000e+01,B+
101891,1243,31,+8.4500000000000000e+01,B
101891,1321,31,+8.8218750000000000e+01,B+
101891,1329,31,+9.1687500000000000e+01,A-
101898,1275,31,+5.7156250000000000e+01,F
101898,1281,31,+5.1343750000000000e+01,F
101898,1277,31,+5.5218750000000000e+01,F
101916,1388,31,+8.0500000000000000e+01,B-
101916,1390,31,+8.8718750000000000e+01,B+
101916,1402,31,+8.3468750000000000e+01,B
101916,1395,31,+8.1312500000000000e+01,B-
101919,1243,31,+9.7812500000000000e+01,A+
101919,1099,31,+9.3000000000000000e+01,A
101919,1249,31,+9.9000000000000000e+01,A+
101931,1093,31,+8.8906250000000000e+01,B+
101931,1243,31,+8.4906250000000000e+01,B
101931,1322,31,+9.1093750000000000e+01,A-
101941,1090,31,+8.1562500000000000e+01,B-
101941,1091,31,+8.4312500000000000e+01,B
101943,1388,31,+8.8437500000000000e+01,B+
101943,1389,31,+8.9531250000000000e+01,B+
101943,1390,31,+9.1562500000000000e+01,A-
101943,1395,31,+8.7875000000000000e+01,B+
101963,1316,31,+8.2312500000000000e+01,B-
101963,1329,31,+8.3500000000000000e+01,B
101974,1094,31,+7.6937500000000000e+01,C
101974,1245,31,+8.6093750000000000e+01,B
101994,1192,31,+9.0843750000000000e+01,A-
101994,1243,31,+8.7250000000000000e+01,B+
101994,1094,31,+8.9750000000000000e+01,B+
101994,1194,31,+8.7437500000000000e+01,B+
101999,1193,31,+9.1812500000000000e+01,A-
101999,1197,31,+9.3656250000000000e+01,A
101999,1102,31,+9.1250000000000000e+01,A-
100016,1334,31,+9.6843750000000000e+01,A
100033,1263,31,+8.1843750000000000e+01,B-
100033,1115,31,+8.9718750000000000e+01,B+
100033,1337,31,+8.7593750000000000e+01,B+
100043,1337,31,+8.1156250000000000e+01,B-
100048,1291,31,+8.0437500000000000e+01,B-
100048,1284,31,+8.7718750000000000e+01,B+
100048,1292,31,+8.4781250000000000e+01,B
100048,1285,31,+8.5531250000000000e+01,B
100062,1401,31,+9.2031250000000000e+01,A-
100062,1212,31,+9.3937500000000000e+01,A
100063,1284,31,+8.4406250000000000e+01,B
100063,1280,31,+8.4062500000000000e+01,B
100063,1292,31,+8.5281250000000000e+01,B
100063,1285,31,+7.3281250000000000e+01,C
100063,1286,31,+7.8281250000000000e+01,C+
100093,1331,31,+9.6062500000000000e+01,A
100093,1324,31,+9.6250000000000000e+01,A
100093,1320,31,+9.3687500000000000e+01,A
100093,1332,31,+9.7937500000000000e+01,A+
100096,1279,31,+9.4343750000000000e+01,A
100096,1285,31,+9.0093750000000000e+01,A-
100101,1404,31,+9.0531250000000000e+01,A-
100101,1393,31,+8.9406250000000000e+01,B+
100101,1405,31,+8.9718750000000000e+01,B+
100101,1280,31,+8.9250000000000000e+01,B+
100105,1202,31,+7.5937500000000000e+01,C
100105,1286,31,+7.9687500000000000e+01,C+
100105,1262,31,+7.9250000000000000e+01,C+
100117,1326,31,+8.8250000000000000e+01,B+
100117,1334,31,+8.3812500000000000e+01,B
100117,1327,31,+9.0281250000000000e+01,A-
100117,1287,31,+8.5906250000000000e+01,B
100118,1398,31,+9.1375000000000000e+01,A-
100118,1394,31,+9.4093750000000000e+01,A
100118,1406,31,+8.9125000000000000e+01,B+
100118,1399,31,+9.0750000000000000e+01,A-
100118,1400,31,+9.5375000000000000e+01,A
100151,1211,31,+9.7937500000000000e+01,A+
100151,1254,31,+9.4343750000000000e+01,A
100151,1212,31,+9.7062500000000000e+01,A+
100151,1205,31,+9.2593750000000000e+01,A-
100166,1283,31,+8.7687500000000000e+01,B+
100166,1279,31,+9.0593750000000000e+01,A-
100166,1291,31,+9.1718750000000000e+01,A-
100166,1284,31,+8.6781250000000000e+01,B
100167,1332,31,+8.5500000000000000e+01,B
100167,1285,31,+9.0562500000000000e+01,A-
100167,1293,31,+8.7750000000000000e+01,B+
100167,1294,31,+9.2500000000000000e+01,A-
100192,1279,31,+8.7656250000000000e+01,B+
100192,1331,31,+8.2437500000000000e+01,B-
100192,1320,31,+8.5812500000000000e+01,B
100192,1333,31,+9.0968750000000000e+01,A-
100196,1393,31,+8.3656250000000000e+01,B
100196,1405,31,+7.7187500000000000e+01,C+
100196,1398,31,+8.0343750000000000e+01,B-
100197,1291,31,+8.0062500000000000e+01,B-
100197,1280,31,+8.2906250000000000e+01,B-
100197,1332,31,+8.6062500000000000e+01,B
100197,1285,31,+8.0781250000000000e+01,B-
100210,1205,31,+9.2625000000000000e+01,A-
100210,1113,31,+8.7312500000000000e+01,B+
100210,1263,31,+9.3000000000000000e+01,A
100225,1252,31,+9.2093750000000000e+01,A-
100225,1332,31,+9.2062500000000000e+01,A-
100225,1210,31,+9.0281250000000000e+01,A-
100232,1326,31,+7.8468750000000000e+01,C+
100232,1211,31,+8.4125000000000000e+01,B
100232,1204,31,+8.5000000000000000e+01,B
100241,1284,31,+6.1500000000000000e+01,D
100241,1280,31,+5.7062500000000000e+01,F
100241,1292,31,+5.9531250000000000e+01,F
100241,1285,31,+6.0687500000000000e+01,D
100241,1286,31,+5.8593750000000000e+01,F
100245,1205,31,+8.4343750000000000e+01,B
100245,1299,31,+8.6187500000000000e+01,B
100253,1280,31,+9.0250000000000000e+01,A-
100253,1292,31,+8.5875000000000000e+01,B
100253,1399,31,+8.6906250000000000e+01,B
100253,1294,31,+8.7343750000000000e+01,B+
100253,1287,31,+8.9906250000000000e+01,B+
100254,1262,31,+9.1187500000000000e+01,A-
100254,1205,31,+8.4093750000000000e+01,B
100254,1263,31,+8.5937500000000000e+01,B
100262,1280,31,+8.1312500000000000e+01,B-
100262,1292,31,+8.5343750000000000e+01,B
100262,1285,31,+7.7750000000000000e+01,C+
100263,1393,31,+8.3968750000000000e+01,B
100263,1405,31,+8.8593750000000000e+01,B+
100263,1398,31,+8.4812500000000000e+01,B
100267,1393,31,+9.6718750000000000e+01,A
100267,1405,31,+9.2375000000000000e+01,A-
100267,1398,31,+9.6000000000000000e+01,A
100267,1202,31,+9.8125000000000000e+01,A+
100267,1394,31,+9.1562500000000000e+01,A-
100290,1398,31,+8.2812500000000000e+01,B-
100290,1406,31,+7.9937500000000000e+01,C+
100290,1399,31,+8.4125000000000000e+01,B
100290,1407,31,+8.2906250000000000e+01,B-
100299,1332,31,+8.9093750000000000e+01,B+
100299,1325,31,+8.5937500000000000e+01,B
100299,1326,31,+8.8281250000000000e+01,B+
100299,1327,31,+9.2187500000000000e+01,A-
100323,1283,31,+9.6593750000000000e+01,A
100323,1291,31,+9.9187500000000000e+01,A+
100323,1284,31,+9.7875000000000000e+01,A+
100323,1285,31,+9.5593750000000000e+01,A
100325,1404,31,+8.8093750000000000e+01,B+
100325,1393,31,+8.4250000000000000e+01,B
100325,1405,31,+8.8718750000000000e+01,B+
100325,1394,31,+8.7906250000000000e+01,B+
100352,1404,31,+9.0156250000000000e+01,A-
100352,1290,31,+8.6125000000000000e+01,B
100352,1283,31,+9.0562500000000000e+01,A-
100379,1327,31,+9.0843750000000000e+01,A-
100379,1336,31,+9.2812500000000000e+01,A-
100379,1339,31,+8.8531250000000000e+01,B+
100399,1396,31,+8.7625000000000000e+01,B+
100399,1404,31,+8.4218750000000000e+01,B
100399,1398,31,+8.8968750000000000e+01,B+
100399,1406,31,+8.6656250000000000e+01,B
100402,1279,31,+8.2937500000000000e+01,B-
100402,1291,31,+8.3906250000000000e+01,B
100434,1393,31,+8.9000000000000000e+01,B+
100434,1405,31,+9.0031250000000000e+01,A-
100434,1398,31,+8.7062500000000000e+01,B+
100434,1399,31,+8.6812500000000000e+01,B
100436,1323,31,+5.5062500000000000e+01,F
100436,1319,31,+5.6187500000000000e+01,F
100436,1324,31,+5.8843750000000000e+01,F
100449,1392,31,+8.3781250000000000e+01,B
100449,1404,31,+8.3687500000000000e+01,B
100449,1393,31,+8.0718750000000000e+01,B-
100449,1405,31,+8.1906250000000000e+01,B-
100478,1290,31,+8.3468750000000000e+01,B
100478,1283,31,+8.3218750000000000e+01,B
100478,1291,31,+8.5468750000000000e+01,B
100488,1246,31,+9.1562500000000000e+01,A-
100488,1404,31,+9.4718750000000000e+01,A
100488,1393,31,+8.9531250000000000e+01,B+
100488,1394,31,+9.1937500000000000e+01,A-
100488,1406,31,+9.1218750000000000e+01,A-
100490,1211,31,+8.4187500000000000e+01,B
100490,1263,31,+8.4031250000000000e+01,B
100502,1393,31,+9.7187500000000000e+01,A+
100502,1405,31,+9.8875000000000000e+01,A+
100502,1398,31,+9.7437500000000000e+01,A+
100502,1394,31,+9.6718750000000000e+01,A
100522,1336,31,+9.5843750000000000e+01,A
100522,1341,31,+9.4250000000000000e+01,A
100522,1343,31,+8.7531250000000000e+01,B+
100540,1251,31,+8.3750000000000000e+01,B
100552,1259,31,+9.8250000000000000e+01,A+
100552,1098,31,+9.5937500000000000e+01,A
100552,1211,31,+9.6875000000000000e+01,A
100552,1205,31,+9.5875000000000000e+01,A
100555,1211,31,+5.4500000000000000e+01,F
100555,1112,31,+5.2093750000000000e+01,F
100576,1246,31,+8.6156250000000000e+01,B
100576,1208,31,+8.9875000000000000e+01,B+
100596,1324,31,+8.8000000000000000e+01,B+
100599,1291,31,+8.5281250000000000e+01,B
100599,1284,31,+8.5062500000000000e+01,B
100599,1280,31,+8.0468750000000000e+01,B-
100599,1292,31,+8.8812500000000000e+01,B+
100619,1326,31,+8.9406250000000000e+01,B+
100627,1394,31,+7.9187500000000000e+01,C+
100627,1406,31,+8.0812500000000000e+01,B-
100627,1399,31,+7.6937500000000000e+01,C
100642,1246,31,+8.4593750000000000e+01,B
100642,1252,31,+8.5593750000000000e+01,B
100642,1320,31,+8.2906250000000000e+01,B-
100646,1252,31,+8.9500000000000000e+01,B+
100646,1254,31,+9.2781250000000000e+01,A-
100646,1205,31,+9.1906250000000000e+01,A-
100662,1404,31,+8.9031250000000000e+01,B+
100662,1393,31,+8.5062500000000000e+01,B
100662,1398,31,+9.0937500000000000e+01,A-
100662,1399,31,+9.1093750000000000e+01,A-
100684,1405,31,+8.4875000000000000e+01,B
100684,1407,31,+8.0593750000000000e+01,B-
100689,1406,31,+8.3218750000000000e+01,B
100689,1399,31,+8.9656250000000000e+01,B+
100689,1407,31,+9.3843750000000000e+01,A
100689,1400,31,+9.0750000000000000e+01,A-
100698,1336,31,+9.0062500000000000e+01,A-
100698,1339,31,+8.8593750000000000e+01,B+
100700,1393,31,+8.3968750000000000e+01,B
100700,1394,31,+8.3125000000000000e+01,B
100700,1406,31,+8.1781250000000000e+01,B-
100701,1404,31,+8.6343750000000000e+01,B
100701,1323,31,+8.7843750000000000e+01,B+
100701,1393,31,+8.7562500000000000e+01,B+
100706,1251,31,+9.0218750000000000e+01,A-
100708,1393,31,+8.7312500000000000e+01,B+
100708,1405,31,+8.0343750000000000e+01,B-
100708,1398,31,+8.9093750000000000e+01,B+
100713,1290,31,+8.7718750000000000e+01,B+
100713,1283,31,+9.0343750000000000e+01,A-
100713,1291,31,+8.4593750000000000e+01,B
100713,1284,31,+7.8187500000000000e+01,C+
100713,1280,31,+8.0875000000000000e+01,B-
100716,1283,31,+9.3468750000000000e+01,A
100716,1398,31,+9.0843750000000000e+01,A-
100729,1251,31,+9.7125000000000000e+01,A+
100734,1396,31,+8.7906250000000000e+01,B+
100734,1392,31,+9.1781250000000000e+01,A-
100734,1404,31,+9.0250000000000000e+01,A-
100734,1251,31,+8.6968750000000000e+01,B
100779,1258,31,+9.7406250000000000e+01,A+
100779,1280,31,+9.8187500000000000e+01,A+
100785,1279,31,+9.2781250000000000e+01,A-
100785,1291,31,+9.2031250000000000e+01,A-
100785,1284,31,+9.0812500000000000e+01,A-
100785,1285,31,+9.2343750000000000e+01,A-
100788,1393,31,+8.2906250000000000e+01,B-
100788,1394,31,+8.2406250000000000e+01,B-
100788,1406,31,+7.8750000000000000e+01,C+
100800,1323,31,+9.2125000000000000e+01,A-
100800,1331,31,+9.3531250000000000e+01,A
100800,1320,31,+9.1750000000000000e+01,A-
100800,1325,31,+9.1625000000000000e+01,A-
100806,1392,31,+8.1562500000000000e+01,B-
100806,1398,31,+8.4062500000000000e+01,B
100806,1394,31,+8.4718750000000000e+01,B
100806,1406,31,+7.9843750000000000e+01,C+
100807,1279,31,+7.8843750000000000e+01,C+
100807,1291,31,+8.1750000000000000e+01,B-
100807,1292,31,+8.1750000000000000e+01,B-
100807,1285,31,+8.0937500000000000e+01,B-
100807,1203,31,+7.9718750000000000e+01,C+
100810,1326,31,+8.3843750000000000e+01,B
100825,1197,31,+8.9625000000000000e+01,B+
100825,1324,31,+8.5812500000000000e+01,B
100825,1398,31,+8.7750000000000000e+01,B+
100827,1404,31,+8.5531250000000000e+01,B
100829,1404,31,+8.3187500000000000e+01,B
100829,1393,31,+7.9906250000000000e+01,C+
100829,1398,31,+8.3625000000000000e+01,B
100845,1292,31,+9.4812500000000000e+01,A
100845,1285,31,+9.7125000000000000e+01,A+
100845,1286,31,+9.6375000000000000e+01,A
100845,1294,31,+9.7031250000000000e+01,A+
100847,1284,31,+8.6062500000000000e+01,B
100847,1098,31,+8.7250000000000000e+01,B+
100847,1280,31,+7.8250000000000000e+01,C+
100847,1292,31,+9.0812500000000000e+01,A-
100851,1283,31,+8.9250000000000000e+01,B+
100851,1279,31,+9.2875000000000000e+01,A-
100851,1291,31,+9.0781250000000000e+01,A-
100851,1280,31,+9.2406250000000000e+01,A-
100866,1283,31,+8.3218750000000000e+01,B
100866,1280,31,+7.6968750000000000e+01,C
100866,1285,31,+8.0781250000000000e+01,B-
100866,1286,31,+8.4093750000000000e+01,B
100866,1295,31,+8.4125000000000000e+01,B
100893,1330,31,+9.1031250000000000e+01,A-
100893,1292,31,+8.0968750000000000e+01,B-
100913,1279,31,+8.4500000000000000e+01,B
100913,1284,31,+8.9906250000000000e+01,B+
100913,1280,31,+8.7187500000000000e+01,B+
100913,1292,31,+8.9687500000000000e+01,B+
100945,1200,31,+7.9062500000000000e+01,C+
100945,1197,31,+8.0437500000000000e+01,B-
100945,1102,31,+7.6875000000000000e+01,C
100951,1398,31,+9.1968750000000000e+01,A-
100951,1394,31,+9.3718750000000000e+01,A
100951,1406,31,+9.2906250000000000e+01,A-
100951,1399,31,+9.1968750000000000e+01,A-
100952,1197,31,+9.1250000000000000e+01,A-
100952,1332,31,+8.3125000000000000e+01,B
100952,1115,31,+8.6718750000000000e+01,B
100956,1332,31,+8.5531250000000000e+01,B
100958,1320,31,+8.1312500000000000e+01,B-
100958,1332,31,+7.7468750000000000e+01,C+
100958,1260,31,+8.3031250000000000e+01,B
100958,1333,31,+8.0468750000000000e+01,B-
100963,1333,31,+9.2781250000000000e+01,A-
100963,1336,31,+9.5031250000000000e+01,A
100963,1337,31,+9.7812500000000000e+01,A+
100963,1339,31,+9.7468750000000000e+01,A+
100964,1279,31,+8.9906250000000000e+01,B+
100964,1291,31,+9.1875000000000000e+01,A-
100967,1246,31,+8.2250000000000000e+01,B-
100967,1290,31,+8.7656250000000000e+01,B+
100981,1393,31,+8.6937500000000000e+01,B
100981,1405,31,+8.4718750000000000e+01,B
100981,1398,31,+8.7843750000000000e+01,B+
100981,1406,31,+9.0843750000000000e+01,A-
100995,1279,31,+8.7906250000000000e+01,B+
100995,1284,31,+8.3843750000000000e+01,B
100995,1280,31,+8.5156250000000000e+01,B
101003,1329,32,+8.3687500000000000e+01,B
101003,1318,32,+8.4062500000000000e+01,B
101003,1196,32,+8.2156250000000000e+01,B-
101019,1318,32,+8.7375000000000000e+01,B+
101019,1330,32,+8.3562500000000000e+01,B
101024,1330,32,+8.1468750000000000e+01,B-
101024,1323,32,+8.0531250000000000e+01,B-
101024,1319,32,+8.2125000000000000e+01,B-
101024,1291,32,+8.1937500000000000e+01,B-
101026,1402,32,+8.2625000000000000e+01,B-
101026,1395,32,+8.2250000000000000e+01,B-
101026,1391,32,+8.1093750000000000e+01,B-
101035,1403,32,+8.9125000000000000e+01,B+
101036,1200,32,+8.7750000000000000e+01,B+
101055,1282,32,+8.4281250000000000e+01,B
101055,1290,32,+8.3875000000000000e+01,B
101055,1283,32,+7.9937500000000000e+01,C+
101055,1279,32,+8.0468750000000000e+01,B-
101056,1322,32,+8.1875000000000000e+01,B-
101056,1318,32,+8.1593750000000000e+01,B-
101056,1246,32,+8.0906250000000000e+01,B-
101058,1391,32,+8.6468750000000000e+01,B
101058,1403,32,+8.3125000000000000e+01,B
101058,1396,32,+9.0093750000000000e+01,A-
101058,1405,32,+8.9562500000000000e+01,B+
101077,1199,32,+9.1468750000000000e+01,A-
101077,1250,32,+8.6968750000000000e+01,B
101077,1096,32,+8.6562500000000000e+01,B
101083,1392,32,+7.9312500000000000e+01,C+
101089,1321,32,+9.4906250000000000e+01,A
101089,1322,32,+9.2187500000000000e+01,A-
101147,1322,32,+8.0218750000000000e+01,B-
101147,1319,32,+8.3218750000000000e+01,B
101147,1320,32,+7.9343750000000000e+01,C+
101148,1331,32,+8.5375000000000000e+01,B
101148,1284,32,+8.5062500000000000e+01,B
101148,1324,32,+8.2281250000000000e+01,B-
101148,1320,32,+7.0500000000000000e+01,C
101148,1327,32,+8.2218750000000000e+01,B-
101150,1403,32,+9.5531250000000000e+01,A
101150,1396,32,+8.7906250000000000e+01,B+
101158,1097,32,+8.4875000000000000e+01,B
101164,1250,32,+9.3531250000000000e+01,A
101164,1200,32,+9.0812500000000000e+01,A-
101164,1202,32,+9.3562500000000000e+01,A
101165,1395,32,+8.6781250000000000e+01,B
101165,1403,32,+8.0656250000000000e+01,B-
101165,1396,32,+8.0500000000000000e+01,B-
101165,1404,32,+7.8406250000000000e+01,C+
101165,1393,32,+8.4187500000000000e+01,B
101187,1256,32,+8.6375000000000000e+01,B
101187,1391,32,+8.3656250000000000e+01,B
101188,1196,32,+9.5875000000000000e+01,A
101200,1249,32,+8.3906250000000000e+01,B
101211,1330,32,+7.8906250000000000e+01,C+
101211,1332,32,+8.2750000000000000e+01,B-
101215,1095,32,+8.3500000000000000e+01,B
101215,1096,32,+8.6187500000000000e+01,B
101215,1196,32,+8.9812500000000000e+01,B+
101238,1282,32,+9.1656250000000000e+01,A-
101238,1290,32,+9.1343750000000000e+01,A-
101238,1283,32,+9.1000000000000000e+01,A-
101266,1318,32,+5.2406250000000000e+01,F
101266,1330,32,+6.0843750000000000e+01,D
101266,1331,32,+5.5937500000000000e+01,F
101273,1099,32,+5.5843750000000000e+01,F
101275,1403,32,+8.7468750000000000e+01,B+
101275,1396,32,+8.8843750000000000e+01,B+
101275,1392,32,+8.8625000000000000e+01,B+
101278,1329,32,+7.7750000000000000e+01,C+
101278,1322,32,+7.8343750000000000e+01,C+
101278,1396,32,+8.1968750000000000e+01,B-
101278,1330,32,+8.1812500000000000e+01,B-
101278,1323,32,+8.5718750000000000e+01,B
101290,1323,32,+8.4968750000000000e+01,B
101290,1319,32,+8.1500000000000000e+01,B-
101290,1320,32,+7.9937500000000000e+01,C+
101293,1193,32,+8.8750000000000000e+01,B+
101293,1321,32,+8.6812500000000000e+01,B
101306,1390,32,+8.2312500000000000e+01,B-
101329,1249,32,+8.3437500000000000e+01,B
101329,1250,32,+8.3781250000000000e+01,B
101329,1102,32,+8.5312500000000000e+01,B
101329,1103,32,+8.6812500000000000e+01,B
101336,1391,32,+9.0687500000000000e+01,A-
101336,1396,32,+9.1468750000000000e+01,A-
101336,1392,32,+9.4250000000000000e+01,A
101336,1404,32,+9.1812500000000000e+01,A-
101347,1391,32,+8.1593750000000000e+01,B-
101347,1396,32,+8.1343750000000000e+01,B-
101347,1392,32,+7.9593750000000000e+01,C+
101347,1404,32,+8.5562500000000000e+01,B
101347,1290,32,+8.5031250000000000e+01,B
101358,1403,32,+8.8906250000000000e+01,B+
101358,1392,32,+8.9656250000000000e+01,B+
101358,1404,32,+9.1437500000000000e+01,A-
101376,1201,32,+8.2656250000000000e+01,B-
101376,1247,32,+8.9500000000000000e+01,B+
101382,1256,32,+7.7500000000000000e+01,C+
101385,1391,32,+9.1031250000000000e+01,A-
101387,1329,32,+7.8406250000000000e+01,C+
101387,1330,32,+8.7125000000000000e+01,B+
101392,1390,32,+8.9187500000000000e+01,B+
101399,1200,32,+9.0812500000000000e+01,A-
101399,1096,32,+9.5562500000000000e+01,A
101399,1196,32,+8.9531250000000000e+01,B+
101399,1251,32,+9.1937500000000000e+01,A-
101431,1249,32,+8.6500000000000000e+01,B
101438,1282,32,+7.4812500000000000e+01,C
101438,1290,32,+8.1500000000000000e+01,B-
101438,1283,32,+8.5406250000000000e+01,B
101438,1279,32,+8.1187500000000000e+01,B-
101491,1282,32,+7.9593750000000000e+01,C+
101491,1290,32,+9.0093750000000000e+01,A-
101491,1283,32,+8.6968750000000000e+01,B
101505,1289,32,+9.7781250000000000e+01,A+
101505,1279,32,+9.8375000000000000e+01,A+
101505,1291,32,+9.2656250000000000e+01,A-
101505,1284,32,+9.6031250000000000e+01,A
101519,1332,32,+9.9687500000000000e+01,A+
101519,1210,32,+9.7250000000000000e+01,A+
101519,1333,32,+9.6656250000000000e+01,A
101536,1279,32,+8.2312500000000000e+01,B-
101536,1334,32,+7.9625000000000000e+01,C+
101582,1391,32,+9.1531250000000000e+01,A-
101582,1403,32,+8.6437500000000000e+01,B
101582,1404,32,+8.5531250000000000e+01,B
101582,1405,32,+8.6875000000000000e+01,B
101583,1323,32,+9.0031250000000000e+01,A-
101583,1331,32,+8.9218750000000000e+01,B+
101583,1332,32,+8.4750000000000000e+01,B
101603,1249,32,+5.9343750000000000e+01,F
101603,1277,32,+5.5593750000000000e+01,F
101603,1245,32,+5.3625000000000000e+01,F
101603,1096,32,+5.5406250000000000e+01,F
101603,1196,32,+5.3093750000000000e+01,F
101616,1200,32,+8.4000000000000000e+01,B
101616,1196,32,+7.9687500000000000e+01,C+
101616,1247,32,+8.3218750000000000e+01,B
101616,1197,32,+8.3375000000000000e+01,B
101617,1250,32,+9.0281250000000000e+01,A-
101617,1097,32,+9.0062500000000000e+01,A-
101617,1197,32,+9.2000000000000000e+01,A-
101618,1283,32,+7.9625000000000000e+01,C+
101618,1291,32,+8.4593750000000000e+01,B
101618,1197,32,+8.1281250000000000e+01,B-
101618,1284,32,+8.1718750000000000e+01,B-
101635,1322,32,+9.2281250000000000e+01,A-
101635,1331,32,+9.5000000000000000e+01,A
101635,1320,32,+9.1343750000000000e+01,A-
101650,1097,32,+9.0000000000000000e+01,A-
101650,1320,32,+8.8312500000000000e+01,B+
101650,1103,32,+8.9406250000000000e+01,B+
101650,1203,32,+9.0687500000000000e+01,A-
101667,1395,32,+8.6125000000000000e+01,B
101680,1207,32,+9.6875000000000000e+01,A
101680,1101,32,+9.2562500000000000e+01,A-
101680,1251,32,+9.6468750000000000e+01,A
101680,1201,32,+9.7312500000000000e+01,A+
101680,1398,32,+1.0071875000000000e+02,A+
101688,1289,32,+8.7125000000000000e+01,B+
101688,1282,32,+8.9375000000000000e+01,B+
101690,1329,32,+8.9718750000000000e+01,B+
101690,1330,32,+9.2718750000000000e+01,A-
101690,1319,32,+9.3500000000000000e+01,A
101694,1245,32,+8.8875000000000000e+01,B+
101699,1289,32,+8.5093750000000000e+01,B
101699,1279,32,+8.2906250000000000e+01,B-
101699,1284,32,+8.7812500000000000e+01,B+
101699,1280,32,+8.4156250000000000e+01,B
101721,1245,32,+8.7937500000000000e+01,B+
101721,1096,32,+8.7468750000000000e+01,B+
101721,1101,32,+8.9718750000000000e+01,B+
101723,1256,32,+8.8343750000000000e+01,B+
101723,1250,32,+9.0281250000000000e+01,A-
101723,1097,32,+9.0375000000000000e+01,A-
101739,1277,32,+8.6781250000000000e+01,B
101739,1289,32,+8.5468750000000000e+01,B
101739,1290,32,+8.7812500000000000e+01,B+
101739,1283,32,+8.7687500000000000e+01,B+
101747,1200,32,+8.5718750000000000e+01,B
101747,1246,32,+8.8125000000000000e+01,B+
101747,1196,32,+8.7500000000000000e+01,B+
101747,1260,32,+8.7593750000000000e+01,B+
101752,1322,32,+8.6531250000000000e+01,B
101759,1329,32,+8.7781250000000000e+01,B+
101762,1403,32,+8.0750000000000000e+01,B-
101762,1207,32,+8.5625000000000000e+01,B
101762,1208,32,+7.8500000000000000e+01,C+
101762,1201,32,+8.3656250000000000e+01,B
101808,1202,32,+8.9375000000000000e+01,B+
101814,1321,32,+8.6187500000000000e+01,B
101814,1318,32,+9.2718750000000000e+01,A-
101826,1258,32,+8.3093750000000000e+01,B
101826,1102,32,+8.6218750000000000e+01,B
101838,1258,32,+9.1812500000000000e+01,A-
101838,1247,32,+9.0750000000000000e+01,A-
101838,1202,32,+8.0812500000000000e+01,B-
101840,1319,32,+8.8750000000000000e+01,B+
101840,1325,32,+9.1406250000000000e+01,A-
101840,1334,32,+9.0156250000000000e+01,A-
101868,1199,32,+8.8093750000000000e+01,B+
101868,1200,32,+9.1843750000000000e+01,A-
101868,1252,32,+9.3125000000000000e+01,A
101873,1329,32,+7.4718750000000000e+01,C
101873,1322,32,+8.5187500000000000e+01,B
101873,1323,32,+8.4312500000000000e+01,B
101891,1322,32,+8.3906250000000000e+01,B
101891,1324,32,+8.5968750000000000e+01,B
101898,1289,32,+5.5875000000000000e+01,F
101898,1282,32,+5.2531250000000000e+01,F
101898,1290,32,+5.0031250000000000e+01,F
101898,1283,32,+5.4718750000000000e+01,F
101916,1391,32,+8.8312500000000000e+01,B+
101916,1396,32,+8.6750000000000000e+01,B
101916,1207,32,+9.0562500000000000e+01,A-
101919,1095,32,+9.4750000000000000e+01,A
101919,1245,32,+9.6062500000000000e+01,A
101919,1246,32,+9.5250000000000000e+01,A
101919,1097,32,+9.7937500000000000e+01,A+
101919,1247,32,+9.6937500000000000e+01,A
101931,1319,32,+9.0000000000000000e+01,A-
101931,1331,32,+9.0875000000000000e+01,A-
101931,1324,32,+8.7031250000000000e+01,B+
101931,1320,32,+8.8687500000000000e+01,B+
101931,1332,32,+8.7406250000000000e+01,B+
101943,1391,32,+8.9093750000000000e+01,B+
101943,1396,32,+8.9531250000000000e+01,B+
101943,1404,32,+8.1187500000000000e+01,B-
101963,1323,32,+7.9343750000000000e+01,C+
101963,1332,32,+8.5937500000000000e+01,B
101963,1325,32,+8.0250000000000000e+01,B-
101974,1207,32,+8.5937500000000000e+01,B
101974,1250,32,+8.2187500000000000e+01,B-
101974,1246,32,+8.0500000000000000e+01,B-
101994,1249,32,+8.6750000000000000e+01,B
101994,1095,32,+8.9343750000000000e+01,B+
101999,1406,32,+9.3687500000000000e+01,A
101999,1104,32,+9.1031250000000000e+01,A-
101999,1261,32,+9.3968750000000000e+01,A
101999,1112,32,+9.1375000000000000e+01,A-
101999,1262,32,+9.0187500000000000e+01,A-
100995,1293,32,+9.0500000000000000e+01,A-
100995,1286,32,+8.7031250000000000e+01,B+
100016,1205,32,+9.3531250000000000e+01,A
100016,1213,32,+9.6187500000000000e+01,A
100033,1118,32,+8.8281250000000000e+01,B+
100033,1268,32,+9.0375000000000000e+01,A-
100033,1119,32,+8.8281250000000000e+01,B+
100033,1269,32,+8.8625000000000000e+01,B+
100033,1220,32,+9.1406250000000000e+01,A-
100043,1411,32,+8.3875000000000000e+01,B
100043,1270,32,+8.3593750000000000e+01,B
100048,1286,32,+8.4875000000000000e+01,B
100048,1294,32,+8.7656250000000000e+01,B+
100048,1287,32,+8.8750000000000000e+01,B+
100048,1295,32,+8.7312500000000000e+01,B+
100062,1301,32,+9.0562500000000000e+01,A-
100063,1294,32,+8.0093750000000000e+01,B-
100063,1287,32,+8.2937500000000000e+01,B-
100063,1401,32,+7.8937500000000000e+01,C+
100063,1295,32,+8.5500000000000000e+01,B
100063,1296,32,+8.0687500000000000e+01,B-
100093,1334,32,+9.6187500000000000e+01,A
100093,1335,32,+9.7687500000000000e+01,A+
100093,1410,32,+9.2843750000000000e+01,A-
100093,1337,32,+9.8125000000000000e+01,A+
100096,1286,32,+9.2156250000000000e+01,A-
100096,1294,32,+8.6281250000000000e+01,B
100096,1287,32,+8.8093750000000000e+01,B+
100096,1295,32,+9.1187500000000000e+01,A-
100096,1296,32,+8.7437500000000000e+01,B+
100101,1401,32,+8.9093750000000000e+01,B+
100101,1409,32,+8.9531250000000000e+01,B+
100101,1410,32,+9.0500000000000000e+01,A-
100105,1263,32,+8.4656250000000000e+01,B
100105,1214,32,+7.9156250000000000e+01,C+
100105,1120,32,+8.3625000000000000e+01,B
100105,1123,32,+7.7312500000000000e+01,C+
100105,1225,32,+7.9375000000000000e+01,C+
100117,1335,32,+8.6875000000000000e+01,B
100117,1339,32,+8.6000000000000000e+01,B
100117,1345,32,+9.2062500000000000e+01,A-
100117,1346,32,+9.0093750000000000e+01,A-
100118,1408,32,+9.1781250000000000e+01,A-
100118,1401,32,+9.3968750000000000e+01,A
100118,1410,32,+9.1125000000000000e+01,A-
100151,1113,32,+9.9687500000000000e+01,A+
100151,1263,32,+9.7406250000000000e+01,A+
100151,1118,32,+9.8593750000000000e+01,A+
100151,1270,32,+9.8312500000000000e+01,A+
100166,1280,32,+8.8375000000000000e+01,B+
100166,1292,32,+8.9593750000000000e+01,B+
100166,1285,32,+8.9687500000000000e+01,B+
100166,1286,32,+8.7625000000000000e+01,B+
100167,1287,32,+8.5812500000000000e+01,B
100167,1335,32,+8.4531250000000000e+01,B
100167,1297,32,+8.4281250000000000e+01,B
100192,1335,32,+8.4781250000000000e+01,B
100192,1336,32,+9.0562500000000000e+01,A-
100192,1339,32,+7.9031250000000000e+01,C+
100192,1343,32,+8.6531250000000000e+01,B
100196,1394,32,+8.7250000000000000e+01,B+
100196,1406,32,+8.4437500000000000e+01,B
100196,1400,32,+8.3343750000000000e+01,B
100196,1261,32,+8.5468750000000000e+01,B
100196,1408,32,+7.8187500000000000e+01,C+
100197,1293,32,+7.9531250000000000e+01,C+
100197,1287,32,+7.6093750000000000e+01,C
100197,1295,32,+8.4937500000000000e+01,B
100197,1263,32,+8.6250000000000000e+01,B
100197,1296,32,+8.2406250000000000e+01,B-
100210,1117,32,+9.4468750000000000e+01,A
100210,1119,32,+9.3656250000000000e+01,A
100210,1269,32,+9.3031250000000000e+01,A
100210,1417,32,+9.1281250000000000e+01,A-
100210,1272,32,+9.2687500000000000e+01,A-
100224,1335,32,+8.4218750000000000e+01,B
100225,1326,32,+9.3593750000000000e+01,A
100225,1334,32,+9.2250000000000000e+01,A-
100225,1327,32,+9.4687500000000000e+01,A
100225,1335,32,+9.1750000000000000e+01,A-
100241,1294,32,+5.9812500000000000e+01,F
100241,1287,32,+6.1937500000000000e+01,D
100241,1213,32,+5.5281250000000000e+01,F
100241,1297,32,+5.8812500000000000e+01,F
100245,1117,32,+8.3000000000000000e+01,B
100253,1295,32,+8.8406250000000000e+01,B+
100253,1297,32,+8.7781250000000000e+01,B+
100254,1213,32,+8.7625000000000000e+01,B+
100254,1116,32,+8.5562500000000000e+01,B
100254,1216,32,+9.0656250000000000e+01,A-
100262,1293,32,+8.2125000000000000e+01,B-
100262,1286,32,+7.9593750000000000e+01,C+
100262,1294,32,+8.6656250000000000e+01,B
100263,1394,32,+7.8468750000000000e+01,C+
100263,1406,32,+7.8312500000000000e+01,C+
100263,1399,32,+8.3312500000000000e+01,B
100263,1407,32,+7.9500000000000000e+01,C+
100263,1400,32,+8.0375000000000000e+01,B-
100267,1406,32,+9.6218750000000000e+01,A
100267,1399,32,+9.7781250000000000e+01,A+
100267,1407,32,+9.5843750000000000e+01,A
100267,1400,32,+9.7000000000000000e+01,A+
100267,1408,32,+9.7093750000000000e+01,A+
100290,1400,32,+7.8687500000000000e+01,C+
100290,1408,32,+8.0312500000000000e+01,B-
100290,1409,32,+8.2968750000000000e+01,B-
100290,1410,32,+7.7593750000000000e+01,C+
100299,1336,32,+8.6281250000000000e+01,B
100299,1341,32,+9.0625000000000000e+01,A-
100299,1347,32,+8.5906250000000000e+01,B
100303,1117,32,+9.1687500000000000e+01,A-
100303,1224,32,+9.0437500000000000e+01,A-
100323,1286,32,+9.4937500000000000e+01,A
100323,1294,32,+9.7781250000000000e+01,A+
100323,1295,32,+9.7250000000000000e+01,A+
100323,1296,32,+9.8812500000000000e+01,A+
100325,1406,32,+8.7718750000000000e+01,B+
100325,1399,32,+9.2125000000000000e+01,A-
100325,1407,32,+8.2500000000000000e+01,B-
100325,1400,32,+8.4375000000000000e+01,B
100352,1247,32,+8.9093750000000000e+01,B+
100373,1401,32,+9.9406250000000000e+01,A+
100379,1341,32,+9.0312500000000000e+01,A-
100379,1343,32,+9.1562500000000000e+01,A-
100379,1344,32,+9.4312500000000000e+01,A
100399,1399,32,+8.9812500000000000e+01,B+
100399,1407,32,+9.1562500000000000e+01,A-
100399,1400,32,+8.8000000000000000e+01,B+
100399,1408,32,+8.7437500000000000e+01,B+
100402,1284,32,+7.7812500000000000e+01,C+
100402,1280,32,+7.9468750000000000e+01,C+
100402,1292,32,+8.9156250000000000e+01,B+
100402,1293,32,+8.2875000000000000e+01,B-
100434,1407,32,+8.9531250000000000e+01,B+
100434,1400,32,+8.8531250000000000e+01,B+
100434,1408,32,+9.0781250000000000e+01,A-
100436,1325,32,+5.2281250000000000e+01,F
100436,1333,32,+4.8281250000000000e+01,F
100436,1326,32,+5.4250000000000000e+01,F
100436,1327,32,+5.8593750000000000e+01,F
100436,1113,32,+5.7843750000000000e+01,F
100449,1398,32,+8.2000000000000000e+01,B-
100449,1394,32,+7.1968750000000000e+01,C
100449,1406,32,+8.0406250000000000e+01,B-
100478,1284,32,+8.4218750000000000e+01,B
100478,1292,32,+7.5062500000000000e+01,C
100478,1285,32,+8.2437500000000000e+01,B-
100478,1293,32,+8.4625000000000000e+01,B
100488,1407,32,+8.7375000000000000e+01,B+
100488,1400,32,+9.4468750000000000e+01,A
100488,1408,32,+9.2843750000000000e+01,A-
100488,1401,32,+9.4125000000000000e+01,A
100490,1271,32,+8.3375000000000000e+01,B
100490,1223,32,+7.9187500000000000e+01,C+
100490,1224,32,+8.3718750000000000e+01,B
100490,1125,32,+8.2531250000000000e+01,B-
100490,1225,32,+8.4531250000000000e+01,B
100502,1406,32,+9.6125000000000000e+01,A
100502,1399,32,+9.6968750000000000e+01,A
100502,1407,32,+9.9187500000000000e+01,A+
100502,1400,32,+9.6625000000000000e+01,A
100522,1349,32,+9.3843750000000000e+01,A
100522,1352,32,+8.9625000000000000e+01,B+
100522,1230,32,+9.0437500000000000e+01,A-
100522,1353,32,+9.1843750000000000e+01,A-
100540,1203,32,+8.3343750000000000e+01,B
100540,1300,32,+8.4968750000000000e+01,B
100552,1269,32,+9.3812500000000000e+01,A
100552,1270,32,+9.7875000000000000e+01,A+
100555,1263,32,+5.1406250000000000e+01,F
100555,1120,32,+5.3218750000000000e+01,F
100555,1422,32,+5.5937500000000000e+01,F
100596,1332,32,+8.7062500000000000e+01,B+
100596,1203,32,+8.6250000000000000e+01,B
100596,1287,32,+8.9750000000000000e+01,B+
100599,1103,32,+8.6531250000000000e+01,B
100599,1285,32,+8.4562500000000000e+01,B
100599,1286,32,+7.5250000000000000e+01,C
100599,1294,32,+9.0343750000000000e+01,A-
100619,1287,32,+9.0531250000000000e+01,A-
100619,1255,32,+8.9156250000000000e+01,B+
100627,1400,32,+8.3531250000000000e+01,B
100627,1261,32,+8.4656250000000000e+01,B
100627,1408,32,+7.9031250000000000e+01,C+
100642,1104,32,+8.0156250000000000e+01,B-
100642,1326,32,+8.0750000000000000e+01,B-
100646,1412,32,+9.2000000000000000e+01,A-
100646,1117,32,+9.0625000000000000e+01,A-
100646,1122,32,+9.4437500000000000e+01,A
100662,1407,32,+9.1406250000000000e+01,A-
100662,1400,32,+9.1562500000000000e+01,A-
100662,1408,32,+8.8125000000000000e+01,B+
100662,1401,32,+8.2937500000000000e+01,B-
100662,1409,32,+8.5843750000000000e+01,B
100684,1400,32,+8.7406250000000000e+01,B+
100684,1408,32,+8.2718750000000000e+01,B-
100684,1401,32,+8.3406250000000000e+01,B
100684,1409,32,+8.3031250000000000e+01,B
100689,1408,32,+9.0531250000000000e+01,A-
100689,1401,32,+8.4062500000000000e+01,B
100689,1410,32,+8.3062500000000000e+01,B
100689,1411,32,+8.7937500000000000e+01,B+
100689,1412,32,+8.7500000000000000e+01,B+
100698,1270,32,+9.1875000000000000e+01,A-
100698,1349,32,+9.1593750000000000e+01,A-
100698,1309,32,+8.7218750000000000e+01,B+
100698,1354,32,+8.7875000000000000e+01,B+
100700,1407,32,+8.5312500000000000e+01,B
100700,1400,32,+8.1531250000000000e+01,B-
100700,1408,32,+8.1875000000000000e+01,B-
100700,1401,32,+7.7375000000000000e+01,C+
100700,1409,32,+8.5156250000000000e+01,B
100701,1405,32,+8.6968750000000000e+01,B
100701,1398,32,+8.8093750000000000e+01,B+
100701,1407,32,+8.4437500000000000e+01,B
100701,1408,32,+8.8500000000000000e+01,B+
100708,1394,32,+8.7062500000000000e+01,B+
100708,1406,32,+8.6468750000000000e+01,B
100708,1399,32,+8.9156250000000000e+01,B+
100708,1326,32,+8.9093750000000000e+01,B+
100713,1292,32,+8.8875000000000000e+01,B+
100713,1285,32,+8.1781250000000000e+01,B-
100713,1293,32,+8.9093750000000000e+01,B+
100716,1339,32,+8.8468750000000000e+01,B+
100716,1422,32,+9.0281250000000000e+01,A-
100729,1211,32,+9.5531250000000000e+01,A
100729,1255,32,+9.6718750000000000e+01,A
100729,1335,32,+9.7875000000000000e+01,A+
100729,1216,32,+9.8218750000000000e+01,A+
100734,1393,32,+8.8062500000000000e+01,B+
100734,1405,32,+9.1875000000000000e+01,A-
100734,1398,32,+9.4250000000000000e+01,A
100734,1394,32,+9.2031250000000000e+01,A-
100734,1406,32,+9.2093750000000000e+01,A-
100779,1098,32,+9.4468750000000000e+01,A
100782,1259,32,+8.4750000000000000e+01,B
100782,1333,32,+8.7593750000000000e+01,B+
100785,1293,32,+9.2531250000000000e+01,A-
100785,1286,32,+9.2125000000000000e+01,A-
100785,1294,32,+9.5031250000000000e+01,A
100788,1399,32,+8.5062500000000000e+01,B
100788,1408,32,+8.0843750000000000e+01,B-
100788,1401,32,+8.3750000000000000e+01,B
100788,1410,32,+8.4343750000000000e+01,B
100788,1411,32,+8.1031250000000000e+01,B-
100800,1293,32,+9.1062500000000000e+01,A-
100800,1334,32,+9.1562500000000000e+01,A-
100800,1335,32,+8.7906250000000000e+01,B+
100800,1336,32,+9.1437500000000000e+01,A-
100800,1337,32,+9.5156250000000000e+01,A
100806,1399,32,+8.0500000000000000e+01,B-
100806,1407,32,+8.1281250000000000e+01,B-
100806,1401,32,+7.7812500000000000e+01,C+
100806,1409,32,+8.2187500000000000e+01,B-
100807,1293,32,+8.2093750000000000e+01,B-
100807,1326,32,+7.9375000000000000e+01,C+
100807,1286,32,+8.5093750000000000e+01,B
100807,1294,32,+8.1375000000000000e+01,B-
100825,1320,32,+8.9312500000000000e+01,B+
100825,1333,32,+8.8312500000000000e+01,B+
100825,1326,32,+8.2031250000000000e+01,B-
100825,1334,32,+8.6062500000000000e+01,B
100827,1280,32,+9.0968750000000000e+01,A-
100827,1112,32,+8.4093750000000000e+01,B
100829,1394,32,+8.3937500000000000e+01,B
100829,1399,32,+8.5312500000000000e+01,B
100829,1407,32,+8.2187500000000000e+01,B-
100829,1400,32,+8.3687500000000000e+01,B
100829,1408,32,+8.5000000000000000e+01,B
100845,1295,32,+9.6343750000000000e+01,A
100845,1296,32,+9.7000000000000000e+01,A+
100845,1297,32,+9.8406250000000000e+01,A+
100845,1299,32,+9.8437500000000000e+01,A+
100847,1286,32,+8.8750000000000000e+01,B+
100847,1294,32,+8.5593750000000000e+01,B
100847,1295,32,+8.9812500000000000e+01,B+
100847,1297,32,+9.0625000000000000e+01,A-
100851,1292,32,+9.3062500000000000e+01,A
100851,1285,32,+9.3750000000000000e+01,A
100851,1293,32,+9.3687500000000000e+01,A
100851,1286,32,+9.0187500000000000e+01,A-
100866,1296,32,+8.6750000000000000e+01,B
100866,1297,32,+8.2656250000000000e+01,B-
100866,1299,32,+8.5968750000000000e+01,B
100893,1122,32,+8.5500000000000000e+01,B
100913,1260,32,+8.6593750000000000e+01,B
100913,1293,32,+8.6312500000000000e+01,B
100913,1286,32,+8.5625000000000000e+01,B
100913,1295,32,+8.8937500000000000e+01,B+
100945,1253,32,+7.7625000000000000e+01,C+
100951,1407,32,+9.0437500000000000e+01,A-
100951,1400,32,+9.6062500000000000e+01,A
100951,1408,32,+8.9875000000000000e+01,B+
100951,1112,32,+9.2562500000000000e+01,A-
100952,1116,32,+8.2156250000000000e+01,B-
100952,1268,32,+8.8812500000000000e+01,B+
100952,1121,32,+8.6250000000000000e+01,B
100952,1222,32,+8.2125000000000000e+01,B-
100956,1336,32,+8.0187500000000000e+01,B-
100956,1343,32,+7.9750000000000000e+01,C+
100956,1304,32,+8.1812500000000000e+01,B-
100956,1347,32,+8.5000000000000000e+01,B
100958,1334,32,+8.2125000000000000e+01,B-
100958,1327,32,+7.8687500000000000e+01,C+
100963,1343,32,+9.8156250000000000e+01,A+
100963,1121,32,+9.9093750000000000e+01,A+
100963,1346,32,+9.9000000000000000e+01,A+
100963,1347,32,+9.5156250000000000e+01,A
100964,1292,32,+8.4781250000000000e+01,B
100964,1285,32,+8.8875000000000000e+01,B+
100964,1286,32,+8.3531250000000000e+01,B
100964,1294,32,+8.4937500000000000e+01,B
100967,1097,32,+7.8343750000000000e+01,C+
100967,1398,32,+7.4937500000000000e+01,C
100967,1261,32,+8.6843750000000000e+01,B
100981,1399,32,+8.6531250000000000e+01,B
100981,1407,32,+8.7812500000000000e+01,B+
100981,1400,32,+9.0843750000000000e+01,A-
100981,1408,32,+8.9312500000000000e+01,B+
101999,1212,33,+9.2625000000000000e+01,A-
101999,1255,33,+9.5250000000000000e+01,A
101999,1214,33,+9.2593750000000000e+01,A-
102000,1249,33,+7.8906250000000000e+01,C+
102003,1316,33,+8.7343750000000000e+01,B+
102003,1328,33,+9.1437500000000000e+01,A-
102012,1274,33,+8.8875000000000000e+01,B+
102012,1281,33,+8.4187500000000000e+01,B
102012,1289,33,+8.7718750000000000e+01,B+
102013,1242,33,+8.6468750000000000e+01,B
102013,1243,33,+8.4468750000000000e+01,B
102018,1388,33,+8.9312500000000000e+01,B+
102018,1389,33,+8.8250000000000000e+01,B+
102018,1390,33,+8.6000000000000000e+01,B
102031,1090,33,+7.7812500000000000e+01,C+
102031,1093,33,+8.4125000000000000e+01,B
102031,1091,33,+8.4156250000000000e+01,B
102068,1281,33,+8.9281250000000000e+01,B+
102068,1277,33,+8.9000000000000000e+01,B+
102068,1289,33,+8.8000000000000000e+01,B+
102070,1314,33,+8.5031250000000000e+01,B
102070,1328,33,+9.0812500000000000e+01,A-
102070,1318,33,+8.7718750000000000e+01,B+
102098,1092,33,+9.1781250000000000e+01,A-
102098,1389,33,+8.8937500000000000e+01,B+
102098,1390,33,+8.5093750000000000e+01,B
102109,1274,33,+8.2187500000000000e+01,B-
102109,1281,33,+8.4093750000000000e+01,B
102109,1277,33,+8.0468750000000000e+01,B-
102120,1092,33,+8.4812500000000000e+01,B
102120,1242,33,+8.7593750000000000e+01,B+
102126,1274,33,+8.7687500000000000e+01,B+
102126,1281,33,+8.3375000000000000e+01,B
102126,1277,33,+9.1437500000000000e+01,A-
102130,1389,33,+9.3125000000000000e+01,A
102130,1390,33,+9.2125000000000000e+01,A-
102130,1396,33,+9.1718750000000000e+01,A-
102137,1389,33,+9.3406250000000000e+01,A
102137,1390,33,+9.5375000000000000e+01,A
102137,1402,33,+9.7406250000000000e+01,A+
102137,1249,33,+9.8750000000000000e+01,A+
102137,1396,33,+9.5625000000000000e+01,A
102138,1094,33,+8.2687500000000000e+01,B-
102139,1090,33,+8.7937500000000000e+01,B+
102139,1091,33,+9.4093750000000000e+01,A
102141,1390,33,+5.5312500000000000e+01,F
102141,1402,33,+6.0375000000000000e+01,D
102141,1395,33,+5.9062500000000000e+01,F
102141,1391,33,+5.4312500000000000e+01,F
102141,1403,33,+5.6937500000000000e+01,F
102164,1242,33,+8.2062500000000000e+01,B-
102164,1249,33,+8.2437500000000000e+01,B-
102164,1246,33,+8.1187500000000000e+01,B-
102185,1388,33,+8.4968750000000000e+01,B
102185,1389,33,+8.0312500000000000e+01,B-
102185,1390,33,+7.7343750000000000e+01,C+
102185,1395,33,+7.8125000000000000e+01,C+
102213,1315,33,+9.2156250000000000e+01,A-
102213,1316,33,+9.2562500000000000e+01,A-
102213,1328,33,+9.3250000000000000e+01,A
102225,1281,33,+9.5156250000000000e+01,A
102225,1249,33,+9.7906250000000000e+01,A+
102225,1245,33,+9.8750000000000000e+01,A+
102230,1274,33,+8.1437500000000000e+01,B-
102230,1281,33,+8.1062500000000000e+01,B-
102230,1277,33,+8.4093750000000000e+01,B
102230,1289,33,+8.4625000000000000e+01,B
102233,1281,33,+5.6281250000000000e+01,F
102233,1277,33,+5.5437500000000000e+01,F
102233,1289,33,+5.5812500000000000e+01,F
102233,1282,33,+5.2875000000000000e+01,F
102247,1090,33,+8.3937500000000000e+01,B
102247,1091,33,+7.9343750000000000e+01,C+
102247,1250,33,+7.9687500000000000e+01,C+
102256,1388,33,+8.6031250000000000e+01,B
102256,1390,33,+9.0468750000000000e+01,A-
102256,1402,33,+8.8625000000000000e+01,B+
102273,1090,33,+9.1000000000000000e+01,A-
102273,1091,33,+9.2750000000000000e+01,A-
102273,1107,33,+9.2343750000000000e+01,A-
102278,1248,33,+8.2250000000000000e+01,B-
102278,1194,33,+9.1562500000000000e+01,A-
102278,1099,33,+8.6562500000000000e+01,B
102278,1245,33,+8.2500000000000000e+01,B-
102278,1246,33,+8.2656250000000000e+01,B-
102285,1274,33,+9.2437500000000000e+01,A-
102285,1275,33,+8.5156250000000000e+01,B
102285,1277,33,+9.1468750000000000e+01,A-
102285,1289,33,+9.0406250000000000e+01,A-
102316,1274,33,+8.6875000000000000e+01,B
102316,1193,33,+7.8687500000000000e+01,C+
102316,1277,33,+7.9562500000000000e+01,C+
102318,1274,33,+8.6625000000000000e+01,B
102318,1275,33,+8.9843750000000000e+01,B+
102318,1281,33,+8.9875000000000000e+01,B+
102320,1274,33,+9.0156250000000000e+01,A-
102320,1281,33,+8.6843750000000000e+01,B
102320,1277,33,+9.1187500000000000e+01,A-
102320,1282,33,+9.1062500000000000e+01,A-
102331,1090,33,+8.2500000000000000e+01,B-
102331,1091,33,+8.4781250000000000e+01,B
102331,1248,33,+8.2781250000000000e+01,B-
102363,1314,33,+9.7125000000000000e+01,A+
102363,1315,33,+9.9312500000000000e+01,A+
102363,1329,33,+9.6781250000000000e+01,A
102365,1275,33,+8.4406250000000000e+01,B
102365,1281,33,+8.5656250000000000e+01,B
102368,1388,33,+9.1937500000000000e+01,A-
102368,1389,33,+9.1781250000000000e+01,A-
102368,1248,33,+9.3375000000000000e+01,A
102369,1090,33,+9.7656250000000000e+01,A+
102369,1091,33,+9.7750000000000000e+01,A+
102390,1389,33,+9.2187500000000000e+01,A-
102390,1390,33,+8.8656250000000000e+01,B+
102390,1402,33,+9.2718750000000000e+01,A-
102392,1328,33,+8.2437500000000000e+01,B-
102396,1314,33,+8.0500000000000000e+01,B-
102396,1328,33,+7.9843750000000000e+01,C+
102396,1321,33,+8.2031250000000000e+01,B-
102415,1388,33,+8.9000000000000000e+01,B+
102415,1389,33,+8.8968750000000000e+01,B+
102415,1390,33,+8.8875000000000000e+01,B+
102415,1402,33,+9.0343750000000000e+01,A-
102443,1274,33,+8.3906250000000000e+01,B
102443,1275,33,+8.8093750000000000e+01,B+
102452,1389,33,+5.5218750000000000e+01,F
102452,1390,33,+5.5406250000000000e+01,F
102452,1402,33,+5.7906250000000000e+01,F
102452,1395,33,+5.3625000000000000e+01,F
102454,1388,33,+8.5656250000000000e+01,B
102454,1389,33,+8.5812500000000000e+01,B
102454,1390,33,+8.9812500000000000e+01,B+
102461,1242,33,+8.5125000000000000e+01,B
102461,1243,33,+7.8531250000000000e+01,C+
102461,1094,33,+7.9843750000000000e+01,C+
102464,1388,33,+8.7062500000000000e+01,B+
102464,1390,33,+7.9843750000000000e+01,C+
102464,1402,33,+8.7718750000000000e+01,B+
102464,1321,33,+7.9718750000000000e+01,C+
102464,1395,33,+8.2625000000000000e+01,B-
102465,1314,33,+9.2718750000000000e+01,A-
102465,1316,33,+9.2500000000000000e+01,A-
102465,1321,33,+9.2000000000000000e+01,A-
102475,1274,33,+8.3093750000000000e+01,B
102475,1281,33,+8.7406250000000000e+01,B+
102475,1289,33,+8.4625000000000000e+01,B
102475,1282,33,+8.2562500000000000e+01,B-
102480,1316,33,+9.9093750000000000e+01,A+
102505,1199,33,+7.7968750000000000e+01,C+
102505,1095,33,+8.0906250000000000e+01,B-
102510,1090,33,+9.0187500000000000e+01,A-
102510,1091,33,+8.7031250000000000e+01,B+
102515,1389,33,+8.8281250000000000e+01,B+
102515,1402,33,+9.5343750000000000e+01,A
102515,1395,33,+8.6093750000000000e+01,B
102515,1391,33,+9.1750000000000000e+01,A-
102521,1274,33,+9.0906250000000000e+01,A-
102521,1275,33,+8.7625000000000000e+01,B+
102522,1092,33,+8.7593750000000000e+01,B+
102522,1192,33,+8.4281250000000000e+01,B
102522,1193,33,+9.0625000000000000e+01,A-
102522,1248,33,+8.7937500000000000e+01,B+
102536,1314,33,+9.2343750000000000e+01,A-
102536,1390,33,+8.9687500000000000e+01,B+
102536,1328,33,+9.2156250000000000e+01,A-
102536,1256,33,+9.1031250000000000e+01,A-
102536,1392,33,+9.4156250000000000e+01,A
102588,1193,33,+8.9781250000000000e+01,B+
102588,1194,33,+8.5593750000000000e+01,B
102588,1321,33,+8.8687500000000000e+01,B+
102595,1274,33,+8.4781250000000000e+01,B
102595,1316,33,+8.0687500000000000e+01,B-
102603,1388,33,+7.6531250000000000e+01,C
102603,1390,33,+7.7000000000000000e+01,C+
102603,1402,33,+8.3562500000000000e+01,B
102603,1329,33,+8.6250000000000000e+01,B
102604,1274,33,+8.3437500000000000e+01,B
102604,1281,33,+8.1593750000000000e+01,B-
102604,1199,33,+8.1750000000000000e+01,B-
102604,1277,33,+7.8718750000000000e+01,C+
102605,1274,33,+8.4000000000000000e+01,B
102605,1090,33,+8.0437500000000000e+01,B-
102605,1091,33,+8.0843750000000000e+01,B-
102607,1242,33,+9.1812500000000000e+01,A-
102607,1194,33,+8.5218750000000000e+01,B
102610,1274,33,+7.9750000000000000e+01,C+
102610,1275,33,+8.3812500000000000e+01,B
102610,1281,33,+8.3843750000000000e+01,B
102610,1282,33,+7.6562500000000000e+01,C
102610,1283,33,+8.1875000000000000e+01,B-
102621,1274,33,+8.8468750000000000e+01,B+
102621,1275,33,+9.4593750000000000e+01,A
102621,1281,33,+9.3687500000000000e+01,A
102623,1389,33,+9.2187500000000000e+01,A-
102623,1194,33,+8.6000000000000000e+01,B
102623,1099,33,+8.4750000000000000e+01,B
102623,1206,33,+8.3343750000000000e+01,B
102623,1199,33,+8.7937500000000000e+01,B+
102624,1192,33,+9.3250000000000000e+01,A
102636,1388,33,+7.9281250000000000e+01,C+
102636,1316,33,+7.9750000000000000e+01,C+
102648,1194,33,+9.2156250000000000e+01,A-
102648,1099,33,+9.1281250000000000e+01,A-
102648,1245,33,+8.6250000000000000e+01,B
102650,1389,33,+9.1000000000000000e+01,A-
102650,1243,33,+9.0531250000000000e+01,A-
102650,1390,33,+9.2687500000000000e+01,A-
102657,1388,33,+9.2000000000000000e+01,A-
102657,1390,33,+9.5156250000000000e+01,A
102657,1402,33,+9.1125000000000000e+01,A-
102663,1274,33,+8.9406250000000000e+01,B+
102663,1275,33,+8.8781250000000000e+01,B+
102663,1193,33,+8.8031250000000000e+01,B+
102663,1281,33,+8.7156250000000000e+01,B+
102665,1389,33,+8.2375000000000000e+01,B-
102665,1390,33,+7.6968750000000000e+01,C
102716,1388,33,+8.5406250000000000e+01,B
102716,1389,33,+8.8562500000000000e+01,B+
102716,1402,33,+8.6781250000000000e+01,B
102716,1395,33,+8.4406250000000000e+01,B
102719,1274,33,+8.3343750000000000e+01,B
102719,1281,33,+8.6125000000000000e+01,B
102719,1277,33,+8.9062500000000000e+01,B+
102725,1315,33,+9.6656250000000000e+01,A
102725,1328,33,+9.7968750000000000e+01,A+
102725,1321,33,+9.7531250000000000e+01,A+
102726,1274,33,+8.5156250000000000e+01,B
102726,1275,33,+8.8156250000000000e+01,B+
102726,1281,33,+8.9312500000000000e+01,B+
102726,1277,33,+8.5781250000000000e+01,B
102739,1090,33,+8.4718750000000000e+01,B
102739,1242,33,+9.0312500000000000e+01,A-
102739,1091,33,+9.0531250000000000e+01,A-
102745,1093,33,+8.7343750000000000e+01,B+
102745,1243,33,+8.7031250000000000e+01,B+
102745,1094,33,+8.9750000000000000e+01,B+
102748,1256,33,+8.3250000000000000e+01,B
102748,1107,33,+7.9187500000000000e+01,C+
102753,1390,33,+8.9187500000000000e+01,B+
102753,1402,33,+9.3062500000000000e+01,A
102753,1395,33,+8.5250000000000000e+01,B
102753,1391,33,+9.0531250000000000e+01,A-
102755,1274,33,+9.0750000000000000e+01,A-
102755,1091,33,+8.9750000000000000e+01,B+
102755,1281,33,+9.0781250000000000e+01,A-
102755,1277,33,+8.2843750000000000e+01,B-
102755,1289,33,+8.9250000000000000e+01,B+
102769,1388,33,+7.7781250000000000e+01,C+
102769,1389,33,+8.5093750000000000e+01,B
102769,1402,33,+8.4531250000000000e+01,B
102769,1395,33,+8.4218750000000000e+01,B
102781,1314,33,+9.9375000000000000e+01,A+
102781,1316,33,+1.0009375000000000e+02,A+
102781,1321,33,+9.5781250000000000e+01,A
102783,1192,33,+8.2781250000000000e+01,B-
102783,1093,33,+8.6500000000000000e+01,B
102783,1094,33,+8.7125000000000000e+01,B+
102802,1090,33,+9.1843750000000000e+01,A-
102802,1091,33,+9.0406250000000000e+01,A-
102805,1090,33,+8.8406250000000000e+01,B+
102805,1091,33,+8.6218750000000000e+01,B
102805,1328,33,+8.8156250000000000e+01,B+
102809,1090,33,+8.6781250000000000e+01,B
102809,1093,33,+8.8906250000000000e+01,B+
102809,1091,33,+8.6468750000000000e+01,B
102818,1274,33,+8.1437500000000000e+01,B-
102818,1275,33,+7.8968750000000000e+01,C+
102840,1328,33,+9.6343750000000000e+01,A
102840,1321,33,+9.7000000000000000e+01,A+
102854,1274,33,+8.5843750000000000e+01,B
102854,1275,33,+8.9531250000000000e+01,B+
102854,1248,33,+8.7531250000000000e+01,B+
102854,1281,33,+8.7062500000000000e+01,B+
102864,1274,33,+8.4531250000000000e+01,B
102864,1275,33,+7.7125000000000000e+01,C+
102864,1277,33,+8.0531250000000000e+01,B-
102864,1289,33,+7.9406250000000000e+01,C+
102865,1281,33,+7.6000000000000000e+01,C
102865,1289,33,+7.8593750000000000e+01,C+
102865,1282,33,+8.7000000000000000e+01,B+
102865,1290,33,+7.7500000000000000e+01,C+
102871,1092,33,+8.5781250000000000e+01,B
102871,1194,33,+8.2062500000000000e+01,B-
102884,1389,33,+9.6968750000000000e+01,A
102884,1243,33,+9.6906250000000000e+01,A
102884,1193,33,+9.5312500000000000e+01,A
102888,1093,33,+7.8187500000000000e+01,C+
102888,1094,33,+8.3531250000000000e+01,B
102888,1199,33,+8.1906250000000000e+01,B-
102888,1107,33,+8.8968750000000000e+01,B+
102897,1274,33,+8.4531250000000000e+01,B
102897,1275,33,+8.1843750000000000e+01,B-
102901,1274,33,+7.8312500000000000e+01,C+
102901,1242,33,+8.0562500000000000e+01,B-
102901,1281,33,+8.3312500000000000e+01,B
102901,1277,33,+8.4843750000000000e+01,B
102901,1107,33,+8.1750000000000000e+01,B-
102902,1275,33,+8.4718750000000000e+01,B
102902,1289,33,+8.2312500000000000e+01,B-
102905,1090,33,+8.9156250000000000e+01,B+
102905,1091,33,+8.2375000000000000e+01,B-
102905,1329,33,+8.6250000000000000e+01,B
102907,1274,33,+8.2281250000000000e+01,B-
102907,1093,33,+7.9687500000000000e+01,C+
102907,1275,33,+8.3000000000000000e+01,B
102907,1281,33,+8.5187500000000000e+01,B
102917,1099,33,+8.6250000000000000e+01,B
102930,1243,33,+9.3781250000000000e+01,A
102930,1322,33,+9.7343750000000000e+01,A+
102930,1318,33,+9.6593750000000000e+01,A
102936,1090,33,+8.3843750000000000e+01,B
102936,1091,33,+8.5281250000000000e+01,B
102946,1389,33,+8.7406250000000000e+01,B+
102946,1193,33,+8.4218750000000000e+01,B
102946,1390,33,+8.9500000000000000e+01,B+
102946,1402,33,+8.7968750000000000e+01,B+
102963,1090,33,+8.5406250000000000e+01,B
102963,1091,33,+8.4500000000000000e+01,B
102969,1274,33,+8.5437500000000000e+01,B
102969,1315,33,+8.6187500000000000e+01,B
102969,1316,33,+8.0531250000000000e+01,B-
102969,1328,33,+7.9781250000000000e+01,C+
102985,1388,33,+9.3718750000000000e+01,A
102985,1389,33,+9.6687500000000000e+01,A
102985,1248,33,+9.5937500000000000e+01,A
102985,1390,33,+9.9687500000000000e+01,A+
102994,1242,33,+8.1062500000000000e+01,B-
102994,1192,33,+8.5218750000000000e+01,B
102994,1206,33,+8.7312500000000000e+01,B+
102994,1245,33,+8.1812500000000000e+01,B-
102994,1107,33,+8.3843750000000000e+01,B
101003,1323,33,+8.2968750000000000e+01,B-
101003,1324,33,+7.6750000000000000e+01,C
101003,1320,33,+8.2531250000000000e+01,B-
101003,1326,33,+8.3343750000000000e+01,B
101019,1320,33,+8.3781250000000000e+01,B
101019,1332,33,+8.7437500000000000e+01,B+
101019,1325,33,+8.8250000000000000e+01,B+
101024,1324,33,+8.4125000000000000e+01,B
101026,1403,33,+7.9031250000000000e+01,C+
101026,1396,33,+8.2625000000000000e+01,B-
101026,1392,33,+8.2906250000000000e+01,B-
101026,1404,33,+8.2000000000000000e+01,B-
101035,1284,33,+8.1062500000000000e+01,B-
101055,1291,33,+7.8906250000000000e+01,C+
101055,1280,33,+8.1500000000000000e+01,B-
101055,1285,33,+8.1656250000000000e+01,B-
101056,1324,33,+7.9125000000000000e+01,C+
101056,1320,33,+8.2218750000000000e+01,B-
101056,1332,33,+7.9125000000000000e+01,C+
101056,1333,33,+8.2031250000000000e+01,B-
101056,1326,33,+8.0125000000000000e+01,B-
101058,1398,33,+8.8375000000000000e+01,B+
101058,1394,33,+9.0031250000000000e+01,A-
101058,1406,33,+8.7875000000000000e+01,B+
101077,1246,33,+8.2093750000000000e+01,B-
101077,1251,33,+8.9125000000000000e+01,B+
101077,1097,33,+8.7156250000000000e+01,B+
101083,1410,33,+8.1312500000000000e+01,B-
101083,1417,33,+8.2437500000000000e+01,B-
101089,1318,33,+9.3812500000000000e+01,A
101089,1330,33,+9.2343750000000000e+01,A-
101089,1331,33,+9.7781250000000000e+01,A+
101147,1325,33,+8.5250000000000000e+01,B
101147,1333,33,+8.0500000000000000e+01,B-
101147,1400,33,+8.1343750000000000e+01,B-
101147,1334,33,+8.0500000000000000e+01,B-
101148,1287,33,+8.1687500000000000e+01,B-
101148,1335,33,+7.7218750000000000e+01,C+
101148,1336,33,+8.3093750000000000e+01,B
101148,1337,33,+8.3156250000000000e+01,B
101148,1339,33,+7.8875000000000000e+01,C+
101150,1405,33,+9.0375000000000000e+01,A-
101150,1394,33,+9.2500000000000000e+01,A-
101150,1406,33,+9.3375000000000000e+01,A
101150,1103,33,+9.2937500000000000e+01,A-
101158,1262,33,+7.7937500000000000e+01,C+
101164,1098,33,+9.2812500000000000e+01,A-
101164,1325,33,+9.4562500000000000e+01,A
101164,1210,33,+9.3593750000000000e+01,A
101165,1405,33,+7.7781250000000000e+01,C+
101165,1398,33,+8.1156250000000000e+01,B-
101165,1394,33,+8.4687500000000000e+01,B
101165,1406,33,+7.4968750000000000e+01,C
101187,1394,33,+8.0906250000000000e+01,B-
101200,1097,33,+8.4562500000000000e+01,B
101211,1414,33,+8.2937500000000000e+01,B-
101211,1302,33,+8.4593750000000000e+01,B
101215,1259,33,+8.9281250000000000e+01,B+
101215,1205,33,+8.6656250000000000e+01,B
101215,1213,33,+8.6093750000000000e+01,B
101215,1410,33,+8.8843750000000000e+01,B+
101238,1279,33,+9.0593750000000000e+01,A-
101238,1284,33,+9.5656250000000000e+01,A
101238,1280,33,+9.3500000000000000e+01,A
101266,1325,33,+5.6281250000000000e+01,F
101266,1326,33,+5.5437500000000000e+01,F
101268,1396,33,+8.8750000000000000e+01,B+
101268,1318,33,+8.5656250000000000e+01,B
101268,1393,33,+8.9406250000000000e+01,B+
101268,1291,33,+8.5625000000000000e+01,B
101273,1249,33,+5.5156250000000000e+01,F
101275,1393,33,+8.7843750000000000e+01,B+
101275,1405,33,+8.7625000000000000e+01,B+
101275,1394,33,+8.9156250000000000e+01,B+
101275,1406,33,+8.6656250000000000e+01,B
101275,1399,33,+9.0031250000000000e+01,A-
101278,1319,33,+8.2281250000000000e+01,B-
101278,1331,33,+8.4406250000000000e+01,B
101278,1324,33,+8.2250000000000000e+01,B-
101290,1333,33,+8.6843750000000000e+01,B
101290,1336,33,+8.3156250000000000e+01,B
101306,1200,33,+8.0562500000000000e+01,B-
101329,1253,33,+8.5718750000000000e+01,B
101329,1211,33,+8.2718750000000000e+01,B-
101329,1287,33,+8.4062500000000000e+01,B
101336,1393,33,+9.1750000000000000e+01,A-
101336,1405,33,+9.6500000000000000e+01,A
101336,1398,33,+9.2437500000000000e+01,A-
101336,1394,33,+9.2531250000000000e+01,A-
101347,1319,33,+8.2437500000000000e+01,B-
101347,1405,33,+8.2562500000000000e+01,B-
101358,1405,33,+8.9750000000000000e+01,B+
101358,1398,33,+8.9750000000000000e+01,B+
101358,1394,33,+9.2656250000000000e+01,A-
101358,1406,33,+8.6031250000000000e+01,B
101376,1112,33,+8.6468750000000000e+01,B
101376,1115,33,+8.6656250000000000e+01,B
101376,1116,33,+9.1343750000000000e+01,A-
101381,1213,33,+8.0656250000000000e+01,B-
101385,1290,33,+9.3812500000000000e+01,A
101385,1324,33,+8.8250000000000000e+01,B+
101385,1408,33,+8.8156250000000000e+01,B+
101387,1332,33,+7.8875000000000000e+01,C+
101387,1327,33,+8.6000000000000000e+01,B
101387,1341,33,+8.2625000000000000e+01,B-
101392,1394,33,+9.1500000000000000e+01,A-
101398,1247,33,+8.7250000000000000e+01,B+
101398,1405,33,+9.2781250000000000e+01,A-
101399,1197,33,+9.1281250000000000e+01,A-
101431,1246,33,+7.6750000000000000e+01,C
101438,1284,33,+8.3437500000000000e+01,B
101438,1292,33,+8.3437500000000000e+01,B
101438,1285,33,+8.4250000000000000e+01,B
101438,1286,33,+7.8968750000000000e+01,C+
101483,1098,33,+8.2343750000000000e+01,B-
101491,1280,33,+8.5500000000000000e+01,B
101491,1292,33,+8.7375000000000000e+01,B+
101491,1285,33,+8.9875000000000000e+01,B+
101505,1280,33,+9.7187500000000000e+01,A+
101505,1285,33,+9.8093750000000000e+01,A+
101505,1293,33,+9.8781250000000000e+01,A+
101505,1400,33,+9.6187500000000000e+01,A
101519,1334,33,+9.8093750000000000e+01,A+
101519,1327,33,+9.3937500000000000e+01,A
101519,1335,33,+9.0687500000000000e+01,A-
101519,1337,33,+9.8031250000000000e+01,A+
101563,1323,33,+8.7250000000000000e+01,B+
101563,1408,33,+8.7593750000000000e+01,B+
101582,1398,33,+8.4812500000000000e+01,B
101582,1406,33,+8.9062500000000000e+01,B+
101582,1325,33,+8.7218750000000000e+01,B+
101583,1325,33,+9.1656250000000000e+01,A-
101583,1326,33,+8.8218750000000000e+01,B+
101583,1327,33,+8.8781250000000000e+01,B+
101596,1332,33,+8.4250000000000000e+01,B
101596,1406,33,+8.0218750000000000e+01,B-
101603,1323,33,+5.2812500000000000e+01,F
101603,1258,33,+5.8531250000000000e+01,F
101603,1252,33,+5.1906250000000000e+01,F
101606,1318,33,+8.5937500000000000e+01,B
101616,1252,33,+7.9656250000000000e+01,C+
101616,1407,33,+8.3718750000000000e+01,B
101617,1261,33,+9.1500000000000000e+01,A-
101617,1262,33,+8.8437500000000000e+01,B+
101617,1212,33,+8.6156250000000000e+01,B
101617,1205,33,+9.5812500000000000e+01,A
101618,1292,33,+7.9562500000000000e+01,C+
101618,1285,33,+8.2687500000000000e+01,B-
101618,1294,33,+8.0281250000000000e+01,B-
101618,1295,33,+7.9906250000000000e+01,C+
101621,1258,33,+8.8093750000000000e+01,B+
101635,1332,33,+9.3656250000000000e+01,A
101635,1325,33,+9.5250000000000000e+01,A
101635,1336,33,+9.0781250000000000e+01,A-
101635,1337,33,+9.5187500000000000e+01,A
101650,1204,33,+8.2187500000000000e+01,B-
101650,1112,33,+8.6937500000000000e+01,B
101650,1113,33,+8.9562500000000000e+01,B+
101667,1253,33,+8.4875000000000000e+01,B
101680,1210,33,+9.7312500000000000e+01,A+
101680,1212,33,+9.5281250000000000e+01,A
101680,1205,33,+9.4812500000000000e+01,A
101681,1260,33,+9.5406250000000000e+01,A
101688,1290,33,+8.0968750000000000e+01,B-
101688,1283,33,+8.7906250000000000e+01,B+
101688,1291,33,+8.8968750000000000e+01,B+
101688,1284,33,+8.8187500000000000e+01,B+
101688,1292,33,+9.0875000000000000e+01,A-
101690,1331,33,+8.9812500000000000e+01,B+
101690,1320,33,+9.2406250000000000e+01,A-
101690,1104,33,+9.0187500000000000e+01,A-
101690,1326,33,+9.1125000000000000e+01,A-
101699,1292,33,+7.4437500000000000e+01,C
101699,1285,33,+8.1875000000000000e+01,B-
101699,1260,33,+8.2843750000000000e+01,B-
101699,1293,33,+8.1812500000000000e+01,B-
101721,1258,33,+8.9343750000000000e+01,B+
101721,1400,33,+9.2031250000000000e+01,A-
101721,1204,33,+8.9437500000000000e+01,B+
101723,1210,33,+8.8718750000000000e+01,B+
101723,1204,33,+9.1875000000000000e+01,A-
101723,1219,33,+9.0437500000000000e+01,A-
101739,1279,33,+9.0093750000000000e+01,A-
101739,1291,33,+8.8500000000000000e+01,B+
101739,1280,33,+8.9093750000000000e+01,B+
101739,1098,33,+9.1187500000000000e+01,A-
101747,1302,33,+9.1968750000000000e+01,A-
101747,1120,33,+8.8250000000000000e+01,B+
101752,1332,33,+8.9281250000000000e+01,B+
101752,1333,33,+8.8125000000000000e+01,B+
101752,1326,33,+8.8187500000000000e+01,B+
101759,1319,33,+8.3812500000000000e+01,B
101759,1331,33,+8.2750000000000000e+01,B-
101759,1320,33,+7.4812500000000000e+01,C
101759,1333,33,+7.9968750000000000e+01,C+
101762,1252,33,+8.2406250000000000e+01,B-
101762,1210,33,+7.8656250000000000e+01,C+
101762,1253,33,+7.7343750000000000e+01,C+
101762,1211,33,+8.4125000000000000e+01,B
101772,1396,33,+8.9718750000000000e+01,B+
101772,1393,33,+8.6562500000000000e+01,B
101783,1104,33,+8.0562500000000000e+01,B-
101788,1286,33,+8.6750000000000000e+01,B
101808,1104,33,+8.3968750000000000e+01,B
101808,1261,33,+8.3250000000000000e+01,B
101808,1263,33,+8.8000000000000000e+01,B+
101808,1115,33,+8.7468750000000000e+01,B+
101814,1319,33,+9.2875000000000000e+01,A-
101814,1324,33,+9.2031250000000000e+01,A-
101814,1320,33,+9.1125000000000000e+01,A-
101814,1325,33,+9.5500000000000000e+01,A
101820,1098,33,+8.2406250000000000e+01,B-
101826,1260,33,+8.9968750000000000e+01,B+
101826,1210,33,+8.8437500000000000e+01,B+
101826,1334,33,+8.7906250000000000e+01,B+
101826,1117,33,+8.6718750000000000e+01,B
101838,1112,33,+8.7343750000000000e+01,B+
101838,1255,33,+9.1593750000000000e+01,A-
101838,1214,33,+8.5156250000000000e+01,B
101838,1266,33,+9.0875000000000000e+01,A-
101838,1117,33,+8.9656250000000000e+01,B+
101840,1335,33,+9.2000000000000000e+01,A-
101840,1337,33,+9.0468750000000000e+01,A-
101840,1344,33,+9.1000000000000000e+01,A-
101852,1325,33,+8.5343750000000000e+01,B
101862,1102,33,+9.3031250000000000e+01,A
101862,1407,33,+9.3812500000000000e+01,A
101868,1253,33,+8.8031250000000000e+01,B+
101868,1333,33,+9.0187500000000000e+01,A-
101868,1261,33,+8.6843750000000000e+01,B
101873,1324,33,+8.3812500000000000e+01,B
101873,1320,33,+7.6812500000000000e+01,C
101873,1408,33,+8.2625000000000000e+01,B-
101873,1334,33,+8.7031250000000000e+01,B+
101873,1336,33,+8.4531250000000000e+01,B
101891,1332,33,+8.7750000000000000e+01,B+
101891,1260,33,+8.1500000000000000e+01,B-
101891,1333,33,+8.7906250000000000e+01,B+
101898,1279,33,+5.9281250000000000e+01,F
101898,1291,33,+5.9062500000000000e+01,F
101898,1284,33,+5.6000000000000000e+01,F
101898,1280,33,+6.0062500000000000e+01,D
101916,1392,33,+8.4875000000000000e+01,B
101916,1404,33,+8.6968750000000000e+01,B
101916,1393,33,+8.8406250000000000e+01,B+
101916,1405,33,+8.4500000000000000e+01,B
101919,1102,33,+9.6312500000000000e+01,A
101919,1253,33,+9.8593750000000000e+01,A+
101919,1339,33,+9.7156250000000000e+01,A+
101931,1333,33,+8.9093750000000000e+01,B+
101931,1334,33,+8.8968750000000000e+01,B+
101943,1405,33,+9.0125000000000000e+01,A-
101943,1398,33,+8.2406250000000000e+01,B-
101943,1399,33,+8.8218750000000000e+01,B+
101943,1407,33,+8.5312500000000000e+01,B
101963,1334,33,+8.1781250000000000e+01,B-
101963,1335,33,+8.6406250000000000e+01,B
101963,1336,33,+8.5125000000000000e+01,B
101963,1337,33,+8.4531250000000000e+01,B
101963,1341,33,+8.2062500000000000e+01,B-
101974,1203,33,+8.0750000000000000e+01,B-
101974,1254,33,+8.3562500000000000e+01,B
101974,1204,33,+8.3156250000000000e+01,B
101974,1113,33,+8.0218750000000000e+01,B-
101994,1247,33,+8.4500000000000000e+01,B
101994,1260,33,+8.8437500000000000e+01,B+
101994,1253,33,+9.1687500000000000e+01,A-
100016,1302,33,+9.4218750000000000e+01,A
100033,1223,33,+8.9343750000000000e+01,B+
100033,1224,33,+8.7437500000000000e+01,B+
100033,1132,33,+9.0843750000000000e+01,A-
100043,1417,33,+7.9656250000000000e+01,C+
100043,1353,33,+8.5906250000000000e+01,B
100043,1360,33,+8.6218750000000000e+01,B
100048,1296,33,+8.4968750000000000e+01,B
100048,1299,33,+8.4500000000000000e+01,B
100048,1302,33,+9.0906250000000000e+01,A-
100048,1304,33,+8.4625000000000000e+01,B
100062,1125,33,+9.0250000000000000e+01,A-
100062,1226,33,+9.0312500000000000e+01,A-
100063,1297,33,+8.0843750000000000e+01,B-
100063,1300,33,+8.7500000000000000e+01,B+
100063,1301,33,+8.4218750000000000e+01,B
100063,1306,33,+7.9531250000000000e+01,C+
100093,1339,33,+9.5343750000000000e+01,A
100093,1345,33,+9.7125000000000000e+01,A+
100093,1352,33,+9.5687500000000000e+01,A
100093,1354,33,+9.5937500000000000e+01,A
100096,1297,33,+9.1468750000000000e+01,A-
100096,1117,33,+9.1218750000000000e+01,A-
100096,1299,33,+8.8406250000000000e+01,B+
100096,1301,33,+9.3906250000000000e+01,A
100101,1411,33,+8.8562500000000000e+01,B+
100101,1412,33,+9.0031250000000000e+01,A-
100101,1413,33,+8.9468750000000000e+01,B+
100101,1268,33,+8.7906250000000000e+01,B+
100105,1126,33,+8.0937500000000000e+01,B-
100105,1130,33,+8.0843750000000000e+01,B-
100105,1132,33,+8.4531250000000000e+01,B
100117,1353,33,+8.6343750000000000e+01,B
100117,1354,33,+9.2218750000000000e+01,A-
100118,1411,33,+9.2031250000000000e+01,A-
100118,1412,33,+9.3718750000000000e+01,A
100118,1413,33,+9.2843750000000000e+01,A-
100118,1339,33,+9.3156250000000000e+01,A
100118,1414,33,+9.5343750000000000e+01,A
100151,1121,33,+9.6875000000000000e+01,A
100151,1221,33,+9.9687500000000000e+01,A+
100151,1123,33,+9.7593750000000000e+01,A+
100151,1126,33,+9.1687500000000000e+01,A-
100166,1287,33,+9.1312500000000000e+01,A-
100166,1297,33,+8.4687500000000000e+01,B
100166,1299,33,+8.0062500000000000e+01,B-
100167,1299,33,+8.5562500000000000e+01,B
100167,1300,33,+8.0218750000000000e+01,B-
100167,1270,33,+8.8937500000000000e+01,B+
100192,1345,33,+8.1750000000000000e+01,B-
100192,1355,33,+8.8156250000000000e+01,B+
100196,1401,33,+8.7781250000000000e+01,B+
100196,1409,33,+8.2968750000000000e+01,B-
100196,1411,33,+7.5312500000000000e+01,C
100197,1301,33,+7.9218750000000000e+01,C+
100197,1302,33,+7.7281250000000000e+01,C+
100197,1304,33,+7.9812500000000000e+01,C+
100210,1123,33,+9.0281250000000000e+01,A-
100210,1223,33,+9.2593750000000000e+01,A-
100210,1226,33,+9.2593750000000000e+01,A-
100210,1229,33,+9.1625000000000000e+01,A-
100224,1299,33,+8.1250000000000000e+01,B-
100224,1270,33,+8.4687500000000000e+01,B
100225,1336,33,+9.3687500000000000e+01,A
100225,1337,33,+9.2875000000000000e+01,A-
100225,1351,33,+9.1062500000000000e+01,A-
100225,1352,33,+9.3125000000000000e+01,A
100225,1353,33,+9.4000000000000000e+01,A
100232,1121,33,+8.2000000000000000e+01,B-
100241,1267,33,+5.8031250000000000e+01,F
100241,1300,33,+6.1406250000000000e+01,D
100241,1301,33,+6.0750000000000000e+01,D
100241,1302,33,+5.6562500000000000e+01,F
100241,1121,33,+5.6187500000000000e+01,F
100245,1235,33,+8.7843750000000000e+01,B+
100253,1299,33,+8.5218750000000000e+01,B
100253,1300,33,+9.1656250000000000e+01,A-
100253,1302,33,+8.9187500000000000e+01,B+
100253,1304,33,+8.4218750000000000e+01,B
100253,1305,33,+9.2187500000000000e+01,A-
100254,1122,33,+8.8093750000000000e+01,B+
100254,1225,33,+8.8625000000000000e+01,B+
100254,1227,33,+8.4562500000000000e+01,B
100262,1327,33,+8.6125000000000000e+01,B
100262,1287,33,+8.4125000000000000e+01,B
100262,1295,33,+7.5781250000000000e+01,C
100262,1296,33,+8.1125000000000000e+01,B-
100263,1408,33,+8.1125000000000000e+01,B-
100263,1401,33,+8.6875000000000000e+01,B
100263,1409,33,+8.0281250000000000e+01,B-
100263,1410,33,+8.4218750000000000e+01,B
100263,1412,33,+8.3468750000000000e+01,B
100267,1401,33,+9.8687500000000000e+01,A+
100267,1409,33,+9.6406250000000000e+01,A
100267,1411,33,+9.3625000000000000e+01,A
100290,1411,33,+8.2875000000000000e+01,B-
100290,1412,33,+8.2687500000000000e+01,B-
100290,1413,33,+8.2687500000000000e+01,B-
100290,1414,33,+8.2312500000000000e+01,B-
100299,1351,33,+8.9000000000000000e+01,B+
100299,1352,33,+8.3468750000000000e+01,B
100299,1354,33,+8.7968750000000000e+01,B+
100299,1133,33,+8.9406250000000000e+01,B+
100303,1309,33,+8.4218750000000000e+01,B
100303,1229,33,+8.8437500000000000e+01,B+
100323,1297,33,+9.7093750000000000e+01,A+
100323,1299,33,+9.7812500000000000e+01,A+
100323,1300,33,+9.0156250000000000e+01,A-
100323,1301,33,+9.6687500000000000e+01,A
100323,1302,33,+9.7281250000000000e+01,A+
100325,1408,33,+8.9781250000000000e+01,B+
100325,1410,33,+8.5937500000000000e+01,B
100325,1411,33,+9.1156250000000000e+01,A-
100325,1412,33,+8.3781250000000000e+01,B
100325,1413,33,+8.9218750000000000e+01,B+
100352,1116,33,+8.6218750000000000e+01,B
100373,1305,33,+9.5531250000000000e+01,A
100379,1346,33,+9.4218750000000000e+01,A
100379,1349,33,+9.0343750000000000e+01,A-
100379,1351,33,+8.8593750000000000e+01,B+
100379,1355,33,+8.8843750000000000e+01,B+
100379,1358,33,+9.1906250000000000e+01,A-
100399,1401,33,+9.0687500000000000e+01,A-
100399,1409,33,+9.1375000000000000e+01,A-
100399,1410,33,+8.8093750000000000e+01,B+
100399,1411,33,+8.5000000000000000e+01,B
100399,1265,33,+8.6218750000000000e+01,B
100402,1286,33,+8.1000000000000000e+01,B-
100402,1287,33,+8.4375000000000000e+01,B
100402,1295,33,+8.0781250000000000e+01,B-
100434,1401,33,+8.5156250000000000e+01,B
100434,1409,33,+8.4625000000000000e+01,B
100434,1410,33,+8.8031250000000000e+01,B+
100436,1337,33,+5.8875000000000000e+01,F
100436,1343,33,+5.8906250000000000e+01,F
100436,1344,33,+5.9031250000000000e+01,F
100436,1353,33,+6.0250000000000000e+01,D
100436,1354,33,+5.6781250000000000e+01,F
100449,1407,33,+8.6218750000000000e+01,B
100449,1400,33,+7.9406250000000000e+01,C+
100449,1409,33,+8.0500000000000000e+01,B-
100449,1413,33,+7.9281250000000000e+01,C+
100478,1286,33,+8.4093750000000000e+01,B
100478,1294,33,+7.9406250000000000e+01,C+
100478,1112,33,+8.2468750000000000e+01,B-
100478,1287,33,+8.2656250000000000e+01,B-
100478,1297,33,+8.1968750000000000e+01,B-
100488,1411,33,+9.2250000000000000e+01,A-
100488,1412,33,+9.6250000000000000e+01,A
100488,1413,33,+9.1125000000000000e+01,A-
100488,1414,33,+9.4375000000000000e+01,A
100490,1126,33,+8.3625000000000000e+01,B
100490,1129,33,+8.5437500000000000e+01,B
100490,1231,33,+8.3406250000000000e+01,B
100490,1136,33,+8.0437500000000000e+01,B-
100490,1237,33,+8.1343750000000000e+01,B-
100502,1408,33,+9.6312500000000000e+01,A
100502,1401,33,+9.4843750000000000e+01,A
100502,1213,33,+9.7500000000000000e+01,A+
100502,1410,33,+9.5937500000000000e+01,A
100522,1356,33,+9.0500000000000000e+01,A-
100522,1358,33,+8.8218750000000000e+01,B+
100522,1238,33,+9.2625000000000000e+01,A-
100540,1269,33,+8.1687500000000000e+01,B-
100540,1219,33,+8.7062500000000000e+01,B+
100552,1121,33,+9.8625000000000000e+01,A+
100552,1230,33,+9.6812500000000000e+01,A
100552,1137,33,+9.7187500000000000e+01,A+
100552,1140,33,+9.7656250000000000e+01,A+
100555,1228,33,+5.6343750000000000e+01,F
100576,1333,33,+8.8906250000000000e+01,B+
100576,1204,33,+8.7937500000000000e+01,B+
100576,1267,33,+9.2062500000000000e+01,A-
100596,1124,33,+8.6593750000000000e+01,B
100596,1306,33,+8.6156250000000000e+01,B
100599,1412,33,+8.6468750000000000e+01,B
100599,1300,33,+8.7343750000000000e+01,B+
100599,1301,33,+8.7718750000000000e+01,B+
100619,1223,33,+8.6250000000000000e+01,B
100627,1262,33,+7.7906250000000000e+01,C+
100627,1295,33,+8.5937500000000000e+01,B
100627,1409,33,+8.7187500000000000e+01,B+
100627,1410,33,+7.3968750000000000e+01,C
100627,1411,33,+8.3437500000000000e+01,B
100642,1295,33,+8.5187500000000000e+01,B
100642,1337,33,+8.4562500000000000e+01,B
100646,1273,33,+9.1312500000000000e+01,A-
100646,1124,33,+8.9406250000000000e+01,B+
100646,1137,33,+9.3250000000000000e+01,A
100662,1410,33,+9.1000000000000000e+01,A-
100662,1215,33,+8.5843750000000000e+01,B
100662,1413,33,+8.7125000000000000e+01,B+
100684,1411,33,+8.7187500000000000e+01,B+
100684,1412,33,+8.3343750000000000e+01,B
100684,1414,33,+8.2000000000000000e+01,B-
100684,1415,33,+7.8968750000000000e+01,C+
100689,1413,33,+9.0000000000000000e+01,A-
100689,1414,33,+9.0375000000000000e+01,A-
100689,1415,33,+9.0593750000000000e+01,A-
100689,1416,33,+9.3750000000000000e+01,A
100698,1356,33,+8.9500000000000000e+01,B+
100698,1357,33,+8.5281250000000000e+01,B
100698,1361,33,+8.8968750000000000e+01,B+
100698,1363,33,+8.7812500000000000e+01,B+
100698,1364,33,+8.8062500000000000e+01,B+
100700,1410,33,+8.0312500000000000e+01,B-
100700,1411,33,+8.5625000000000000e+01,B
100700,1413,33,+8.2406250000000000e+01,B-
100701,1401,33,+8.5625000000000000e+01,B
100701,1409,33,+8.6781250000000000e+01,B
100701,1410,33,+8.5531250000000000e+01,B
100701,1411,33,+9.0406250000000000e+01,A-
100706,1118,33,+8.8000000000000000e+01,B+
100708,1401,33,+8.8312500000000000e+01,B+
100708,1409,33,+8.8093750000000000e+01,B+
100708,1410,33,+8.9000000000000000e+01,B+
100713,1287,33,+8.9781250000000000e+01,B+
100713,1295,33,+9.0875000000000000e+01,A-
100713,1296,33,+8.9593750000000000e+01,B+
100713,1297,33,+8.8687500000000000e+01,B+
100713,1299,33,+8.6343750000000000e+01,B
100716,1126,33,+8.6437500000000000e+01,B
100716,1229,33,+8.1437500000000000e+01,B-
100716,1313,33,+9.2500000000000000e+01,A-
100729,1268,33,+9.4718750000000000e+01,A
100729,1221,33,+9.6281250000000000e+01,A
100729,1272,33,+9.7656250000000000e+01,A+
100729,1224,33,+9.8625000000000000e+01,A+
100734,1401,33,+9.1968750000000000e+01,A-
100734,1410,33,+9.1375000000000000e+01,A-
100779,1327,33,+9.8312500000000000e+01,A+
100779,1287,33,+1.0037500000000000e+02,A+
100779,1255,33,+9.7656250000000000e+01,A+
100782,1339,33,+8.9156250000000000e+01,B+
100782,1121,33,+8.8593750000000000e+01,B+
100782,1418,33,+9.0187500000000000e+01,A-
100785,1295,33,+9.2468750000000000e+01,A-
100785,1297,33,+9.4062500000000000e+01,A
100785,1299,33,+9.4187500000000000e+01,A
100785,1301,33,+9.2750000000000000e+01,A-
100788,1412,33,+8.0937500000000000e+01,B-
100788,1414,33,+7.9812500000000000e+01,C+
100788,1415,33,+8.4281250000000000e+01,B
100788,1120,33,+8.6406250000000000e+01,B
100800,1344,33,+9.3656250000000000e+01,A
100800,1345,33,+8.9625000000000000e+01,B+
100806,1410,33,+8.1218750000000000e+01,B-
100806,1411,33,+8.5781250000000000e+01,B
100806,1413,33,+7.4156250000000000e+01,C
100806,1415,33,+8.1593750000000000e+01,B-
100807,1287,33,+7.4593750000000000e+01,C
100807,1296,33,+8.4843750000000000e+01,B
100807,1300,33,+8.4812500000000000e+01,B
100810,1270,33,+7.7312500000000000e+01,C+
100810,1221,33,+8.3937500000000000e+01,B
100825,1327,33,+8.7187500000000000e+01,B+
100825,1349,33,+9.0718750000000000e+01,A-
100825,1352,33,+8.4906250000000000e+01,B
100827,1327,33,+9.2625000000000000e+01,A-
100827,1219,33,+8.2281250000000000e+01,B-
100829,1401,33,+7.6250000000000000e+01,C
100829,1409,33,+8.3593750000000000e+01,B
100829,1412,33,+8.4875000000000000e+01,B
100829,1413,33,+7.9312500000000000e+01,C+
100845,1300,33,+9.6781250000000000e+01,A
100845,1301,33,+9.4906250000000000e+01,A
100845,1304,33,+9.5625000000000000e+01,A
100845,1305,33,+9.3343750000000000e+01,A
100847,1299,33,+8.8375000000000000e+01,B+
100847,1300,33,+8.2375000000000000e+01,B-
100847,1302,33,+8.8781250000000000e+01,B+
100847,1305,33,+8.5781250000000000e+01,B
100851,1294,33,+9.3093750000000000e+01,A
100851,1296,33,+9.0250000000000000e+01,A-
100866,1300,33,+8.1562500000000000e+01,B-
100866,1301,33,+7.9218750000000000e+01,C+
100866,1304,33,+8.5468750000000000e+01,B
100893,1346,33,+8.6468750000000000e+01,B
100893,1356,33,+9.1500000000000000e+01,A-
100913,1296,33,+8.6750000000000000e+01,B
100913,1297,33,+8.6812500000000000e+01,B
100913,1299,33,+8.8500000000000000e+01,B+
100913,1302,33,+8.4406250000000000e+01,B
100945,1112,33,+8.3937500000000000e+01,B
100945,1116,33,+8.1812500000000000e+01,B-
100945,1117,33,+8.6843750000000000e+01,B
100945,1120,33,+7.7781250000000000e+01,C+
100951,1409,33,+9.4312500000000000e+01,A
100951,1411,33,+9.1125000000000000e+01,A-
100951,1412,33,+9.5218750000000000e+01,A
100951,1414,33,+9.4843750000000000e+01,A
100951,1119,33,+9.1437500000000000e+01,A-
100952,1123,33,+8.8000000000000000e+01,B+
100952,1230,33,+9.0500000000000000e+01,A-
100952,1131,33,+8.1906250000000000e+01,B-
100952,1233,33,+8.7593750000000000e+01,B+
100956,1352,33,+8.5187500000000000e+01,B
100956,1353,33,+8.2281250000000000e+01,B-
100956,1356,33,+7.9062500000000000e+01,C+
100956,1357,33,+8.2343750000000000e+01,B-
100956,1358,33,+8.3468750000000000e+01,B
100958,1337,33,+8.1000000000000000e+01,B-
100958,1339,33,+8.1500000000000000e+01,B-
100958,1343,33,+8.1968750000000000e+01,B-
100963,1349,33,+9.7625000000000000e+01,A+
100963,1351,33,+9.7687500000000000e+01,A+
100963,1352,33,+9.5000000000000000e+01,A
100963,1354,33,+9.6593750000000000e+01,A
100964,1287,33,+8.7437500000000000e+01,B+
100964,1295,33,+8.9687500000000000e+01,B+
100964,1296,33,+8.6437500000000000e+01,B
100964,1297,33,+8.7875000000000000e+01,B+
100967,1262,33,+7.9062500000000000e+01,C+
100967,1273,33,+8.2625000000000000e+01,B-
100971,1416,33,+9.1125000000000000e+01,A-
100971,1126,33,+9.0500000000000000e+01,A-
100981,1401,33,+8.4437500000000000e+01,B
100981,1295,33,+8.9125000000000000e+01,B+
100981,1409,33,+8.5718750000000000e+01,B
100981,1113,33,+8.9531250000000000e+01,B+
100981,1410,33,+9.0250000000000000e+01,A-
100995,1294,33,+9.1250000000000000e+01,A-
100995,1295,33,+8.0562500000000000e+01,B-
100995,1296,33,+9.0312500000000000e+01,A-
102003,1321,34,+8.9906250000000000e+01,B+
102003,1329,34,+8.6343750000000000e+01,B
102003,1319,34,+8.9968750000000000e+01,B+
102000,1245,34,+8.3468750000000000e+01,B
102000,1200,34,+7.4968750000000000e+01,C
102000,1096,34,+8.2218750000000000e+01,B-
102000,1102,34,+8.1937500000000000e+01,B-
102003,1320,34,+8.9687500000000000e+01,B+
101999,1219,34,+8.8812500000000000e+01,B+
101999,1270,34,+9.3250000000000000e+01,A
101999,1220,34,+9.1843750000000000e+01,A-
101999,1121,34,+9.4156250000000000e+01,A
102012,1282,34,+8.5968750000000000e+01,B
102012,1283,34,+8.6656250000000000e+01,B
102012,1279,34,+8.7312500000000000e+01,B+
102013,1246,34,+8.5406250000000000e+01,B
102013,1202,34,+8.9843750000000000e+01,B+
102018,1402,34,+8.6437500000000000e+01,B
102018,1395,34,+8.5781250000000000e+01,B
102018,1403,34,+8.4625000000000000e+01,B
102018,1396,34,+8.3875000000000000e+01,B
102018,1404,34,+8.6437500000000000e+01,B
102031,1282,34,+7.8312500000000000e+01,C+
102068,1283,34,+8.6875000000000000e+01,B
102068,1319,34,+8.8593750000000000e+01,B+
102068,1279,34,+9.3281250000000000e+01,A
102070,1324,34,+8.8625000000000000e+01,B+
102070,1332,34,+8.7656250000000000e+01,B+
102098,1395,34,+9.0562500000000000e+01,A-
102098,1392,34,+8.9937500000000000e+01,B+
102098,1404,34,+8.8062500000000000e+01,B+
102098,1393,34,+8.6218750000000000e+01,B
102109,1282,34,+8.4937500000000000e+01,B
102109,1290,34,+8.2343750000000000e+01,B-
102109,1283,34,+8.2093750000000000e+01,B-
102120,1194,34,+8.6875000000000000e+01,B
102120,1256,34,+8.3687500000000000e+01,B
102120,1391,34,+8.7687500000000000e+01,B+
102120,1250,34,+9.1843750000000000e+01,A-
102120,1096,34,+8.9906250000000000e+01,B+
102126,1282,34,+8.6375000000000000e+01,B
102126,1290,34,+8.9781250000000000e+01,B+
102126,1283,34,+8.8593750000000000e+01,B+
102126,1291,34,+8.4437500000000000e+01,B
102126,1284,34,+8.9406250000000000e+01,B+
102130,1392,34,+8.9062500000000000e+01,B+
102130,1404,34,+9.1125000000000000e+01,A-
102130,1393,34,+9.1843750000000000e+01,A-
102130,1398,34,+9.1312500000000000e+01,A-
102130,1394,34,+8.7500000000000000e+01,B+
102137,1404,34,+9.5812500000000000e+01,A
102137,1393,34,+9.6843750000000000e+01,A
102137,1405,34,+9.7250000000000000e+01,A+
102138,1393,34,+8.3093750000000000e+01,B
102138,1247,34,+9.0781250000000000e+01,A-
102138,1103,34,+9.1062500000000000e+01,A-
102138,1203,34,+8.2968750000000000e+01,B-
102139,1392,34,+9.0968750000000000e+01,A-
102139,1247,34,+9.3125000000000000e+01,A
102141,1396,34,+5.8656250000000000e+01,F
102141,1392,34,+5.8843750000000000e+01,F
102141,1405,34,+6.2187500000000000e+01,D
102164,1097,34,+7.8156250000000000e+01,C+
102164,1103,34,+8.2750000000000000e+01,B-
102164,1104,34,+7.8875000000000000e+01,C+
102164,1212,34,+7.9375000000000000e+01,C+
102185,1403,34,+7.7875000000000000e+01,C+
102185,1396,34,+8.1031250000000000e+01,B-
102185,1392,34,+8.2187500000000000e+01,B-
102213,1318,34,+9.3437500000000000e+01,A
102213,1323,34,+9.6593750000000000e+01,A
102213,1319,34,+9.4718750000000000e+01,A
102213,1331,34,+9.0125000000000000e+01,A-
102225,1200,34,+9.8718750000000000e+01,A+
102225,1101,34,+9.7593750000000000e+01,A+
102230,1282,34,+8.0656250000000000e+01,B-
102230,1096,34,+8.4375000000000000e+01,B
102230,1290,34,+7.9187500000000000e+01,C+
102233,1290,34,+5.2781250000000000e+01,F
102233,1283,34,+5.8937500000000000e+01,F
102233,1279,34,+5.3187500000000000e+01,F
102247,1392,34,+8.1406250000000000e+01,B-
102256,1256,34,+7.9281250000000000e+01,C+
102256,1391,34,+8.5500000000000000e+01,B
102256,1403,34,+9.0093750000000000e+01,A-
102273,1289,34,+9.2437500000000000e+01,A-
102273,1208,34,+9.0500000000000000e+01,A-
102278,1196,34,+8.7250000000000000e+01,B+
102278,1251,34,+8.9468750000000000e+01,B+
102285,1282,34,+9.0468750000000000e+01,A-
102285,1290,34,+8.8125000000000000e+01,B+
102285,1283,34,+9.1250000000000000e+01,A-
102285,1279,34,+8.9062500000000000e+01,B+
102316,1289,34,+8.2093750000000000e+01,B-
102316,1291,34,+8.2843750000000000e+01,B-
102318,1282,34,+8.5156250000000000e+01,B
102318,1290,34,+8.7562500000000000e+01,B+
102318,1283,34,+8.5843750000000000e+01,B
102320,1290,34,+9.0750000000000000e+01,A-
102320,1283,34,+9.3156250000000000e+01,A
102363,1318,34,+9.4406250000000000e+01,A
102363,1323,34,+9.3000000000000000e+01,A
102363,1098,34,+9.8531250000000000e+01,A+
102363,1326,34,+9.6937500000000000e+01,A
102363,1334,34,+9.8875000000000000e+01,A+
102365,1277,34,+8.6312500000000000e+01,B
102365,1282,34,+9.2062500000000000e+01,A-
102365,1283,34,+8.7187500000000000e+01,B+
102365,1279,34,+8.7312500000000000e+01,B+
102368,1390,34,+9.6593750000000000e+01,A
102368,1395,34,+9.0843750000000000e+01,A-
102368,1391,34,+9.1312500000000000e+01,A-
102368,1403,34,+9.1625000000000000e+01,A-
102369,1277,34,+9.7625000000000000e+01,A+
102390,1391,34,+9.0812500000000000e+01,A-
102390,1403,34,+9.0062500000000000e+01,A-
102390,1396,34,+8.7687500000000000e+01,B+
102390,1392,34,+9.2000000000000000e+01,A-
102392,1329,34,+8.6531250000000000e+01,B
102392,1318,34,+8.0812500000000000e+01,B-
102396,1277,34,+8.4156250000000000e+01,B
102396,1329,34,+8.3406250000000000e+01,B
102396,1330,34,+8.0750000000000000e+01,B-
102396,1323,34,+8.0031250000000000e+01,B-
102399,1253,34,+8.7468750000000000e+01,B+
102399,1262,34,+8.8281250000000000e+01,B+
102399,1212,34,+8.8062500000000000e+01,B+
102399,1255,34,+8.7937500000000000e+01,B+
102399,1115,34,+8.9531250000000000e+01,B+
102415,1199,34,+9.0437500000000000e+01,A-
102415,1391,34,+9.0718750000000000e+01,A-
102415,1403,34,+8.5968750000000000e+01,B
102443,1281,34,+8.6093750000000000e+01,B
102443,1289,34,+8.7281250000000000e+01,B+
102443,1282,34,+8.8937500000000000e+01,B+
102443,1290,34,+9.1593750000000000e+01,A-
102449,1322,34,+8.9031250000000000e+01,B+
102449,1330,34,+8.7906250000000000e+01,B+
102449,1331,34,+8.2718750000000000e+01,B-
102449,1325,34,+8.5968750000000000e+01,B
102452,1391,34,+5.4375000000000000e+01,F
102452,1403,34,+5.4812500000000000e+01,F
102452,1396,34,+5.7875000000000000e+01,F
102454,1395,34,+9.0500000000000000e+01,A-
102454,1391,34,+9.0875000000000000e+01,A-
102454,1403,34,+9.0375000000000000e+01,A-
102461,1206,34,+8.2281250000000000e+01,B-
102461,1250,34,+8.6281250000000000e+01,B
102464,1391,34,+8.8718750000000000e+01,B+
102464,1403,34,+8.0125000000000000e+01,B-
102464,1396,34,+7.7562500000000000e+01,C+
102464,1392,34,+8.2781250000000000e+01,B-
102465,1329,34,+9.2250000000000000e+01,A-
102465,1330,34,+8.7750000000000000e+01,B+
102475,1290,34,+8.5531250000000000e+01,B
102475,1283,34,+8.1875000000000000e+01,B-
102475,1279,34,+7.9531250000000000e+01,C+
102480,1330,34,+9.9156250000000000e+01,A+
102480,1331,34,+9.8000000000000000e+01,A+
102480,1324,34,+9.4937500000000000e+01,A
102480,1320,34,+9.7218750000000000e+01,A+
102505,1097,34,+8.1750000000000000e+01,B-
102505,1202,34,+7.6718750000000000e+01,C
102505,1407,34,+7.5343750000000000e+01,C
102505,1254,34,+8.0500000000000000e+01,B-
102510,1289,34,+8.8593750000000000e+01,B+
102510,1107,34,+7.9093750000000000e+01,C+
102510,1392,34,+8.5500000000000000e+01,B
102515,1403,34,+9.0250000000000000e+01,A-
102515,1396,34,+8.6343750000000000e+01,B
102515,1392,34,+9.1593750000000000e+01,A-
102521,1281,34,+8.8937500000000000e+01,B+
102521,1277,34,+8.8062500000000000e+01,B+
102521,1282,34,+8.4562500000000000e+01,B
102521,1318,34,+8.8250000000000000e+01,B+
102522,1245,34,+8.5875000000000000e+01,B
102522,1258,34,+8.3843750000000000e+01,B
102536,1330,34,+9.0562500000000000e+01,A-
102536,1097,34,+8.7468750000000000e+01,B+
102536,1319,34,+9.0625000000000000e+01,A-
102536,1331,34,+9.0781250000000000e+01,A-
102588,1200,34,+9.0093750000000000e+01,A-
102588,1096,34,+8.3531250000000000e+01,B
102588,1246,34,+8.9312500000000000e+01,B+
102595,1318,34,+8.1125000000000000e+01,B-
102595,1330,34,+8.5968750000000000e+01,B
102595,1323,34,+8.3843750000000000e+01,B
102603,1396,34,+8.7312500000000000e+01,B+
102603,1392,34,+8.5781250000000000e+01,B
102603,1404,34,+8.3156250000000000e+01,B
102603,1251,34,+8.0562500000000000e+01,B-
102603,1405,34,+7.8093750000000000e+01,C+
102604,1289,34,+8.7093750000000000e+01,B+
102604,1282,34,+8.1593750000000000e+01,B-
102604,1290,34,+8.2531250000000000e+01,B-
102604,1283,34,+8.5093750000000000e+01,B
102604,1291,34,+8.1781250000000000e+01,B-
102605,1318,34,+7.8718750000000000e+01,C+
102605,1330,34,+8.3343750000000000e+01,B
102607,1206,34,+9.2625000000000000e+01,A-
102607,1245,34,+8.6781250000000000e+01,B
102607,1107,34,+8.9250000000000000e+01,B+
102607,1246,34,+9.0218750000000000e+01,A-
102610,1279,34,+8.2218750000000000e+01,B-
102610,1291,34,+8.2093750000000000e+01,B-
102610,1280,34,+7.6000000000000000e+01,C
102621,1277,34,+8.9812500000000000e+01,B+
102621,1282,34,+9.6531250000000000e+01,A
102621,1290,34,+9.2875000000000000e+01,A-
102621,1279,34,+9.0656250000000000e+01,A-
102623,1107,34,+8.6843750000000000e+01,B
102623,1200,34,+8.7375000000000000e+01,B+
102623,1096,34,+8.6218750000000000e+01,B
102623,1252,34,+8.7656250000000000e+01,B+
102624,1196,34,+9.1343750000000000e+01,A-
102624,1102,34,+9.5312500000000000e+01,A
102624,1259,34,+9.2687500000000000e+01,A-
102636,1322,34,+7.7250000000000000e+01,C+
102636,1330,34,+8.0250000000000000e+01,B-
102648,1396,34,+9.4312500000000000e+01,A
102648,1101,34,+9.2218750000000000e+01,A-
102650,1402,34,+9.1375000000000000e+01,A-
102650,1391,34,+9.3781250000000000e+01,A
102650,1396,34,+9.1875000000000000e+01,A-
102657,1395,34,+9.0468750000000000e+01,A-
102657,1256,34,+9.3125000000000000e+01,A
102657,1249,34,+9.1406250000000000e+01,A-
102663,1277,34,+8.9250000000000000e+01,B+
102663,1289,34,+8.0625000000000000e+01,B-
102663,1290,34,+9.0156250000000000e+01,A-
102663,1283,34,+8.8531250000000000e+01,B+
102665,1395,34,+8.3625000000000000e+01,B
102665,1391,34,+8.7375000000000000e+01,B+
102665,1403,34,+7.9625000000000000e+01,C+
102665,1396,34,+8.1437500000000000e+01,B-
102716,1403,34,+8.3968750000000000e+01,B
102716,1396,34,+9.0812500000000000e+01,A-
102716,1392,34,+8.9000000000000000e+01,B+
102716,1330,34,+8.8468750000000000e+01,B+
102716,1404,34,+8.9406250000000000e+01,B+
102719,1289,34,+9.0031250000000000e+01,A-
102719,1282,34,+8.5968750000000000e+01,B
102725,1318,34,+9.5875000000000000e+01,A
102725,1330,34,+9.4593750000000000e+01,A
102726,1289,34,+9.1468750000000000e+01,A-
102726,1290,34,+8.7531250000000000e+01,B+
102726,1283,34,+8.2750000000000000e+01,B-
102739,1319,34,+9.0437500000000000e+01,A-
102739,1202,34,+8.5906250000000000e+01,B
102745,1196,34,+8.9156250000000000e+01,B+
102745,1208,34,+8.4937500000000000e+01,B
102748,1258,34,+8.0343750000000000e+01,B-
102748,1201,34,+8.0093750000000000e+01,B-
102748,1197,34,+8.8718750000000000e+01,B+
102753,1403,34,+8.7406250000000000e+01,B+
102753,1396,34,+9.0906250000000000e+01,A-
102753,1392,34,+8.7781250000000000e+01,B+
102753,1404,34,+9.0656250000000000e+01,A-
102755,1282,34,+8.8250000000000000e+01,B+
102755,1290,34,+9.1250000000000000e+01,A-
102769,1403,34,+8.7062500000000000e+01,B+
102769,1396,34,+8.2125000000000000e+01,B-
102769,1404,34,+7.6718750000000000e+01,C
102769,1323,34,+8.1281250000000000e+01,B-
102781,1329,34,+9.4187500000000000e+01,A
102781,1318,34,+9.7375000000000000e+01,A+
102781,1331,34,+9.7843750000000000e+01,A+
102781,1324,34,+1.0090625000000000e+02,A+
102783,1395,34,+8.7062500000000000e+01,B+
102783,1095,34,+8.8031250000000000e+01,B+
102783,1200,34,+8.4937500000000000e+01,B
102802,1095,34,+9.2687500000000000e+01,A-
102802,1289,34,+9.0156250000000000e+01,A-
102802,1403,34,+9.3000000000000000e+01,A
102805,1292,34,+8.1000000000000000e+01,B-
102809,1099,34,+9.2250000000000000e+01,A-
102818,1281,34,+7.8125000000000000e+01,C+
102818,1277,34,+7.6406250000000000e+01,C
102818,1289,34,+8.5156250000000000e+01,B
102840,1329,34,+9.9093750000000000e+01,A+
102840,1318,34,+9.9031250000000000e+01,A+
102840,1330,34,+9.4875000000000000e+01,A
102840,1319,34,+9.0625000000000000e+01,A-
102854,1396,34,+9.0000000000000000e+01,A-
102854,1282,34,+9.0250000000000000e+01,A-
102854,1290,34,+8.6468750000000000e+01,B
102854,1283,34,+8.1125000000000000e+01,B-
102864,1282,34,+8.0718750000000000e+01,B-
102864,1290,34,+8.2593750000000000e+01,B-
102864,1283,34,+8.4281250000000000e+01,B
102864,1279,34,+8.5406250000000000e+01,B
102865,1279,34,+7.7281250000000000e+01,C+
102865,1284,34,+8.2031250000000000e+01,B-
102865,1280,34,+8.2562500000000000e+01,B-
102871,1245,34,+8.1125000000000000e+01,B-
102871,1201,34,+8.1218750000000000e+01,B-
102884,1329,34,+9.7468750000000000e+01,A+
102884,1207,34,+9.8812500000000000e+01,A+
102884,1250,34,+9.5437500000000000e+01,A
102884,1200,34,+9.5312500000000000e+01,A
102888,1207,34,+7.9218750000000000e+01,C+
102888,1196,34,+7.8625000000000000e+01,C+
102888,1098,34,+8.4281250000000000e+01,B
102897,1277,34,+9.2125000000000000e+01,A-
102897,1282,34,+8.7000000000000000e+01,B+
102897,1290,34,+8.9312500000000000e+01,B+
102901,1289,34,+8.6281250000000000e+01,B
102901,1282,34,+8.1093750000000000e+01,B-
102901,1279,34,+8.3437500000000000e+01,B
102902,1282,34,+8.0562500000000000e+01,B-
102902,1290,34,+7.8843750000000000e+01,C+
102902,1283,34,+7.9656250000000000e+01,C+
102902,1291,34,+8.2718750000000000e+01,B-
102902,1284,34,+7.9281250000000000e+01,C+
102907,1289,34,+7.8812500000000000e+01,C+
102907,1290,34,+8.1937500000000000e+01,B-
102907,1279,34,+8.0500000000000000e+01,B-
102917,1260,34,+8.7843750000000000e+01,B+
102917,1293,34,+8.7406250000000000e+01,B+
102930,1330,34,+9.3875000000000000e+01,A
102930,1319,34,+9.8781250000000000e+01,A+
102930,1324,34,+9.6625000000000000e+01,A
102936,1402,34,+8.1718750000000000e+01,B-
102946,1249,34,+8.8062500000000000e+01,B+
102946,1391,34,+9.0500000000000000e+01,A-
102946,1403,34,+8.6031250000000000e+01,B
102946,1396,34,+9.1968750000000000e+01,A-
102969,1321,34,+8.3375000000000000e+01,B
102969,1322,34,+8.2375000000000000e+01,B-
102969,1330,34,+8.5906250000000000e+01,B
102985,1395,34,+9.7656250000000000e+01,A+
102985,1391,34,+9.8281250000000000e+01,A+
102985,1396,34,+9.5281250000000000e+01,A
102985,1392,34,+9.5375000000000000e+01,A
102994,1208,34,+8.1656250000000000e+01,B-
100981,1413,34,+8.9781250000000000e+01,B+
100981,1414,34,+9.1562500000000000e+01,A-
100981,1415,34,+8.6968750000000000e+01,B
100981,1417,34,+8.9656250000000000e+01,B+
101003,1327,34,+8.6312500000000000e+01,B
101003,1335,34,+7.9812500000000000e+01,C+
101003,1336,34,+8.3250000000000000e+01,B
101019,1333,34,+8.5281250000000000e+01,B
101019,1407,34,+9.1343750000000000e+01,A-
101019,1327,34,+9.2156250000000000e+01,A-
101024,1336,34,+7.3187500000000000e+01,C
101024,1339,34,+8.7593750000000000e+01,B+
101024,1341,34,+7.9093750000000000e+01,C+
101024,1343,34,+8.1875000000000000e+01,B-
101024,1344,34,+8.5343750000000000e+01,B
101026,1393,34,+7.8500000000000000e+01,C+
101026,1405,34,+8.0937500000000000e+01,B-
101026,1398,34,+8.3843750000000000e+01,B
101026,1406,34,+7.8562500000000000e+01,C+
101035,1210,34,+8.7312500000000000e+01,B+
101035,1401,34,+8.4593750000000000e+01,B
101036,1334,34,+8.9437500000000000e+01,B+
101055,1293,34,+8.4625000000000000e+01,B
101055,1294,34,+8.4156250000000000e+01,B
101055,1287,34,+8.3687500000000000e+01,B
101056,1335,34,+8.1968750000000000e+01,B-
101056,1337,34,+8.1812500000000000e+01,B-
101058,1399,34,+8.8062500000000000e+01,B+
101058,1407,34,+8.6250000000000000e+01,B
101058,1400,34,+8.8250000000000000e+01,B+
101058,1211,34,+8.8250000000000000e+01,B+
101058,1408,34,+8.4218750000000000e+01,B
101077,1254,34,+8.8718750000000000e+01,B+
101077,1112,34,+9.0218750000000000e+01,A-
101077,1255,34,+8.7437500000000000e+01,B+
101077,1113,34,+9.0343750000000000e+01,A-
101077,1120,34,+8.7093750000000000e+01,B+
101083,1225,34,+8.5937500000000000e+01,B
101083,1309,34,+7.8062500000000000e+01,C+
101089,1324,34,+9.4968750000000000e+01,A
101089,1333,34,+9.5656250000000000e+01,A
101089,1326,34,+9.1187500000000000e+01,A-
101147,1327,34,+8.3375000000000000e+01,B
101147,1346,34,+8.3500000000000000e+01,B
101147,1347,34,+8.7187500000000000e+01,B+
101148,1341,34,+7.8968750000000000e+01,C+
101148,1344,34,+8.7312500000000000e+01,B+
101148,1304,34,+8.2375000000000000e+01,B-
101148,1347,34,+7.9625000000000000e+01,C+
101148,1422,34,+7.9312500000000000e+01,C+
101150,1407,34,+9.1593750000000000e+01,A-
101150,1400,34,+9.4156250000000000e+01,A
101150,1408,34,+9.1531250000000000e+01,A-
101150,1401,34,+9.1062500000000000e+01,A-
101158,1126,34,+8.2500000000000000e+01,B-
101164,1261,34,+9.3687500000000000e+01,A
101164,1211,34,+9.0125000000000000e+01,A-
101164,1112,34,+9.3093750000000000e+01,A
101165,1399,34,+8.4656250000000000e+01,B
101165,1407,34,+8.3250000000000000e+01,B
101165,1400,34,+8.4250000000000000e+01,B
101165,1401,34,+8.1562500000000000e+01,B-
101187,1320,34,+8.4250000000000000e+01,B
101187,1255,34,+8.5656250000000000e+01,B
101188,1221,34,+9.8531250000000000e+01,A+
101188,1346,34,+9.2312500000000000e+01,A-
101188,1420,34,+1.0109375000000000e+02,A+
101200,1261,34,+8.2500000000000000e+01,B-
101200,1409,34,+7.7687500000000000e+01,C+
101211,1272,34,+8.4687500000000000e+01,B
101211,1230,34,+8.3375000000000000e+01,B
101215,1119,34,+8.6531250000000000e+01,B
101215,1271,34,+8.1343750000000000e+01,B-
101215,1273,34,+8.4312500000000000e+01,B
101238,1292,34,+9.0968750000000000e+01,A-
101238,1285,34,+9.4093750000000000e+01,A
101238,1293,34,+9.2687500000000000e+01,A-
101238,1286,34,+9.2218750000000000e+01,A-
101245,1283,34,+9.0875000000000000e+01,A-
101266,1341,34,+5.7625000000000000e+01,F
101266,1344,34,+5.6250000000000000e+01,F
101266,1349,34,+5.8343750000000000e+01,F
101273,1101,34,+5.4000000000000000e+01,F
101275,1407,34,+9.1156250000000000e+01,A-
101275,1400,34,+8.8468750000000000e+01,B+
101278,1320,34,+8.0562500000000000e+01,B-
101278,1112,34,+7.9875000000000000e+01,C+
101282,1302,34,+8.7656250000000000e+01,B+
101282,1345,34,+8.4812500000000000e+01,B
101290,1339,34,+7.6562500000000000e+01,C
101290,1220,34,+8.2593750000000000e+01,B-
101290,1344,34,+8.4968750000000000e+01,B
101290,1345,34,+7.4437500000000000e+01,C
101290,1346,34,+8.1593750000000000e+01,B-
101293,1330,34,+8.5812500000000000e+01,B
101306,1296,34,+8.0906250000000000e+01,B-
101329,1212,34,+8.2500000000000000e+01,B-
101329,1255,34,+8.4812500000000000e+01,B
101329,1117,34,+7.9562500000000000e+01,C+
101336,1399,34,+9.3843750000000000e+01,A
101336,1407,34,+9.3812500000000000e+01,A
101336,1400,34,+9.4250000000000000e+01,A
101336,1334,34,+9.0687500000000000e+01,A-
101347,1398,34,+7.0750000000000000e+01,C
101347,1394,34,+8.1531250000000000e+01,B-
101347,1407,34,+8.3468750000000000e+01,B
101358,1399,34,+9.3031250000000000e+01,A
101358,1407,34,+8.9531250000000000e+01,B+
101358,1408,34,+8.7031250000000000e+01,B+
101358,1401,34,+9.3437500000000000e+01,A
101376,1270,34,+8.6437500000000000e+01,B
101376,1123,34,+8.7000000000000000e+01,B+
101376,1232,34,+9.0500000000000000e+01,A-
101381,1115,34,+8.3281250000000000e+01,B
101381,1413,34,+8.1625000000000000e+01,B-
101382,1263,34,+7.9656250000000000e+01,C+
101382,1265,34,+8.1062500000000000e+01,B-
101385,1263,34,+9.1218750000000000e+01,A-
101385,1297,34,+9.2656250000000000e+01,A-
101385,1270,34,+9.1031250000000000e+01,A-
101387,1349,34,+8.7906250000000000e+01,B+
101387,1351,34,+8.5906250000000000e+01,B
101387,1355,34,+7.4031250000000000e+01,C
101398,1260,34,+9.3906250000000000e+01,A
101398,1211,34,+9.3687500000000000e+01,A
101399,1212,34,+9.2281250000000000e+01,A-
101399,1255,34,+9.4187500000000000e+01,A
101431,1325,34,+8.3812500000000000e+01,B
101438,1294,34,+8.3250000000000000e+01,B
101438,1287,34,+8.5187500000000000e+01,B
101438,1296,34,+8.3312500000000000e+01,B
101438,1297,34,+7.8437500000000000e+01,C+
101483,1326,34,+8.4843750000000000e+01,B
101491,1333,34,+8.6218750000000000e+01,B
101491,1293,34,+8.8156250000000000e+01,B+
101491,1294,34,+8.6031250000000000e+01,B
101491,1287,34,+8.9093750000000000e+01,B+
101491,1296,34,+9.0281250000000000e+01,A-
101505,1286,34,+9.6656250000000000e+01,A
101505,1287,34,+9.8312500000000000e+01,A+
101505,1296,34,+9.3687500000000000e+01,A
101519,1412,34,+9.6843750000000000e+01,A
101519,1344,34,+9.9281250000000000e+01,A+
101563,1116,34,+9.1250000000000000e+01,A-
101582,1407,34,+8.9562500000000000e+01,B+
101582,1400,34,+9.0593750000000000e+01,A-
101582,1408,34,+8.7156250000000000e+01,B+
101582,1401,34,+8.8781250000000000e+01,B+
101583,1337,34,+8.9750000000000000e+01,B+
101583,1344,34,+8.5906250000000000e+01,B
101583,1345,34,+8.7750000000000000e+01,B+
101596,1113,34,+8.0250000000000000e+01,B-
101596,1215,34,+8.4593750000000000e+01,B
101603,1253,34,+5.7187500000000000e+01,F
101603,1104,34,+5.3750000000000000e+01,F
101603,1255,34,+5.3750000000000000e+01,F
101603,1205,34,+5.6531250000000000e+01,F
101603,1336,34,+5.4406250000000000e+01,F
101616,1104,34,+8.6875000000000000e+01,B
101616,1211,34,+8.5156250000000000e+01,B
101616,1266,34,+8.3593750000000000e+01,B
101617,1265,34,+9.1093750000000000e+01,A-
101617,1267,34,+9.1656250000000000e+01,A-
101617,1220,34,+9.1125000000000000e+01,A-
101617,1121,34,+9.3562500000000000e+01,A
101618,1296,34,+8.6593750000000000e+01,B
101618,1297,34,+7.9750000000000000e+01,C+
101618,1299,34,+8.7750000000000000e+01,B+
101618,1267,34,+8.1687500000000000e+01,B-
101621,1259,34,+8.6718750000000000e+01,B
101635,1341,34,+9.1000000000000000e+01,A-
101635,1343,34,+9.1062500000000000e+01,A-
101635,1344,34,+8.9437500000000000e+01,B+
101650,1214,34,+9.1968750000000000e+01,A-
101650,1216,34,+8.8750000000000000e+01,B+
101650,1267,34,+8.7281250000000000e+01,B+
101650,1268,34,+8.8750000000000000e+01,B+
101667,1293,34,+9.0375000000000000e+01,A-
101667,1287,34,+8.5937500000000000e+01,B
101680,1266,34,+1.0090625000000000e+02,A+
101680,1269,34,+9.7625000000000000e+01,A+
101681,1215,34,+9.0593750000000000e+01,A-
101688,1285,34,+8.9718750000000000e+01,B+
101688,1293,34,+8.7625000000000000e+01,B+
101688,1294,34,+8.8687500000000000e+01,B+
101688,1287,34,+7.9125000000000000e+01,C+
101690,1346,34,+9.0687500000000000e+01,A-
101694,1203,34,+8.5031250000000000e+01,B
101694,1407,34,+8.9031250000000000e+01,B+
101699,1287,34,+8.0031250000000000e+01,B-
101699,1295,34,+8.4375000000000000e+01,B
101699,1263,34,+8.2343750000000000e+01,B-
101699,1296,34,+8.0281250000000000e+01,B-
101721,1262,34,+8.6593750000000000e+01,B
101721,1212,34,+8.9406250000000000e+01,B+
101721,1255,34,+8.7156250000000000e+01,B+
101721,1115,34,+8.3812500000000000e+01,B
101723,1126,34,+9.4375000000000000e+01,A
101723,1227,34,+8.9281250000000000e+01,B+
101723,1128,34,+8.8437500000000000e+01,B+
101739,1292,34,+8.6250000000000000e+01,B
101739,1203,34,+8.8781250000000000e+01,B+
101739,1293,34,+8.8437500000000000e+01,B+
101739,1286,34,+8.7312500000000000e+01,B+
101747,1273,34,+9.0781250000000000e+01,A-
101747,1125,34,+8.8031250000000000e+01,B+
101747,1126,34,+9.2468750000000000e+01,A-
101747,1227,34,+8.2593750000000000e+01,B-
101752,1297,34,+9.2500000000000000e+01,A-
101752,1337,34,+8.7093750000000000e+01,B+
101752,1341,34,+9.4625000000000000e+01,A
101752,1343,34,+9.0156250000000000e+01,A-
101759,1326,34,+8.6562500000000000e+01,B
101759,1261,34,+8.0625000000000000e+01,B-
101759,1336,34,+8.1687500000000000e+01,B-
101759,1337,34,+8.4750000000000000e+01,B
101759,1339,34,+7.9437500000000000e+01,C+
101762,1214,34,+8.0375000000000000e+01,B-
101762,1266,34,+8.2750000000000000e+01,B-
101762,1270,34,+8.4312500000000000e+01,B
101783,1418,34,+7.8625000000000000e+01,C+
101788,1409,34,+8.5218750000000000e+01,B
101788,1300,34,+8.6187500000000000e+01,B
101788,1131,34,+8.3843750000000000e+01,B
101808,1269,34,+8.9718750000000000e+01,B+
101808,1121,34,+9.0875000000000000e+01,A-
101808,1124,34,+8.9875000000000000e+01,B+
101814,1327,34,+8.4718750000000000e+01,B
101814,1335,34,+8.8375000000000000e+01,B+
101820,1203,34,+7.7625000000000000e+01,C+
101820,1214,34,+8.1187500000000000e+01,B-
101820,1268,34,+7.9281250000000000e+01,C+
101820,1121,34,+8.4125000000000000e+01,B
101826,1268,34,+8.6500000000000000e+01,B
101826,1120,34,+9.1156250000000000e+01,A-
101826,1221,34,+8.4718750000000000e+01,B
101826,1273,34,+8.4343750000000000e+01,B
101838,1120,34,+9.0093750000000000e+01,A-
101838,1272,34,+9.2312500000000000e+01,A-
101838,1273,34,+9.4375000000000000e+01,A
101838,1124,34,+9.1406250000000000e+01,A-
101838,1226,34,+8.6093750000000000e+01,B
101840,1345,34,+8.8750000000000000e+01,B+
101840,1346,34,+8.6125000000000000e+01,B
101840,1351,34,+8.8875000000000000e+01,B+
101852,1262,34,+8.5312500000000000e+01,B
101862,1335,34,+9.1218750000000000e+01,A-
101868,1267,34,+8.6906250000000000e+01,B
101868,1119,34,+9.6937500000000000e+01,A
101868,1219,34,+9.3312500000000000e+01,A
101868,1272,34,+9.2906250000000000e+01,A-
101868,1225,34,+9.0093750000000000e+01,A-
101873,1341,34,+8.2625000000000000e+01,B-
101873,1345,34,+8.7500000000000000e+01,B+
101873,1347,34,+7.6375000000000000e+01,C
101891,1327,34,+8.8656250000000000e+01,B+
101891,1336,34,+8.4718750000000000e+01,B
101891,1337,34,+9.0468750000000000e+01,A-
101898,1292,34,+5.4875000000000000e+01,F
101898,1285,34,+5.6781250000000000e+01,F
101898,1293,34,+5.7937500000000000e+01,F
101898,1286,34,+5.6656250000000000e+01,F
101916,1394,34,+8.8531250000000000e+01,B+
101916,1399,34,+8.5437500000000000e+01,B
101916,1407,34,+8.3062500000000000e+01,B
101916,1400,34,+9.0468750000000000e+01,A-
101919,1228,34,+9.7437500000000000e+01,A+
101919,1129,34,+9.4281250000000000e+01,A
101931,1336,34,+8.6343750000000000e+01,B
101931,1216,34,+8.8125000000000000e+01,B+
101931,1339,34,+8.6968750000000000e+01,B
101931,1267,34,+8.9875000000000000e+01,B+
101931,1343,34,+8.1718750000000000e+01,B-
101941,1267,34,+8.4343750000000000e+01,B
101941,1417,34,+7.9625000000000000e+01,C+
101943,1408,34,+8.9406250000000000e+01,B+
101943,1401,34,+8.8437500000000000e+01,B+
101943,1409,34,+8.3593750000000000e+01,B
101943,1410,34,+8.5156250000000000e+01,B
101963,1343,34,+8.2093750000000000e+01,B-
101963,1345,34,+8.5031250000000000e+01,B
101963,1347,34,+7.7843750000000000e+01,C+
101974,1215,34,+7.7125000000000000e+01,C+
101974,1267,34,+8.1812500000000000e+01,B-
101994,1112,34,+9.1093750000000000e+01,A-
101994,1115,34,+9.2281250000000000e+01,A-
101994,1265,34,+8.9406250000000000e+01,B+
101994,1215,34,+8.7750000000000000e+01,B+
100995,1299,34,+8.6156250000000000e+01,B
100995,1301,34,+9.0843750000000000e+01,A-
100995,1302,34,+8.7250000000000000e+01,B+
100995,1305,34,+8.6593750000000000e+01,B
100995,1306,34,+8.8593750000000000e+01,B+
100016,1306,34,+9.6281250000000000e+01,A
100033,1235,34,+8.5843750000000000e+01,B
100033,1137,34,+8.6625000000000000e+01,B
100033,1240,34,+9.0343750000000000e+01,A-
100043,1156,34,+8.4031250000000000e+01,B
100048,1305,34,+8.8093750000000000e+01,B+
100048,1306,34,+8.7687500000000000e+01,B+
100048,1307,34,+9.2000000000000000e+01,A-
100048,1309,34,+8.4875000000000000e+01,B
100062,1369,34,+9.4375000000000000e+01,A
100063,1307,34,+8.0406250000000000e+01,B-
100063,1309,34,+8.1500000000000000e+01,B-
100063,1310,34,+9.0968750000000000e+01,A-
100093,1358,34,+9.6000000000000000e+01,A
100093,1360,34,+9.8406250000000000e+01,A+
100093,1370,34,+1.0053125000000000e+02,A+
100093,1371,34,+9.7531250000000000e+01,A+
100096,1302,34,+9.1406250000000000e+01,A-
100096,1304,34,+8.8312500000000000e+01,B+
100096,1305,34,+8.4312500000000000e+01,B
100096,1307,34,+8.6937500000000000e+01,B
100101,1416,34,+8.6281250000000000e+01,B
100101,1417,34,+8.8062500000000000e+01,B+
100101,1418,34,+8.6406250000000000e+01,B
100101,1420,34,+8.6125000000000000e+01,B
100105,1232,34,+7.9562500000000000e+01,C+
100105,1138,34,+8.7156250000000000e+01,B+
100105,1239,34,+8.5437500000000000e+01,B
100117,1365,34,+8.9093750000000000e+01,B+
100117,1368,34,+8.8468750000000000e+01,B+
100117,1371,34,+8.8093750000000000e+01,B+
100118,1415,34,+8.8781250000000000e+01,B+
100118,1416,34,+9.0968750000000000e+01,A-
100118,1418,34,+9.4000000000000000e+01,A
100151,1133,34,+9.7125000000000000e+01,A+
100151,1235,34,+9.3187500000000000e+01,A
100151,1136,34,+9.7218750000000000e+01,A+
100151,1358,34,+9.5781250000000000e+01,A
100151,1241,34,+9.6562500000000000e+01,A
100166,1300,34,+8.6687500000000000e+01,B
100166,1119,34,+9.1781250000000000e+01,A-
100166,1302,34,+8.7531250000000000e+01,B+
100167,1304,34,+8.8031250000000000e+01,B+
100167,1306,34,+8.7812500000000000e+01,B+
100167,1307,34,+8.9031250000000000e+01,B+
100167,1309,34,+9.2781250000000000e+01,A-
100192,1357,34,+8.7625000000000000e+01,B+
100192,1358,34,+8.9250000000000000e+01,B+
100192,1368,34,+8.8062500000000000e+01,B+
100192,1370,34,+8.9656250000000000e+01,B+
100196,1412,34,+8.0687500000000000e+01,B-
100196,1339,34,+8.6062500000000000e+01,B
100196,1415,34,+8.6125000000000000e+01,B
100196,1416,34,+8.3906250000000000e+01,B
100196,1220,34,+8.1968750000000000e+01,B-
100197,1305,34,+8.3281250000000000e+01,B
100197,1306,34,+8.2343750000000000e+01,B-
100197,1309,34,+7.8125000000000000e+01,C+
100197,1310,34,+8.5437500000000000e+01,B
100210,1233,34,+9.5531250000000000e+01,A
100210,1138,34,+8.8906250000000000e+01,B+
100210,1141,34,+9.0031250000000000e+01,A-
100210,1145,34,+9.2156250000000000e+01,A-
100224,1227,34,+8.4187500000000000e+01,B
100224,1128,34,+8.4156250000000000e+01,B
100224,1138,34,+8.1125000000000000e+01,B-
100225,1355,34,+9.3468750000000000e+01,A
100225,1363,34,+9.3843750000000000e+01,A
100225,1369,34,+9.3906250000000000e+01,A
100232,1134,34,+8.1562500000000000e+01,B-
100232,1238,34,+8.3468750000000000e+01,B
100241,1304,34,+6.3156250000000000e+01,D
100241,1305,34,+5.6687500000000000e+01,F
100241,1306,34,+5.5750000000000000e+01,F
100241,1307,34,+5.5500000000000000e+01,F
100245,1372,34,+8.5218750000000000e+01,B
100253,1306,34,+8.6375000000000000e+01,B
100253,1307,34,+8.8968750000000000e+01,B+
100253,1309,34,+9.1156250000000000e+01,A-
100253,1310,34,+9.0156250000000000e+01,A-
100254,1230,34,+8.2468750000000000e+01,B-
100254,1135,34,+8.8375000000000000e+01,B+
100254,1235,34,+8.6812500000000000e+01,B
100254,1138,34,+9.0125000000000000e+01,A-
100262,1297,34,+8.0437500000000000e+01,B-
100262,1299,34,+8.0343750000000000e+01,B-
100262,1300,34,+8.0343750000000000e+01,B-
100263,1413,34,+8.3000000000000000e+01,B
100263,1414,34,+8.5531250000000000e+01,B
100263,1415,34,+8.2687500000000000e+01,B-
100263,1418,34,+8.2156250000000000e+01,B-
100267,1413,34,+9.6187500000000000e+01,A
100267,1414,34,+9.6968750000000000e+01,A
100267,1415,34,+9.5718750000000000e+01,A
100290,1415,34,+8.0187500000000000e+01,B-
100290,1417,34,+8.5843750000000000e+01,B
100290,1420,34,+7.9406250000000000e+01,C+
100299,1357,34,+8.3375000000000000e+01,B
100299,1360,34,+8.7406250000000000e+01,B+
100299,1363,34,+9.0968750000000000e+01,A-
100299,1365,34,+8.7156250000000000e+01,B+
100299,1366,34,+8.2625000000000000e+01,B-
100323,1306,34,+9.3906250000000000e+01,A
100323,1307,34,+9.6812500000000000e+01,A
100323,1309,34,+9.7250000000000000e+01,A+
100323,1311,34,+9.8031250000000000e+01,A+
100323,1351,34,+9.7687500000000000e+01,A+
100325,1415,34,+8.4718750000000000e+01,B
100325,1416,34,+8.7718750000000000e+01,B+
100325,1346,34,+8.6468750000000000e+01,B
100352,1225,34,+8.3031250000000000e+01,B
100373,1346,34,+9.7750000000000000e+01,A+
100373,1225,34,+9.3000000000000000e+01,A
100379,1365,34,+9.3718750000000000e+01,A
100379,1369,34,+9.3187500000000000e+01,A
100392,1349,34,+8.9750000000000000e+01,B+
100392,1353,34,+9.3312500000000000e+01,A
100399,1412,34,+8.3281250000000000e+01,B
100399,1413,34,+8.8781250000000000e+01,B+
100399,1414,34,+9.0843750000000000e+01,A-
100399,1415,34,+8.5375000000000000e+01,B
100402,1296,34,+7.8781250000000000e+01,C+
100402,1297,34,+8.1375000000000000e+01,B-
100402,1299,34,+8.2906250000000000e+01,B-
100402,1300,34,+8.2406250000000000e+01,B-
100402,1302,34,+7.7812500000000000e+01,C+
100434,1297,34,+8.9906250000000000e+01,B+
100434,1412,34,+8.5312500000000000e+01,B
100434,1413,34,+8.7531250000000000e+01,B+
100434,1414,34,+8.5906250000000000e+01,B
100434,1416,34,+8.7312500000000000e+01,B+
100436,1356,34,+5.6437500000000000e+01,F
100436,1360,34,+5.2593750000000000e+01,F
100436,1366,34,+6.1375000000000000e+01,D
100436,1367,34,+5.5187500000000000e+01,F
100449,1414,34,+8.3843750000000000e+01,B
100449,1415,34,+8.3218750000000000e+01,B
100449,1416,34,+8.6687500000000000e+01,B
100449,1121,34,+8.4593750000000000e+01,B
100478,1300,34,+8.0968750000000000e+01,B-
100478,1301,34,+7.4406250000000000e+01,C
100478,1302,34,+8.4843750000000000e+01,B
100478,1304,34,+8.4500000000000000e+01,B
100488,1415,34,+9.2593750000000000e+01,A-
100488,1417,34,+9.2812500000000000e+01,A-
100488,1418,34,+9.1250000000000000e+01,A-
100488,1420,34,+9.0062500000000000e+01,A-
100490,1141,34,+8.0687500000000000e+01,B-
100490,1142,34,+7.6843750000000000e+01,C
100490,1147,34,+7.9906250000000000e+01,C+
100502,1411,34,+9.4250000000000000e+01,A
100502,1412,34,+9.6312500000000000e+01,A
100502,1415,34,+9.6250000000000000e+01,A
100522,1361,34,+8.6843750000000000e+01,B
100522,1364,34,+9.4968750000000000e+01,A
100522,1366,34,+9.1125000000000000e+01,A-
100522,1367,34,+9.0437500000000000e+01,A-
100522,1368,34,+8.9656250000000000e+01,B+
100540,1312,34,+8.3093750000000000e+01,B
100552,1240,34,+9.7937500000000000e+01,A+
100552,1148,34,+9.8906250000000000e+01,A+
100555,1240,34,+5.3312500000000000e+01,F
100576,1270,34,+8.2687500000000000e+01,B-
100576,1220,34,+9.0125000000000000e+01,A-
100576,1272,34,+8.6437500000000000e+01,B
100576,1124,34,+8.9781250000000000e+01,B+
100576,1129,34,+8.4468750000000000e+01,B
100596,1130,34,+8.8875000000000000e+01,B+
100596,1361,34,+8.7468750000000000e+01,B+
100599,1302,34,+8.9500000000000000e+01,B+
100599,1304,34,+8.2250000000000000e+01,B-
100599,1305,34,+8.7781250000000000e+01,B+
100599,1306,34,+8.8937500000000000e+01,B+
100599,1307,34,+8.2468750000000000e+01,B-
100619,1125,34,+8.8468750000000000e+01,B+
100619,1229,34,+9.1093750000000000e+01,A-
100627,1215,34,+8.3562500000000000e+01,B
100627,1412,34,+8.3125000000000000e+01,B
100627,1413,34,+8.4406250000000000e+01,B
100642,1417,34,+8.5406250000000000e+01,B
100646,1138,34,+9.2843750000000000e+01,A-
100646,1239,34,+9.1718750000000000e+01,A-
100646,1142,34,+9.0468750000000000e+01,A-
100662,1414,34,+8.3593750000000000e+01,B
100662,1415,34,+8.7156250000000000e+01,B+
100662,1416,34,+8.6187500000000000e+01,B
100662,1417,34,+9.2281250000000000e+01,A-
100684,1416,34,+8.2312500000000000e+01,B-
100684,1417,34,+8.0468750000000000e+01,B-
100684,1418,34,+8.0000000000000000e+01,B-
100684,1420,34,+8.3625000000000000e+01,B
100684,1421,34,+8.1906250000000000e+01,B-
100689,1418,34,+8.6781250000000000e+01,B
100689,1421,34,+9.1531250000000000e+01,A-
100689,1422,34,+8.9031250000000000e+01,B+
100698,1366,34,+8.3406250000000000e+01,B
100698,1369,34,+8.7843750000000000e+01,B+
100698,1370,34,+8.6000000000000000e+01,B
100700,1415,34,+8.1156250000000000e+01,B-
100700,1416,34,+8.4218750000000000e+01,B
100700,1418,34,+8.0625000000000000e+01,B-
100701,1412,34,+8.9437500000000000e+01,B+
100701,1413,34,+8.9468750000000000e+01,B+
100701,1414,34,+8.9062500000000000e+01,B+
100701,1416,34,+8.9656250000000000e+01,B+
100701,1417,34,+8.6781250000000000e+01,B
100708,1412,34,+9.1843750000000000e+01,A-
100708,1413,34,+9.0937500000000000e+01,A-
100708,1414,34,+8.3656250000000000e+01,B
100713,1300,34,+8.5906250000000000e+01,B
100713,1301,34,+9.1093750000000000e+01,A-
100713,1302,34,+9.0156250000000000e+01,A-
100713,1304,34,+8.7562500000000000e+01,B+
100716,1232,34,+8.2000000000000000e+01,B-
100716,1137,34,+8.6406250000000000e+01,B
100729,1229,34,+9.7343750000000000e+01,A+
100729,1139,34,+9.9031250000000000e+01,A+
100729,1241,34,+9.6781250000000000e+01,A
100734,1411,34,+8.7937500000000000e+01,B+
100734,1412,34,+9.5593750000000000e+01,A
100734,1216,34,+8.4656250000000000e+01,B
100734,1413,34,+8.9187500000000000e+01,B+
100779,1129,34,+9.6187500000000000e+01,A
100782,1421,34,+8.8062500000000000e+01,B+
100782,1134,34,+8.8406250000000000e+01,B+
100785,1302,34,+9.2968750000000000e+01,A-
100785,1304,34,+9.3906250000000000e+01,A
100785,1222,34,+9.2125000000000000e+01,A-
100785,1306,34,+9.1281250000000000e+01,A-
100788,1416,34,+8.2968750000000000e+01,B-
100788,1417,34,+8.3093750000000000e+01,B
100788,1343,34,+8.3625000000000000e+01,B
100788,1418,34,+8.3406250000000000e+01,B
100788,1420,34,+8.0593750000000000e+01,B-
100800,1355,34,+9.3718750000000000e+01,A
100800,1356,34,+9.2000000000000000e+01,A-
100800,1358,34,+9.2375000000000000e+01,A-
100806,1416,34,+8.0781250000000000e+01,B-
100806,1417,34,+8.2687500000000000e+01,B-
100806,1418,34,+8.5531250000000000e+01,B
100807,1302,34,+8.4593750000000000e+01,B
100807,1304,34,+8.5281250000000000e+01,B
100807,1305,34,+8.1406250000000000e+01,B-
100807,1306,34,+8.3250000000000000e+01,B
100807,1307,34,+8.3125000000000000e+01,B
100810,1352,34,+8.2250000000000000e+01,B-
100825,1353,34,+8.6250000000000000e+01,B
100825,1358,34,+8.8125000000000000e+01,B+
100825,1360,34,+8.9562500000000000e+01,B+
100825,1364,34,+8.9718750000000000e+01,B+
100825,1365,34,+8.6250000000000000e+01,B
100827,1343,34,+8.7687500000000000e+01,B+
100827,1134,34,+8.3843750000000000e+01,B
100829,1415,34,+8.2718750000000000e+01,B-
100829,1416,34,+8.4656250000000000e+01,B
100829,1417,34,+8.4218750000000000e+01,B
100829,1273,34,+8.2187500000000000e+01,B-
100845,1306,34,+9.8218750000000000e+01,A+
100845,1307,34,+9.6062500000000000e+01,A
100845,1310,34,+9.8343750000000000e+01,A+
100845,1311,34,+9.8968750000000000e+01,A+
100847,1306,34,+8.5593750000000000e+01,B
100847,1307,34,+9.0125000000000000e+01,A-
100847,1309,34,+8.9750000000000000e+01,B+
100847,1311,34,+8.9000000000000000e+01,B+
100851,1297,34,+9.1968750000000000e+01,A-
100851,1299,34,+9.3781250000000000e+01,A
100851,1300,34,+9.2593750000000000e+01,A-
100851,1301,34,+9.1187500000000000e+01,A-
100851,1302,34,+9.2281250000000000e+01,A-
100866,1305,34,+8.4437500000000000e+01,B
100866,1306,34,+8.8062500000000000e+01,B+
100866,1307,34,+8.2250000000000000e+01,B-
100866,1309,34,+8.5031250000000000e+01,B
100866,1310,34,+8.4968750000000000e+01,B
100893,1360,34,+8.7593750000000000e+01,B+
100913,1304,34,+8.7781250000000000e+01,B+
100913,1305,34,+8.9218750000000000e+01,B+
100913,1306,34,+9.1843750000000000e+01,A-
100945,1121,34,+8.2500000000000000e+01,B-
100945,1125,34,+8.2593750000000000e+01,B-
100945,1228,34,+8.6000000000000000e+01,B
100945,1131,34,+8.5562500000000000e+01,B
100951,1415,34,+9.4406250000000000e+01,A
100951,1416,34,+9.3812500000000000e+01,A
100951,1417,34,+9.3875000000000000e+01,A
100951,1418,34,+9.1718750000000000e+01,A-
100951,1420,34,+9.0781250000000000e+01,A-
100952,1140,34,+9.0125000000000000e+01,A-
100956,1360,34,+8.0843750000000000e+01,B-
100956,1364,34,+8.3187500000000000e+01,B
100956,1368,34,+8.4562500000000000e+01,B
100958,1344,34,+8.7968750000000000e+01,B+
100958,1345,34,+8.4750000000000000e+01,B
100958,1354,34,+7.7718750000000000e+01,C+
100958,1360,34,+7.4750000000000000e+01,C
100963,1360,34,+9.7437500000000000e+01,A+
100963,1364,34,+9.6531250000000000e+01,A
100964,1299,34,+8.7687500000000000e+01,B+
100964,1300,34,+8.9375000000000000e+01,B+
100964,1301,34,+8.9031250000000000e+01,B+
100964,1302,34,+8.9156250000000000e+01,B+
100964,1304,34,+8.4312500000000000e+01,B
100967,1361,34,+7.9687500000000000e+01,C+
101999,1223,35,+9.1843750000000000e+01,A-
101999,1130,35,+9.5156250000000000e+01,A
101999,1230,35,+9.8187500000000000e+01,A+
103000,1274,35,+9.3562500000000000e+01,A
103000,1275,35,+9.2093750000000000e+01,A-
103005,1092,35,+9.0500000000000000e+01,A-
103005,1248,35,+9.2125000000000000e+01,A-
103005,1099,35,+9.1187500000000000e+01,A-
103005,1245,35,+9.6531250000000000e+01,A
103007,1314,35,+8.6812500000000000e+01,B
103007,1090,35,+9.1468750000000000e+01,A-
103007,1091,35,+9.0781250000000000e+01,A-
103007,1390,35,+8.1750000000000000e+01,B-
103009,1090,35,+8.5093750000000000e+01,B
103009,1274,35,+8.4687500000000000e+01,B
103009,1192,35,+8.9187500000000000e+01,B+
103009,1275,35,+8.9031250000000000e+01,B+
103010,1090,35,+8.3687500000000000e+01,B
103010,1091,35,+8.7593750000000000e+01,B+
103011,1199,35,+8.9031250000000000e+01,B+
103011,1245,35,+8.7843750000000000e+01,B+
103012,1388,35,+9.2562500000000000e+01,A-
103012,1389,35,+9.2187500000000000e+01,A-
103012,1390,35,+9.5500000000000000e+01,A
103012,1402,35,+9.6375000000000000e+01,A
103012,1395,35,+9.5812500000000000e+01,A
103037,1314,35,+9.1750000000000000e+01,A-
103039,1090,35,+8.3281250000000000e+01,B
103039,1091,35,+7.7968750000000000e+01,C+
103055,1092,35,+8.2562500000000000e+01,B-
103055,1243,35,+7.7250000000000000e+01,C+
103055,1245,35,+8.2093750000000000e+01,B-
103066,1090,35,+8.4125000000000000e+01,B
103066,1091,35,+8.4468750000000000e+01,B
103068,1274,35,+8.6000000000000000e+01,B
103068,1275,35,+7.8687500000000000e+01,C+
103070,1092,35,+9.2281250000000000e+01,A-
103070,1193,35,+8.7343750000000000e+01,B+
103070,1248,35,+9.0625000000000000e+01,A-
103070,1207,35,+9.2687500000000000e+01,A-
103087,1093,35,+8.2843750000000000e+01,B-
103087,1248,35,+8.8531250000000000e+01,B+
103087,1094,35,+8.9156250000000000e+01,B+
103087,1194,35,+8.7000000000000000e+01,B+
103097,1256,35,+8.8125000000000000e+01,B+
103097,1322,35,+8.6531250000000000e+01,B
103108,1192,35,+9.2125000000000000e+01,A-
103108,1093,35,+9.0312500000000000e+01,A-
103108,1243,35,+8.6812500000000000e+01,B
103108,1248,35,+8.5968750000000000e+01,B
103110,1388,35,+9.0500000000000000e+01,A-
103110,1389,35,+8.8843750000000000e+01,B+
103110,1390,35,+8.9843750000000000e+01,B+
103116,1390,35,+7.8375000000000000e+01,C+
103116,1277,35,+8.5156250000000000e+01,B
103120,1243,35,+9.1531250000000000e+01,A-
103120,1258,35,+8.8625000000000000e+01,B+
103129,1090,35,+7.9875000000000000e+01,C+
103129,1091,35,+8.5906250000000000e+01,B
103134,1389,35,+9.8156250000000000e+01,A+
103134,1390,35,+9.6593750000000000e+01,A
103135,1274,35,+5.3968750000000000e+01,F
103135,1277,35,+5.5031250000000000e+01,F
103140,1274,35,+9.0781250000000000e+01,A-
103140,1321,35,+9.2625000000000000e+01,A-
103140,1281,35,+9.2187500000000000e+01,A-
103140,1277,35,+8.9062500000000000e+01,B+
103140,1289,35,+9.3218750000000000e+01,A
103148,1274,35,+8.8468750000000000e+01,B+
103148,1281,35,+8.8718750000000000e+01,B+
103171,1321,35,+8.2781250000000000e+01,B-
103171,1329,35,+8.1531250000000000e+01,B-
103191,1092,35,+8.5781250000000000e+01,B
103191,1242,35,+8.8593750000000000e+01,B+
103191,1093,35,+8.7875000000000000e+01,B+
103191,1094,35,+8.4625000000000000e+01,B
103202,1315,35,+9.0343750000000000e+01,A-
103202,1316,35,+8.8875000000000000e+01,B+
103213,1090,35,+8.9906250000000000e+01,B+
103213,1091,35,+9.2343750000000000e+01,A-
103227,1090,35,+8.3062500000000000e+01,B
103227,1091,35,+8.4343750000000000e+01,B
103227,1402,35,+8.5781250000000000e+01,B
103234,1090,35,+9.0687500000000000e+01,A-
103234,1091,35,+9.3375000000000000e+01,A
103249,1314,35,+8.1281250000000000e+01,B-
103249,1315,35,+8.7750000000000000e+01,B+
103249,1329,35,+8.5250000000000000e+01,B
103257,1388,35,+8.0406250000000000e+01,B-
103257,1389,35,+8.4375000000000000e+01,B
103257,1390,35,+8.0000000000000000e+01,B-
103257,1402,35,+8.0968750000000000e+01,B-
103257,1391,35,+7.8062500000000000e+01,C+
103258,1090,35,+8.0875000000000000e+01,B-
103258,1091,35,+7.9812500000000000e+01,C+
103263,1090,35,+9.5968750000000000e+01,A
103263,1091,35,+9.4843750000000000e+01,A
103263,1281,35,+9.3437500000000000e+01,A
103275,1090,35,+8.7781250000000000e+01,B+
103275,1091,35,+7.9093750000000000e+01,C+
103275,1402,35,+8.9031250000000000e+01,B+
103297,1090,35,+8.4437500000000000e+01,B
103297,1091,35,+7.9968750000000000e+01,C+
103300,1242,35,+8.2187500000000000e+01,B-
103300,1243,35,+8.0843750000000000e+01,B-
103307,1274,35,+8.7562500000000000e+01,B+
103307,1275,35,+8.0875000000000000e+01,B-
103307,1281,35,+8.5875000000000000e+01,B
103339,1090,35,+8.9531250000000000e+01,B+
103339,1091,35,+8.5968750000000000e+01,B
103340,1090,35,+9.2906250000000000e+01,A-
103340,1091,35,+9.2312500000000000e+01,A-
103359,1090,35,+8.7531250000000000e+01,B+
103359,1274,35,+8.6156250000000000e+01,B
103359,1275,35,+9.1250000000000000e+01,A-
103359,1402,35,+8.8562500000000000e+01,B+
103367,1090,35,+8.0750000000000000e+01,B-
103367,1091,35,+8.8437500000000000e+01,B+
103381,1090,35,+8.5625000000000000e+01,B
103381,1242,35,+8.4500000000000000e+01,B
103381,1091,35,+9.0718750000000000e+01,A-
103385,1314,35,+8.2656250000000000e+01,B-
103385,1315,35,+8.4281250000000000e+01,B
103385,1328,35,+8.2343750000000000e+01,B-
103400,1193,35,+9.2593750000000000e+01,A-
103400,1094,35,+9.0781250000000000e+01,A-
103400,1328,35,+9.4718750000000000e+01,A
103403,1194,35,+8.0000000000000000e+01,B-
103403,1206,35,+8.8218750000000000e+01,B+
103403,1101,35,+7.8812500000000000e+01,C+
103403,1251,35,+8.5187500000000000e+01,B
103448,1090,35,+9.5781250000000000e+01,A
103448,1091,35,+9.4156250000000000e+01,A
103450,1315,35,+9.1656250000000000e+01,A-
103450,1328,35,+9.3218750000000000e+01,A
103450,1321,35,+9.7062500000000000e+01,A+
103468,1277,35,+8.7656250000000000e+01,B+
103468,1290,35,+9.2656250000000000e+01,A-
103469,1316,35,+9.1000000000000000e+01,A-
103469,1328,35,+9.2125000000000000e+01,A-
103469,1322,35,+9.1937500000000000e+01,A-
103469,1318,35,+8.6937500000000000e+01,B
103476,1090,35,+8.5562500000000000e+01,B
103476,1091,35,+7.9875000000000000e+01,C+
103496,1242,35,+7.8906250000000000e+01,C+
103496,1094,35,+9.0093750000000000e+01,A-
103503,1275,35,+9.3906250000000000e+01,A
103503,1277,35,+8.8750000000000000e+01,B+
103503,1289,35,+9.5031250000000000e+01,A
103503,1282,35,+9.6343750000000000e+01,A
103507,1092,35,+8.9687500000000000e+01,B+
103507,1090,35,+8.7593750000000000e+01,B+
103507,1091,35,+8.5843750000000000e+01,B
103512,1274,35,+9.1000000000000000e+01,A-
103512,1281,35,+9.0968750000000000e+01,A-
103512,1277,35,+9.2656250000000000e+01,A-
103512,1289,35,+9.1031250000000000e+01,A-
103520,1389,35,+8.8687500000000000e+01,B+
103520,1390,35,+8.9812500000000000e+01,B+
103520,1402,35,+9.2312500000000000e+01,A-
103527,1093,35,+8.5812500000000000e+01,B
103527,1248,35,+9.0437500000000000e+01,A-
103527,1256,35,+8.5750000000000000e+01,B
103527,1095,35,+9.1375000000000000e+01,A-
103535,1281,35,+8.4187500000000000e+01,B
103535,1289,35,+8.8562500000000000e+01,B+
103535,1282,35,+8.7750000000000000e+01,B+
103544,1200,35,+9.1937500000000000e+01,A-
103544,1096,35,+9.1312500000000000e+01,A-
103554,1090,35,+8.8312500000000000e+01,B+
103554,1091,35,+8.5812500000000000e+01,B
103554,1193,35,+8.3781250000000000e+01,B
103554,1248,35,+8.3562500000000000e+01,B
103555,1090,35,+8.6843750000000000e+01,B
103555,1192,35,+9.1187500000000000e+01,A-
103555,1193,35,+8.6562500000000000e+01,B
103555,1094,35,+8.6656250000000000e+01,B
103555,1206,35,+8.7093750000000000e+01,B+
103562,1314,35,+9.7000000000000000e+01,A+
103562,1328,35,+9.5031250000000000e+01,A
103596,1275,35,+8.5625000000000000e+01,B
103596,1395,35,+8.3812500000000000e+01,B
103596,1277,35,+8.6812500000000000e+01,B
103597,1388,35,+8.3656250000000000e+01,B
103597,1389,35,+8.5781250000000000e+01,B
103597,1390,35,+8.1750000000000000e+01,B-
103597,1395,35,+8.2812500000000000e+01,B-
103597,1391,35,+7.9718750000000000e+01,C+
103601,1274,35,+8.7781250000000000e+01,B+
103601,1275,35,+8.9781250000000000e+01,B+
103601,1281,35,+8.8781250000000000e+01,B+
103601,1289,35,+8.8250000000000000e+01,B+
103621,1388,35,+7.4218750000000000e+01,C
103621,1389,35,+8.2593750000000000e+01,B-
103621,1395,35,+8.3593750000000000e+01,B
103635,1275,35,+8.7281250000000000e+01,B+
103635,1281,35,+8.9968750000000000e+01,B+
103636,1314,35,+8.9281250000000000e+01,B+
103636,1316,35,+9.1656250000000000e+01,A-
103636,1321,35,+9.0281250000000000e+01,A-
103646,1192,35,+8.8125000000000000e+01,B+
103646,1093,35,+9.1375000000000000e+01,A-
103646,1194,35,+8.8656250000000000e+01,B+
103649,1388,35,+9.3281250000000000e+01,A
103649,1389,35,+8.9218750000000000e+01,B+
103649,1390,35,+9.4062500000000000e+01,A
103649,1402,35,+8.8562500000000000e+01,B+
103651,1388,35,+7.6343750000000000e+01,C
103651,1389,35,+8.7625000000000000e+01,B+
103651,1390,35,+8.8968750000000000e+01,B+
103651,1402,35,+8.9875000000000000e+01,B+
103651,1099,35,+9.1875000000000000e+01,A-
103657,1388,35,+9.5875000000000000e+01,A
103657,1390,35,+9.7031250000000000e+01,A+
103657,1402,35,+1.0009375000000000e+02,A+
103657,1395,35,+9.8531250000000000e+01,A+
103665,1090,35,+8.4593750000000000e+01,B
103665,1388,35,+8.7843750000000000e+01,B+
103665,1091,35,+9.1125000000000000e+01,A-
103667,1090,35,+8.2687500000000000e+01,B-
103667,1091,35,+7.9875000000000000e+01,C+
103667,1277,35,+8.1906250000000000e+01,B-
103672,1242,35,+9.7843750000000000e+01,A+
103672,1093,35,+9.2125000000000000e+01,A-
103681,1388,35,+8.1781250000000000e+01,B-
103681,1242,35,+7.7968750000000000e+01,C+
103681,1389,35,+7.9312500000000000e+01,C+
103681,1390,35,+8.7781250000000000e+01,B+
103685,1388,35,+8.1562500000000000e+01,B-
103685,1091,35,+7.5718750000000000e+01,C
103685,1389,35,+8.4718750000000000e+01,B
103695,1274,35,+9.3937500000000000e+01,A
103695,1390,35,+9.4437500000000000e+01,A
103706,1090,35,+9.2718750000000000e+01,A-
103706,1091,35,+9.1562500000000000e+01,A-
103706,1315,35,+8.8343750000000000e+01,B+
103720,1193,35,+8.4343750000000000e+01,B
103720,1194,35,+8.4687500000000000e+01,B
103729,1388,35,+8.6812500000000000e+01,B
103729,1390,35,+8.6500000000000000e+01,B
103729,1402,35,+8.9718750000000000e+01,B+
103740,1274,35,+8.2656250000000000e+01,B-
103740,1275,35,+8.4843750000000000e+01,B
103740,1281,35,+9.0750000000000000e+01,A-
103740,1277,35,+8.7281250000000000e+01,B+
103743,1281,35,+9.1312500000000000e+01,A-
103743,1277,35,+8.5875000000000000e+01,B
103743,1289,35,+8.6531250000000000e+01,B
103743,1282,35,+8.8406250000000000e+01,B+
103747,1388,35,+8.6718750000000000e+01,B
103747,1389,35,+8.6250000000000000e+01,B
103747,1402,35,+8.9437500000000000e+01,B+
103761,1193,35,+8.7718750000000000e+01,B+
103761,1256,35,+9.4406250000000000e+01,A
103761,1252,35,+9.1625000000000000e+01,A-
103784,1249,35,+8.3031250000000000e+01,B
103784,1199,35,+8.8062500000000000e+01,B+
103784,1107,35,+8.3562500000000000e+01,B
103798,1192,35,+8.4687500000000000e+01,B
103798,1094,35,+7.9125000000000000e+01,C+
103798,1256,35,+7.8937500000000000e+01,C+
103798,1245,35,+8.5187500000000000e+01,B
103799,1090,35,+9.3812500000000000e+01,A
103799,1091,35,+9.1281250000000000e+01,A-
103812,1092,35,+8.8437500000000000e+01,B+
103812,1192,35,+8.8312500000000000e+01,B+
103812,1243,35,+8.7718750000000000e+01,B+
103818,1314,35,+8.8906250000000000e+01,B+
103818,1328,35,+8.9218750000000000e+01,B+
103828,1314,35,+8.3312500000000000e+01,B
103828,1328,35,+8.3500000000000000e+01,B
103836,1315,35,+8.3562500000000000e+01,B
103836,1328,35,+9.0156250000000000e+01,A-
103847,1094,35,+9.1250000000000000e+01,A-
103847,1096,35,+8.7875000000000000e+01,B+
103852,1314,35,+7.8281250000000000e+01,C+
103852,1316,35,+7.9625000000000000e+01,C+
103856,1314,35,+9.2750000000000000e+01,A-
103856,1316,35,+8.8531250000000000e+01,B+
103857,1389,35,+8.9156250000000000e+01,B+
103857,1390,35,+9.1125000000000000e+01,A-
103857,1402,35,+8.8656250000000000e+01,B+
103863,1390,35,+8.0937500000000000e+01,B-
103863,1395,35,+7.9062500000000000e+01,C+
103863,1403,35,+8.0625000000000000e+01,B-
103891,1090,35,+8.1500000000000000e+01,B-
103891,1091,35,+9.4093750000000000e+01,A
103891,1094,35,+8.7406250000000000e+01,B+
103904,1090,35,+8.0531250000000000e+01,B-
103904,1091,35,+8.2781250000000000e+01,B-
103904,1094,35,+7.9437500000000000e+01,C+
103924,1274,35,+7.6437500000000000e+01,C
103924,1275,35,+7.9062500000000000e+01,C+
103924,1289,35,+7.6750000000000000e+01,C
103924,1282,35,+7.3656250000000000e+01,C
103928,1321,35,+9.5562500000000000e+01,A
103928,1206,35,+9.6687500000000000e+01,A
103929,1094,35,+8.4531250000000000e+01,B
103929,1099,35,+9.0343750000000000e+01,A-
103939,1242,35,+9.2250000000000000e+01,A-
103939,1193,35,+8.2156250000000000e+01,B-
103939,1206,35,+9.2062500000000000e+01,A-
103942,1092,35,+7.7062500000000000e+01,C+
103942,1274,35,+8.8125000000000000e+01,B+
103942,1242,35,+8.4906250000000000e+01,B
103942,1200,35,+8.6156250000000000e+01,B
103943,1092,35,+8.0062500000000000e+01,B-
103948,1316,35,+9.1250000000000000e+01,A-
103952,1388,35,+8.2125000000000000e+01,B-
103952,1389,35,+8.1250000000000000e+01,B-
103952,1390,35,+7.6968750000000000e+01,C
103952,1328,35,+8.3125000000000000e+01,B
103955,1274,35,+8.3906250000000000e+01,B
103955,1092,35,+8.8062500000000000e+01,B+
103955,1275,35,+8.4000000000000000e+01,B
103955,1281,35,+8.1937500000000000e+01,B-
103975,1389,35,+9.1656250000000000e+01,A-
103975,1390,35,+8.1531250000000000e+01,B-
103975,1402,35,+9.0156250000000000e+01,A-
103975,1395,35,+8.9812500000000000e+01,B+
103980,1242,35,+8.4156250000000000e+01,B
103980,1256,35,+9.0718750000000000e+01,A-
103989,1315,35,+9.9031250000000000e+01,A+
103989,1390,35,+9.6187500000000000e+01,A
103989,1328,35,+9.8375000000000000e+01,A+
103989,1329,35,+9.9062500000000000e+01,A+
103989,1322,35,+9.6312500000000000e+01,A
103990,1389,35,+8.5437500000000000e+01,B
103990,1390,35,+8.6843750000000000e+01,B
103990,1328,35,+8.4812500000000000e+01,B
103990,1402,35,+8.7562500000000000e+01,B+
102000,1103,35,+8.3968750000000000e+01,B
102000,1204,35,+8.5312500000000000e+01,B
102000,1262,35,+8.5531250000000000e+01,B
102003,1336,35,+8.8375000000000000e+01,B+
102003,1339,35,+8.5812500000000000e+01,B
102003,1414,35,+8.8875000000000000e+01,B+
102012,1284,35,+8.9000000000000000e+01,B+
102012,1292,35,+8.5093750000000000e+01,B
102013,1205,35,+8.7781250000000000e+01,B+
102013,1263,35,+8.4593750000000000e+01,B
102013,1213,35,+8.7968750000000000e+01,B+
102013,1267,35,+8.6343750000000000e+01,B
102018,1393,35,+8.7187500000000000e+01,B+
102018,1398,35,+8.1843750000000000e+01,B-
102018,1394,35,+8.8062500000000000e+01,B+
102018,1406,35,+8.4906250000000000e+01,B
102018,1399,35,+9.0812500000000000e+01,A-
102031,1246,35,+8.0750000000000000e+01,B-
102031,1331,35,+8.3437500000000000e+01,B
102068,1291,35,+8.6156250000000000e+01,B
102068,1280,35,+8.7437500000000000e+01,B+
102068,1292,35,+8.5500000000000000e+01,B
102068,1285,35,+8.4750000000000000e+01,B
102068,1293,35,+8.7062500000000000e+01,B+
102070,1326,35,+8.8718750000000000e+01,B+
102070,1334,35,+8.4875000000000000e+01,B
102070,1327,35,+9.0281250000000000e+01,A-
102070,1341,35,+8.7687500000000000e+01,B+
102098,1405,35,+8.9625000000000000e+01,B+
102098,1398,35,+8.9093750000000000e+01,B+
102098,1394,35,+8.6375000000000000e+01,B
102098,1406,35,+9.0093750000000000e+01,A-
102098,1399,35,+8.3000000000000000e+01,B
102109,1279,35,+8.1281250000000000e+01,B-
102109,1284,35,+8.3031250000000000e+01,B
102120,1258,35,+8.7937500000000000e+01,B+
102120,1247,35,+8.8281250000000000e+01,B+
102120,1103,35,+8.7187500000000000e+01,B+
102120,1215,35,+8.9031250000000000e+01,B+
102126,1280,35,+8.8468750000000000e+01,B+
102126,1292,35,+9.1281250000000000e+01,A-
102126,1285,35,+8.8906250000000000e+01,B+
102126,1286,35,+8.6750000000000000e+01,B
102130,1399,35,+8.9312500000000000e+01,B+
102130,1407,35,+9.0187500000000000e+01,A-
102137,1398,35,+9.2031250000000000e+01,A-
102137,1394,35,+9.8312500000000000e+01,A+
102137,1399,35,+9.6625000000000000e+01,A
102137,1407,35,+9.7593750000000000e+01,A+
102138,1254,35,+9.0781250000000000e+01,A-
102138,1262,35,+8.8000000000000000e+01,B+
102138,1205,35,+8.9562500000000000e+01,B+
102138,1213,35,+8.4437500000000000e+01,B
102138,1214,35,+8.0281250000000000e+01,B-
102139,1204,35,+9.1062500000000000e+01,A-
102141,1398,35,+5.8937500000000000e+01,F
102141,1406,35,+5.6437500000000000e+01,F
102141,1399,35,+5.8468750000000000e+01,F
102141,1407,35,+5.8718750000000000e+01,F
102164,1213,35,+8.0437500000000000e+01,B-
102164,1337,35,+8.5156250000000000e+01,B
102164,1219,35,+8.2000000000000000e+01,B-
102164,1123,35,+8.5062500000000000e+01,B
102164,1224,35,+8.3968750000000000e+01,B
102185,1404,35,+8.6843750000000000e+01,B
102185,1393,35,+8.4187500000000000e+01,B
102185,1398,35,+8.2968750000000000e+01,B-
102185,1394,35,+8.2312500000000000e+01,B-
102213,1324,35,+9.2000000000000000e+01,A-
102213,1325,35,+9.1312500000000000e+01,A-
102213,1334,35,+9.3031250000000000e+01,A
102225,1260,35,+1.0037500000000000e+02,A+
102225,1253,35,+9.6250000000000000e+01,A
102225,1211,35,+9.3281250000000000e+01,A
102230,1279,35,+8.3875000000000000e+01,B
102230,1284,35,+8.0781250000000000e+01,B-
102230,1280,35,+8.0843750000000000e+01,B-
102230,1292,35,+8.2156250000000000e+01,B-
102233,1284,35,+5.5656250000000000e+01,F
102256,1396,35,+8.7937500000000000e+01,B+
102256,1392,35,+8.4656250000000000e+01,B
102256,1393,35,+8.8562500000000000e+01,B+
102256,1398,35,+8.8625000000000000e+01,B+
102256,1394,35,+9.1843750000000000e+01,A-
102273,1254,35,+9.1156250000000000e+01,A-
102273,1204,35,+9.0093750000000000e+01,A-
102278,1203,35,+8.6750000000000000e+01,B
102278,1297,35,+8.8875000000000000e+01,B+
102278,1265,35,+8.3625000000000000e+01,B
102285,1291,35,+9.3687500000000000e+01,A
102285,1405,35,+8.5468750000000000e+01,B
102285,1284,35,+8.8937500000000000e+01,B+
102285,1292,35,+9.5062500000000000e+01,A
102316,1284,35,+8.3812500000000000e+01,B
102316,1280,35,+8.3218750000000000e+01,B
102316,1292,35,+8.1437500000000000e+01,B-
102316,1285,35,+8.1343750000000000e+01,B-
102316,1293,35,+8.2781250000000000e+01,B-
102318,1201,35,+8.7656250000000000e+01,B+
102318,1279,35,+9.2125000000000000e+01,A-
102318,1280,35,+8.6093750000000000e+01,B
102320,1394,35,+9.4000000000000000e+01,A
102320,1280,35,+8.7156250000000000e+01,B+
102320,1292,35,+9.3531250000000000e+01,A
102363,1327,35,+9.6562500000000000e+01,A
102363,1296,35,+9.9281250000000000e+01,A+
102363,1214,35,+9.6437500000000000e+01,A
102365,1291,35,+9.2687500000000000e+01,A-
102365,1284,35,+8.3531250000000000e+01,B
102365,1280,35,+8.5468750000000000e+01,B
102365,1292,35,+8.6250000000000000e+01,B
102368,1396,35,+9.0937500000000000e+01,A-
102368,1393,35,+9.3000000000000000e+01,A
102368,1394,35,+8.9843750000000000e+01,B+
102368,1406,35,+9.0593750000000000e+01,A-
102369,1399,35,+9.5687500000000000e+01,A
102390,1404,35,+8.6593750000000000e+01,B
102390,1393,35,+9.3062500000000000e+01,A
102392,1331,35,+7.0218750000000000e+01,C
102392,1325,35,+8.4718750000000000e+01,B
102392,1333,35,+8.1281250000000000e+01,B-
102392,1334,35,+8.5781250000000000e+01,B
102396,1332,35,+7.7125000000000000e+01,C+
102396,1333,35,+8.3906250000000000e+01,B
102396,1334,35,+8.5000000000000000e+01,B
102396,1205,35,+8.2875000000000000e+01,B-
102399,1215,35,+9.2281250000000000e+01,A-
102399,1116,35,+8.7375000000000000e+01,B+
102399,1120,35,+8.1031250000000000e+01,B-
102399,1270,35,+8.9031250000000000e+01,B+
102415,1396,35,+9.0593750000000000e+01,A-
102415,1392,35,+8.2781250000000000e+01,B-
102415,1393,35,+9.1875000000000000e+01,A-
102443,1291,35,+8.9375000000000000e+01,B+
102443,1284,35,+8.8031250000000000e+01,B+
102443,1292,35,+8.7781250000000000e+01,B+
102449,1333,35,+9.1437500000000000e+01,A-
102449,1326,35,+8.8906250000000000e+01,B+
102449,1341,35,+8.5843750000000000e+01,B
102452,1392,35,+5.6312500000000000e+01,F
102452,1393,35,+5.4406250000000000e+01,F
102452,1405,35,+5.5000000000000000e+01,F
102452,1398,35,+4.8187500000000000e+01,F
102454,1396,35,+9.0281250000000000e+01,A-
102454,1392,35,+8.7531250000000000e+01,B+
102454,1404,35,+8.4500000000000000e+01,B
102461,1201,35,+8.5437500000000000e+01,B
102461,1261,35,+8.5593750000000000e+01,B
102461,1212,35,+8.2406250000000000e+01,B-
102464,1404,35,+7.6281250000000000e+01,C
102464,1393,35,+8.0031250000000000e+01,B-
102464,1405,35,+8.1593750000000000e+01,B-
102464,1394,35,+8.1718750000000000e+01,B-
102465,1323,35,+9.2562500000000000e+01,A-
102465,1101,35,+8.1093750000000000e+01,B-
102465,1331,35,+9.0468750000000000e+01,A-
102465,1324,35,+9.0250000000000000e+01,A-
102475,1291,35,+8.0031250000000000e+01,B-
102475,1284,35,+8.2250000000000000e+01,B-
102475,1292,35,+8.6718750000000000e+01,B
102475,1285,35,+8.5187500000000000e+01,B
102480,1325,35,+9.6031250000000000e+01,A
102480,1326,35,+9.1281250000000000e+01,A-
102480,1334,35,+9.9468750000000000e+01,A+
102480,1327,35,+9.5937500000000000e+01,A
102505,1262,35,+8.6375000000000000e+01,B
102505,1410,35,+8.2750000000000000e+01,B-
102505,1214,35,+8.1093750000000000e+01,B-
102515,1404,35,+8.6875000000000000e+01,B
102515,1393,35,+9.0125000000000000e+01,A-
102515,1405,35,+9.1468750000000000e+01,A-
102521,1290,35,+9.0000000000000000e+01,A-
102521,1101,35,+8.8093750000000000e+01,B+
102521,1283,35,+8.9500000000000000e+01,B+
102521,1291,35,+8.2187500000000000e+01,B-
102522,1204,35,+8.8500000000000000e+01,B+
102522,1294,35,+9.1156250000000000e+01,A-
102522,1212,35,+8.7500000000000000e+01,B+
102522,1255,35,+8.9562500000000000e+01,B+
102522,1113,35,+8.9718750000000000e+01,B+
102536,1332,35,+8.8000000000000000e+01,B+
102536,1325,35,+8.9125000000000000e+01,B+
102536,1326,35,+9.0968750000000000e+01,A-
102536,1327,35,+8.7843750000000000e+01,B+
102588,1201,35,+9.0093750000000000e+01,A-
102588,1103,35,+8.9187500000000000e+01,B+
102595,1331,35,+8.6281250000000000e+01,B
102595,1320,35,+8.2625000000000000e+01,B-
102595,1325,35,+8.3875000000000000e+01,B
102595,1326,35,+8.2875000000000000e+01,B-
102595,1334,35,+7.8031250000000000e+01,C+
102603,1398,35,+7.6500000000000000e+01,C
102603,1394,35,+8.0843750000000000e+01,B-
102603,1406,35,+8.4687500000000000e+01,B
102603,1407,35,+8.2968750000000000e+01,B-
102603,1400,35,+8.3000000000000000e+01,B
102604,1284,35,+8.0125000000000000e+01,B-
102604,1292,35,+7.9937500000000000e+01,C+
102604,1285,35,+8.4593750000000000e+01,B
102604,1293,35,+7.6687500000000000e+01,C
102604,1286,35,+8.6656250000000000e+01,B
102607,1196,35,+8.7843750000000000e+01,B+
102607,1247,35,+9.2531250000000000e+01,A-
102607,1210,35,+9.3468750000000000e+01,A
102610,1292,35,+8.1437500000000000e+01,B-
102610,1293,35,+8.0968750000000000e+01,B-
102610,1286,35,+8.2031250000000000e+01,B-
102610,1294,35,+8.8093750000000000e+01,B+
102621,1284,35,+8.9687500000000000e+01,B+
102621,1280,35,+9.0406250000000000e+01,A-
102621,1292,35,+9.2531250000000000e+01,A-
102623,1260,35,+9.0000000000000000e+01,A-
102623,1213,35,+8.7625000000000000e+01,B+
102623,1216,35,+8.6937500000000000e+01,B
102624,1103,35,+8.9531250000000000e+01,B+
102624,1211,35,+9.0343750000000000e+01,A-
102624,1205,35,+9.0500000000000000e+01,A-
102624,1113,35,+8.9312500000000000e+01,B+
102636,1258,35,+8.6312500000000000e+01,B
102636,1319,35,+8.1500000000000000e+01,B-
102636,1331,35,+8.2062500000000000e+01,B-
102648,1102,35,+9.1500000000000000e+01,A-
102648,1259,35,+9.3843750000000000e+01,A
102648,1252,35,+9.4218750000000000e+01,A
102648,1202,35,+8.7250000000000000e+01,B+
102650,1404,35,+9.0187500000000000e+01,A-
102650,1393,35,+9.5312500000000000e+01,A
102650,1405,35,+9.1218750000000000e+01,A-
102650,1398,35,+9.2093750000000000e+01,A-
102650,1394,35,+9.1343750000000000e+01,A-
102657,1403,35,+8.4125000000000000e+01,B
102657,1396,35,+9.3562500000000000e+01,A
102657,1393,35,+8.9906250000000000e+01,B+
102663,1279,35,+9.0062500000000000e+01,A-
102663,1284,35,+8.7500000000000000e+01,B+
102663,1102,35,+8.6625000000000000e+01,B
102663,1280,35,+9.1125000000000000e+01,A-
102663,1292,35,+8.7093750000000000e+01,B+
102665,1404,35,+8.1125000000000000e+01,B-
102665,1393,35,+8.3156250000000000e+01,B
102665,1405,35,+8.0125000000000000e+01,B-
102665,1398,35,+8.3031250000000000e+01,B
102716,1393,35,+8.9218750000000000e+01,B+
102716,1405,35,+8.6375000000000000e+01,B
102716,1406,35,+8.6000000000000000e+01,B
102719,1290,35,+8.6750000000000000e+01,B
102719,1279,35,+9.1937500000000000e+01,A-
102719,1291,35,+8.9781250000000000e+01,B+
102719,1284,35,+9.1562500000000000e+01,A-
102719,1285,35,+7.9781250000000000e+01,C+
102725,1333,35,+9.6531250000000000e+01,A
102725,1334,35,+9.3218750000000000e+01,A
102726,1201,35,+8.3906250000000000e+01,B
102726,1279,35,+8.6031250000000000e+01,B
102726,1291,35,+8.9906250000000000e+01,B+
102726,1284,35,+8.9281250000000000e+01,B+
102739,1286,35,+9.2437500000000000e+01,A-
102739,1327,35,+8.7218750000000000e+01,B+
102745,1259,35,+8.6875000000000000e+01,B
102745,1098,35,+8.4312500000000000e+01,B
102745,1210,35,+8.8875000000000000e+01,B+
102748,1332,35,+8.3468750000000000e+01,B
102748,1103,35,+8.4656250000000000e+01,B
102748,1210,35,+8.7031250000000000e+01,B+
102753,1393,35,+8.2937500000000000e+01,B-
102753,1406,35,+8.8718750000000000e+01,B+
102753,1399,35,+9.2781250000000000e+01,A-
102753,1407,35,+8.6406250000000000e+01,B
102753,1400,35,+8.9531250000000000e+01,B+
102755,1292,35,+8.5531250000000000e+01,B
102755,1285,35,+9.2125000000000000e+01,A-
102755,1293,35,+8.8156250000000000e+01,B+
102769,1405,35,+8.1812500000000000e+01,B-
102769,1398,35,+8.4125000000000000e+01,B
102769,1394,35,+8.3781250000000000e+01,B
102769,1407,35,+8.7437500000000000e+01,B+
102781,1320,35,+9.8062500000000000e+01,A+
102781,1325,35,+9.1593750000000000e+01,A-
102783,1101,35,+8.9250000000000000e+01,B+
102783,1097,35,+8.6187500000000000e+01,B
102783,1202,35,+8.9125000000000000e+01,B+
102805,1326,35,+9.1500000000000000e+01,A-
102805,1337,35,+8.8406250000000000e+01,B+
102809,1392,35,+8.8656250000000000e+01,B+
102818,1290,35,+8.2687500000000000e+01,B-
102818,1283,35,+8.0937500000000000e+01,B-
102818,1291,35,+8.2968750000000000e+01,B-
102818,1292,35,+8.1062500000000000e+01,B-
102840,1331,35,+9.7593750000000000e+01,A+
102840,1324,35,+9.8843750000000000e+01,A+
102840,1320,35,+9.3031250000000000e+01,A
102854,1279,35,+8.9312500000000000e+01,B+
102854,1291,35,+8.8843750000000000e+01,B+
102854,1280,35,+8.7343750000000000e+01,B+
102854,1292,35,+9.1500000000000000e+01,A-
102864,1247,35,+8.5093750000000000e+01,B
102864,1291,35,+8.4843750000000000e+01,B
102864,1284,35,+8.1937500000000000e+01,B-
102865,1285,35,+8.1343750000000000e+01,B-
102865,1293,35,+8.2375000000000000e+01,B-
102865,1286,35,+8.2781250000000000e+01,B-
102865,1294,35,+8.0500000000000000e+01,B-
102871,1247,35,+7.8968750000000000e+01,C+
102871,1212,35,+7.9937500000000000e+01,C+
102884,1404,35,+9.6625000000000000e+01,A
102884,1101,35,+9.6437500000000000e+01,A
102884,1097,35,+9.7250000000000000e+01,A+
102884,1260,35,+9.6562500000000000e+01,A
102888,1103,35,+8.3906250000000000e+01,B
102888,1260,35,+8.3156250000000000e+01,B
102888,1117,35,+8.5937500000000000e+01,B
102897,1283,35,+8.7437500000000000e+01,B+
102897,1279,35,+8.4062500000000000e+01,B
102897,1291,35,+9.1281250000000000e+01,A-
102901,1291,35,+7.6593750000000000e+01,C
102901,1284,35,+8.6687500000000000e+01,B
102901,1280,35,+8.0968750000000000e+01,B-
102901,1292,35,+7.7843750000000000e+01,C+
102902,1202,35,+8.3156250000000000e+01,B
102902,1280,35,+8.1031250000000000e+01,B-
102902,1292,35,+8.1531250000000000e+01,B-
102902,1325,35,+7.9843750000000000e+01,C+
102902,1285,35,+7.7937500000000000e+01,C+
102905,1335,35,+8.8593750000000000e+01,B+
102907,1291,35,+8.0593750000000000e+01,B-
102907,1284,35,+8.2156250000000000e+01,B-
102907,1280,35,+7.8218750000000000e+01,C+
102907,1292,35,+7.5843750000000000e+01,C
102917,1216,35,+9.2500000000000000e+01,A-
102917,1118,35,+9.1312500000000000e+01,A-
102917,1343,35,+8.3125000000000000e+01,B
102917,1122,35,+8.8718750000000000e+01,B+
102930,1332,35,+9.3718750000000000e+01,A
102930,1325,35,+9.9281250000000000e+01,A+
102930,1333,35,+9.5375000000000000e+01,A
102946,1392,35,+8.7781250000000000e+01,B+
102946,1404,35,+8.5562500000000000e+01,B
102963,1210,35,+8.7343750000000000e+01,B+
102969,1323,35,+8.0500000000000000e+01,B-
102969,1319,35,+7.7062500000000000e+01,C+
102969,1331,35,+8.0906250000000000e+01,B-
102969,1324,35,+8.1687500000000000e+01,B-
102985,1404,35,+9.7468750000000000e+01,A+
102985,1393,35,+9.6625000000000000e+01,A
102985,1405,35,+1.0034375000000000e+02,A+
102994,1252,35,+8.4968750000000000e+01,B
102994,1253,35,+8.1375000000000000e+01,B-
102994,1204,35,+8.1468750000000000e+01,B-
101003,1343,35,+8.1625000000000000e+01,B-
101003,1352,35,+8.5343750000000000e+01,B
101003,1354,35,+8.5187500000000000e+01,B
101003,1355,35,+8.5125000000000000e+01,B
101019,1341,35,+8.7437500000000000e+01,B+
101019,1344,35,+9.1062500000000000e+01,A-
101019,1345,35,+8.1656250000000000e+01,B-
101019,1223,35,+8.2656250000000000e+01,B-
101024,1345,35,+7.9656250000000000e+01,C+
101024,1346,35,+8.6093750000000000e+01,B
101026,1407,35,+8.3843750000000000e+01,B
101026,1400,35,+8.2593750000000000e+01,B-
101026,1409,35,+8.0625000000000000e+01,B-
101036,1266,35,+8.9906250000000000e+01,B+
101036,1267,35,+9.0156250000000000e+01,A-
101055,1295,35,+7.9750000000000000e+01,C+
101055,1297,35,+8.2656250000000000e+01,B-
101055,1299,35,+8.4875000000000000e+01,B
101055,1300,35,+8.6312500000000000e+01,B
101056,1341,35,+8.0968750000000000e+01,B-
101056,1269,35,+8.2750000000000000e+01,B-
101056,1344,35,+8.4593750000000000e+01,B
101056,1345,35,+7.8031250000000000e+01,C+
101056,1346,35,+8.3875000000000000e+01,B
101058,1112,35,+8.8093750000000000e+01,B+
101058,1401,35,+8.8375000000000000e+01,B+
101058,1411,35,+8.8187500000000000e+01,B+
101077,1270,35,+8.8187500000000000e+01,B+
101077,1222,35,+9.0000000000000000e+01,A-
101077,1227,35,+9.0156250000000000e+01,A-
101089,1334,35,+9.9218750000000000e+01,A+
101089,1337,35,+9.8562500000000000e+01,A+
101089,1339,35,+9.5781250000000000e+01,A
101089,1343,35,+9.7218750000000000e+01,A+
101147,1126,35,+8.4406250000000000e+01,B
101147,1349,35,+7.8562500000000000e+01,C+
101147,1228,35,+8.3125000000000000e+01,B
101147,1352,35,+7.7687500000000000e+01,C+
101148,1358,35,+7.9812500000000000e+01,C+
101148,1360,35,+7.4968750000000000e+01,C
101150,1411,35,+9.5187500000000000e+01,A
101150,1265,35,+9.1968750000000000e+01,A-
101150,1412,35,+9.1437500000000000e+01,A-
101150,1413,35,+9.4656250000000000e+01,A
101150,1414,35,+9.1562500000000000e+01,A-
101158,1230,35,+8.4343750000000000e+01,B
101158,1313,35,+8.2093750000000000e+01,B-
101164,1265,35,+9.1375000000000000e+01,A-
101164,1266,35,+9.5625000000000000e+01,A
101164,1216,35,+9.1187500000000000e+01,A-
101165,1409,35,+8.3718750000000000e+01,B
101165,1410,35,+8.4625000000000000e+01,B
101165,1411,35,+8.2375000000000000e+01,B-
101165,1413,35,+7.5406250000000000e+01,C
101165,1414,35,+8.3312500000000000e+01,B
101187,1337,35,+7.9906250000000000e+01,C+
101188,1311,35,+9.6750000000000000e+01,A
101200,1299,35,+8.5281250000000000e+01,B
101211,1358,35,+8.0437500000000000e+01,B-
101211,1374,35,+8.0250000000000000e+01,B-
101215,1223,35,+8.8281250000000000e+01,B+
101215,1310,35,+8.8593750000000000e+01,B+
101215,1228,35,+9.1187500000000000e+01,A-
101215,1313,35,+8.1843750000000000e+01,B-
101238,1294,35,+9.0656250000000000e+01,A-
101238,1296,35,+9.1375000000000000e+01,A-
101238,1297,35,+8.7687500000000000e+01,B+
101245,1336,35,+9.1187500000000000e+01,A-
101266,1354,35,+5.5718750000000000e+01,F
101266,1355,35,+5.3218750000000000e+01,F
101266,1236,35,+5.8343750000000000e+01,F
101268,1272,35,+7.7906250000000000e+01,C+
101268,1225,35,+8.1437500000000000e+01,B-
101268,1131,35,+8.9562500000000000e+01,B+
101273,1211,35,+5.4187500000000000e+01,F
101275,1412,35,+9.2343750000000000e+01,A-
101275,1413,35,+8.1500000000000000e+01,B-
101275,1414,35,+9.1062500000000000e+01,A-
101275,1415,35,+8.8625000000000000e+01,B+
101278,1327,35,+8.4406250000000000e+01,B
101278,1336,35,+8.5437500000000000e+01,B
101278,1337,35,+7.9218750000000000e+01,C+
101278,1412,35,+8.1218750000000000e+01,B-
101278,1341,35,+8.0906250000000000e+01,B-
101282,1232,35,+9.0031250000000000e+01,A-
101290,1349,35,+7.9437500000000000e+01,C+
101290,1351,35,+7.6031250000000000e+01,C
101290,1352,35,+8.2687500000000000e+01,B-
101290,1353,35,+7.6406250000000000e+01,C
101290,1356,35,+7.7281250000000000e+01,C+
101293,1407,35,+8.8687500000000000e+01,B+
101293,1333,35,+8.6093750000000000e+01,B
101306,1119,35,+7.6250000000000000e+01,C
101306,1219,35,+8.0875000000000000e+01,B-
101329,1267,35,+8.3000000000000000e+01,B
101329,1269,35,+8.0062500000000000e+01,B-
101329,1227,35,+8.0312500000000000e+01,B-
101329,1134,35,+7.9187500000000000e+01,C+
101336,1401,35,+9.3781250000000000e+01,A
101336,1255,35,+9.5281250000000000e+01,A
101336,1410,35,+9.1562500000000000e+01,A-
101336,1411,35,+9.0781250000000000e+01,A-
101347,1400,35,+8.1531250000000000e+01,B-
101347,1408,35,+8.3718750000000000e+01,B
101347,1401,35,+8.1656250000000000e+01,B-
101347,1409,35,+7.3281250000000000e+01,C
101358,1263,35,+8.8062500000000000e+01,B+
101358,1410,35,+9.2593750000000000e+01,A-
101358,1412,35,+9.2031250000000000e+01,A-
101358,1413,35,+9.0656250000000000e+01,A-
101376,1235,35,+8.8750000000000000e+01,B+
101376,1138,35,+8.9312500000000000e+01,B+
101376,1139,35,+8.8375000000000000e+01,B+
101381,1309,35,+8.0625000000000000e+01,B-
101382,1302,35,+7.6843750000000000e+01,C
101385,1306,35,+9.1500000000000000e+01,A-
101387,1356,35,+7.8375000000000000e+01,C+
101387,1357,35,+7.9625000000000000e+01,C+
101387,1360,35,+8.5093750000000000e+01,B
101387,1361,35,+7.8906250000000000e+01,C+
101392,1134,35,+8.8406250000000000e+01,B+
101398,1295,35,+9.3218750000000000e+01,A
101399,1120,35,+8.9718750000000000e+01,B+
101399,1220,35,+9.3375000000000000e+01,A
101399,1124,35,+9.2625000000000000e+01,A-
101431,1401,35,+8.0093750000000000e+01,B-
101431,1343,35,+7.9218750000000000e+01,C+
101438,1301,35,+8.2781250000000000e+01,B-
101438,1302,35,+7.9031250000000000e+01,C+
101483,1409,35,+8.4156250000000000e+01,B
101483,1265,35,+8.5312500000000000e+01,B
101491,1299,35,+8.7781250000000000e+01,B+
101491,1300,35,+8.6281250000000000e+01,B
101491,1301,35,+8.4125000000000000e+01,B
101491,1302,35,+9.0218750000000000e+01,A-
101505,1299,35,+9.6593750000000000e+01,A
101505,1301,35,+9.8125000000000000e+01,A+
101505,1302,35,+9.9406250000000000e+01,A+
101505,1304,35,+9.7750000000000000e+01,A+
101519,1346,35,+9.9093750000000000e+01,A+
101519,1347,35,+9.7875000000000000e+01,A+
101519,1349,35,+9.6937500000000000e+01,A
101519,1352,35,+9.8937500000000000e+01,A+
101536,1231,35,+8.4218750000000000e+01,B
101563,1222,35,+8.7875000000000000e+01,B+
101582,1409,35,+8.7125000000000000e+01,B+
101582,1410,35,+8.9156250000000000e+01,B+
101582,1411,35,+8.5781250000000000e+01,B
101583,1349,35,+9.0468750000000000e+01,A-
101583,1352,35,+9.0781250000000000e+01,A-
101583,1353,35,+9.2218750000000000e+01,A-
101583,1356,35,+9.1187500000000000e+01,A-
101596,1224,35,+8.2375000000000000e+01,B-
101603,1116,35,+5.9000000000000000e+01,F
101603,1267,35,+5.2312500000000000e+01,F
101603,1120,35,+5.9593750000000000e+01,F
101603,1220,35,+5.8843750000000000e+01,F
101603,1271,35,+5.3750000000000000e+01,F
101606,1422,35,+8.3062500000000000e+01,B
101606,1227,35,+8.4062500000000000e+01,B
101616,1216,35,+8.2343750000000000e+01,B-
101616,1117,35,+8.1656250000000000e+01,B-
101616,1119,35,+8.1968750000000000e+01,B-
101616,1222,35,+8.5625000000000000e+01,B
101617,1222,35,+8.8375000000000000e+01,B+
101617,1225,35,+8.8875000000000000e+01,B+
101617,1356,35,+9.2437500000000000e+01,A-
101618,1300,35,+7.8812500000000000e+01,C+
101618,1301,35,+8.8218750000000000e+01,B+
101618,1302,35,+8.3375000000000000e+01,B
101618,1306,35,+8.4593750000000000e+01,B
101621,1413,35,+8.4218750000000000e+01,B
101635,1345,35,+9.3625000000000000e+01,A
101635,1349,35,+8.8406250000000000e+01,B+
101635,1352,35,+9.1812500000000000e+01,A-
101650,1219,35,+8.9125000000000000e+01,B+
101650,1128,35,+8.3906250000000000e+01,B
101667,1411,35,+8.1343750000000000e+01,B-
101680,1121,35,+1.0212500000000000e+02,A+
101680,1123,35,+9.7312500000000000e+01,A+
101680,1124,35,+9.5125000000000000e+01,A
101681,1120,35,+9.7031250000000000e+01,A+
101681,1270,35,+9.6031250000000000e+01,A
101688,1295,35,+8.8687500000000000e+01,B+
101688,1297,35,+8.9000000000000000e+01,B+
101688,1411,35,+8.3593750000000000e+01,B
101688,1300,35,+8.7250000000000000e+01,B+
101690,1347,35,+9.0406250000000000e+01,A-
101690,1349,35,+9.2468750000000000e+01,A-
101690,1311,35,+9.4062500000000000e+01,A
101690,1354,35,+9.2000000000000000e+01,A-
101699,1297,35,+8.2062500000000000e+01,B-
101699,1299,35,+8.5156250000000000e+01,B
101699,1300,35,+8.2437500000000000e+01,B-
101699,1301,35,+8.0343750000000000e+01,B-
101699,1302,35,+8.0937500000000000e+01,B-
101721,1216,35,+8.2875000000000000e+01,B-
101721,1119,35,+8.3625000000000000e+01,B
101721,1219,35,+9.2093750000000000e+01,A-
101721,1126,35,+9.0500000000000000e+01,A-
101723,1312,35,+9.3437500000000000e+01,A
101723,1132,35,+8.7187500000000000e+01,B+
101723,1239,35,+8.9000000000000000e+01,B+
101739,1294,35,+8.6687500000000000e+01,B
101739,1295,35,+9.1593750000000000e+01,A-
101739,1296,35,+8.7781250000000000e+01,B+
101747,1236,35,+8.3281250000000000e+01,B
101747,1237,35,+8.6562500000000000e+01,B
101747,1238,35,+8.6812500000000000e+01,B
101747,1239,35,+8.9406250000000000e+01,B+
101747,1142,35,+8.7062500000000000e+01,B+
101752,1344,35,+8.9375000000000000e+01,B+
101752,1347,35,+8.8750000000000000e+01,B+
101752,1349,35,+9.1937500000000000e+01,A-
101752,1354,35,+9.2656250000000000e+01,A-
101759,1118,35,+7.7343750000000000e+01,C+
101759,1345,35,+8.4875000000000000e+01,B
101759,1346,35,+8.3062500000000000e+01,B
101759,1353,35,+8.5156250000000000e+01,B
101762,1122,35,+7.7218750000000000e+01,C+
101762,1222,35,+8.1593750000000000e+01,B-
101762,1227,35,+8.0000000000000000e+01,B-
101762,1130,35,+8.4250000000000000e+01,B
101783,1307,35,+7.5687500000000000e+01,C
101808,1349,35,+8.8437500000000000e+01,B+
101808,1128,35,+8.9656250000000000e+01,B+
101808,1131,35,+8.6812500000000000e+01,B
101808,1135,35,+8.9093750000000000e+01,B+
101814,1345,35,+9.1718750000000000e+01,A-
101814,1346,35,+9.5687500000000000e+01,A
101814,1225,35,+9.3500000000000000e+01,A
101814,1351,35,+8.9093750000000000e+01,B+
101826,1224,35,+8.4187500000000000e+01,B
101826,1231,35,+9.0718750000000000e+01,A-
101826,1135,35,+8.9125000000000000e+01,B+
101826,1136,35,+8.4281250000000000e+01,B
101838,1130,35,+9.0750000000000000e+01,A-
101838,1132,35,+9.0656250000000000e+01,A-
101838,1238,35,+9.2093750000000000e+01,A-
101840,1353,35,+9.1531250000000000e+01,A-
101840,1354,35,+8.9218750000000000e+01,B+
101840,1356,35,+9.1187500000000000e+01,A-
101868,1128,35,+9.0406250000000000e+01,A-
101868,1231,35,+9.4812500000000000e+01,A
101868,1235,35,+9.0718750000000000e+01,A-
101873,1349,35,+8.0406250000000000e+01,B-
101873,1353,35,+8.4062500000000000e+01,B
101873,1358,35,+8.6250000000000000e+01,B
101891,1343,35,+8.7187500000000000e+01,B+
101891,1346,35,+8.5187500000000000e+01,B
101891,1351,35,+9.0406250000000000e+01,A-
101898,1296,35,+5.2687500000000000e+01,F
101916,1401,35,+8.4468750000000000e+01,B
101916,1409,35,+8.9218750000000000e+01,B+
101916,1410,35,+8.7968750000000000e+01,B+
101916,1412,35,+8.8750000000000000e+01,B+
101919,1131,35,+1.0021875000000000e+02,A+
101919,1132,35,+9.5593750000000000e+01,A
101919,1134,35,+9.1937500000000000e+01,A-
101919,1135,35,+9.4937500000000000e+01,A
101931,1344,35,+8.9500000000000000e+01,B+
101931,1346,35,+8.8218750000000000e+01,B+
101941,1345,35,+8.3250000000000000e+01,B
101941,1124,35,+8.8343750000000000e+01,B+
101943,1411,35,+8.8875000000000000e+01,B+
101943,1412,35,+9.0562500000000000e+01,A-
101943,1414,35,+8.4937500000000000e+01,B
101943,1415,35,+8.4843750000000000e+01,B
101963,1225,35,+8.3437500000000000e+01,B
101963,1352,35,+8.2843750000000000e+01,B-
101963,1353,35,+8.3218750000000000e+01,B
101974,1122,35,+8.0531250000000000e+01,B-
101974,1132,35,+7.7500000000000000e+01,C+
101994,1341,35,+8.7687500000000000e+01,B+
101994,1228,35,+9.0375000000000000e+01,A-
101994,1130,35,+8.5718750000000000e+01,B
101994,1231,35,+8.9968750000000000e+01,B+
100016,1374,35,+9.4000000000000000e+01,A
100033,1151,35,+9.0906250000000000e+01,A-
100048,1310,35,+9.0437500000000000e+01,A-
100048,1311,35,+8.4562500000000000e+01,B
100048,1312,35,+8.7875000000000000e+01,B+
100048,1313,35,+8.7250000000000000e+01,B+
100048,1137,35,+8.6968750000000000e+01,B
100062,1168,35,+9.0968750000000000e+01,A-
100063,1311,35,+8.2812500000000000e+01,B-
100063,1313,35,+7.9375000000000000e+01,C+
100063,1232,35,+8.2406250000000000e+01,B-
100063,1355,35,+7.7625000000000000e+01,C+
100093,1372,35,+9.4906250000000000e+01,A
100093,1374,35,+9.8593750000000000e+01,A+
100096,1309,35,+9.0718750000000000e+01,A-
100096,1310,35,+8.9718750000000000e+01,B+
100096,1312,35,+9.0562500000000000e+01,A-
100096,1313,35,+8.7531250000000000e+01,B+
100096,1136,35,+8.9468750000000000e+01,B+
100101,1421,35,+8.7593750000000000e+01,B+
100101,1422,35,+8.9968750000000000e+01,B+
100105,1156,35,+8.3593750000000000e+01,B
100105,1162,35,+8.2968750000000000e+01,B-
100105,1165,35,+8.4781250000000000e+01,B
100105,1166,35,+8.3125000000000000e+01,B
100117,1374,35,+9.1656250000000000e+01,A-
100117,1377,35,+8.6843750000000000e+01,B
100117,1378,35,+8.6968750000000000e+01,B
100117,1379,35,+8.7437500000000000e+01,B+
100117,1380,35,+8.3000000000000000e+01,B
100118,1421,35,+9.2281250000000000e+01,A-
100118,1147,35,+9.4187500000000000e+01,A
100151,1142,35,+9.5718750000000000e+01,A
100151,1150,35,+9.6531250000000000e+01,A
100151,1151,35,+9.1343750000000000e+01,A-
100166,1305,35,+8.7375000000000000e+01,B+
100166,1306,35,+8.6375000000000000e+01,B
100166,1307,35,+8.4156250000000000e+01,B
100166,1311,35,+9.0437500000000000e+01,A-
100166,1312,35,+8.7375000000000000e+01,B+
100167,1310,35,+8.6281250000000000e+01,B
100167,1311,35,+8.6625000000000000e+01,B
100167,1312,35,+8.7843750000000000e+01,B+
100167,1313,35,+7.8593750000000000e+01,C+
100192,1371,35,+8.2531250000000000e+01,B-
100192,1372,35,+8.6218750000000000e+01,B
100192,1374,35,+8.6656250000000000e+01,B
100192,1375,35,+8.8125000000000000e+01,B+
100196,1417,35,+8.3687500000000000e+01,B
100196,1306,35,+8.3875000000000000e+01,B
100196,1420,35,+8.1593750000000000e+01,B-
100197,1311,35,+8.0593750000000000e+01,B-
100197,1312,35,+8.7718750000000000e+01,B+
100197,1313,35,+7.4968750000000000e+01,C
100197,1360,35,+8.8000000000000000e+01,B+
100210,1147,35,+9.1375000000000000e+01,A-
100210,1155,35,+9.2031250000000000e+01,A-
100224,1367,35,+8.2875000000000000e+01,B-
100224,1378,35,+8.4656250000000000e+01,B
100225,1371,35,+9.2875000000000000e+01,A-
100225,1372,35,+9.0937500000000000e+01,A-
100225,1374,35,+8.9843750000000000e+01,B+
100225,1376,35,+9.3437500000000000e+01,A
100232,1152,35,+7.9406250000000000e+01,C+
100232,1170,35,+8.5312500000000000e+01,B
100241,1309,35,+5.9937500000000000e+01,F
100241,1228,35,+5.5781250000000000e+01,F
100241,1312,35,+6.1718750000000000e+01,D
100241,1352,35,+6.1093750000000000e+01,D
100241,1313,35,+5.7468750000000000e+01,F
100245,1380,35,+8.8812500000000000e+01,B+
100253,1311,35,+8.5875000000000000e+01,B
100253,1313,35,+8.5093750000000000e+01,B
100254,1139,35,+8.9781250000000000e+01,B+
100254,1240,35,+8.8156250000000000e+01,B+
100254,1157,35,+8.7156250000000000e+01,B+
100262,1301,35,+8.2843750000000000e+01,B-
100262,1302,35,+8.3937500000000000e+01,B
100262,1306,35,+8.3656250000000000e+01,B
100262,1309,35,+8.7031250000000000e+01,B+
100262,1310,35,+8.6093750000000000e+01,B
100263,1422,35,+8.3812500000000000e+01,B
100267,1417,35,+9.8843750000000000e+01,A+
100267,1420,35,+9.8812500000000000e+01,A+
100290,1422,35,+7.6625000000000000e+01,C
100299,1370,35,+8.5750000000000000e+01,B
100299,1374,35,+8.4687500000000000e+01,B
100299,1375,35,+8.6531250000000000e+01,B
100299,1378,35,+8.7718750000000000e+01,B+
100323,1312,35,+9.8781250000000000e+01,A+
100323,1313,35,+9.7000000000000000e+01,A+
100323,1235,35,+9.5281250000000000e+01,A
100323,1143,35,+9.3468750000000000e+01,A
100325,1420,35,+8.7562500000000000e+01,B+
100325,1422,35,+8.5687500000000000e+01,B
100352,1383,35,+8.3531250000000000e+01,B
100379,1371,35,+9.6406250000000000e+01,A
100379,1372,35,+9.1531250000000000e+01,A-
100379,1375,35,+9.2312500000000000e+01,A-
100379,1382,35,+8.9500000000000000e+01,B+
100392,1363,35,+8.6531250000000000e+01,B
100399,1416,35,+8.7437500000000000e+01,B+
100399,1421,35,+8.9875000000000000e+01,B+
100399,1422,35,+8.8000000000000000e+01,B+
100402,1344,35,+7.9750000000000000e+01,C+
100402,1304,35,+7.4906250000000000e+01,C
100402,1305,35,+8.2218750000000000e+01,B-
100402,1307,35,+8.4750000000000000e+01,B
100434,1418,35,+8.4468750000000000e+01,B
100434,1272,35,+8.9875000000000000e+01,B+
100434,1421,35,+9.0593750000000000e+01,A-
100436,1371,35,+5.9062500000000000e+01,F
100436,1378,35,+5.8187500000000000e+01,F
100436,1381,35,+5.5875000000000000e+01,F
100436,1383,35,+6.0062500000000000e+01,D
100449,1417,35,+8.4468750000000000e+01,B
100449,1420,35,+7.8750000000000000e+01,C+
100449,1421,35,+7.7250000000000000e+01,C+
100478,1305,35,+8.3906250000000000e+01,B
100478,1306,35,+7.6093750000000000e+01,C
100478,1311,35,+8.3156250000000000e+01,B
100478,1313,35,+8.5781250000000000e+01,B
100488,1351,35,+9.1468750000000000e+01,A-
100488,1130,35,+9.2437500000000000e+01,A-
100488,1137,35,+9.3500000000000000e+01,A
100490,1153,35,+8.0281250000000000e+01,B-
100502,1416,35,+9.9250000000000000e+01,A+
100502,1417,35,+9.7531250000000000e+01,A+
100502,1418,35,+9.8250000000000000e+01,A+
100502,1420,35,+9.7343750000000000e+01,A+
100502,1421,35,+9.9500000000000000e+01,A+
100522,1371,35,+9.3625000000000000e+01,A
100522,1372,35,+9.6656250000000000e+01,A
100522,1376,35,+9.5531250000000000e+01,A
100522,1377,35,+9.1750000000000000e+01,A-
100540,1361,35,+8.7250000000000000e+01,B+
100552,1159,35,+9.8375000000000000e+01,A+
100552,1163,35,+9.6906250000000000e+01,A
100552,1166,35,+9.9968750000000000e+01,A+
100552,1172,35,+9.6125000000000000e+01,A
100552,1176,35,+1.0000000000000000e+02,A+
100555,1367,35,+5.2062500000000000e+01,F
100555,1155,35,+5.3343750000000000e+01,F
100576,1130,35,+8.4531250000000000e+01,B
100576,1232,35,+9.0062500000000000e+01,A-
100576,1233,35,+8.0687500000000000e+01,B-
100576,1137,35,+8.8625000000000000e+01,B+
100576,1139,35,+8.6906250000000000e+01,B
100599,1309,35,+8.6281250000000000e+01,B
100599,1310,35,+8.9812500000000000e+01,B+
100599,1312,35,+8.9687500000000000e+01,B+
100599,1313,35,+8.7312500000000000e+01,B+
100619,1138,35,+8.4843750000000000e+01,B
100627,1414,35,+8.3718750000000000e+01,B
100627,1416,35,+8.1937500000000000e+01,B-
100627,1418,35,+7.9000000000000000e+01,C+
100642,1369,35,+7.9031250000000000e+01,C+
100646,1152,35,+9.2031250000000000e+01,A-
100646,1154,35,+9.0156250000000000e+01,A-
100646,1155,35,+9.0875000000000000e+01,A-
100662,1420,35,+9.0875000000000000e+01,A-
100662,1422,35,+9.0375000000000000e+01,A-
100684,1422,35,+8.3875000000000000e+01,B
100684,1130,35,+7.9406250000000000e+01,C+
100684,1238,35,+8.2843750000000000e+01,B-
100689,1381,35,+9.1968750000000000e+01,A-
100698,1371,35,+8.1937500000000000e+01,B-
100698,1372,35,+8.5093750000000000e+01,B
100698,1374,35,+8.5500000000000000e+01,B
100698,1375,35,+8.5593750000000000e+01,B
100698,1377,35,+8.8937500000000000e+01,B+
100700,1421,35,+7.5687500000000000e+01,C
100701,1420,35,+8.8468750000000000e+01,B+
100701,1421,35,+8.6625000000000000e+01,B
100701,1422,35,+8.8875000000000000e+01,B+
100706,1162,35,+9.6656250000000000e+01,A
100708,1415,35,+8.7437500000000000e+01,B+
100708,1417,35,+8.5687500000000000e+01,B
100708,1418,35,+8.9281250000000000e+01,B+
100708,1421,35,+8.8656250000000000e+01,B+
100713,1309,35,+8.9281250000000000e+01,B+
100713,1310,35,+8.2718750000000000e+01,B-
100713,1311,35,+8.1062500000000000e+01,B-
100713,1352,35,+8.8156250000000000e+01,B+
100716,1373,35,+8.9687500000000000e+01,B+
100716,1380,35,+9.0250000000000000e+01,A-
100729,1142,35,+9.6437500000000000e+01,A
100729,1147,35,+9.5468750000000000e+01,A
100729,1157,35,+9.3312500000000000e+01,A
100729,1164,35,+1.0068750000000000e+02,A+
100734,1414,35,+8.8250000000000000e+01,B+
100734,1415,35,+9.5062500000000000e+01,A
100734,1120,35,+8.8281250000000000e+01,B+
100734,1420,35,+9.2281250000000000e+01,A-
100779,1238,35,+9.6281250000000000e+01,A
100779,1241,35,+9.6062500000000000e+01,A
100785,1307,35,+9.4593750000000000e+01,A
100785,1309,35,+9.0218750000000000e+01,A-
100785,1311,35,+9.3687500000000000e+01,A
100785,1313,35,+9.3687500000000000e+01,A
100788,1421,35,+8.1718750000000000e+01,B-
100788,1422,35,+8.1906250000000000e+01,B-
100800,1360,35,+9.3093750000000000e+01,A
100800,1363,35,+9.0312500000000000e+01,A-
100800,1143,35,+9.1343750000000000e+01,A-
100800,1366,35,+9.4343750000000000e+01,A
100806,1345,35,+8.1937500000000000e+01,B-
100806,1420,35,+8.0625000000000000e+01,B-
100806,1421,35,+8.2625000000000000e+01,B-
100806,1422,35,+8.3093750000000000e+01,B
100807,1347,35,+8.3312500000000000e+01,B
100807,1309,35,+8.3406250000000000e+01,B
100807,1312,35,+8.1625000000000000e+01,B-
100807,1313,35,+8.5468750000000000e+01,B
100810,1148,35,+8.4968750000000000e+01,B
100810,1154,35,+8.2312500000000000e+01,B-
100825,1143,35,+8.7625000000000000e+01,B+
100825,1370,35,+8.8562500000000000e+01,B+
100825,1371,35,+8.8250000000000000e+01,B+
100825,1374,35,+8.3593750000000000e+01,B
100825,1375,35,+9.0968750000000000e+01,A-
100827,1358,35,+8.5968750000000000e+01,B
100829,1420,35,+8.5312500000000000e+01,B
100829,1422,35,+8.3468750000000000e+01,B
100829,1311,35,+7.8062500000000000e+01,C+
100829,1358,35,+8.3437500000000000e+01,B
100845,1312,35,+9.6968750000000000e+01,A
100845,1313,35,+9.6843750000000000e+01,A
100845,1142,35,+9.6500000000000000e+01,A
100847,1312,35,+8.3562500000000000e+01,B
100851,1305,35,+9.2562500000000000e+01,A-
100851,1306,35,+9.0062500000000000e+01,A-
100851,1307,35,+9.3750000000000000e+01,A
100851,1310,35,+9.3250000000000000e+01,A
100851,1311,35,+8.9062500000000000e+01,B+
100866,1311,35,+7.9281250000000000e+01,C+
100866,1312,35,+8.4375000000000000e+01,B
100866,1313,35,+7.7500000000000000e+01,C+
100913,1307,35,+8.7375000000000000e+01,B+
100913,1309,35,+8.6875000000000000e+01,B
100913,1310,35,+8.8437500000000000e+01,B+
100945,1132,35,+8.3375000000000000e+01,B
100945,1136,35,+8.2468750000000000e+01,B-
100945,1138,35,+8.5062500000000000e+01,B
100945,1139,35,+7.9187500000000000e+01,C+
100951,1421,35,+9.3093750000000000e+01,A
100951,1132,35,+9.2781250000000000e+01,A-
100952,1151,35,+8.8218750000000000e+01,B+
100952,1157,35,+8.5593750000000000e+01,B
100952,1159,35,+8.7375000000000000e+01,B+
100952,1161,35,+8.3593750000000000e+01,B
100952,1162,35,+8.6812500000000000e+01,B
100956,1369,35,+8.0187500000000000e+01,B-
100956,1373,35,+8.4062500000000000e+01,B
100956,1376,35,+8.2062500000000000e+01,B-
100956,1377,35,+8.6406250000000000e+01,B
100958,1365,35,+7.8000000000000000e+01,C+
100958,1370,35,+8.0281250000000000e+01,B-
100958,1372,35,+8.5343750000000000e+01,B
100963,1371,35,+9.7968750000000000e+01,A+
100963,1374,35,+9.8281250000000000e+01,A+
100963,1379,35,+9.6968750000000000e+01,A
100964,1305,35,+8.7687500000000000e+01,B+
100964,1306,35,+9.1250000000000000e+01,A-
100964,1310,35,+8.8000000000000000e+01,B+
100967,1369,35,+8.0843750000000000e+01,B-
100967,1150,35,+8.0562500000000000e+01,B-
100971,1162,35,+9.4218750000000000e+01,A
100981,1418,35,+8.3250000000000000e+01,B
100981,1422,35,+8.7125000000000000e+01,B+
100981,1130,35,+8.7656250000000000e+01,B+
100995,1310,35,+8.5125000000000000e+01,B
100995,1311,35,+8.8281250000000000e+01,B+
100995,1312,35,+8.8468750000000000e+01,B+
103000,1289,36,+9.3250000000000000e+01,A
103000,1281,36,+8.9937500000000000e+01,B+
103000,1277,36,+9.6000000000000000e+01,A
103000,1282,36,+9.1687500000000000e+01,A-
103005,1252,36,+9.2343750000000000e+01,A-
103005,1260,36,+9.2906250000000000e+01,A-
101999,1134,36,+9.0750000000000000e+01,A-
101999,1137,36,+9.2875000000000000e+01,A-
101999,1239,36,+9.4093750000000000e+01,A
101999,1143,36,+9.1343750000000000e+01,A-
103009,1281,36,+9.0781250000000000e+01,A-
103009,1277,36,+8.7875000000000000e+01,B+
103009,1289,36,+9.6031250000000000e+01,A
103011,1101,36,+9.3000000000000000e+01,A
103011,1201,36,+9.0062500000000000e+01,A-
103012,1391,36,+9.3687500000000000e+01,A
103012,1396,36,+8.8625000000000000e+01,B+
103012,1392,36,+9.2218750000000000e+01,A-
103012,1404,36,+8.9687500000000000e+01,B+
103037,1316,36,+9.0187500000000000e+01,A-
103037,1321,36,+9.6375000000000000e+01,A
103037,1322,36,+9.0000000000000000e+01,A-
103037,1330,36,+9.3187500000000000e+01,A
103055,1207,36,+8.3781250000000000e+01,B
103055,1196,36,+8.5562500000000000e+01,B
103066,1202,36,+8.7468750000000000e+01,B+
103068,1277,36,+8.4093750000000000e+01,B
103068,1282,36,+7.7562500000000000e+01,C+
103068,1290,36,+8.3031250000000000e+01,B
103068,1279,36,+8.3843750000000000e+01,B
103070,1405,36,+8.9718750000000000e+01,B+
103070,1252,36,+9.2468750000000000e+01,A-
103070,1253,36,+8.6375000000000000e+01,B
103087,1249,36,+9.2093750000000000e+01,A-
103097,1330,36,+9.1312500000000000e+01,A-
103097,1331,36,+8.8656250000000000e+01,B+
103097,1320,36,+8.2062500000000000e+01,B-
103097,1327,36,+8.9750000000000000e+01,B+
103108,1256,36,+8.9187500000000000e+01,B+
103108,1249,36,+8.5156250000000000e+01,B
103108,1199,36,+8.6687500000000000e+01,B
103110,1402,36,+8.8906250000000000e+01,B+
103110,1395,36,+9.0781250000000000e+01,A-
103110,1391,36,+8.6718750000000000e+01,B
103116,1196,36,+8.3062500000000000e+01,B
103116,1101,36,+8.0937500000000000e+01,B-
103120,1103,36,+9.1500000000000000e+01,A-
103120,1112,36,+9.4750000000000000e+01,A
103134,1402,36,+9.7781250000000000e+01,A+
103134,1391,36,+9.6062500000000000e+01,A
103134,1396,36,+9.3281250000000000e+01,A
103135,1282,36,+5.6093750000000000e+01,F
103135,1279,36,+5.5281250000000000e+01,F
103135,1291,36,+5.6562500000000000e+01,F
103140,1282,36,+9.5093750000000000e+01,A
103140,1290,36,+9.0281250000000000e+01,A-
103140,1283,36,+9.5093750000000000e+01,A
103148,1277,36,+9.1312500000000000e+01,A-
103148,1290,36,+8.8562500000000000e+01,B+
103148,1283,36,+8.8562500000000000e+01,B+
103171,1318,36,+8.2625000000000000e+01,B-
103171,1330,36,+7.7718750000000000e+01,C+
103171,1320,36,+8.2187500000000000e+01,B-
103171,1325,36,+8.5062500000000000e+01,B
103171,1333,36,+8.4781250000000000e+01,B
103191,1249,36,+8.3343750000000000e+01,B
103191,1207,36,+8.6000000000000000e+01,B
103191,1246,36,+8.1625000000000000e+01,B-
103202,1321,36,+8.7281250000000000e+01,B+
103202,1324,36,+8.7312500000000000e+01,B+
103202,1332,36,+8.6281250000000000e+01,B
103213,1293,36,+9.0906250000000000e+01,A-
103249,1324,36,+8.8281250000000000e+01,B+
103249,1333,36,+8.9937500000000000e+01,B+
103249,1334,36,+8.9687500000000000e+01,B+
103257,1396,36,+8.2468750000000000e+01,B-
103257,1393,36,+8.0437500000000000e+01,B-
103258,1392,36,+8.4781250000000000e+01,B
103258,1323,36,+7.5312500000000000e+01,C
103263,1107,36,+9.0281250000000000e+01,A-
103275,1194,36,+9.0781250000000000e+01,A-
103275,1283,36,+8.9468750000000000e+01,B+
103297,1246,36,+8.4000000000000000e+01,B
103297,1405,36,+8.4187500000000000e+01,B
103300,1259,36,+8.4781250000000000e+01,B
103307,1277,36,+8.5593750000000000e+01,B
103307,1290,36,+8.8031250000000000e+01,B+
103307,1283,36,+8.4937500000000000e+01,B
103307,1279,36,+8.6906250000000000e+01,B
103307,1393,36,+9.1343750000000000e+01,A-
103339,1102,36,+8.7906250000000000e+01,B+
103340,1290,36,+9.5625000000000000e+01,A
103359,1281,36,+8.4562500000000000e+01,B
103359,1289,36,+8.6000000000000000e+01,B
103359,1282,36,+9.0187500000000000e+01,A-
103385,1331,36,+7.6375000000000000e+01,C
103385,1320,36,+8.7250000000000000e+01,B+
103400,1249,36,+9.4562500000000000e+01,A
103400,1207,36,+9.0906250000000000e+01,A-
103400,1250,36,+9.3500000000000000e+01,A
103403,1201,36,+7.8250000000000000e+01,C+
103403,1247,36,+7.9968750000000000e+01,C+
103403,1197,36,+8.4875000000000000e+01,B
103403,1102,36,+8.4000000000000000e+01,B
103450,1318,36,+9.1906250000000000e+01,A-
103468,1291,36,+9.2312500000000000e+01,A-
103468,1102,36,+8.8375000000000000e+01,B+
103468,1284,36,+8.9093750000000000e+01,B+
103468,1280,36,+9.1406250000000000e+01,A-
103469,1319,36,+9.0406250000000000e+01,A-
103469,1331,36,+8.8281250000000000e+01,B+
103469,1333,36,+8.5656250000000000e+01,B
103476,1107,36,+8.4031250000000000e+01,B
103476,1247,36,+8.2750000000000000e+01,B-
103496,1099,36,+8.5312500000000000e+01,B
103496,1199,36,+8.3687500000000000e+01,B
103496,1245,36,+8.1375000000000000e+01,B-
103496,1107,36,+8.4343750000000000e+01,B
103503,1246,36,+9.2531250000000000e+01,A-
103503,1283,36,+8.9218750000000000e+01,B+
103503,1258,36,+8.9781250000000000e+01,B+
103512,1282,36,+9.0250000000000000e+01,A-
103512,1290,36,+9.2187500000000000e+01,A-
103512,1279,36,+9.3781250000000000e+01,A
103512,1291,36,+9.3656250000000000e+01,A
103520,1395,36,+8.8375000000000000e+01,B+
103520,1391,36,+8.7687500000000000e+01,B+
103520,1403,36,+8.7656250000000000e+01,B+
103520,1282,36,+8.9281250000000000e+01,B+
103527,1200,36,+8.5375000000000000e+01,B
103535,1290,36,+8.7343750000000000e+01,B+
103535,1283,36,+9.1187500000000000e+01,A-
103535,1279,36,+8.5718750000000000e+01,B
103535,1284,36,+8.8812500000000000e+01,B+
103544,1258,36,+9.1062500000000000e+01,A-
103554,1199,36,+8.3187500000000000e+01,B
103555,1330,36,+9.1156250000000000e+01,A-
103555,1196,36,+9.2312500000000000e+01,A-
103562,1318,36,+9.6187500000000000e+01,A
103562,1330,36,+9.3375000000000000e+01,A
103562,1331,36,+9.9156250000000000e+01,A+
103596,1282,36,+8.8843750000000000e+01,B+
103596,1283,36,+8.2875000000000000e+01,B-
103596,1291,36,+8.4843750000000000e+01,B
103596,1284,36,+8.8843750000000000e+01,B+
103597,1403,36,+8.1468750000000000e+01,B-
103597,1396,36,+8.4250000000000000e+01,B
103597,1392,36,+8.2468750000000000e+01,B-
103601,1250,36,+8.9781250000000000e+01,B+
103601,1290,36,+8.8812500000000000e+01,B+
103621,1391,36,+8.5156250000000000e+01,B
103621,1403,36,+7.8562500000000000e+01,C+
103621,1396,36,+8.1000000000000000e+01,B-
103621,1392,36,+8.4218750000000000e+01,B
103635,1289,36,+8.9125000000000000e+01,B+
103635,1282,36,+9.1218750000000000e+01,A-
103635,1318,36,+8.6437500000000000e+01,B
103635,1290,36,+8.9187500000000000e+01,B+
103635,1283,36,+8.6687500000000000e+01,B
103636,1246,36,+9.5812500000000000e+01,A
103636,1332,36,+9.1468750000000000e+01,A-
103636,1325,36,+9.0312500000000000e+01,A-
103636,1327,36,+8.7625000000000000e+01,B+
103646,1099,36,+8.6718750000000000e+01,B
103646,1249,36,+9.0125000000000000e+01,A-
103646,1199,36,+8.3968750000000000e+01,B
103646,1245,36,+8.3031250000000000e+01,B
103649,1395,36,+9.3031250000000000e+01,A
103649,1391,36,+8.9968750000000000e+01,B+
103649,1403,36,+9.1375000000000000e+01,A-
103651,1403,36,+8.4000000000000000e+01,B
103651,1392,36,+9.0468750000000000e+01,A-
103651,1404,36,+8.7625000000000000e+01,B+
103651,1290,36,+8.3468750000000000e+01,B
103657,1403,36,+1.0090625000000000e+02,A+
103665,1201,36,+8.7437500000000000e+01,B+
103667,1282,36,+7.9250000000000000e+01,C+
103672,1094,36,+9.9406250000000000e+01,A+
103681,1402,36,+8.4281250000000000e+01,B
103681,1395,36,+8.3218750000000000e+01,B
103681,1391,36,+8.1625000000000000e+01,B-
103681,1403,36,+8.4250000000000000e+01,B
103685,1402,36,+9.0625000000000000e+01,A-
103685,1395,36,+7.7812500000000000e+01,C+
103685,1391,36,+7.4843750000000000e+01,C
103695,1321,36,+1.0046875000000000e+02,A+
103695,1245,36,+8.8406250000000000e+01,B+
103695,1320,36,+9.8500000000000000e+01,A+
103706,1328,36,+9.2218750000000000e+01,A-
103706,1329,36,+9.4312500000000000e+01,A
103713,1202,36,+9.4812500000000000e+01,A
103713,1263,36,+9.5875000000000000e+01,A
103713,1115,36,+9.4312500000000000e+01,A
103720,1202,36,+9.1093750000000000e+01,A-
103720,1260,36,+8.7093750000000000e+01,B+
103720,1333,36,+8.5343750000000000e+01,B
103720,1112,36,+8.6687500000000000e+01,B
103729,1403,36,+9.1843750000000000e+01,A-
103729,1396,36,+8.5906250000000000e+01,B
103729,1392,36,+8.5437500000000000e+01,B
103740,1289,36,+8.7531250000000000e+01,B+
103740,1282,36,+8.7687500000000000e+01,B+
103740,1290,36,+8.9468750000000000e+01,B+
103743,1290,36,+9.1500000000000000e+01,A-
103743,1279,36,+9.0781250000000000e+01,A-
103743,1291,36,+8.9187500000000000e+01,B+
103747,1395,36,+8.6250000000000000e+01,B
103747,1391,36,+8.6062500000000000e+01,B
103747,1396,36,+8.8843750000000000e+01,B+
103747,1393,36,+8.8531250000000000e+01,B+
103761,1286,36,+8.8000000000000000e+01,B+
103761,1261,36,+9.3062500000000000e+01,A
103761,1262,36,+9.4062500000000000e+01,A
103784,1207,36,+8.3531250000000000e+01,B
103784,1247,36,+8.4562500000000000e+01,B
103798,1107,36,+8.4093750000000000e+01,B
103798,1096,36,+8.3375000000000000e+01,B
103798,1097,36,+7.8812500000000000e+01,C+
103798,1103,36,+8.2031250000000000e+01,B-
103799,1402,36,+9.1843750000000000e+01,A-
103812,1207,36,+8.9156250000000000e+01,B+
103812,1197,36,+8.8281250000000000e+01,B+
103812,1203,36,+9.1156250000000000e+01,A-
103818,1322,36,+8.9812500000000000e+01,B+
103818,1282,36,+8.7281250000000000e+01,B+
103818,1323,36,+7.9437500000000000e+01,C+
103828,1323,36,+8.5406250000000000e+01,B
103828,1319,36,+7.9125000000000000e+01,C+
103828,1320,36,+8.4156250000000000e+01,B
103836,1331,36,+8.5593750000000000e+01,B
103836,1259,36,+8.7125000000000000e+01,B+
103836,1333,36,+9.0968750000000000e+01,A-
103847,1196,36,+9.2218750000000000e+01,A-
103847,1102,36,+9.0781250000000000e+01,A-
103847,1394,36,+9.2656250000000000e+01,A-
103847,1098,36,+8.9406250000000000e+01,B+
103852,1328,36,+7.9843750000000000e+01,C+
103852,1329,36,+8.1500000000000000e+01,B-
103852,1330,36,+8.1156250000000000e+01,B-
103856,1322,36,+9.4531250000000000e+01,A
103856,1319,36,+9.0281250000000000e+01,A-
103857,1391,36,+9.3406250000000000e+01,A
103857,1403,36,+9.3062500000000000e+01,A
103857,1396,36,+9.3500000000000000e+01,A
103863,1396,36,+7.9750000000000000e+01,C+
103863,1392,36,+8.5437500000000000e+01,B
103863,1404,36,+8.4093750000000000e+01,B
103863,1283,36,+7.7062500000000000e+01,C+
103891,1107,36,+9.1375000000000000e+01,A-
103924,1318,36,+7.5406250000000000e+01,C
103924,1283,36,+7.8281250000000000e+01,C+
103924,1291,36,+7.8031250000000000e+01,C+
103924,1284,36,+7.6843750000000000e+01,C
103928,1329,36,+9.0062500000000000e+01,A-
103928,1322,36,+9.3312500000000000e+01,A
103928,1323,36,+9.0156250000000000e+01,A-
103928,1279,36,+9.5562500000000000e+01,A
103929,1095,36,+8.7625000000000000e+01,B+
103939,1095,36,+8.5093750000000000e+01,B
103939,1289,36,+8.7343750000000000e+01,B+
103939,1096,36,+8.8531250000000000e+01,B+
103939,1101,36,+9.0125000000000000e+01,A-
103942,1097,36,+8.8843750000000000e+01,B+
103942,1098,36,+8.7937500000000000e+01,B+
103942,1210,36,+9.0968750000000000e+01,A-
103943,1194,36,+8.3718750000000000e+01,B
103943,1245,36,+8.4156250000000000e+01,B
103943,1258,36,+8.3062500000000000e+01,B
103948,1318,36,+8.8406250000000000e+01,B+
103948,1331,36,+9.3343750000000000e+01,A
103948,1320,36,+8.9062500000000000e+01,B+
103952,1395,36,+8.4000000000000000e+01,B
103952,1391,36,+7.8531250000000000e+01,C+
103952,1403,36,+8.0093750000000000e+01,B-
103952,1396,36,+7.7125000000000000e+01,C+
103955,1289,36,+8.5375000000000000e+01,B
103955,1282,36,+8.0750000000000000e+01,B-
103955,1290,36,+8.3125000000000000e+01,B
103975,1391,36,+8.7312500000000000e+01,B+
103975,1403,36,+8.6593750000000000e+01,B
103975,1396,36,+9.0281250000000000e+01,A-
103975,1392,36,+8.7718750000000000e+01,B+
103980,1323,36,+8.3406250000000000e+01,B
103980,1247,36,+8.7968750000000000e+01,B+
103980,1197,36,+8.7281250000000000e+01,B+
103980,1259,36,+9.0187500000000000e+01,A-
103989,1196,36,+9.9718750000000000e+01,A+
103989,1324,36,+9.5562500000000000e+01,A
103990,1395,36,+8.8531250000000000e+01,B+
103990,1391,36,+8.6250000000000000e+01,B
103990,1403,36,+9.0343750000000000e+01,A-
103990,1396,36,+8.6937500000000000e+01,B
100971,1174,36,+9.2562500000000000e+01,A-
102000,1270,36,+8.1343750000000000e+01,B-
102000,1122,36,+8.1562500000000000e+01,B-
102000,1272,36,+7.2687500000000000e+01,C
102000,1228,36,+8.2593750000000000e+01,B-
102003,1345,36,+8.8687500000000000e+01,B+
102003,1346,36,+8.8593750000000000e+01,B+
102003,1349,36,+8.6687500000000000e+01,B
102012,1285,36,+8.6250000000000000e+01,B
102012,1296,36,+8.8656250000000000e+01,B+
102012,1297,36,+8.8093750000000000e+01,B+
102012,1299,36,+8.6593750000000000e+01,B
102013,1118,36,+8.4156250000000000e+01,B
102013,1125,36,+8.9062500000000000e+01,B+
102013,1126,36,+8.7906250000000000e+01,B+
102018,1407,36,+8.6000000000000000e+01,B
102018,1400,36,+8.7968750000000000e+01,B+
102018,1408,36,+9.1531250000000000e+01,A-
102018,1409,36,+8.5937500000000000e+01,B
102031,1104,36,+8.0125000000000000e+01,B-
102031,1204,36,+8.3531250000000000e+01,B
102068,1286,36,+8.6062500000000000e+01,B
102068,1294,36,+8.6312500000000000e+01,B
102068,1287,36,+9.0375000000000000e+01,A-
102068,1295,36,+9.0875000000000000e+01,A-
102070,1221,36,+8.7500000000000000e+01,B+
102070,1305,36,+9.0937500000000000e+01,A-
102070,1351,36,+9.0375000000000000e+01,A-
102070,1352,36,+8.8218750000000000e+01,B+
102098,1407,36,+9.0031250000000000e+01,A-
102098,1408,36,+8.6312500000000000e+01,B
102098,1401,36,+8.5781250000000000e+01,B
102109,1285,36,+8.5875000000000000e+01,B
102109,1294,36,+7.7343750000000000e+01,C+
102109,1287,36,+8.0531250000000000e+01,B-
102109,1295,36,+8.5062500000000000e+01,B
102109,1296,36,+8.3375000000000000e+01,B
102120,1269,36,+8.6437500000000000e+01,B
102120,1120,36,+8.8000000000000000e+01,B+
102120,1221,36,+8.6625000000000000e+01,B
102120,1223,36,+8.2500000000000000e+01,B-
102126,1295,36,+8.9218750000000000e+01,B+
102126,1297,36,+8.9500000000000000e+01,B+
102130,1400,36,+8.4781250000000000e+01,B
102130,1408,36,+8.8437500000000000e+01,B+
102130,1401,36,+8.5843750000000000e+01,B
102130,1410,36,+9.1687500000000000e+01,A-
102130,1411,36,+9.2500000000000000e+01,A-
102137,1400,36,+9.6500000000000000e+01,A
102137,1408,36,+9.8968750000000000e+01,A+
102137,1401,36,+9.6687500000000000e+01,A
102137,1409,36,+9.6000000000000000e+01,A
102138,1216,36,+8.6000000000000000e+01,B
102138,1413,36,+8.5406250000000000e+01,B
102138,1122,36,+9.1093750000000000e+01,A-
102138,1222,36,+8.9562500000000000e+01,B+
102139,1215,36,+8.5937500000000000e+01,B
102141,1400,36,+5.6968750000000000e+01,F
102141,1408,36,+5.5843750000000000e+01,F
102141,1401,36,+5.9750000000000000e+01,F
102141,1409,36,+5.7656250000000000e+01,F
102164,1225,36,+8.0781250000000000e+01,B-
102164,1226,36,+8.2656250000000000e+01,B-
102164,1129,36,+8.3031250000000000e+01,B
102164,1135,36,+7.9750000000000000e+01,C+
102164,1236,36,+7.9750000000000000e+01,C+
102185,1292,36,+7.7687500000000000e+01,C+
102185,1406,36,+7.9812500000000000e+01,C+
102185,1399,36,+8.0843750000000000e+01,B-
102185,1407,36,+8.3937500000000000e+01,B
102213,1335,36,+9.2468750000000000e+01,A-
102213,1339,36,+9.1437500000000000e+01,A-
102225,1112,36,+9.7281250000000000e+01,A+
102225,1262,36,+9.9406250000000000e+01,A+
102225,1122,36,+9.3156250000000000e+01,A
102230,1399,36,+8.1312500000000000e+01,B-
102230,1293,36,+8.2593750000000000e+01,B-
102230,1286,36,+8.1093750000000000e+01,B-
102233,1285,36,+5.3281250000000000e+01,F
102233,1293,36,+5.6031250000000000e+01,F
102233,1286,36,+5.5531250000000000e+01,F
102233,1294,36,+5.5875000000000000e+01,F
102247,1112,36,+8.4531250000000000e+01,B
102256,1406,36,+8.6187500000000000e+01,B
102256,1399,36,+8.8500000000000000e+01,B+
102256,1400,36,+8.9500000000000000e+01,B+
102256,1408,36,+8.2500000000000000e+01,B-
102273,1417,36,+9.2375000000000000e+01,A-
102273,1343,36,+9.6718750000000000e+01,A
102278,1268,36,+8.5531250000000000e+01,B
102278,1121,36,+8.7843750000000000e+01,B+
102285,1285,36,+9.3125000000000000e+01,A
102285,1293,36,+8.7250000000000000e+01,B+
102316,1286,36,+8.6343750000000000e+01,B
102316,1294,36,+8.7125000000000000e+01,B+
102316,1287,36,+8.2250000000000000e+01,B-
102316,1295,36,+8.2625000000000000e+01,B-
102318,1292,36,+9.0718750000000000e+01,A-
102318,1260,36,+9.0781250000000000e+01,A-
102318,1286,36,+8.7718750000000000e+01,B+
102318,1294,36,+8.7250000000000000e+01,B+
102320,1293,36,+9.0656250000000000e+01,A-
102320,1286,36,+9.1125000000000000e+01,A-
102320,1294,36,+9.2593750000000000e+01,A-
102331,1205,36,+8.3812500000000000e+01,B
102331,1113,36,+8.4468750000000000e+01,B
102363,1343,36,+9.8687500000000000e+01,A+
102363,1347,36,+9.6468750000000000e+01,A
102365,1285,36,+8.8937500000000000e+01,B+
102365,1293,36,+8.5750000000000000e+01,B
102365,1286,36,+9.0031250000000000e+01,A-
102365,1295,36,+9.1781250000000000e+01,A-
102368,1407,36,+9.0281250000000000e+01,A-
102368,1400,36,+9.4375000000000000e+01,A
102368,1408,36,+9.2375000000000000e+01,A-
102368,1401,36,+8.9968750000000000e+01,B+
102369,1211,36,+9.7718750000000000e+01,A+
102390,1398,36,+9.0843750000000000e+01,A-
102390,1394,36,+9.1125000000000000e+01,A-
102390,1399,36,+9.0250000000000000e+01,A-
102390,1400,36,+8.7125000000000000e+01,B+
102390,1408,36,+8.9781250000000000e+01,B+
102392,1255,36,+8.1125000000000000e+01,B-
102392,1337,36,+8.3843750000000000e+01,B
102392,1215,36,+8.1187500000000000e+01,B-
102392,1339,36,+8.2625000000000000e+01,B-
102396,1335,36,+7.9937500000000000e+01,C+
102396,1343,36,+8.3000000000000000e+01,B
102399,1220,36,+8.9843750000000000e+01,B+
102399,1271,36,+8.6375000000000000e+01,B
102399,1222,36,+8.7281250000000000e+01,B+
102399,1123,36,+8.7968750000000000e+01,B+
102415,1398,36,+8.8406250000000000e+01,B+
102415,1394,36,+8.8531250000000000e+01,B+
102415,1399,36,+8.9750000000000000e+01,B+
102415,1407,36,+8.8250000000000000e+01,B+
102443,1285,36,+8.6281250000000000e+01,B
102443,1253,36,+8.9937500000000000e+01,B+
102443,1293,36,+8.8750000000000000e+01,B+
102443,1294,36,+9.1468750000000000e+01,A-
102449,1345,36,+8.6687500000000000e+01,B
102449,1346,36,+8.2500000000000000e+01,B-
102449,1351,36,+9.2031250000000000e+01,A-
102452,1394,36,+5.0031250000000000e+01,F
102452,1400,36,+5.5625000000000000e+01,F
102452,1401,36,+5.9093750000000000e+01,F
102452,1409,36,+5.6031250000000000e+01,F
102454,1393,36,+8.1343750000000000e+01,B-
102454,1399,36,+8.5843750000000000e+01,B
102454,1407,36,+8.5625000000000000e+01,B
102454,1400,36,+8.7250000000000000e+01,B+
102461,1341,36,+7.7625000000000000e+01,C+
102461,1219,36,+8.4750000000000000e+01,B
102461,1120,36,+8.3500000000000000e+01,B
102461,1416,36,+8.3281250000000000e+01,B
102461,1271,36,+7.4562500000000000e+01,C
102464,1399,36,+8.2406250000000000e+01,B-
102464,1407,36,+8.1875000000000000e+01,B-
102464,1400,36,+7.8593750000000000e+01,C+
102464,1408,36,+8.0718750000000000e+01,B-
102465,1320,36,+9.4250000000000000e+01,A
102465,1098,36,+9.1375000000000000e+01,A-
102465,1332,36,+9.2500000000000000e+01,A-
102465,1326,36,+8.7031250000000000e+01,B+
102465,1341,36,+8.7906250000000000e+01,B+
102475,1400,36,+8.3187500000000000e+01,B
102475,1287,36,+8.9312500000000000e+01,B+
102475,1409,36,+8.3968750000000000e+01,B
102480,1337,36,+9.5031250000000000e+01,A
102480,1339,36,+9.3843750000000000e+01,A
102480,1344,36,+9.7875000000000000e+01,A+
102480,1345,36,+9.3000000000000000e+01,A
102505,1115,36,+8.5468750000000000e+01,B
102505,1117,36,+7.9625000000000000e+01,C+
102505,1120,36,+7.6375000000000000e+01,C
102505,1273,36,+8.4406250000000000e+01,B
102510,1267,36,+8.8125000000000000e+01,B+
102510,1417,36,+9.0281250000000000e+01,A-
102515,1398,36,+9.1781250000000000e+01,A-
102515,1406,36,+8.8781250000000000e+01,B+
102515,1400,36,+9.0406250000000000e+01,A-
102515,1408,36,+9.3343750000000000e+01,A
102515,1113,36,+8.8062500000000000e+01,B+
102521,1284,36,+8.9125000000000000e+01,B+
102521,1292,36,+8.9906250000000000e+01,B+
102521,1293,36,+9.0250000000000000e+01,A-
102521,1286,36,+8.8968750000000000e+01,B+
102521,1295,36,+8.9375000000000000e+01,B+
102522,1213,36,+9.0500000000000000e+01,A-
102522,1265,36,+8.1343750000000000e+01,B-
102522,1215,36,+8.7343750000000000e+01,B+
102536,1214,36,+9.5812500000000000e+01,A
102536,1337,36,+9.0156250000000000e+01,A-
102536,1341,36,+9.2250000000000000e+01,A-
102536,1343,36,+9.3125000000000000e+01,A
102536,1345,36,+9.1187500000000000e+01,A-
102588,1204,36,+9.1031250000000000e+01,A-
102588,1255,36,+9.1156250000000000e+01,A-
102588,1117,36,+9.1531250000000000e+01,A-
102595,1401,36,+7.8750000000000000e+01,C+
102595,1327,36,+8.3937500000000000e+01,B
102595,1295,36,+7.9781250000000000e+01,C+
102595,1335,36,+7.6812500000000000e+01,C
102603,1408,36,+8.4093750000000000e+01,B
102603,1401,36,+8.6656250000000000e+01,B
102603,1409,36,+8.6250000000000000e+01,B
102603,1410,36,+7.8937500000000000e+01,C+
102604,1294,36,+7.9593750000000000e+01,C+
102604,1287,36,+8.9625000000000000e+01,B+
102604,1296,36,+8.4281250000000000e+01,B
102607,1261,36,+8.6031250000000000e+01,B
102607,1287,36,+9.2031250000000000e+01,A-
102607,1212,36,+9.1156250000000000e+01,A-
102607,1409,36,+9.1250000000000000e+01,A-
102610,1287,36,+8.2750000000000000e+01,B-
102610,1295,36,+8.5125000000000000e+01,B
102610,1296,36,+7.9781250000000000e+01,C+
102610,1297,36,+8.1031250000000000e+01,B-
102610,1299,36,+8.1375000000000000e+01,B-
102621,1253,36,+9.1843750000000000e+01,A-
102621,1293,36,+9.3312500000000000e+01,A
102621,1286,36,+9.3375000000000000e+01,A
102621,1294,36,+9.5000000000000000e+01,A
102623,1226,36,+8.6718750000000000e+01,B
102623,1233,36,+8.8906250000000000e+01,B+
102624,1216,36,+9.1781250000000000e+01,A-
102624,1119,36,+9.1187500000000000e+01,A-
102624,1269,36,+9.2468750000000000e+01,A-
102636,1320,36,+7.7937500000000000e+01,C+
102636,1333,36,+8.0625000000000000e+01,B-
102648,1098,36,+8.8875000000000000e+01,B+
102648,1260,36,+9.1937500000000000e+01,A-
102648,1205,36,+8.7031250000000000e+01,B+
102648,1213,36,+8.8906250000000000e+01,B+
102650,1406,36,+9.1500000000000000e+01,A-
102650,1399,36,+8.9125000000000000e+01,B+
102650,1407,36,+8.7312500000000000e+01,B+
102650,1400,36,+9.3281250000000000e+01,A
102657,1405,36,+8.5937500000000000e+01,B
102657,1398,36,+9.1593750000000000e+01,A-
102657,1394,36,+9.0875000000000000e+01,A-
102657,1399,36,+9.0812500000000000e+01,A-
102657,1407,36,+8.8281250000000000e+01,B+
102663,1285,36,+8.8468750000000000e+01,B+
102663,1286,36,+8.6937500000000000e+01,B
102663,1294,36,+9.0031250000000000e+01,A-
102663,1287,36,+8.4687500000000000e+01,B
102665,1399,36,+8.2218750000000000e+01,B-
102665,1400,36,+8.5000000000000000e+01,B
102665,1408,36,+8.1375000000000000e+01,B-
102665,1401,36,+8.3843750000000000e+01,B
102665,1113,36,+7.9187500000000000e+01,C+
102716,1399,36,+8.5875000000000000e+01,B
102716,1210,36,+8.5875000000000000e+01,B
102716,1400,36,+9.0156250000000000e+01,A-
102716,1401,36,+8.5968750000000000e+01,B
102719,1286,36,+8.8593750000000000e+01,B+
102719,1294,36,+9.2468750000000000e+01,A-
102719,1327,36,+8.5687500000000000e+01,B
102719,1287,36,+8.4906250000000000e+01,B
102719,1297,36,+8.5375000000000000e+01,B
102725,1287,36,+9.9125000000000000e+01,A+
102725,1343,36,+9.9312500000000000e+01,A+
102725,1344,36,+9.7875000000000000e+01,A+
102726,1292,36,+8.6375000000000000e+01,B
102726,1285,36,+8.6156250000000000e+01,B
102726,1286,36,+8.9656250000000000e+01,B+
102739,1416,36,+8.0406250000000000e+01,B-
102739,1121,36,+8.4343750000000000e+01,B
102745,1112,36,+8.9125000000000000e+01,B+
102745,1220,36,+9.0187500000000000e+01,A-
102745,1417,36,+8.6343750000000000e+01,B
102748,1215,36,+8.5281250000000000e+01,B
102748,1116,36,+8.6406250000000000e+01,B
102748,1219,36,+8.5562500000000000e+01,B
102748,1270,36,+8.3781250000000000e+01,B
102753,1408,36,+9.0031250000000000e+01,A-
102753,1409,36,+9.2250000000000000e+01,A-
102755,1286,36,+8.9281250000000000e+01,B+
102755,1294,36,+9.2125000000000000e+01,A-
102755,1287,36,+9.1093750000000000e+01,A-
102755,1295,36,+8.6500000000000000e+01,B
102769,1400,36,+8.8343750000000000e+01,B+
102769,1408,36,+8.5437500000000000e+01,B
102769,1401,36,+7.9062500000000000e+01,C+
102781,1204,36,+9.5531250000000000e+01,A
102781,1334,36,+9.7093750000000000e+01,A+
102781,1287,36,+9.7343750000000000e+01,A+
102783,1210,36,+8.4593750000000000e+01,B
102783,1253,36,+8.8093750000000000e+01,B+
102783,1211,36,+8.4437500000000000e+01,B
102783,1255,36,+8.4625000000000000e+01,B
102802,1334,36,+9.1843750000000000e+01,A-
102802,1212,36,+8.7968750000000000e+01,B+
102809,1263,36,+9.3125000000000000e+01,A
102818,1285,36,+7.8062500000000000e+01,C+
102818,1293,36,+8.6031250000000000e+01,B
102840,1326,36,+9.2750000000000000e+01,A-
102840,1343,36,+9.5781250000000000e+01,A
102854,1285,36,+8.8093750000000000e+01,B+
102854,1286,36,+8.9312500000000000e+01,B+
102854,1294,36,+8.9312500000000000e+01,B+
102854,1287,36,+8.1218750000000000e+01,B-
102864,1286,36,+8.2218750000000000e+01,B-
102864,1294,36,+7.9062500000000000e+01,C+
102864,1295,36,+8.1812500000000000e+01,B-
102864,1296,36,+8.4718750000000000e+01,B
102865,1327,36,+8.1781250000000000e+01,B-
102865,1287,36,+8.0875000000000000e+01,B-
102865,1295,36,+8.1906250000000000e+01,B-
102865,1296,36,+8.1031250000000000e+01,B-
102871,1213,36,+7.8531250000000000e+01,C+
102871,1265,36,+8.4125000000000000e+01,B
102871,1219,36,+8.2281250000000000e+01,B-
102871,1270,36,+8.4906250000000000e+01,B
102871,1220,36,+8.2656250000000000e+01,B-
102884,1210,36,+9.5093750000000000e+01,A
102884,1255,36,+1.0087500000000000e+02,A+
102884,1205,36,+9.9656250000000000e+01,A+
102884,1113,36,+9.9250000000000000e+01,A+
102888,1123,36,+8.3468750000000000e+01,B
102888,1225,36,+8.1812500000000000e+01,B-
102897,1280,36,+8.5000000000000000e+01,B
102897,1285,36,+8.9281250000000000e+01,B+
102897,1286,36,+8.9218750000000000e+01,B+
102901,1285,36,+7.6250000000000000e+01,C
102901,1293,36,+8.4468750000000000e+01,B
102901,1286,36,+8.0843750000000000e+01,B-
102901,1294,36,+8.4031250000000000e+01,B
102902,1286,36,+8.2312500000000000e+01,B-
102902,1294,36,+8.6531250000000000e+01,B
102902,1295,36,+8.8812500000000000e+01,B+
102902,1296,36,+8.6125000000000000e+01,B
102902,1297,36,+7.9687500000000000e+01,C+
102905,1215,36,+9.0875000000000000e+01,A-
102905,1116,36,+8.7687500000000000e+01,B+
102905,1120,36,+9.2062500000000000e+01,A-
102907,1285,36,+8.5125000000000000e+01,B
102907,1293,36,+8.2875000000000000e+01,B-
102917,1272,36,+8.8312500000000000e+01,B+
102917,1126,36,+9.0656250000000000e+01,A-
102917,1228,36,+8.9093750000000000e+01,B+
102917,1231,36,+8.9968750000000000e+01,B+
102930,1326,36,+9.7781250000000000e+01,A+
102930,1327,36,+1.0025000000000000e+02,A+
102930,1205,36,+9.6531250000000000e+01,A
102930,1336,36,+9.7718750000000000e+01,A+
102946,1393,36,+8.6875000000000000e+01,B
102946,1405,36,+8.9250000000000000e+01,B+
102946,1398,36,+9.1500000000000000e+01,A-
102946,1394,36,+8.7937500000000000e+01,B+
102946,1399,36,+8.8718750000000000e+01,B+
102963,1262,36,+8.9406250000000000e+01,B+
102963,1263,36,+8.7250000000000000e+01,B+
102969,1320,36,+8.2687500000000000e+01,B-
102969,1326,36,+8.5281250000000000e+01,B
102969,1334,36,+8.2750000000000000e+01,B-
102985,1398,36,+9.7812500000000000e+01,A+
102985,1407,36,+9.9687500000000000e+01,A+
102985,1294,36,+9.6468750000000000e+01,A
102985,1408,36,+9.8156250000000000e+01,A+
102994,1213,36,+8.6593750000000000e+01,B
102994,1297,36,+8.2406250000000000e+01,B-
102994,1115,36,+8.2312500000000000e+01,B-
102994,1219,36,+8.1906250000000000e+01,B-
100981,1180,36,+8.1156250000000000e+01,B-
100995,1313,36,+8.4531250000000000e+01,B
100995,1374,36,+8.6937500000000000e+01,B
100995,1380,36,+8.4812500000000000e+01,B
101003,1360,36,+8.1812500000000000e+01,B-
101003,1365,36,+8.1968750000000000e+01,B-
101003,1366,36,+8.1375000000000000e+01,B-
101003,1370,36,+7.7687500000000000e+01,C+
101019,1352,36,+8.3343750000000000e+01,B
101019,1355,36,+8.1093750000000000e+01,B-
101019,1356,36,+8.8468750000000000e+01,B+
101019,1358,36,+8.8031250000000000e+01,B+
101019,1360,36,+8.7625000000000000e+01,B+
101024,1353,36,+8.0468750000000000e+01,B-
101024,1356,36,+7.9281250000000000e+01,C+
101024,1360,36,+8.3250000000000000e+01,B
101024,1363,36,+8.1375000000000000e+01,B-
101026,1410,36,+8.2968750000000000e+01,B-
101026,1411,36,+7.9718750000000000e+01,C+
101026,1412,36,+7.9406250000000000e+01,C+
101026,1413,36,+8.8656250000000000e+01,B+
101026,1414,36,+8.4750000000000000e+01,B
101035,1221,36,+8.7218750000000000e+01,B+
101035,1239,36,+8.4187500000000000e+01,B
101036,1229,36,+8.5250000000000000e+01,B
101036,1235,36,+8.8187500000000000e+01,B+
101055,1301,36,+8.4656250000000000e+01,B
101055,1305,36,+8.1468750000000000e+01,B-
101055,1306,36,+8.2812500000000000e+01,B-
101055,1309,36,+8.3031250000000000e+01,B
101056,1347,36,+8.3781250000000000e+01,B
101056,1360,36,+8.6625000000000000e+01,B
101056,1363,36,+7.5406250000000000e+01,C
101058,1413,36,+8.7375000000000000e+01,B+
101058,1414,36,+8.9500000000000000e+01,B+
101058,1415,36,+8.6937500000000000e+01,B
101058,1416,36,+8.3750000000000000e+01,B
101077,1140,36,+9.1062500000000000e+01,A-
101083,1370,36,+7.7968750000000000e+01,C+
101089,1347,36,+9.6031250000000000e+01,A
101089,1361,36,+9.5531250000000000e+01,A
101147,1356,36,+8.0718750000000000e+01,B-
101147,1361,36,+8.5093750000000000e+01,B
101147,1363,36,+7.9375000000000000e+01,C+
101147,1365,36,+8.2343750000000000e+01,B-
101148,1365,36,+8.4531250000000000e+01,B
101148,1367,36,+8.0250000000000000e+01,B-
101148,1371,36,+8.3593750000000000e+01,B
101150,1415,36,+9.3156250000000000e+01,A
101150,1416,36,+8.8718750000000000e+01,B+
101150,1417,36,+9.3906250000000000e+01,A
101150,1418,36,+9.2750000000000000e+01,A-
101150,1222,36,+9.0468750000000000e+01,A-
101164,1269,36,+9.1843750000000000e+01,A-
101164,1125,36,+8.9968750000000000e+01,B+
101164,1227,36,+9.1843750000000000e+01,A-
101164,1130,36,+9.4593750000000000e+01,A
101165,1268,36,+7.7531250000000000e+01,C+
101165,1415,36,+8.3062500000000000e+01,B
101165,1416,36,+7.9062500000000000e+01,C+
101165,1420,36,+8.2687500000000000e+01,B-
101187,1236,36,+7.4343750000000000e+01,C
101188,1147,36,+9.8843750000000000e+01,A+
101200,1223,36,+7.3781250000000000e+01,C
101200,1420,36,+8.0125000000000000e+01,B-
101211,1376,36,+8.2000000000000000e+01,B-
101211,1155,36,+8.2187500000000000e+01,B-
101215,1231,36,+9.0062500000000000e+01,A-
101215,1132,36,+8.4937500000000000e+01,B
101215,1135,36,+8.7968750000000000e+01,B+
101238,1300,36,+9.2375000000000000e+01,A-
101238,1301,36,+9.0843750000000000e+01,A-
101238,1306,36,+9.0968750000000000e+01,A-
101238,1307,36,+8.9875000000000000e+01,B+
101245,1356,36,+8.1843750000000000e+01,B-
101266,1360,36,+5.4031250000000000e+01,F
101266,1364,36,+5.3343750000000000e+01,F
101266,1370,36,+5.1562500000000000e+01,F
101266,1371,36,+5.8187500000000000e+01,F
101273,1271,36,+5.7531250000000000e+01,F
101275,1417,36,+8.6718750000000000e+01,B
101275,1418,36,+8.9000000000000000e+01,B+
101275,1420,36,+8.7531250000000000e+01,B+
101278,1347,36,+7.2250000000000000e+01,C
101278,1351,36,+8.1812500000000000e+01,B-
101278,1353,36,+8.3187500000000000e+01,B
101290,1357,36,+8.1906250000000000e+01,B-
101290,1358,36,+8.0937500000000000e+01,B-
101290,1363,36,+8.0343750000000000e+01,B-
101293,1262,36,+8.7843750000000000e+01,B+
101293,1295,36,+8.6562500000000000e+01,B
101293,1341,36,+9.1156250000000000e+01,A-
101306,1233,36,+8.2843750000000000e+01,B-
101306,1358,36,+7.8812500000000000e+01,C+
101329,1135,36,+7.4406250000000000e+01,C
101329,1136,36,+7.7562500000000000e+01,C+
101329,1140,36,+8.1187500000000000e+01,B-
101329,1141,36,+8.4593750000000000e+01,B
101336,1412,36,+9.2718750000000000e+01,A-
101336,1413,36,+9.2031250000000000e+01,A-
101336,1414,36,+9.2593750000000000e+01,A-
101336,1417,36,+9.2281250000000000e+01,A-
101336,1418,36,+9.1906250000000000e+01,A-
101347,1410,36,+8.3406250000000000e+01,B
101347,1411,36,+8.3218750000000000e+01,B
101347,1413,36,+8.5968750000000000e+01,B
101347,1414,36,+8.0656250000000000e+01,B-
101347,1415,36,+8.5125000000000000e+01,B
101358,1415,36,+8.1781250000000000e+01,B-
101358,1416,36,+9.2125000000000000e+01,A-
101358,1417,36,+9.5593750000000000e+01,A
101358,1418,36,+8.9875000000000000e+01,B+
101358,1420,36,+9.6750000000000000e+01,A
101376,1145,36,+8.9937500000000000e+01,B+
101376,1147,36,+8.2375000000000000e+01,B-
101376,1148,36,+8.3968750000000000e+01,B
101376,1152,36,+9.0750000000000000e+01,A-
101382,1237,36,+7.8468750000000000e+01,C+
101385,1240,36,+9.4656250000000000e+01,A
101387,1365,36,+8.4718750000000000e+01,B
101387,1367,36,+7.9593750000000000e+01,C+
101387,1368,36,+8.2531250000000000e+01,B-
101387,1369,36,+8.0375000000000000e+01,B-
101392,1136,36,+8.2562500000000000e+01,B-
101398,1310,36,+9.2500000000000000e+01,A-
101398,1138,36,+9.2500000000000000e+01,A-
101399,1228,36,+8.9937500000000000e+01,B+
101399,1137,36,+9.1125000000000000e+01,A-
101399,1239,36,+9.6000000000000000e+01,A
101399,1240,36,+9.4781250000000000e+01,A
101399,1241,36,+9.4812500000000000e+01,A
101431,1122,36,+8.7906250000000000e+01,B+
101438,1304,36,+8.5375000000000000e+01,B
101438,1305,36,+8.2718750000000000e+01,B-
101438,1306,36,+7.6125000000000000e+01,C
101438,1307,36,+8.3781250000000000e+01,B
101483,1122,36,+7.9781250000000000e+01,C+
101491,1304,36,+8.4906250000000000e+01,B
101491,1305,36,+8.6406250000000000e+01,B
101491,1306,36,+9.1031250000000000e+01,A-
101491,1307,36,+8.8343750000000000e+01,B+
101505,1305,36,+9.8156250000000000e+01,A+
101505,1306,36,+9.7437500000000000e+01,A+
101505,1307,36,+9.8718750000000000e+01,A+
101505,1309,36,+8.8625000000000000e+01,B+
101519,1356,36,+9.6750000000000000e+01,A
101519,1360,36,+9.6968750000000000e+01,A
101519,1363,36,+9.6593750000000000e+01,A
101519,1368,36,+9.7968750000000000e+01,A+
101563,1140,36,+9.0781250000000000e+01,A-
101582,1412,36,+8.4875000000000000e+01,B
101582,1413,36,+8.9406250000000000e+01,B+
101582,1414,36,+8.9250000000000000e+01,B+
101582,1415,36,+8.6750000000000000e+01,B
101583,1357,36,+8.3031250000000000e+01,B
101583,1358,36,+8.9718750000000000e+01,B+
101583,1361,36,+8.8406250000000000e+01,B+
101583,1367,36,+9.1000000000000000e+01,A-
101596,1232,36,+8.1593750000000000e+01,B-
101603,1226,36,+6.0500000000000000e+01,D
101603,1228,36,+5.1375000000000000e+01,F
101606,1233,36,+8.1968750000000000e+01,B-
101606,1136,36,+8.2093750000000000e+01,B-
101616,1225,36,+8.1187500000000000e+01,B-
101616,1232,36,+8.2218750000000000e+01,B-
101617,1138,36,+8.6250000000000000e+01,B
101617,1147,36,+8.7875000000000000e+01,B+
101617,1153,36,+9.2562500000000000e+01,A-
101618,1307,36,+8.1781250000000000e+01,B-
101618,1309,36,+8.3125000000000000e+01,B
101618,1310,36,+7.8781250000000000e+01,C+
101618,1311,36,+7.6000000000000000e+01,C
101635,1358,36,+8.8843750000000000e+01,B+
101635,1361,36,+9.2625000000000000e+01,A-
101650,1135,36,+8.6156250000000000e+01,B
101650,1139,36,+8.6156250000000000e+01,B
101650,1240,36,+8.9687500000000000e+01,B+
101650,1147,36,+8.4468750000000000e+01,B
101667,1305,36,+8.5343750000000000e+01,B
101667,1141,36,+8.8656250000000000e+01,B+
101680,1228,36,+9.8906250000000000e+01,A+
101680,1230,36,+9.2156250000000000e+01,A-
101680,1239,36,+1.0056250000000000e+02,A+
101680,1240,36,+9.7156250000000000e+01,A+
101681,1235,36,+9.3156250000000000e+01,A
101688,1301,36,+9.0062500000000000e+01,A-
101688,1302,36,+8.4343750000000000e+01,B
101688,1304,36,+9.0250000000000000e+01,A-
101688,1305,36,+8.8875000000000000e+01,B+
101690,1355,36,+9.2031250000000000e+01,A-
101690,1357,36,+9.3375000000000000e+01,A
101690,1358,36,+9.0937500000000000e+01,A-
101690,1360,36,+9.0156250000000000e+01,A-
101694,1123,36,+9.0156250000000000e+01,A-
101699,1305,36,+8.1812500000000000e+01,B-
101699,1306,36,+7.8781250000000000e+01,C+
101721,1131,36,+9.1406250000000000e+01,A-
101721,1354,36,+8.8468750000000000e+01,B+
101721,1233,36,+9.0812500000000000e+01,A-
101721,1239,36,+8.7312500000000000e+01,B+
101723,1241,36,+9.2406250000000000e+01,A-
101723,1155,36,+8.9343750000000000e+01,B+
101739,1297,36,+9.0093750000000000e+01,A-
101739,1299,36,+8.5781250000000000e+01,B
101739,1300,36,+8.5781250000000000e+01,B
101747,1148,36,+9.1406250000000000e+01,A-
101747,1150,36,+9.2906250000000000e+01,A-
101747,1153,36,+8.8125000000000000e+01,B+
101752,1355,36,+8.5218750000000000e+01,B
101752,1364,36,+9.0062500000000000e+01,A-
101752,1366,36,+9.2031250000000000e+01,A-
101752,1367,36,+9.3468750000000000e+01,A
101759,1355,36,+7.8625000000000000e+01,C+
101759,1363,36,+7.9875000000000000e+01,C+
101759,1365,36,+8.0750000000000000e+01,B-
101762,1135,36,+8.3687500000000000e+01,B
101762,1138,36,+8.4906250000000000e+01,B
101772,1226,36,+8.7875000000000000e+01,B+
101772,1232,36,+8.8625000000000000e+01,B+
101783,1132,36,+7.8375000000000000e+01,C+
101808,1239,36,+8.6687500000000000e+01,B
101808,1143,36,+8.3218750000000000e+01,B
101808,1145,36,+8.9781250000000000e+01,B+
101814,1352,36,+9.4000000000000000e+01,A
101814,1354,36,+9.0625000000000000e+01,A-
101814,1356,36,+9.3781250000000000e+01,A
101814,1357,36,+9.0312500000000000e+01,A-
101814,1237,36,+9.4750000000000000e+01,A
101820,1355,36,+8.1531250000000000e+01,B-
101820,1137,36,+8.3062500000000000e+01,B
101820,1139,36,+8.2812500000000000e+01,B-
101826,1140,36,+9.1437500000000000e+01,A-
101826,1142,36,+8.1156250000000000e+01,B-
101838,1141,36,+9.2218750000000000e+01,A-
101838,1153,36,+8.6187500000000000e+01,B
101840,1361,36,+9.2468750000000000e+01,A-
101840,1363,36,+9.2156250000000000e+01,A-
101840,1364,36,+9.1781250000000000e+01,A-
101852,1369,36,+8.8375000000000000e+01,B+
101862,1309,36,+9.1718750000000000e+01,A-
101862,1353,36,+9.3187500000000000e+01,A
101868,1150,36,+8.9843750000000000e+01,B+
101868,1154,36,+8.9875000000000000e+01,B+
101873,1363,36,+8.3906250000000000e+01,B
101873,1364,36,+8.3187500000000000e+01,B
101873,1368,36,+8.2750000000000000e+01,B-
101873,1370,36,+8.1718750000000000e+01,B-
101891,1352,36,+8.4375000000000000e+01,B
101891,1355,36,+8.8437500000000000e+01,B+
101891,1356,36,+9.1375000000000000e+01,A-
101891,1357,36,+8.9812500000000000e+01,B+
101898,1299,36,+5.8062500000000000e+01,F
101898,1302,36,+5.5968750000000000e+01,F
101898,1304,36,+5.4656250000000000e+01,F
101916,1414,36,+8.6218750000000000e+01,B
101916,1415,36,+8.9281250000000000e+01,B+
101916,1417,36,+8.8406250000000000e+01,B+
101916,1418,36,+9.1593750000000000e+01,A-
101916,1421,36,+8.7281250000000000e+01,B+
101919,1235,36,+9.3281250000000000e+01,A
101919,1238,36,+9.6062500000000000e+01,A
101919,1364,36,+9.6843750000000000e+01,A
101931,1355,36,+8.9687500000000000e+01,B+
101931,1356,36,+9.0593750000000000e+01,A-
101931,1357,36,+8.5781250000000000e+01,B
101941,1142,36,+8.4593750000000000e+01,B
101943,1417,36,+8.6812500000000000e+01,B
101943,1418,36,+8.5343750000000000e+01,B
101943,1273,36,+8.6125000000000000e+01,B
101943,1420,36,+8.4937500000000000e+01,B
101963,1354,36,+8.8343750000000000e+01,B+
101963,1356,36,+8.3718750000000000e+01,B
101963,1357,36,+8.0687500000000000e+01,B-
101963,1360,36,+8.0593750000000000e+01,B-
101963,1361,36,+8.3125000000000000e+01,B
101974,1232,36,+8.0156250000000000e+01,B-
101974,1233,36,+8.2968750000000000e+01,B-
101974,1235,36,+8.3031250000000000e+01,B
101994,1134,36,+8.9531250000000000e+01,B+
101994,1136,36,+8.7062500000000000e+01,B+
101994,1236,36,+8.7500000000000000e+01,B+
101994,1138,36,+8.6781250000000000e+01,B
100033,1171,36,+8.9468750000000000e+01,B+
100033,1172,36,+8.9562500000000000e+01,B+
100033,1174,36,+8.9093750000000000e+01,B+
100033,1180,36,+8.8375000000000000e+01,B+
100043,1180,36,+7.7937500000000000e+01,C+
100048,1374,36,+8.9531250000000000e+01,B+
100063,1238,36,+8.3218750000000000e+01,B
100063,1142,36,+8.1312500000000000e+01,B-
100093,1379,36,+9.7031250000000000e+01,A+
100093,1381,36,+9.7250000000000000e+01,A+
100096,1375,36,+8.7062500000000000e+01,B+
100101,1376,36,+8.7718750000000000e+01,B+
100101,1163,36,+8.7687500000000000e+01,B+
100105,1172,36,+8.1656250000000000e+01,B-
100105,1181,36,+7.4000000000000000e+01,C
100117,1382,36,+8.5218750000000000e+01,B
100117,1386,36,+8.9281250000000000e+01,B+
100118,1380,36,+9.4500000000000000e+01,A
100151,1181,36,+9.4250000000000000e+01,A
100151,1183,36,+9.7812500000000000e+01,A+
100166,1313,36,+8.7437500000000000e+01,B+
100167,1135,36,+8.7968750000000000e+01,B+
100167,1365,36,+8.7031250000000000e+01,B+
100192,1386,36,+8.4031250000000000e+01,B
100196,1386,36,+8.1187500000000000e+01,B-
100197,1378,36,+8.5656250000000000e+01,B
100210,1172,36,+9.3312500000000000e+01,A
100210,1187,36,+9.0031250000000000e+01,A-
100224,1167,36,+8.2750000000000000e+01,B-
100225,1378,36,+9.2500000000000000e+01,A-
100225,1383,36,+8.9750000000000000e+01,B+
100225,1386,36,+9.2625000000000000e+01,A-
100241,1135,36,+5.9250000000000000e+01,F
100253,1380,36,+8.8718750000000000e+01,B+
100254,1180,36,+8.6625000000000000e+01,B
100254,1182,36,+8.4000000000000000e+01,B
100262,1313,36,+8.5781250000000000e+01,B
100262,1139,36,+8.9468750000000000e+01,B+
100262,1166,36,+8.1125000000000000e+01,B-
100263,1383,36,+8.4843750000000000e+01,B
100290,1180,36,+8.3375000000000000e+01,B
100299,1381,36,+8.5812500000000000e+01,B
100299,1168,36,+8.3718750000000000e+01,B
100303,1161,36,+8.6968750000000000e+01,B
100303,1169,36,+8.8593750000000000e+01,B+
100352,1175,36,+8.8937500000000000e+01,B+
100373,1172,36,+9.3687500000000000e+01,A
100392,1180,36,+9.2437500000000000e+01,A-
100399,1169,36,+8.9281250000000000e+01,B+
100402,1310,36,+8.0250000000000000e+01,B-
100402,1311,36,+7.7500000000000000e+01,C+
100434,1312,36,+9.0593750000000000e+01,A-
100436,1183,36,+6.2156250000000000e+01,D
100449,1140,36,+7.8000000000000000e+01,C+
100449,1161,36,+8.2812500000000000e+01,B-
100478,1238,36,+8.4843750000000000e+01,B
100478,1140,36,+8.0125000000000000e+01,B-
100478,1141,36,+8.1593750000000000e+01,B-
100488,1380,36,+9.4843750000000000e+01,A
100490,1171,36,+8.5250000000000000e+01,B
100490,1191,36,+7.8687500000000000e+01,C+
100522,1379,36,+9.0281250000000000e+01,A-
100522,1380,36,+9.4250000000000000e+01,A
100522,1383,36,+9.2375000000000000e+01,A-
100552,1179,36,+9.5000000000000000e+01,A
100552,1183,36,+9.6281250000000000e+01,A
100552,1190,36,+9.4437500000000000e+01,A
100576,1147,36,+9.0437500000000000e+01,A-
100576,1153,36,+9.0406250000000000e+01,A-
100576,1161,36,+8.8500000000000000e+01,B+
100576,1164,36,+8.3093750000000000e+01,B
100599,1140,36,+8.5218750000000000e+01,B
100627,1420,36,+8.4437500000000000e+01,B
100627,1421,36,+8.3531250000000000e+01,B
100627,1422,36,+8.1625000000000000e+01,B-
100642,1370,36,+7.9531250000000000e+01,C+
100642,1379,36,+8.5000000000000000e+01,B
100642,1187,36,+7.9843750000000000e+01,C+
100646,1159,36,+8.9906250000000000e+01,B+
100646,1166,36,+9.0781250000000000e+01,A-
100646,1174,36,+9.0875000000000000e+01,A-
100662,1238,36,+8.9531250000000000e+01,B+
100698,1380,36,+8.7656250000000000e+01,B+
100698,1386,36,+8.7375000000000000e+01,B+
100700,1157,36,+8.4656250000000000e+01,B
100708,1422,36,+8.8593750000000000e+01,B+
100708,1131,36,+8.1906250000000000e+01,B-
100708,1179,36,+9.2968750000000000e+01,A-
100713,1312,36,+8.3156250000000000e+01,B
100716,1182,36,+8.6625000000000000e+01,B
100729,1170,36,+9.7531250000000000e+01,A+
100734,1421,36,+9.2406250000000000e+01,A-
100734,1422,36,+8.7500000000000000e+01,B+
100734,1130,36,+9.1093750000000000e+01,A-
100779,1175,36,+9.8031250000000000e+01,A+
100782,1169,36,+8.3156250000000000e+01,B
100782,1183,36,+8.4875000000000000e+01,B
100785,1163,36,+8.9281250000000000e+01,B+
100788,1375,36,+8.6437500000000000e+01,B
100788,1377,36,+7.9437500000000000e+01,C+
100800,1369,36,+9.3593750000000000e+01,A
100800,1374,36,+9.1437500000000000e+01,A-
100800,1375,36,+9.1312500000000000e+01,A-
100800,1378,36,+9.1875000000000000e+01,A-
100806,1151,36,+7.9750000000000000e+01,C+
100825,1376,36,+8.7781250000000000e+01,B+
100825,1377,36,+8.9968750000000000e+01,B+
100825,1378,36,+8.7593750000000000e+01,B+
100825,1380,36,+9.0406250000000000e+01,A-
100827,1164,36,+8.5812500000000000e+01,B
100827,1175,36,+9.1218750000000000e+01,A-
100845,1148,36,+9.7625000000000000e+01,A+
100847,1151,36,+8.5562500000000000e+01,B
100851,1380,36,+9.3937500000000000e+01,A
100851,1183,36,+9.0062500000000000e+01,A-
100893,1166,36,+8.6718750000000000e+01,B
100913,1311,36,+8.7125000000000000e+01,B+
100913,1312,36,+8.2937500000000000e+01,B-
100945,1153,36,+8.2093750000000000e+01,B-
100945,1161,36,+8.2312500000000000e+01,B-
100945,1185,36,+8.4468750000000000e+01,B
100952,1175,36,+9.0500000000000000e+01,A-
100952,1176,36,+8.5406250000000000e+01,B
100952,1177,36,+9.0125000000000000e+01,A-
100952,1189,36,+8.4531250000000000e+01,B
100956,1378,36,+7.8750000000000000e+01,C+
100956,1379,36,+8.4906250000000000e+01,B
100956,1161,36,+8.2593750000000000e+01,B-
100956,1383,36,+8.4812500000000000e+01,B
100958,1375,36,+8.5281250000000000e+01,B
100958,1381,36,+8.0968750000000000e+01,B-
100958,1383,36,+8.1218750000000000e+01,B-
100958,1172,36,+8.3625000000000000e+01,B
100963,1381,36,+9.7812500000000000e+01,A+
100963,1382,36,+9.5843750000000000e+01,A
100963,1383,36,+9.5750000000000000e+01,A
100964,1369,36,+8.8125000000000000e+01,B+
103000,1290,37,+9.4375000000000000e+01,A
103000,1283,37,+9.3000000000000000e+01,A
101999,1147,37,+9.5281250000000000e+01,A
101999,1373,37,+9.4843750000000000e+01,A
104019,1090,37,+8.6750000000000000e+01,B
104019,1091,37,+9.0187500000000000e+01,A-
104019,1099,37,+8.6156250000000000e+01,B
104020,1388,37,+9.2218750000000000e+01,A-
104020,1390,37,+9.1625000000000000e+01,A-
104020,1402,37,+9.3187500000000000e+01,A
104020,1395,37,+9.1718750000000000e+01,A-
104046,1315,37,+9.4281250000000000e+01,A
104046,1329,37,+9.4875000000000000e+01,A
104057,1315,37,+8.1781250000000000e+01,B-
104057,1316,37,+8.9093750000000000e+01,B+
104057,1328,37,+8.5093750000000000e+01,B
104066,1316,37,+9.1343750000000000e+01,A-
104066,1200,37,+8.8250000000000000e+01,B+
104066,1330,37,+8.4468750000000000e+01,B
104070,1315,37,+8.1531250000000000e+01,B-
104070,1321,37,+8.3750000000000000e+01,B
104094,1274,37,+9.5906250000000000e+01,A
104094,1402,37,+9.7531250000000000e+01,A+
104094,1281,37,+9.7656250000000000e+01,A+
104094,1277,37,+9.7562500000000000e+01,A+
104094,1289,37,+9.7281250000000000e+01,A+
104105,1274,37,+8.8312500000000000e+01,B+
104105,1090,37,+8.7500000000000000e+01,B+
104105,1091,37,+8.9000000000000000e+01,B+
104109,1275,37,+9.0875000000000000e+01,A-
104109,1281,37,+8.9218750000000000e+01,B+
104109,1289,37,+8.7843750000000000e+01,B+
104121,1274,37,+9.1312500000000000e+01,A-
104121,1275,37,+8.8218750000000000e+01,B+
104121,1282,37,+8.7281250000000000e+01,B+
104121,1290,37,+8.9187500000000000e+01,B+
104161,1192,37,+8.9531250000000000e+01,B+
104161,1256,37,+8.8531250000000000e+01,B+
104167,1274,37,+8.8031250000000000e+01,B+
104167,1277,37,+8.2500000000000000e+01,B-
104167,1289,37,+8.9125000000000000e+01,B+
104176,1274,37,+8.6187500000000000e+01,B
104176,1281,37,+8.6406250000000000e+01,B
104189,1328,37,+7.9968750000000000e+01,C+
104189,1321,37,+8.7906250000000000e+01,B+
104189,1318,37,+8.4687500000000000e+01,B
104189,1290,37,+8.5437500000000000e+01,B
104197,1192,37,+8.1437500000000000e+01,B-
104197,1194,37,+8.4656250000000000e+01,B
104206,1314,37,+8.1656250000000000e+01,B-
104206,1316,37,+8.0125000000000000e+01,B-
104206,1328,37,+7.6250000000000000e+01,C
104231,1193,37,+9.8937500000000000e+01,A+
104231,1316,37,+9.6250000000000000e+01,A
104231,1107,37,+1.0040625000000000e+02,A+
104231,1200,37,+9.8781250000000000e+01,A+
104245,1248,37,+9.0093750000000000e+01,A-
104245,1094,37,+9.1062500000000000e+01,A-
104257,1090,37,+9.3406250000000000e+01,A
104257,1091,37,+9.4218750000000000e+01,A
104270,1388,37,+9.2937500000000000e+01,A-
104270,1390,37,+9.9093750000000000e+01,A+
104278,1193,37,+7.7343750000000000e+01,C+
104278,1206,37,+8.7343750000000000e+01,B+
104297,1274,37,+8.8968750000000000e+01,B+
104297,1242,37,+8.8593750000000000e+01,B+
104297,1275,37,+8.7375000000000000e+01,B+
104297,1194,37,+8.3625000000000000e+01,B
104299,1388,37,+7.9687500000000000e+01,C+
104299,1093,37,+8.1250000000000000e+01,B-
104299,1389,37,+8.0125000000000000e+01,B-
104299,1390,37,+8.3187500000000000e+01,B
104319,1242,37,+9.7062500000000000e+01,A+
104319,1194,37,+9.8093750000000000e+01,A+
104319,1206,37,+9.8375000000000000e+01,A+
104331,1388,37,+9.0156250000000000e+01,A-
104331,1389,37,+8.9093750000000000e+01,B+
104331,1390,37,+9.1843750000000000e+01,A-
104346,1388,37,+9.0437500000000000e+01,A-
104346,1389,37,+8.9843750000000000e+01,B+
104346,1390,37,+9.2875000000000000e+01,A-
104346,1402,37,+9.1218750000000000e+01,A-
104346,1395,37,+9.1156250000000000e+01,A-
104354,1090,37,+8.7406250000000000e+01,B+
104354,1314,37,+7.6937500000000000e+01,C
104354,1092,37,+7.7250000000000000e+01,C+
104354,1091,37,+7.9156250000000000e+01,C+
104362,1388,37,+8.7281250000000000e+01,B+
104362,1389,37,+8.6687500000000000e+01,B
104362,1094,37,+8.0906250000000000e+01,B-
104362,1390,37,+8.7093750000000000e+01,B+
104362,1402,37,+8.4281250000000000e+01,B
104387,1389,37,+9.2375000000000000e+01,A-
104387,1390,37,+9.1531250000000000e+01,A-
104393,1274,37,+9.4718750000000000e+01,A
104393,1093,37,+9.1250000000000000e+01,A-
104393,1281,37,+9.5250000000000000e+01,A
104393,1277,37,+8.8531250000000000e+01,B+
104399,1090,37,+9.3625000000000000e+01,A
104399,1091,37,+9.3468750000000000e+01,A
104409,1388,37,+8.6875000000000000e+01,B
104409,1390,37,+9.1875000000000000e+01,A-
104409,1402,37,+8.6812500000000000e+01,B
104409,1395,37,+8.8687500000000000e+01,B+
104409,1321,37,+8.2875000000000000e+01,B-
104423,1277,37,+8.8281250000000000e+01,B+
104423,1245,37,+9.1125000000000000e+01,A-
104425,1090,37,+8.5281250000000000e+01,B
104425,1091,37,+8.8500000000000000e+01,B+
104434,1390,37,+5.8187500000000000e+01,F
104434,1402,37,+5.5093750000000000e+01,F
104434,1395,37,+5.2187500000000000e+01,F
104434,1391,37,+5.8187500000000000e+01,F
104436,1193,37,+9.3906250000000000e+01,A
104436,1248,37,+9.0812500000000000e+01,A-
104436,1095,37,+9.4406250000000000e+01,A
104442,1274,37,+4.4937500000000000e+01,F
104442,1275,37,+5.7343750000000000e+01,F
104446,1316,37,+9.1687500000000000e+01,A-
104446,1321,37,+9.2500000000000000e+01,A-
104446,1322,37,+9.2031250000000000e+01,A-
104448,1090,37,+8.8312500000000000e+01,B+
104448,1091,37,+9.1093750000000000e+01,A-
104448,1093,37,+8.7562500000000000e+01,B+
104449,1274,37,+7.2031250000000000e+01,C
104449,1275,37,+8.3437500000000000e+01,B
104453,1274,37,+8.7718750000000000e+01,B+
104453,1275,37,+8.6656250000000000e+01,B
104453,1281,37,+8.4093750000000000e+01,B
104453,1277,37,+8.5312500000000000e+01,B
104466,1388,37,+8.7093750000000000e+01,B+
104466,1090,37,+9.1750000000000000e+01,A-
104466,1091,37,+8.7500000000000000e+01,B+
104468,1193,37,+8.7750000000000000e+01,B+
104468,1099,37,+8.7718750000000000e+01,B+
104468,1199,37,+8.6906250000000000e+01,B
104483,1314,37,+8.1093750000000000e+01,B-
104483,1316,37,+8.4031250000000000e+01,B
104483,1318,37,+8.3093750000000000e+01,B
104484,1388,37,+8.5781250000000000e+01,B
104484,1389,37,+8.7968750000000000e+01,B+
104484,1390,37,+8.1781250000000000e+01,B-
104484,1402,37,+8.2625000000000000e+01,B-
104488,1316,37,+9.4156250000000000e+01,A
104488,1328,37,+9.2281250000000000e+01,A-
104488,1256,37,+9.4156250000000000e+01,A
104488,1329,37,+9.2406250000000000e+01,A-
104491,1274,37,+7.9593750000000000e+01,C+
104491,1275,37,+8.0687500000000000e+01,B-
104491,1281,37,+8.4406250000000000e+01,B
104491,1277,37,+8.4281250000000000e+01,B
104495,1389,37,+8.3093750000000000e+01,B
104495,1390,37,+7.9000000000000000e+01,C+
104495,1402,37,+8.0968750000000000e+01,B-
104498,1314,37,+8.8250000000000000e+01,B+
104498,1316,37,+8.4281250000000000e+01,B
104507,1389,37,+7.9281250000000000e+01,C+
104507,1390,37,+8.0625000000000000e+01,B-
104507,1402,37,+8.3781250000000000e+01,B
104507,1395,37,+8.0531250000000000e+01,B-
104515,1274,37,+8.1906250000000000e+01,B-
104515,1275,37,+8.1718750000000000e+01,B-
104515,1281,37,+8.0562500000000000e+01,B-
104515,1277,37,+8.5156250000000000e+01,B
104517,1314,37,+8.2843750000000000e+01,B-
104517,1328,37,+8.1125000000000000e+01,B-
104517,1395,37,+8.1375000000000000e+01,B-
104527,1328,37,+8.8562500000000000e+01,B+
104527,1330,37,+9.1781250000000000e+01,A-
104527,1319,37,+9.2718750000000000e+01,A-
104528,1090,37,+7.8937500000000000e+01,C+
104528,1091,37,+8.1125000000000000e+01,B-
104546,1092,37,+8.7781250000000000e+01,B+
104546,1243,37,+9.0187500000000000e+01,A-
104547,1274,37,+8.2031250000000000e+01,B-
104547,1275,37,+8.4312500000000000e+01,B
104547,1281,37,+8.3531250000000000e+01,B
104547,1277,37,+7.6968750000000000e+01,C
104551,1242,37,+7.6843750000000000e+01,C
104551,1094,37,+7.6531250000000000e+01,C
104551,1249,37,+7.5906250000000000e+01,C
104561,1090,37,+9.0250000000000000e+01,A-
104561,1091,37,+8.7281250000000000e+01,B+
104561,1396,37,+9.0031250000000000e+01,A-
104578,1314,37,+9.4687500000000000e+01,A
104578,1321,37,+9.3468750000000000e+01,A
104578,1329,37,+1.0037500000000000e+02,A+
104582,1090,37,+9.0843750000000000e+01,A-
104582,1091,37,+9.0187500000000000e+01,A-
104590,1090,37,+8.4750000000000000e+01,B
104590,1091,37,+8.9968750000000000e+01,B+
104597,1090,37,+8.4906250000000000e+01,B
104597,1091,37,+8.0000000000000000e+01,B-
104607,1192,37,+8.7218750000000000e+01,B+
104607,1093,37,+8.3875000000000000e+01,B
104620,1314,37,+8.6812500000000000e+01,B
104620,1092,37,+8.3187500000000000e+01,B
104620,1249,37,+8.8687500000000000e+01,B+
104620,1095,37,+8.9625000000000000e+01,B+
104626,1090,37,+9.3500000000000000e+01,A
104626,1091,37,+9.1437500000000000e+01,A-
104637,1274,37,+8.0156250000000000e+01,B-
104637,1275,37,+8.5437500000000000e+01,B
104641,1274,37,+8.8843750000000000e+01,B+
104641,1275,37,+9.1718750000000000e+01,A-
104641,1206,37,+9.4968750000000000e+01,A
104641,1277,37,+8.9406250000000000e+01,B+
104645,1090,37,+8.8000000000000000e+01,B+
104645,1091,37,+8.9781250000000000e+01,B+
104647,1275,37,+8.0593750000000000e+01,B-
104647,1281,37,+8.7250000000000000e+01,B+
104647,1282,37,+8.7000000000000000e+01,B+
104654,1275,37,+9.6781250000000000e+01,A
104654,1281,37,+9.7468750000000000e+01,A+
104654,1199,37,+9.8125000000000000e+01,A+
104654,1277,37,+9.8531250000000000e+01,A+
104657,1090,37,+9.0187500000000000e+01,A-
104657,1091,37,+9.6562500000000000e+01,A
104671,1314,37,+9.0718750000000000e+01,A-
104671,1328,37,+8.8531250000000000e+01,B+
104671,1321,37,+9.3281250000000000e+01,A
104672,1274,37,+8.8093750000000000e+01,B+
104672,1281,37,+8.8625000000000000e+01,B+
104672,1277,37,+8.2687500000000000e+01,B-
104672,1290,37,+8.1593750000000000e+01,B-
104690,1388,37,+9.0781250000000000e+01,A-
104690,1389,37,+8.6187500000000000e+01,B
104690,1402,37,+8.9093750000000000e+01,B+
104699,1402,37,+9.0250000000000000e+01,A-
104699,1391,37,+9.1937500000000000e+01,A-
104699,1403,37,+8.3625000000000000e+01,B
104706,1388,37,+9.1437500000000000e+01,A-
104706,1319,37,+9.0187500000000000e+01,A-
104708,1388,37,+8.7281250000000000e+01,B+
104708,1390,37,+8.8250000000000000e+01,B+
104708,1395,37,+8.9343750000000000e+01,B+
104708,1396,37,+9.1156250000000000e+01,A-
104724,1388,37,+8.1281250000000000e+01,B-
104724,1243,37,+8.3750000000000000e+01,B
104724,1390,37,+8.5031250000000000e+01,B
104724,1402,37,+8.0906250000000000e+01,B-
104724,1395,37,+7.8343750000000000e+01,C+
104733,1275,37,+8.7937500000000000e+01,B+
104733,1281,37,+9.1187500000000000e+01,A-
104740,1274,37,+8.4468750000000000e+01,B
104740,1275,37,+7.6687500000000000e+01,C
104743,1093,37,+8.5968750000000000e+01,B
104743,1243,37,+9.0062500000000000e+01,A-
104743,1390,37,+8.7156250000000000e+01,B+
104774,1388,37,+7.9625000000000000e+01,C+
104774,1389,37,+8.2562500000000000e+01,B-
104774,1390,37,+7.6062500000000000e+01,C
104774,1402,37,+8.2562500000000000e+01,B-
104776,1318,37,+8.6656250000000000e+01,B
104794,1389,37,+8.4781250000000000e+01,B
104794,1390,37,+9.0937500000000000e+01,A-
104794,1395,37,+8.6437500000000000e+01,B
104800,1388,37,+9.0281250000000000e+01,A-
104800,1389,37,+9.1218750000000000e+01,A-
104800,1390,37,+8.7906250000000000e+01,B+
104807,1274,37,+8.1500000000000000e+01,B-
104807,1275,37,+7.8156250000000000e+01,C+
104807,1277,37,+8.3468750000000000e+01,B
104817,1388,37,+7.9437500000000000e+01,C+
104817,1390,37,+8.2781250000000000e+01,B-
104817,1402,37,+8.4812500000000000e+01,B
104817,1395,37,+8.3625000000000000e+01,B
104817,1403,37,+7.7687500000000000e+01,C+
104851,1314,37,+9.0656250000000000e+01,A-
104851,1402,37,+8.6843750000000000e+01,B
104851,1395,37,+8.7250000000000000e+01,B+
104878,1314,37,+5.5906250000000000e+01,F
104878,1315,37,+6.1125000000000000e+01,D
104884,1390,37,+9.0437500000000000e+01,A-
104884,1402,37,+8.2625000000000000e+01,B-
104884,1328,37,+8.5218750000000000e+01,B
104902,1242,37,+9.3187500000000000e+01,A
104902,1206,37,+8.9500000000000000e+01,B+
104905,1316,37,+8.5187500000000000e+01,B
104905,1094,37,+8.2187500000000000e+01,B-
104905,1206,37,+8.6437500000000000e+01,B
104905,1249,37,+8.1718750000000000e+01,B-
104915,1242,37,+8.7906250000000000e+01,B+
104915,1315,37,+7.8187500000000000e+01,C+
104915,1194,37,+8.2406250000000000e+01,B-
104919,1388,37,+9.1500000000000000e+01,A-
104919,1389,37,+8.7312500000000000e+01,B+
104919,1390,37,+8.8343750000000000e+01,B+
104919,1402,37,+8.6406250000000000e+01,B
104925,1092,37,+8.5750000000000000e+01,B
104925,1248,37,+8.6562500000000000e+01,B
104926,1315,37,+9.9281250000000000e+01,A+
104926,1316,37,+9.5906250000000000e+01,A
104926,1321,37,+9.6906250000000000e+01,A
104957,1193,37,+9.2125000000000000e+01,A-
104957,1248,37,+8.9031250000000000e+01,B+
104964,1090,37,+7.9500000000000000e+01,C+
104964,1091,37,+7.5375000000000000e+01,C
104964,1256,37,+8.4000000000000000e+01,B
104977,1090,37,+8.6562500000000000e+01,B
104977,1091,37,+8.9031250000000000e+01,B+
104984,1090,37,+8.9187500000000000e+01,B+
104984,1091,37,+8.9218750000000000e+01,B+
104997,1274,37,+8.1250000000000000e+01,B-
103000,1291,37,+9.2343750000000000e+01,A-
103000,1284,37,+9.2250000000000000e+01,A-
103005,1205,37,+9.0781250000000000e+01,A-
103005,1115,37,+9.0468750000000000e+01,A-
103005,1119,37,+9.2156250000000000e+01,A-
103007,1201,37,+8.5062500000000000e+01,B
103009,1283,37,+9.0500000000000000e+01,A-
103009,1279,37,+8.6000000000000000e+01,B
103009,1284,37,+8.9656250000000000e+01,B+
103009,1280,37,+9.2343750000000000e+01,A-
103010,1279,37,+7.7687500000000000e+01,C+
103011,1112,37,+9.2906250000000000e+01,A-
103011,1262,37,+8.8593750000000000e+01,B+
103011,1255,37,+9.1187500000000000e+01,A-
103011,1265,37,+9.0343750000000000e+01,A-
103012,1405,37,+9.4843750000000000e+01,A
103012,1394,37,+9.3937500000000000e+01,A
103012,1399,37,+9.2531250000000000e+01,A-
103037,1323,37,+9.5906250000000000e+01,A
103037,1320,37,+9.2937500000000000e+01,A-
103055,1097,37,+8.2000000000000000e+01,B-
103055,1247,37,+8.8218750000000000e+01,B+
103066,1297,37,+8.0937500000000000e+01,B-
103068,1291,37,+7.9468750000000000e+01,C+
103068,1324,37,+8.2687500000000000e+01,B-
103068,1280,37,+8.1875000000000000e+01,B-
103070,1203,37,+9.1375000000000000e+01,A-
103070,1255,37,+8.6781250000000000e+01,B
103087,1258,37,+9.2031250000000000e+01,A-
103087,1102,37,+8.8125000000000000e+01,B+
103087,1280,37,+8.7812500000000000e+01,B+
103087,1260,37,+8.8687500000000000e+01,B+
103097,1335,37,+8.9187500000000000e+01,B+
103097,1266,37,+8.7625000000000000e+01,B+
103108,1200,37,+8.6093750000000000e+01,B
103108,1196,37,+8.2531250000000000e+01,B-
103108,1323,37,+8.2406250000000000e+01,B-
103110,1403,37,+8.6875000000000000e+01,B
103110,1392,37,+9.0000000000000000e+01,A-
103110,1404,37,+8.7656250000000000e+01,B+
103116,1252,37,+8.5562500000000000e+01,B
103116,1399,37,+8.2718750000000000e+01,B-
103116,1260,37,+8.4500000000000000e+01,B
103116,1261,37,+8.2187500000000000e+01,B-
103120,1205,37,+8.7218750000000000e+01,B+
103120,1263,37,+9.1031250000000000e+01,A-
103120,1214,37,+9.0031250000000000e+01,A-
103134,1392,37,+9.6312500000000000e+01,A
103134,1404,37,+9.4468750000000000e+01,A
103134,1196,37,+1.0053125000000000e+02,A+
103134,1393,37,+9.8343750000000000e+01,A+
103134,1405,37,+9.5906250000000000e+01,A
103135,1284,37,+5.9343750000000000e+01,F
103135,1280,37,+5.6500000000000000e+01,F
103135,1292,37,+5.9437500000000000e+01,F
103135,1285,37,+5.7593750000000000e+01,F
103135,1293,37,+5.7218750000000000e+01,F
103140,1279,37,+9.0218750000000000e+01,A-
103140,1284,37,+9.1125000000000000e+01,A-
103148,1279,37,+9.0406250000000000e+01,A-
103148,1291,37,+8.6281250000000000e+01,B
103148,1280,37,+8.7406250000000000e+01,B+
103171,1327,37,+8.1437500000000000e+01,B-
103171,1336,37,+8.2468750000000000e+01,B-
103171,1337,37,+8.4281250000000000e+01,B
103171,1339,37,+7.7406250000000000e+01,C+
103191,1251,37,+8.4312500000000000e+01,B
103191,1097,37,+8.1718750000000000e+01,B-
103202,1334,37,+9.1468750000000000e+01,A-
103202,1411,37,+8.9125000000000000e+01,B+
103202,1337,37,+8.7375000000000000e+01,B+
103234,1097,37,+9.0500000000000000e+01,A-
103249,1327,37,+8.9375000000000000e+01,B+
103249,1287,37,+8.8906250000000000e+01,B+
103257,1398,37,+7.9875000000000000e+01,C+
103257,1259,37,+8.0125000000000000e+01,B-
103257,1394,37,+8.4093750000000000e+01,B
103257,1406,37,+8.6718750000000000e+01,B
103257,1399,37,+7.8906250000000000e+01,C+
103263,1259,37,+9.2531250000000000e+01,A-
103275,1098,37,+9.1062500000000000e+01,A-
103297,1294,37,+8.5125000000000000e+01,B
103300,1210,37,+8.0093750000000000e+01,B-
103300,1204,37,+8.1687500000000000e+01,B-
103300,1327,37,+8.1718750000000000e+01,B-
103300,1255,37,+8.0906250000000000e+01,B-
103307,1284,37,+9.0750000000000000e+01,A-
103307,1280,37,+8.8000000000000000e+01,B+
103307,1292,37,+8.9968750000000000e+01,B+
103307,1285,37,+8.9250000000000000e+01,B+
103339,1254,37,+8.5843750000000000e+01,B
103339,1262,37,+9.0187500000000000e+01,A-
103340,1261,37,+9.4812500000000000e+01,A
103340,1266,37,+9.1500000000000000e+01,A-
103359,1290,37,+8.9937500000000000e+01,B+
103359,1283,37,+8.5500000000000000e+01,B
103359,1279,37,+8.9406250000000000e+01,B+
103359,1291,37,+8.8312500000000000e+01,B+
103381,1202,37,+8.4000000000000000e+01,B
103381,1292,37,+8.7406250000000000e+01,B+
103381,1103,37,+8.8750000000000000e+01,B+
103385,1333,37,+8.0718750000000000e+01,B-
103400,1201,37,+9.6656250000000000e+01,A
103400,1197,37,+9.4406250000000000e+01,A
103400,1103,37,+9.4000000000000000e+01,A
103400,1210,37,+9.3312500000000000e+01,A
103403,1285,37,+7.5156250000000000e+01,C
103403,1203,37,+8.1125000000000000e+01,B-
103403,1326,37,+8.0093750000000000e+01,B-
103403,1204,37,+8.6625000000000000e+01,B
103450,1320,37,+9.1281250000000000e+01,A-
103450,1333,37,+9.2750000000000000e+01,A-
103450,1335,37,+9.0531250000000000e+01,A-
103468,1292,37,+9.2937500000000000e+01,A-
103468,1293,37,+8.9062500000000000e+01,B+
103468,1286,37,+8.9437500000000000e+01,B+
103468,1294,37,+8.8562500000000000e+01,B+
103468,1287,37,+8.9468750000000000e+01,B+
103469,1211,37,+8.8156250000000000e+01,B+
103469,1327,37,+9.1937500000000000e+01,A-
103469,1335,37,+9.2406250000000000e+01,A-
103469,1263,37,+9.2500000000000000e+01,A-
103469,1336,37,+9.1343750000000000e+01,A-
103476,1287,37,+8.1937500000000000e+01,B-
103496,1208,37,+8.3312500000000000e+01,B
103503,1279,37,+9.3656250000000000e+01,A
103503,1291,37,+8.9531250000000000e+01,B+
103503,1284,37,+9.1968750000000000e+01,A-
103503,1292,37,+9.0843750000000000e+01,A-
103503,1285,37,+9.3625000000000000e+01,A
103507,1289,37,+8.5625000000000000e+01,B
103512,1284,37,+9.3500000000000000e+01,A
103512,1280,37,+8.9875000000000000e+01,B+
103512,1292,37,+9.1343750000000000e+01,A-
103512,1285,37,+9.3812500000000000e+01,A
103520,1396,37,+8.8062500000000000e+01,B+
103520,1392,37,+8.7781250000000000e+01,B+
103527,1259,37,+8.6531250000000000e+01,B
103527,1098,37,+8.9093750000000000e+01,B+
103527,1113,37,+8.6281250000000000e+01,B
103535,1292,37,+8.6781250000000000e+01,B
103535,1285,37,+8.7218750000000000e+01,B+
103544,1112,37,+9.3500000000000000e+01,A
103544,1262,37,+9.0250000000000000e+01,A-
103544,1205,37,+9.0906250000000000e+01,A-
103554,1324,37,+9.0625000000000000e+01,A-
103555,1103,37,+8.9656250000000000e+01,B+
103555,1253,37,+8.2437500000000000e+01,B-
103555,1254,37,+8.4875000000000000e+01,B
103555,1112,37,+8.7031250000000000e+01,B+
103562,1324,37,+9.6218750000000000e+01,A
103562,1332,37,+9.6343750000000000e+01,A
103562,1325,37,+9.8593750000000000e+01,A+
103562,1326,37,+9.7718750000000000e+01,A+
103596,1280,37,+8.5312500000000000e+01,B
103596,1292,37,+8.7812500000000000e+01,B+
103596,1293,37,+8.7750000000000000e+01,B+
103597,1404,37,+8.3093750000000000e+01,B
103597,1405,37,+8.0218750000000000e+01,B-
103597,1398,37,+8.4781250000000000e+01,B
103601,1283,37,+8.3937500000000000e+01,B
103601,1279,37,+8.3218750000000000e+01,B
103601,1291,37,+9.0375000000000000e+01,A-
103601,1284,37,+8.9281250000000000e+01,B+
103621,1404,37,+7.9562500000000000e+01,C+
103621,1393,37,+8.2718750000000000e+01,B-
103621,1405,37,+8.3687500000000000e+01,B
103621,1398,37,+8.1031250000000000e+01,B-
103621,1394,37,+8.3062500000000000e+01,B
103635,1279,37,+8.0250000000000000e+01,B-
103635,1291,37,+9.0343750000000000e+01,A-
103635,1284,37,+9.3875000000000000e+01,A
103635,1280,37,+8.7906250000000000e+01,B+
103635,1285,37,+8.0031250000000000e+01,B-
103636,1335,37,+9.2218750000000000e+01,A-
103636,1341,37,+9.2718750000000000e+01,A-
103636,1343,37,+9.0593750000000000e+01,A-
103646,1250,37,+8.6125000000000000e+01,B
103646,1196,37,+8.8687500000000000e+01,B+
103646,1292,37,+8.4125000000000000e+01,B
103649,1396,37,+9.5656250000000000e+01,A
103649,1404,37,+8.9750000000000000e+01,B+
103649,1393,37,+8.9781250000000000e+01,B+
103649,1394,37,+9.1562500000000000e+01,A-
103651,1101,37,+8.7593750000000000e+01,B+
103651,1393,37,+8.9656250000000000e+01,B+
103651,1405,37,+8.4562500000000000e+01,B
103651,1394,37,+8.3281250000000000e+01,B
103657,1396,37,+9.5156250000000000e+01,A
103657,1392,37,+9.3656250000000000e+01,A
103657,1290,37,+9.7968750000000000e+01,A+
103665,1286,37,+8.9781250000000000e+01,B+
103667,1098,37,+7.8281250000000000e+01,C+
103667,1408,37,+7.8781250000000000e+01,C+
103672,1097,37,+9.8562500000000000e+01,A+
103672,1259,37,+9.8968750000000000e+01,A+
103672,1252,37,+1.0015625000000000e+02,A+
103672,1202,37,+9.6000000000000000e+01,A
103681,1392,37,+8.2750000000000000e+01,B-
103681,1404,37,+8.1843750000000000e+01,B-
103681,1405,37,+8.1843750000000000e+01,B-
103681,1394,37,+8.0625000000000000e+01,B-
103685,1403,37,+8.5281250000000000e+01,B
103685,1392,37,+8.3000000000000000e+01,B
103685,1404,37,+8.2187500000000000e+01,B-
103695,1325,37,+9.6062500000000000e+01,A
103695,1327,37,+1.0037500000000000e+02,A+
103695,1335,37,+9.7937500000000000e+01,A+
103695,1265,37,+9.9250000000000000e+01,A+
103713,1116,37,+9.7187500000000000e+01,A+
103713,1122,37,+9.9437500000000000e+01,A+
103713,1124,37,+9.7125000000000000e+01,A+
103720,1263,37,+9.1875000000000000e+01,A-
103720,1213,37,+8.3937500000000000e+01,B
103729,1404,37,+8.5718750000000000e+01,B
103729,1393,37,+8.9593750000000000e+01,B+
103729,1405,37,+8.3531250000000000e+01,B
103740,1283,37,+8.9125000000000000e+01,B+
103740,1291,37,+8.7156250000000000e+01,B+
103740,1280,37,+8.9093750000000000e+01,B+
103743,1284,37,+9.0000000000000000e+01,A-
103743,1202,37,+8.9125000000000000e+01,B+
103743,1285,37,+8.8031250000000000e+01,B+
103743,1293,37,+8.8031250000000000e+01,B+
103743,1286,37,+8.3437500000000000e+01,B
103747,1398,37,+8.8906250000000000e+01,B+
103747,1394,37,+8.5750000000000000e+01,B
103747,1406,37,+8.5937500000000000e+01,B
103761,1255,37,+9.3718750000000000e+01,A
103761,1113,37,+8.8218750000000000e+01,B+
103761,1215,37,+9.1156250000000000e+01,A-
103761,1219,37,+9.4218750000000000e+01,A
103784,1202,37,+8.8687500000000000e+01,B+
103784,1104,37,+8.9687500000000000e+01,B+
103784,1262,37,+8.7562500000000000e+01,B+
103798,1104,37,+8.1406250000000000e+01,B-
103798,1212,37,+8.3625000000000000e+01,B
103812,1268,37,+8.7218750000000000e+01,B+
103812,1119,37,+8.6281250000000000e+01,B
103812,1121,37,+9.1031250000000000e+01,A-
103818,1208,37,+8.1593750000000000e+01,B-
103818,1319,37,+8.2968750000000000e+01,B-
103818,1332,37,+9.0062500000000000e+01,A-
103818,1325,37,+8.8406250000000000e+01,B+
103828,1332,37,+8.2031250000000000e+01,B-
103828,1325,37,+8.0250000000000000e+01,B-
103836,1326,37,+8.5593750000000000e+01,B
103836,1334,37,+8.7218750000000000e+01,B+
103836,1327,37,+8.4031250000000000e+01,B
103836,1335,37,+8.6093750000000000e+01,B
103847,1103,37,+9.2281250000000000e+01,A-
103847,1211,37,+9.4343750000000000e+01,A
103852,1101,37,+7.7375000000000000e+01,C+
103852,1097,37,+8.3218750000000000e+01,B
103852,1324,37,+7.9937500000000000e+01,C+
103852,1332,37,+8.5968750000000000e+01,B
103856,1331,37,+8.2875000000000000e+01,B-
103856,1320,37,+8.7812500000000000e+01,B+
103856,1332,37,+9.0906250000000000e+01,A-
103856,1335,37,+7.9125000000000000e+01,C+
103857,1405,37,+9.0500000000000000e+01,A-
103857,1398,37,+9.0437500000000000e+01,A-
103857,1394,37,+9.0093750000000000e+01,A-
103863,1393,37,+8.3625000000000000e+01,B
103863,1405,37,+8.2656250000000000e+01,B-
103863,1398,37,+8.2687500000000000e+01,B-
103891,1259,37,+8.3812500000000000e+01,B
103904,1294,37,+8.1125000000000000e+01,B-
103904,1214,37,+8.5843750000000000e+01,B
103924,1280,37,+7.5875000000000000e+01,C
103924,1285,37,+7.7562500000000000e+01,C+
103928,1320,37,+8.9593750000000000e+01,B+
103928,1332,37,+9.5250000000000000e+01,A
103928,1333,37,+9.3375000000000000e+01,A
103929,1101,37,+8.1312500000000000e+01,B-
103929,1251,37,+8.8187500000000000e+01,B+
103929,1252,37,+8.9000000000000000e+01,B+
103929,1211,37,+8.5687500000000000e+01,B
103939,1258,37,+8.9781250000000000e+01,B+
103939,1252,37,+9.1125000000000000e+01,A-
103939,1210,37,+8.2562500000000000e+01,B-
103939,1253,37,+9.0187500000000000e+01,A-
103942,1254,37,+9.0531250000000000e+01,A-
103942,1220,37,+8.7343750000000000e+01,B+
103943,1097,37,+8.2906250000000000e+01,B-
103943,1252,37,+8.0531250000000000e+01,B-
103948,1325,37,+8.9968750000000000e+01,B+
103948,1261,37,+9.2125000000000000e+01,A-
103948,1263,37,+9.1750000000000000e+01,A-
103948,1337,37,+9.2218750000000000e+01,A-
103952,1392,37,+7.8687500000000000e+01,C+
103952,1323,37,+7.9781250000000000e+01,C+
103952,1393,37,+8.5031250000000000e+01,B
103952,1405,37,+7.9687500000000000e+01,C+
103952,1406,37,+8.0593750000000000e+01,B-
103955,1283,37,+8.1312500000000000e+01,B-
103955,1279,37,+8.2343750000000000e+01,B-
103955,1291,37,+8.3562500000000000e+01,B
103975,1393,37,+8.6812500000000000e+01,B
103975,1405,37,+8.8125000000000000e+01,B+
103980,1103,37,+8.7781250000000000e+01,B+
103980,1260,37,+8.8562500000000000e+01,B+
103980,1104,37,+8.5406250000000000e+01,B
103980,1262,37,+8.8156250000000000e+01,B+
103989,1320,37,+9.5937500000000000e+01,A
103989,1336,37,+9.9687500000000000e+01,A+
103989,1339,37,+1.0021875000000000e+02,A+
103990,1392,37,+8.8187500000000000e+01,B+
103990,1290,37,+9.0562500000000000e+01,A-
103990,1393,37,+8.5875000000000000e+01,B
103990,1398,37,+8.9156250000000000e+01,B+
102000,1136,37,+8.2687500000000000e+01,B-
102000,1241,37,+8.0125000000000000e+01,B-
102003,1352,37,+8.4343750000000000e+01,B
102003,1353,37,+8.8625000000000000e+01,B+
102003,1354,37,+8.7687500000000000e+01,B+
102003,1135,37,+8.6250000000000000e+01,B
102003,1361,37,+8.9187500000000000e+01,B+
102012,1300,37,+9.2156250000000000e+01,A-
102012,1301,37,+8.6656250000000000e+01,B
102012,1302,37,+8.4250000000000000e+01,B
102012,1304,37,+8.7125000000000000e+01,B+
102013,1129,37,+8.9531250000000000e+01,B+
102013,1229,37,+8.6750000000000000e+01,B
102013,1236,37,+9.2062500000000000e+01,A-
102013,1145,37,+9.0468750000000000e+01,A-
102018,1263,37,+8.7312500000000000e+01,B+
102018,1410,37,+8.5406250000000000e+01,B
102018,1412,37,+8.7093750000000000e+01,B+
102018,1413,37,+8.8218750000000000e+01,B+
102031,1116,37,+8.3406250000000000e+01,B
102031,1266,37,+8.3437500000000000e+01,B
102031,1124,37,+7.6906250000000000e+01,C
102068,1296,37,+8.9375000000000000e+01,B+
102068,1297,37,+8.8968750000000000e+01,B+
102068,1299,37,+7.8250000000000000e+01,C+
102068,1301,37,+9.0750000000000000e+01,A-
102068,1302,37,+8.9125000000000000e+01,B+
102070,1354,37,+9.3625000000000000e+01,A
102070,1355,37,+8.7312500000000000e+01,B+
102070,1356,37,+9.0843750000000000e+01,A-
102070,1357,37,+8.6343750000000000e+01,B
102070,1358,37,+8.4656250000000000e+01,B
102098,1410,37,+8.8343750000000000e+01,B+
102098,1411,37,+8.8781250000000000e+01,B+
102109,1297,37,+8.4437500000000000e+01,B
102109,1412,37,+8.1000000000000000e+01,B-
102109,1299,37,+8.6031250000000000e+01,B
102109,1300,37,+8.1750000000000000e+01,B-
102120,1225,37,+8.5875000000000000e+01,B
102120,1229,37,+8.5156250000000000e+01,B
102120,1230,37,+9.0562500000000000e+01,A-
102120,1238,37,+8.4750000000000000e+01,B
102120,1142,37,+8.7593750000000000e+01,B+
102126,1299,37,+7.9562500000000000e+01,C+
102126,1300,37,+8.4781250000000000e+01,B
102126,1301,37,+8.3562500000000000e+01,B
102130,1412,37,+9.1312500000000000e+01,A-
102130,1413,37,+8.7812500000000000e+01,B+
102130,1414,37,+9.4062500000000000e+01,A
102137,1410,37,+9.5718750000000000e+01,A
102137,1411,37,+9.3625000000000000e+01,A
102137,1412,37,+9.8968750000000000e+01,A+
102137,1413,37,+9.8218750000000000e+01,A+
102138,1223,37,+8.4468750000000000e+01,B
102138,1129,37,+8.7531250000000000e+01,B+
102139,1273,37,+8.6375000000000000e+01,B
102141,1410,37,+5.9062500000000000e+01,F
102141,1412,37,+5.9531250000000000e+01,F
102141,1414,37,+5.7468750000000000e+01,F
102141,1416,37,+5.7812500000000000e+01,F
102164,1238,37,+7.9812500000000000e+01,C+
102164,1142,37,+7.9093750000000000e+01,C+
102164,1145,37,+8.1968750000000000e+01,B-
102185,1400,37,+8.4468750000000000e+01,B
102185,1408,37,+8.1218750000000000e+01,B-
102185,1401,37,+8.5656250000000000e+01,B
102185,1409,37,+7.9718750000000000e+01,C+
102185,1410,37,+7.6593750000000000e+01,C
102213,1343,37,+9.3312500000000000e+01,A
102213,1417,37,+9.1000000000000000e+01,A-
102213,1347,37,+8.9906250000000000e+01,B+
102213,1351,37,+9.0843750000000000e+01,A-
102225,1125,37,+9.9000000000000000e+01,A+
102225,1230,37,+9.3343750000000000e+01,A
102225,1231,37,+9.8687500000000000e+01,A+
102230,1295,37,+8.2437500000000000e+01,B-
102230,1299,37,+8.2906250000000000e+01,B-
102230,1301,37,+8.0218750000000000e+01,B-
102233,1295,37,+5.8750000000000000e+01,F
102233,1296,37,+5.3843750000000000e+01,F
102233,1297,37,+5.3250000000000000e+01,F
102233,1299,37,+5.7687500000000000e+01,F
102247,1123,37,+7.6062500000000000e+01,C
102256,1410,37,+8.8062500000000000e+01,B+
102256,1411,37,+8.6406250000000000e+01,B
102273,1135,37,+9.1843750000000000e+01,A-
102273,1372,37,+9.1468750000000000e+01,A-
102278,1226,37,+8.3812500000000000e+01,B
102278,1128,37,+8.5750000000000000e+01,B
102278,1129,37,+8.6000000000000000e+01,B
102285,1401,37,+9.1343750000000000e+01,A-
102285,1295,37,+8.9187500000000000e+01,B+
102285,1296,37,+9.2718750000000000e+01,A-
102285,1299,37,+9.3281250000000000e+01,A
102316,1213,37,+8.2531250000000000e+01,B-
102316,1297,37,+8.2812500000000000e+01,B-
102316,1301,37,+8.2687500000000000e+01,B-
102318,1287,37,+8.8218750000000000e+01,B+
102318,1296,37,+8.4000000000000000e+01,B
102318,1297,37,+8.9250000000000000e+01,B+
102318,1299,37,+8.9125000000000000e+01,B+
102320,1287,37,+9.2062500000000000e+01,A-
102320,1295,37,+9.3750000000000000e+01,A
102320,1296,37,+9.2031250000000000e+01,A-
102320,1297,37,+9.1125000000000000e+01,A-
102320,1299,37,+9.2812500000000000e+01,A-
102363,1351,37,+8.9281250000000000e+01,B+
102363,1354,37,+9.4031250000000000e+01,A
102363,1355,37,+9.4718750000000000e+01,A
102363,1356,37,+9.8812500000000000e+01,A+
102363,1357,37,+9.7125000000000000e+01,A+
102365,1299,37,+8.6218750000000000e+01,B
102365,1300,37,+9.1593750000000000e+01,A-
102365,1301,37,+8.4843750000000000e+01,B
102368,1409,37,+9.0687500000000000e+01,A-
102368,1410,37,+9.2093750000000000e+01,A-
102368,1411,37,+9.3750000000000000e+01,A
102368,1413,37,+9.3031250000000000e+01,A
102368,1415,37,+8.9781250000000000e+01,B+
102390,1409,37,+9.4812500000000000e+01,A
102390,1410,37,+9.0937500000000000e+01,A-
102390,1411,37,+8.9468750000000000e+01,B+
102390,1412,37,+9.5781250000000000e+01,A
102392,1415,37,+8.0437500000000000e+01,B-
102392,1344,37,+8.3218750000000000e+01,B
102392,1345,37,+8.2562500000000000e+01,B-
102396,1346,37,+8.5375000000000000e+01,B
102396,1347,37,+8.7062500000000000e+01,B+
102396,1352,37,+8.1250000000000000e+01,B-
102396,1231,37,+7.9937500000000000e+01,C+
102396,1354,37,+8.2562500000000000e+01,B-
102399,1224,37,+8.3218750000000000e+01,B
102399,1227,37,+8.5375000000000000e+01,B
102399,1229,37,+8.4156250000000000e+01,B
102399,1354,37,+9.0343750000000000e+01,A-
102415,1400,37,+8.9000000000000000e+01,B+
102415,1408,37,+9.0281250000000000e+01,A-
102415,1287,37,+8.8562500000000000e+01,B+
102415,1411,37,+8.8312500000000000e+01,B+
102443,1297,37,+9.3000000000000000e+01,A
102443,1299,37,+8.8468750000000000e+01,B+
102443,1301,37,+8.7250000000000000e+01,B+
102449,1358,37,+9.0343750000000000e+01,A-
102449,1360,37,+8.5468750000000000e+01,B
102449,1363,37,+8.9812500000000000e+01,B+
102452,1412,37,+5.4937500000000000e+01,F
102452,1413,37,+5.5968750000000000e+01,F
102452,1414,37,+5.6000000000000000e+01,F
102452,1415,37,+5.6281250000000000e+01,F
102454,1408,37,+9.0375000000000000e+01,A-
102454,1287,37,+8.3125000000000000e+01,B
102454,1401,37,+8.4625000000000000e+01,B
102454,1409,37,+8.2406250000000000e+01,B-
102461,1272,37,+8.3593750000000000e+01,B
102461,1224,37,+8.4906250000000000e+01,B
102461,1312,37,+8.2843750000000000e+01,B-
102461,1133,37,+7.8156250000000000e+01,C+
102464,1401,37,+8.4218750000000000e+01,B
102464,1295,37,+8.0937500000000000e+01,B-
102464,1409,37,+8.4437500000000000e+01,B
102464,1410,37,+8.3406250000000000e+01,B
102465,1346,37,+8.2750000000000000e+01,B-
102465,1352,37,+9.0250000000000000e+01,A-
102465,1353,37,+8.8093750000000000e+01,B+
102475,1295,37,+7.9875000000000000e+01,C+
102475,1296,37,+8.1937500000000000e+01,B-
102475,1297,37,+8.2718750000000000e+01,B-
102475,1299,37,+7.6593750000000000e+01,C
102480,1346,37,+9.7875000000000000e+01,A+
102480,1420,37,+9.5187500000000000e+01,A
102480,1347,37,+1.0090625000000000e+02,A+
102480,1352,37,+9.7468750000000000e+01,A+
102505,1223,37,+8.2750000000000000e+01,B-
102505,1226,37,+8.0718750000000000e+01,B-
102505,1229,37,+7.4031250000000000e+01,C
102505,1312,37,+8.3562500000000000e+01,B
102510,1310,37,+9.2531250000000000e+01,A-
102510,1311,37,+8.2718750000000000e+01,B-
102510,1351,37,+8.4875000000000000e+01,B
102515,1411,37,+9.4000000000000000e+01,A
102515,1412,37,+9.5656250000000000e+01,A
102515,1413,37,+9.0906250000000000e+01,A-
102521,1297,37,+8.8500000000000000e+01,B+
102521,1299,37,+8.5031250000000000e+01,B
102522,1122,37,+8.6718750000000000e+01,B
102522,1130,37,+8.5093750000000000e+01,B
102536,1346,37,+9.6218750000000000e+01,A
102536,1351,37,+9.0375000000000000e+01,A-
102536,1352,37,+9.0187500000000000e+01,A-
102588,1119,37,+8.5375000000000000e+01,B
102588,1126,37,+9.0937500000000000e+01,A-
102595,1343,37,+7.8562500000000000e+01,C+
102595,1346,37,+8.2531250000000000e+01,B-
102595,1347,37,+8.3031250000000000e+01,B
102595,1351,37,+8.8781250000000000e+01,B+
102603,1411,37,+7.9562500000000000e+01,C+
102603,1412,37,+8.3000000000000000e+01,B
102603,1414,37,+7.6562500000000000e+01,C
102603,1416,37,+7.7187500000000000e+01,C+
102604,1297,37,+8.3156250000000000e+01,B
102604,1299,37,+8.3593750000000000e+01,B
102604,1301,37,+8.0406250000000000e+01,B-
102607,1119,37,+8.6687500000000000e+01,B
102607,1120,37,+9.0625000000000000e+01,A-
102607,1122,37,+8.7468750000000000e+01,B+
102610,1300,37,+8.3718750000000000e+01,B
102610,1301,37,+8.2500000000000000e+01,B-
102610,1304,37,+8.4125000000000000e+01,B
102621,1287,37,+9.5375000000000000e+01,A
102621,1295,37,+9.2125000000000000e+01,A-
102621,1297,37,+8.8218750000000000e+01,B+
102621,1299,37,+9.3750000000000000e+01,A
102623,1134,37,+8.3312500000000000e+01,B
102623,1137,37,+8.7250000000000000e+01,B+
102623,1138,37,+8.4437500000000000e+01,B
102623,1140,37,+8.5062500000000000e+01,B
102624,1221,37,+9.4062500000000000e+01,A
102624,1224,37,+9.0375000000000000e+01,A-
102624,1226,37,+9.5218750000000000e+01,A
102624,1227,37,+9.4687500000000000e+01,A
102636,1326,37,+8.2750000000000000e+01,B-
102636,1335,37,+8.3125000000000000e+01,B
102636,1336,37,+8.3937500000000000e+01,B
102636,1341,37,+8.2968750000000000e+01,B-
102648,1265,37,+9.2218750000000000e+01,A-
102648,1215,37,+8.8937500000000000e+01,B+
102648,1116,37,+9.1593750000000000e+01,A-
102650,1408,37,+9.1437500000000000e+01,A-
102650,1401,37,+8.7187500000000000e+01,B+
102650,1409,37,+8.9875000000000000e+01,B+
102650,1410,37,+9.6625000000000000e+01,A
102657,1400,37,+9.1281250000000000e+01,A-
102657,1408,37,+9.0906250000000000e+01,A-
102657,1401,37,+9.0875000000000000e+01,A-
102657,1409,37,+9.2375000000000000e+01,A-
102663,1295,37,+8.9343750000000000e+01,B+
102663,1299,37,+8.2281250000000000e+01,B-
102663,1300,37,+9.2250000000000000e+01,A-
102665,1410,37,+7.9218750000000000e+01,C+
102665,1412,37,+8.2937500000000000e+01,B-
102665,1413,37,+8.4312500000000000e+01,B
102665,1414,37,+7.9125000000000000e+01,C+
102716,1409,37,+8.4906250000000000e+01,B
102716,1263,37,+9.1125000000000000e+01,A-
102716,1410,37,+9.0468750000000000e+01,A-
102716,1411,37,+8.8312500000000000e+01,B+
102716,1413,37,+8.4375000000000000e+01,B
102719,1299,37,+8.7312500000000000e+01,B+
102719,1301,37,+8.8062500000000000e+01,B+
102719,1302,37,+9.0000000000000000e+01,A-
102725,1346,37,+9.5812500000000000e+01,A
102725,1349,37,+9.9062500000000000e+01,A+
102725,1351,37,+9.5781250000000000e+01,A
102725,1354,37,+9.8125000000000000e+01,A+
102726,1287,37,+8.7968750000000000e+01,B+
102726,1295,37,+8.8656250000000000e+01,B+
102726,1296,37,+8.9937500000000000e+01,B+
102745,1225,37,+8.3750000000000000e+01,B
102745,1229,37,+8.5625000000000000e+01,B
102745,1133,37,+9.1000000000000000e+01,A-
102748,1232,37,+7.7843750000000000e+01,C+
102748,1135,37,+8.6718750000000000e+01,B
102748,1237,37,+8.4468750000000000e+01,B
102753,1410,37,+9.2031250000000000e+01,A-
102753,1412,37,+8.6625000000000000e+01,B
102753,1413,37,+8.6093750000000000e+01,B
102753,1414,37,+8.9906250000000000e+01,B+
102755,1296,37,+9.4656250000000000e+01,A
102755,1299,37,+9.3062500000000000e+01,A
102755,1300,37,+9.1500000000000000e+01,A-
102755,1301,37,+8.9000000000000000e+01,B+
102769,1409,37,+8.1156250000000000e+01,B-
102769,1410,37,+8.6062500000000000e+01,B
102769,1411,37,+7.7656250000000000e+01,C+
102781,1335,37,+9.8312500000000000e+01,A+
102781,1341,37,+9.7562500000000000e+01,A+
102781,1344,37,+9.3875000000000000e+01,A
102781,1345,37,+1.0034375000000000e+02,A+
102783,1266,37,+8.2468750000000000e+01,B-
102783,1270,37,+9.0250000000000000e+01,A-
102802,1411,37,+9.2062500000000000e+01,A-
102802,1128,37,+9.2031250000000000e+01,A-
102805,1135,37,+8.9656250000000000e+01,B+
102809,1117,37,+8.8437500000000000e+01,B+
102818,1287,37,+8.4218750000000000e+01,B
102818,1295,37,+8.0937500000000000e+01,B-
102818,1296,37,+8.2031250000000000e+01,B-
102840,1344,37,+8.9500000000000000e+01,B+
102840,1358,37,+9.7375000000000000e+01,A+
102854,1295,37,+8.8750000000000000e+01,B+
102854,1296,37,+8.8125000000000000e+01,B+
102854,1299,37,+8.9593750000000000e+01,B+
102864,1299,37,+8.2218750000000000e+01,B-
102864,1300,37,+8.3437500000000000e+01,B
102864,1304,37,+8.4312500000000000e+01,B
102865,1299,37,+8.1593750000000000e+01,B-
102865,1301,37,+8.3718750000000000e+01,B
102865,1302,37,+8.0031250000000000e+01,B-
102865,1305,37,+8.3562500000000000e+01,B
102871,1222,37,+8.0843750000000000e+01,B-
102871,1123,37,+7.5843750000000000e+01,C
102871,1227,37,+8.0968750000000000e+01,B-
102884,1122,37,+9.8500000000000000e+01,A+
102884,1225,37,+9.3000000000000000e+01,A
102884,1136,37,+9.7937500000000000e+01,A+
102888,1129,37,+8.3531250000000000e+01,B
102888,1229,37,+8.0156250000000000e+01,B-
102888,1134,37,+8.0437500000000000e+01,B-
102897,1294,37,+8.7468750000000000e+01,B+
102897,1295,37,+8.6125000000000000e+01,B
102897,1296,37,+8.0656250000000000e+01,B-
102897,1297,37,+8.2906250000000000e+01,B-
102901,1287,37,+7.5968750000000000e+01,C
102901,1295,37,+8.1312500000000000e+01,B-
102901,1296,37,+8.4343750000000000e+01,B
102901,1297,37,+8.3125000000000000e+01,B
102902,1299,37,+7.7781250000000000e+01,C+
102902,1300,37,+8.6218750000000000e+01,B
102902,1301,37,+8.1281250000000000e+01,B-
102902,1302,37,+8.1812500000000000e+01,B-
102905,1344,37,+8.4218750000000000e+01,B
102905,1352,37,+8.5156250000000000e+01,B
102907,1286,37,+8.5406250000000000e+01,B
102907,1287,37,+7.7687500000000000e+01,C+
102907,1297,37,+7.5531250000000000e+01,C
102907,1299,37,+7.7812500000000000e+01,C+
102917,1233,37,+8.2500000000000000e+01,B-
102917,1134,37,+8.9500000000000000e+01,B+
102917,1136,37,+8.3343750000000000e+01,B
102917,1140,37,+8.9000000000000000e+01,B+
102930,1118,37,+9.6625000000000000e+01,A
102930,1343,37,+9.7906250000000000e+01,A+
102930,1344,37,+9.5781250000000000e+01,A
102930,1345,37,+9.8187500000000000e+01,A+
102936,1309,37,+7.9187500000000000e+01,C+
102946,1407,37,+9.1218750000000000e+01,A-
102946,1408,37,+8.6562500000000000e+01,B
102946,1401,37,+9.0125000000000000e+01,A-
102946,1409,37,+8.6375000000000000e+01,B
102946,1410,37,+8.7968750000000000e+01,B+
102963,1227,37,+8.9281250000000000e+01,B+
102963,1351,37,+8.7000000000000000e+01,B+
102969,1336,37,+8.1093750000000000e+01,B-
102969,1337,37,+8.0968750000000000e+01,B-
102969,1339,37,+7.9937500000000000e+01,C+
102969,1343,37,+8.3250000000000000e+01,B
102985,1401,37,+9.7281250000000000e+01,A+
102985,1409,37,+9.5437500000000000e+01,A
102985,1410,37,+9.6843750000000000e+01,A
102985,1412,37,+9.5437500000000000e+01,A
102994,1220,37,+8.3812500000000000e+01,B
102994,1271,37,+8.3875000000000000e+01,B
102994,1221,37,+8.4125000000000000e+01,B
102994,1222,37,+7.9562500000000000e+01,C+
101003,1377,37,+7.9125000000000000e+01,C+
101003,1378,37,+8.0906250000000000e+01,B-
101003,1379,37,+8.4843750000000000e+01,B
101003,1380,37,+8.3250000000000000e+01,B
101003,1381,37,+8.0156250000000000e+01,B-
101019,1361,37,+8.9343750000000000e+01,B+
101019,1364,37,+8.5468750000000000e+01,B
101019,1365,37,+8.7281250000000000e+01,B+
101019,1371,37,+8.2093750000000000e+01,B-
101024,1365,37,+8.2312500000000000e+01,B-
101024,1373,37,+8.2937500000000000e+01,B-
101024,1374,37,+7.3531250000000000e+01,C
101024,1379,37,+8.5593750000000000e+01,B
101026,1416,37,+8.1375000000000000e+01,B-
101026,1418,37,+8.0656250000000000e+01,B-
101026,1421,37,+7.4375000000000000e+01,C
101035,1163,37,+8.7437500000000000e+01,B+
101035,1174,37,+8.9437500000000000e+01,B+
101036,1237,37,+8.7375000000000000e+01,B+
101055,1310,37,+7.5156250000000000e+01,C
101055,1311,37,+8.1875000000000000e+01,B-
101055,1312,37,+8.2875000000000000e+01,B-
101056,1365,37,+7.5343750000000000e+01,C
101056,1366,37,+8.1187500000000000e+01,B-
101056,1367,37,+8.3218750000000000e+01,B
101058,1420,37,+8.6625000000000000e+01,B
101058,1421,37,+8.5718750000000000e+01,B
101058,1422,37,+9.0843750000000000e+01,A-
101077,1166,37,+9.1468750000000000e+01,A-
101077,1170,37,+8.2062500000000000e+01,B-
101077,1171,37,+8.6968750000000000e+01,B
101083,1151,37,+8.3218750000000000e+01,B
101083,1161,37,+8.2500000000000000e+01,B-
101089,1366,37,+9.4500000000000000e+01,A
101089,1367,37,+9.8218750000000000e+01,A+
101089,1368,37,+9.6500000000000000e+01,A
101147,1368,37,+8.1250000000000000e+01,B-
101147,1371,37,+8.0250000000000000e+01,B-
101147,1372,37,+7.9343750000000000e+01,C+
101147,1374,37,+7.8312500000000000e+01,C+
101148,1373,37,+8.3593750000000000e+01,B
101148,1374,37,+8.2281250000000000e+01,B-
101148,1380,37,+8.3500000000000000e+01,B
101150,1420,37,+8.9687500000000000e+01,B+
101150,1421,37,+9.0437500000000000e+01,A-
101150,1422,37,+9.2562500000000000e+01,A-
101164,1138,37,+9.4093750000000000e+01,A
101164,1142,37,+9.4781250000000000e+01,A
101165,1224,37,+8.1968750000000000e+01,B-
101165,1421,37,+8.0968750000000000e+01,B-
101165,1422,37,+8.1937500000000000e+01,B-
101187,1152,37,+8.3656250000000000e+01,B
101188,1153,37,+9.4843750000000000e+01,A
101200,1148,37,+8.1968750000000000e+01,B-
101200,1370,37,+7.9812500000000000e+01,C+
101200,1373,37,+8.0593750000000000e+01,B-
101215,1147,37,+8.7187500000000000e+01,B+
101215,1159,37,+8.4250000000000000e+01,B
101238,1309,37,+9.4687500000000000e+01,A
101238,1310,37,+8.5968750000000000e+01,B
101238,1311,37,+8.9281250000000000e+01,B+
101238,1312,37,+8.9000000000000000e+01,B+
101238,1313,37,+8.7687500000000000e+01,B+
101245,1381,37,+8.7687500000000000e+01,B+
101266,1373,37,+5.9312500000000000e+01,F
101266,1374,37,+5.3937500000000000e+01,F
101266,1376,37,+5.5937500000000000e+01,F
101266,1378,37,+5.1906250000000000e+01,F
101266,1379,37,+5.5125000000000000e+01,F
101273,1159,37,+5.6781250000000000e+01,F
101275,1421,37,+9.0156250000000000e+01,A-
101275,1422,37,+8.6437500000000000e+01,B
101278,1354,37,+8.1250000000000000e+01,B-
101278,1356,37,+8.3656250000000000e+01,B
101278,1370,37,+8.2000000000000000e+01,B-
101278,1375,37,+7.8375000000000000e+01,C+
101290,1366,37,+7.6093750000000000e+01,C
101290,1372,37,+7.7687500000000000e+01,C+
101290,1151,37,+8.4343750000000000e+01,B
101290,1156,37,+8.3312500000000000e+01,B
101293,1222,37,+8.9562500000000000e+01,B+
101293,1351,37,+8.7531250000000000e+01,B+
101293,1145,37,+8.9875000000000000e+01,B+
101329,1143,37,+8.5218750000000000e+01,B
101329,1148,37,+7.8062500000000000e+01,C+
101329,1153,37,+8.0812500000000000e+01,B-
101329,1155,37,+8.3000000000000000e+01,B
101336,1421,37,+9.2281250000000000e+01,A-
101347,1417,37,+8.3312500000000000e+01,B
101347,1421,37,+8.2718750000000000e+01,B-
101347,1422,37,+8.4468750000000000e+01,B
101358,1306,37,+8.4781250000000000e+01,B
101358,1421,37,+9.2312500000000000e+01,A-
101376,1155,37,+8.1812500000000000e+01,B-
101376,1161,37,+8.9750000000000000e+01,B+
101376,1163,37,+8.7625000000000000e+01,B+
101381,1174,37,+8.2312500000000000e+01,B-
101385,1154,37,+9.2062500000000000e+01,A-
101385,1376,37,+9.0187500000000000e+01,A-
101387,1372,37,+7.3718750000000000e+01,C
101387,1373,37,+8.3937500000000000e+01,B
101387,1377,37,+8.1312500000000000e+01,B-
101387,1378,37,+8.0312500000000000e+01,B-
101392,1169,37,+8.2406250000000000e+01,B-
101398,1370,37,+9.2843750000000000e+01,A-
101399,1142,37,+9.1156250000000000e+01,A-
101399,1157,37,+9.1000000000000000e+01,A-
101399,1168,37,+9.1343750000000000e+01,A-
101438,1309,37,+8.0687500000000000e+01,B-
101438,1310,37,+8.1531250000000000e+01,B-
101438,1311,37,+8.1281250000000000e+01,B-
101491,1309,37,+9.0406250000000000e+01,A-
101491,1310,37,+9.0468750000000000e+01,A-
101491,1313,37,+8.8906250000000000e+01,B+
101505,1310,37,+9.7031250000000000e+01,A+
101505,1311,37,+9.7187500000000000e+01,A+
101505,1313,37,+9.7062500000000000e+01,A+
101519,1373,37,+9.5062500000000000e+01,A
101519,1374,37,+9.9531250000000000e+01,A+
101519,1376,37,+9.7562500000000000e+01,A+
101519,1378,37,+9.6656250000000000e+01,A
101536,1377,37,+8.2812500000000000e+01,B-
101563,1141,37,+9.0062500000000000e+01,A-
101582,1418,37,+8.8843750000000000e+01,B+
101582,1420,37,+8.8218750000000000e+01,B+
101582,1347,37,+8.7718750000000000e+01,B+
101582,1422,37,+8.8687500000000000e+01,B+
101583,1368,37,+8.3781250000000000e+01,B
101583,1377,37,+9.0687500000000000e+01,A-
101583,1379,37,+8.3375000000000000e+01,B
101583,1380,37,+9.1593750000000000e+01,A-
101596,1375,37,+7.7343750000000000e+01,C+
101603,1159,37,+5.2437500000000000e+01,F
101616,1159,37,+8.9031250000000000e+01,B+
101616,1162,37,+8.0187500000000000e+01,B-
101616,1166,37,+8.1687500000000000e+01,B-
101616,1175,37,+7.6875000000000000e+01,C
101617,1161,37,+8.3937500000000000e+01,B
101617,1166,37,+8.8750000000000000e+01,B+
101617,1176,37,+9.2343750000000000e+01,A-
101618,1312,37,+8.8968750000000000e+01,B+
101618,1313,37,+8.3187500000000000e+01,B
101618,1142,37,+8.2625000000000000e+01,B-
101635,1370,37,+9.3156250000000000e+01,A
101635,1373,37,+9.1562500000000000e+01,A-
101635,1374,37,+9.0250000000000000e+01,A-
101650,1152,37,+8.9187500000000000e+01,B+
101650,1153,37,+9.1312500000000000e+01,A-
101650,1155,37,+8.9812500000000000e+01,B+
101667,1366,37,+9.1437500000000000e+01,A-
101680,1162,37,+9.8218750000000000e+01,A+
101681,1157,37,+9.9093750000000000e+01,A+
101688,1306,37,+8.7218750000000000e+01,B+
101688,1309,37,+8.9375000000000000e+01,B+
101688,1312,37,+8.7843750000000000e+01,B+
101688,1313,37,+9.3437500000000000e+01,A
101690,1363,37,+9.1906250000000000e+01,A-
101690,1364,37,+9.1718750000000000e+01,A-
101690,1367,37,+9.1968750000000000e+01,A-
101690,1370,37,+9.3437500000000000e+01,A
101694,1358,37,+8.6625000000000000e+01,B
101699,1349,37,+8.3718750000000000e+01,B
101699,1309,37,+8.4781250000000000e+01,B
101721,1240,37,+8.7750000000000000e+01,B+
101721,1241,37,+8.8156250000000000e+01,B+
101723,1156,37,+9.2375000000000000e+01,A-
101723,1165,37,+9.0968750000000000e+01,A-
101723,1175,37,+9.1625000000000000e+01,A-
101739,1305,37,+9.1000000000000000e+01,A-
101739,1307,37,+8.7343750000000000e+01,B+
101739,1310,37,+8.7968750000000000e+01,B+
101739,1311,37,+8.9062500000000000e+01,B+
101747,1156,37,+8.6718750000000000e+01,B
101747,1161,37,+8.8312500000000000e+01,B+
101752,1368,37,+9.0187500000000000e+01,A-
101752,1373,37,+9.5250000000000000e+01,A
101752,1374,37,+8.5437500000000000e+01,B
101752,1375,37,+9.0687500000000000e+01,A-
101759,1366,37,+8.4437500000000000e+01,B
101759,1367,37,+8.2531250000000000e+01,B-
101759,1370,37,+7.9531250000000000e+01,C+
101762,1151,37,+8.1156250000000000e+01,B-
101762,1153,37,+8.0750000000000000e+01,B-
101783,1366,37,+7.7531250000000000e+01,C+
101788,1159,37,+9.0968750000000000e+01,A-
101808,1151,37,+9.2156250000000000e+01,A-
101808,1373,37,+8.9812500000000000e+01,B+
101808,1374,37,+8.4812500000000000e+01,B
101808,1380,37,+8.5062500000000000e+01,B
101808,1162,37,+8.1750000000000000e+01,B-
101814,1364,37,+9.4687500000000000e+01,A
101814,1367,37,+8.6281250000000000e+01,B
101814,1369,37,+8.5468750000000000e+01,B
101826,1156,37,+8.7906250000000000e+01,B+
101826,1161,37,+8.9062500000000000e+01,B+
101826,1165,37,+8.2593750000000000e+01,B-
101838,1155,37,+9.1468750000000000e+01,A-
101838,1379,37,+9.0062500000000000e+01,A-
101838,1161,37,+9.1218750000000000e+01,A-
101838,1166,37,+9.5218750000000000e+01,A
101840,1365,37,+9.2593750000000000e+01,A-
101840,1369,37,+8.6937500000000000e+01,B
101840,1371,37,+8.3656250000000000e+01,B
101840,1377,37,+9.1406250000000000e+01,A-
101852,1167,37,+8.1843750000000000e+01,B-
101868,1161,37,+9.3593750000000000e+01,A
101868,1166,37,+9.3781250000000000e+01,A
101868,1168,37,+8.9718750000000000e+01,B+
101873,1371,37,+8.5812500000000000e+01,B
101873,1376,37,+8.0593750000000000e+01,B-
101873,1377,37,+7.8781250000000000e+01,C+
101873,1378,37,+7.9906250000000000e+01,C+
101891,1358,37,+8.9906250000000000e+01,B+
101891,1364,37,+8.5875000000000000e+01,B
101891,1369,37,+8.5156250000000000e+01,B
101898,1306,37,+5.4937500000000000e+01,F
101898,1307,37,+5.5000000000000000e+01,F
101898,1421,37,+5.0250000000000000e+01,F
101898,1310,37,+5.2906250000000000e+01,F
101898,1312,37,+5.5375000000000000e+01,F
101916,1422,37,+8.6562500000000000e+01,B
101916,1355,37,+8.3187500000000000e+01,B
101916,1364,37,+8.5875000000000000e+01,B
101919,1145,37,+9.6250000000000000e+01,A
101919,1152,37,+9.7375000000000000e+01,A+
101919,1382,37,+9.6437500000000000e+01,A
101919,1162,37,+9.4781250000000000e+01,A
101931,1358,37,+8.8062500000000000e+01,B+
101931,1364,37,+9.0406250000000000e+01,A-
101931,1368,37,+8.7812500000000000e+01,B+
101931,1369,37,+8.6312500000000000e+01,B
101941,1381,37,+7.9375000000000000e+01,C+
101943,1421,37,+8.1656250000000000e+01,B-
101943,1422,37,+8.6437500000000000e+01,B
101963,1363,37,+7.5343750000000000e+01,C
101963,1364,37,+7.8968750000000000e+01,C+
101963,1367,37,+7.8093750000000000e+01,C+
101974,1136,37,+8.2437500000000000e+01,B-
101974,1239,37,+7.9937500000000000e+01,C+
101974,1147,37,+8.3625000000000000e+01,B
103000,1292,38,+9.3750000000000000e+01,A
103000,1293,38,+9.0468750000000000e+01,A-
104449,1289,38,+8.0562500000000000e+01,B-
104449,1282,38,+8.5656250000000000e+01,B
104449,1290,38,+8.4843750000000000e+01,B
104498,1322,38,+8.3656250000000000e+01,B
104498,1320,38,+8.5593750000000000e+01,B
104498,1334,38,+8.5375000000000000e+01,B
104671,1329,38,+9.2656250000000000e+01,A-
104671,1330,38,+8.9843750000000000e+01,B+
104671,1323,38,+8.9500000000000000e+01,B+
104740,1277,38,+8.0187500000000000e+01,B-
104740,1289,38,+8.5156250000000000e+01,B
104740,1282,38,+8.6187500000000000e+01,B
104915,1329,38,+8.1125000000000000e+01,B-
104915,1322,38,+7.9343750000000000e+01,C+
103503,1294,38,+9.2343750000000000e+01,A-
103503,1287,38,+8.6593750000000000e+01,B
103503,1401,38,+9.1593750000000000e+01,A-
103503,1295,38,+9.3718750000000000e+01,A
103812,1222,38,+8.6468750000000000e+01,B
103812,1224,38,+8.8937500000000000e+01,B+
103812,1421,38,+8.8500000000000000e+01,B+
103812,1130,38,+8.4750000000000000e+01,B
103856,1341,38,+9.4406250000000000e+01,A
103856,1344,38,+8.6375000000000000e+01,B
103856,1349,38,+9.1375000000000000e+01,A-
103929,1267,38,+9.1562500000000000e+01,A-
103929,1118,38,+9.0156250000000000e+01,A-
103929,1220,38,+8.4875000000000000e+01,B
102318,1304,38,+8.9093750000000000e+01,B+
102318,1305,38,+8.9625000000000000e+01,B+
102390,1417,38,+9.3718750000000000e+01,A
102390,1418,38,+9.1906250000000000e+01,A-
102505,1241,38,+8.5031250000000000e+01,B
102505,1364,38,+8.2156250000000000e+01,B-
102755,1304,38,+8.9562500000000000e+01,B+
102755,1305,38,+8.9281250000000000e+01,B+
102901,1304,38,+8.0031250000000000e+01,B-
102901,1305,38,+7.9187500000000000e+01,C+
102969,1307,38,+8.1562500000000000e+01,B-
101003,1382,38,+7.7187500000000000e+01,C+
101003,1185,38,+7.8906250000000000e+01,C+
101019,1373,38,+8.7187500000000000e+01,B+
101019,1374,38,+8.8437500000000000e+01,B+
101019,1376,38,+8.8218750000000000e+01,B+
101019,1377,38,+8.9031250000000000e+01,B+
101024,1383,38,+8.1718750000000000e+01,B-
101024,1386,38,+8.4062500000000000e+01,B
101036,1189,38,+8.8156250000000000e+01,B+
101055,1150,38,+8.3093750000000000e+01,B
101056,1153,38,+8.2562500000000000e+01,B-
101056,1376,38,+8.3312500000000000e+01,B
101056,1379,38,+8.1781250000000000e+01,B-
101056,1381,38,+8.3593750000000000e+01,B
101058,1353,38,+8.2187500000000000e+01,B-
101077,1180,38,+8.9281250000000000e+01,B+
101077,1182,38,+8.8781250000000000e+01,B+
101077,1183,38,+9.0343750000000000e+01,A-
101077,1187,38,+8.8687500000000000e+01,B+
101083,1164,38,+7.9937500000000000e+01,C+
101083,1177,38,+8.2093750000000000e+01,B-
101089,1373,38,+1.0003125000000000e+02,A+
101089,1375,38,+9.9093750000000000e+01,A+
101089,1376,38,+1.0025000000000000e+02,A+
101089,1379,38,+9.8031250000000000e+01,A+
101089,1383,38,+9.3250000000000000e+01,A
101147,1380,38,+7.9437500000000000e+01,C+
101147,1382,38,+7.9500000000000000e+01,C+
101148,1382,38,+7.5093750000000000e+01,C
101148,1383,38,+7.8093750000000000e+01,C+
101148,1185,38,+8.4031250000000000e+01,B
101150,1361,38,+9.2937500000000000e+01,A-
101158,1171,38,+8.2468750000000000e+01,B-
101158,1172,38,+8.3250000000000000e+01,B
101164,1151,38,+9.0687500000000000e+01,A-
101164,1155,38,+9.4718750000000000e+01,A
101164,1162,38,+9.2093750000000000e+01,A-
101164,1189,38,+9.2687500000000000e+01,A-
101165,1380,38,+8.6218750000000000e+01,B
101165,1182,38,+8.2250000000000000e+01,B-
101187,1174,38,+8.0937500000000000e+01,B-
101187,1176,38,+7.7937500000000000e+01,C+
101200,1164,38,+8.2593750000000000e+01,B-
101200,1177,38,+8.6656250000000000e+01,B
101215,1166,38,+8.5406250000000000e+01,B
101215,1169,38,+9.0062500000000000e+01,A-
101215,1180,38,+9.0531250000000000e+01,A-
101215,1187,38,+8.8343750000000000e+01,B+
101238,1182,38,+9.1906250000000000e+01,A-
101245,1168,38,+8.9937500000000000e+01,B+
101245,1171,38,+7.9562500000000000e+01,C+
101266,1381,38,+5.5406250000000000e+01,F
101266,1383,38,+5.6625000000000000e+01,F
101266,1386,38,+4.9312500000000000e+01,F
101268,1175,38,+8.7937500000000000e+01,B+
101268,1190,38,+8.3750000000000000e+01,B
101273,1161,38,+5.6562500000000000e+01,F
101273,1187,38,+5.6750000000000000e+01,F
101275,1150,38,+8.5218750000000000e+01,B
101278,1386,38,+8.1375000000000000e+01,B-
101282,1163,38,+8.5843750000000000e+01,B
101282,1174,38,+8.3500000000000000e+01,B
101290,1380,38,+8.1812500000000000e+01,B-
101290,1383,38,+8.0500000000000000e+01,B-
101293,1376,38,+8.9187500000000000e+01,B+
101329,1187,38,+8.1562500000000000e+01,B-
101358,1238,38,+9.3593750000000000e+01,A
101358,1157,38,+9.3062500000000000e+01,A
101376,1168,38,+8.9812500000000000e+01,B+
101376,1177,38,+9.0937500000000000e+01,A-
101376,1185,38,+8.6312500000000000e+01,B
101376,1191,38,+8.8093750000000000e+01,B+
101382,1377,38,+8.2125000000000000e+01,B-
101387,1380,38,+8.4187500000000000e+01,B
101387,1383,38,+8.6125000000000000e+01,B
101398,1168,38,+9.3062500000000000e+01,A
101399,1169,38,+9.3500000000000000e+01,A
101399,1176,38,+8.8406250000000000e+01,B+
101399,1187,38,+9.2937500000000000e+01,A-
101438,1313,38,+8.3656250000000000e+01,B
101438,1374,38,+8.2437500000000000e+01,B-
101505,1142,38,+9.7312500000000000e+01,A+
101505,1156,38,+9.7281250000000000e+01,A+
101519,1379,38,+9.9968750000000000e+01,A+
101519,1383,38,+9.4718750000000000e+01,A
101519,1386,38,+9.7750000000000000e+01,A+
101536,1382,38,+8.4750000000000000e+01,B
101563,1185,38,+9.1000000000000000e+01,A-
101563,1190,38,+8.5281250000000000e+01,B
101582,1228,38,+8.7531250000000000e+01,B+
101582,1241,38,+9.1781250000000000e+01,A-
101582,1183,38,+8.8000000000000000e+01,B+
101583,1382,38,+8.8968750000000000e+01,B+
101583,1383,38,+8.9562500000000000e+01,B+
101596,1383,38,+8.1031250000000000e+01,B-
101596,1172,38,+8.0906250000000000e+01,B-
101603,1161,38,+5.8500000000000000e+01,F
101603,1166,38,+5.3625000000000000e+01,F
101603,1169,38,+5.6187500000000000e+01,F
101603,1187,38,+5.4875000000000000e+01,F
101616,1176,38,+7.8093750000000000e+01,C+
101616,1182,38,+8.3468750000000000e+01,B
101616,1189,38,+8.1312500000000000e+01,B-
101617,1180,38,+8.7312500000000000e+01,B+
101617,1189,38,+8.9750000000000000e+01,B+
101635,1376,38,+9.4375000000000000e+01,A
101635,1381,38,+9.0375000000000000e+01,A-
101650,1382,38,+9.1468750000000000e+01,A-
101650,1176,38,+8.9062500000000000e+01,B+
101650,1191,38,+8.7312500000000000e+01,B+
101667,1381,38,+9.4218750000000000e+01,A
101680,1164,38,+9.5906250000000000e+01,A
101680,1168,38,+9.8250000000000000e+01,A+
101680,1179,38,+9.8281250000000000e+01,A+
101680,1183,38,+9.6093750000000000e+01,A
101690,1374,38,+8.7312500000000000e+01,B+
101690,1375,38,+9.2906250000000000e+01,A-
101690,1379,38,+9.4843750000000000e+01,A
101694,1156,38,+9.2281250000000000e+01,A-
101694,1163,38,+8.6406250000000000e+01,B
101694,1386,38,+8.8968750000000000e+01,B+
101699,1310,38,+7.9437500000000000e+01,C+
101699,1311,38,+8.6062500000000000e+01,B
101699,1312,38,+7.7406250000000000e+01,C+
101699,1190,38,+7.6843750000000000e+01,C
101721,1167,38,+8.5718750000000000e+01,B
101721,1170,38,+8.9937500000000000e+01,B+
101721,1183,38,+8.3125000000000000e+01,B
101723,1180,38,+9.2281250000000000e+01,A-
101723,1182,38,+9.1125000000000000e+01,A-
101723,1185,38,+8.8843750000000000e+01,B+
101723,1187,38,+8.8000000000000000e+01,B+
101723,1190,38,+8.9250000000000000e+01,B+
101739,1312,38,+8.7531250000000000e+01,B+
101739,1159,38,+8.9125000000000000e+01,B+
101747,1172,38,+8.8875000000000000e+01,B+
101747,1174,38,+8.9281250000000000e+01,B+
101747,1191,38,+8.9656250000000000e+01,B+
101752,1378,38,+9.2718750000000000e+01,A-
101752,1379,38,+9.2406250000000000e+01,A-
101752,1380,38,+8.8500000000000000e+01,B+
101752,1383,38,+8.8718750000000000e+01,B+
101759,1372,38,+8.7750000000000000e+01,B+
101759,1374,38,+7.9375000000000000e+01,C+
101759,1376,38,+8.7968750000000000e+01,B+
101759,1377,38,+7.7156250000000000e+01,C+
101762,1155,38,+8.2625000000000000e+01,B-
101762,1163,38,+8.0937500000000000e+01,B-
101762,1166,38,+8.4781250000000000e+01,B
101762,1169,38,+8.2656250000000000e+01,B-
101772,1164,38,+8.9406250000000000e+01,B+
101788,1185,38,+8.7781250000000000e+01,B+
101808,1165,38,+8.8531250000000000e+01,B+
101808,1174,38,+8.6437500000000000e+01,B
101808,1177,38,+8.7312500000000000e+01,B+
101808,1191,38,+9.1062500000000000e+01,A-
101814,1372,38,+9.4468750000000000e+01,A
101814,1373,38,+9.1093750000000000e+01,A-
101814,1375,38,+8.7343750000000000e+01,B+
101814,1376,38,+9.1625000000000000e+01,A-
101814,1381,38,+9.1562500000000000e+01,A-
101820,1172,38,+8.5750000000000000e+01,B
101820,1189,38,+7.9750000000000000e+01,C+
101826,1172,38,+8.8000000000000000e+01,B+
101826,1180,38,+8.6187500000000000e+01,B
101826,1189,38,+8.8125000000000000e+01,B+
101838,1177,38,+9.0312500000000000e+01,A-
101838,1183,38,+8.9156250000000000e+01,B+
101838,1190,38,+8.8437500000000000e+01,B+
101840,1378,38,+9.2187500000000000e+01,A-
101840,1382,38,+9.1000000000000000e+01,A-
101840,1179,38,+9.1812500000000000e+01,A-
101852,1172,38,+9.1187500000000000e+01,A-
102000,1147,38,+8.1500000000000000e+01,B-
102000,1150,38,+8.4093750000000000e+01,B
103000,1286,38,+9.1937500000000000e+01,A-
103000,1295,38,+9.1187500000000000e+01,A-
102003,1364,38,+8.9062500000000000e+01,B+
102003,1368,38,+8.3968750000000000e+01,B
102003,1372,38,+8.7500000000000000e+01,B+
102003,1373,38,+8.8843750000000000e+01,B+
101999,1162,38,+9.2406250000000000e+01,A-
101999,1166,38,+9.4718750000000000e+01,A
102012,1305,38,+8.4875000000000000e+01,B
102012,1306,38,+8.7437500000000000e+01,B+
102012,1307,38,+8.8875000000000000e+01,B+
102012,1309,38,+8.5218750000000000e+01,B
102012,1310,38,+9.1656250000000000e+01,A-
102013,1150,38,+8.9906250000000000e+01,B+
102018,1415,38,+9.0343750000000000e+01,A-
102018,1416,38,+9.0937500000000000e+01,A-
102018,1420,38,+9.0250000000000000e+01,A-
101862,1179,38,+9.3781250000000000e+01,A
102068,1305,38,+9.1093750000000000e+01,A-
102068,1306,38,+8.5250000000000000e+01,B
102068,1309,38,+8.8468750000000000e+01,B+
102070,1360,38,+8.6406250000000000e+01,B
102070,1363,38,+8.6406250000000000e+01,B
102070,1367,38,+8.0656250000000000e+01,B-
102098,1412,38,+8.5625000000000000e+01,B
102098,1413,38,+8.8781250000000000e+01,B+
102098,1414,38,+8.8750000000000000e+01,B+
102098,1415,38,+8.8562500000000000e+01,B+
102098,1416,38,+9.0500000000000000e+01,A-
102109,1302,38,+8.0062500000000000e+01,B-
102109,1304,38,+8.0343750000000000e+01,B-
102109,1305,38,+7.8375000000000000e+01,C+
102109,1223,38,+8.0687500000000000e+01,B-
102109,1306,38,+8.4812500000000000e+01,B
102126,1302,38,+8.7500000000000000e+01,B+
102126,1304,38,+8.7000000000000000e+01,B+
101868,1171,38,+9.1156250000000000e+01,A-
101868,1172,38,+9.1218750000000000e+01,A-
102126,1305,38,+8.6312500000000000e+01,B
102126,1306,38,+8.2625000000000000e+01,B-
102130,1300,38,+9.3281250000000000e+01,A
102130,1416,38,+8.8781250000000000e+01,B+
102130,1417,38,+9.0250000000000000e+01,A-
102130,1418,38,+9.4187500000000000e+01,A
102130,1420,38,+9.2656250000000000e+01,A-
102137,1416,38,+9.7375000000000000e+01,A+
102137,1417,38,+9.9250000000000000e+01,A+
102137,1420,38,+9.5625000000000000e+01,A
102138,1132,38,+8.6000000000000000e+01,B
102138,1134,38,+8.2968750000000000e+01,B-
102138,1135,38,+9.0093750000000000e+01,A-
102138,1138,38,+9.0562500000000000e+01,A-
102138,1141,38,+9.0343750000000000e+01,A-
102139,1356,38,+9.2187500000000000e+01,A-
102141,1417,38,+5.0500000000000000e+01,F
102141,1418,38,+5.6468750000000000e+01,F
102141,1420,38,+5.9218750000000000e+01,F
102141,1125,38,+5.9687500000000000e+01,F
101868,1175,38,+9.0937500000000000e+01,A-
102164,1374,38,+8.0781250000000000e+01,B-
102164,1157,38,+8.6750000000000000e+01,B
101868,1180,38,+9.1343750000000000e+01,A-
102185,1411,38,+8.2468750000000000e+01,B-
102185,1412,38,+8.2406250000000000e+01,B-
102185,1414,38,+7.9687500000000000e+01,C+
102185,1417,38,+8.1656250000000000e+01,B-
102213,1353,38,+9.4093750000000000e+01,A
102213,1354,38,+8.9281250000000000e+01,B+
102213,1355,38,+9.0718750000000000e+01,A-
102213,1356,38,+9.3000000000000000e+01,A
102225,1232,38,+9.9875000000000000e+01,A+
102225,1137,38,+9.5468750000000000e+01,A
102225,1142,38,+9.4625000000000000e+01,A
102230,1302,38,+7.8500000000000000e+01,C+
102230,1304,38,+7.5718750000000000e+01,C
102230,1306,38,+8.2750000000000000e+01,B-
102230,1307,38,+8.3468750000000000e+01,B
102233,1300,38,+5.3468750000000000e+01,F
102233,1301,38,+4.9062500000000000e+01,F
102233,1302,38,+5.4593750000000000e+01,F
102233,1304,38,+5.3031250000000000e+01,F
102233,1305,38,+5.7531250000000000e+01,F
102247,1131,38,+8.3500000000000000e+01,B
102256,1412,38,+8.6437500000000000e+01,B
102256,1413,38,+9.0531250000000000e+01,A-
102256,1414,38,+8.2718750000000000e+01,B-
102278,1236,38,+8.6468750000000000e+01,B
102278,1147,38,+8.6875000000000000e+01,B
102278,1148,38,+9.1593750000000000e+01,A-
102285,1300,38,+8.8968750000000000e+01,B+
102285,1302,38,+8.7718750000000000e+01,B+
102285,1304,38,+9.5125000000000000e+01,A
102285,1305,38,+9.0625000000000000e+01,A-
101873,1383,38,+8.3250000000000000e+01,B
101873,1165,38,+8.0562500000000000e+01,B-
102316,1302,38,+7.8343750000000000e+01,C+
102316,1304,38,+8.3250000000000000e+01,B
102316,1306,38,+8.2875000000000000e+01,B-
102316,1307,38,+8.5593750000000000e+01,B
102318,1300,38,+8.9312500000000000e+01,B+
102318,1301,38,+8.7281250000000000e+01,B+
102318,1302,38,+8.6843750000000000e+01,B
102320,1300,38,+9.0500000000000000e+01,A-
102320,1301,38,+9.4187500000000000e+01,A
102320,1302,38,+8.8062500000000000e+01,B+
101873,1176,38,+8.3750000000000000e+01,B
102363,1361,38,+9.7562500000000000e+01,A+
102363,1363,38,+9.6562500000000000e+01,A
102363,1364,38,+9.5875000000000000e+01,A
102363,1365,38,+9.4656250000000000e+01,A
102365,1302,38,+8.8500000000000000e+01,B+
102365,1304,38,+8.7000000000000000e+01,B+
102365,1305,38,+8.7281250000000000e+01,B+
102365,1223,38,+8.6312500000000000e+01,B
102365,1306,38,+8.9343750000000000e+01,B+
102368,1416,38,+9.2250000000000000e+01,A-
102368,1417,38,+9.2625000000000000e+01,A-
102368,1418,38,+9.4750000000000000e+01,A
102368,1420,38,+9.1718750000000000e+01,A-
102369,1271,38,+9.1875000000000000e+01,A-
102390,1414,38,+9.1156250000000000e+01,A-
102390,1415,38,+8.8906250000000000e+01,B+
102390,1416,38,+8.9906250000000000e+01,B+
102392,1353,38,+7.7750000000000000e+01,C+
102392,1354,38,+7.8843750000000000e+01,C+
102392,1355,38,+7.8375000000000000e+01,C+
102392,1358,38,+7.8843750000000000e+01,C+
102392,1360,38,+8.5437500000000000e+01,B
102396,1355,38,+8.4937500000000000e+01,B
102396,1358,38,+8.1156250000000000e+01,B-
102396,1360,38,+8.0593750000000000e+01,B-
102399,1233,38,+8.8125000000000000e+01,B+
102399,1236,38,+8.8281250000000000e+01,B+
102399,1238,38,+9.0156250000000000e+01,A-
102415,1412,38,+8.5812500000000000e+01,B
102415,1414,38,+9.0437500000000000e+01,A-
102415,1415,38,+8.4312500000000000e+01,B
102415,1416,38,+8.8593750000000000e+01,B+
102415,1417,38,+9.1031250000000000e+01,A-
102443,1302,38,+8.1531250000000000e+01,B-
102443,1304,38,+8.9250000000000000e+01,B+
102443,1272,38,+8.7218750000000000e+01,B+
102443,1305,38,+8.7125000000000000e+01,B+
102443,1306,38,+8.6718750000000000e+01,B
102449,1365,38,+8.9281250000000000e+01,B+
102449,1368,38,+8.5625000000000000e+01,B
102449,1369,38,+8.7062500000000000e+01,B+
102449,1370,38,+8.4156250000000000e+01,B
102449,1372,38,+8.7562500000000000e+01,B+
102452,1417,38,+5.0875000000000000e+01,F
102452,1418,38,+5.7875000000000000e+01,F
102452,1420,38,+5.8437500000000000e+01,F
102452,1421,38,+5.6656250000000000e+01,F
102454,1410,38,+8.8656250000000000e+01,B+
102454,1411,38,+8.6406250000000000e+01,B
102454,1413,38,+9.0343750000000000e+01,A-
102454,1416,38,+9.1093750000000000e+01,A-
102454,1417,38,+8.6187500000000000e+01,B
102461,1233,38,+7.8156250000000000e+01,C+
102461,1135,38,+8.2718750000000000e+01,B-
102461,1136,38,+8.4093750000000000e+01,B
102464,1412,38,+8.2437500000000000e+01,B-
102464,1414,38,+8.3281250000000000e+01,B
102464,1415,38,+8.4781250000000000e+01,B
102464,1417,38,+8.1437500000000000e+01,B-
102465,1357,38,+9.0031250000000000e+01,A-
102465,1360,38,+8.8968750000000000e+01,B+
102465,1365,38,+9.0687500000000000e+01,A-
102475,1300,38,+7.8562500000000000e+01,C+
102475,1302,38,+8.8687500000000000e+01,B+
102475,1304,38,+8.5031250000000000e+01,B
102475,1305,38,+8.8375000000000000e+01,B+
102475,1306,38,+8.1812500000000000e+01,B-
102480,1354,38,+9.9000000000000000e+01,A+
102480,1355,38,+9.8000000000000000e+01,A+
102480,1361,38,+9.7468750000000000e+01,A+
102505,1231,38,+8.5218750000000000e+01,B
102505,1139,38,+8.2906250000000000e+01,B-
102510,1356,38,+9.0218750000000000e+01,A-
102515,1414,38,+8.4281250000000000e+01,B
102515,1415,38,+9.0375000000000000e+01,A-
102515,1416,38,+9.2843750000000000e+01,A-
102515,1417,38,+8.8593750000000000e+01,B+
102515,1418,38,+8.4531250000000000e+01,B
102521,1300,38,+9.0000000000000000e+01,A-
102521,1301,38,+8.9125000000000000e+01,B+
102521,1302,38,+8.8500000000000000e+01,B+
102521,1305,38,+9.2468750000000000e+01,A-
102521,1306,38,+9.0718750000000000e+01,A-
102522,1131,38,+8.9156250000000000e+01,B+
102522,1238,38,+9.0656250000000000e+01,A-
102536,1354,38,+9.3968750000000000e+01,A
102536,1356,38,+9.2250000000000000e+01,A-
102536,1358,38,+9.1593750000000000e+01,A-
102588,1138,38,+8.3437500000000000e+01,B
102588,1238,38,+8.6000000000000000e+01,B
102588,1141,38,+9.0156250000000000e+01,A-
102595,1353,38,+8.0718750000000000e+01,B-
102595,1357,38,+8.1281250000000000e+01,B-
102595,1361,38,+8.5281250000000000e+01,B
102603,1417,38,+8.0718750000000000e+01,B-
102603,1418,38,+8.4125000000000000e+01,B
102603,1420,38,+8.3093750000000000e+01,B
102603,1422,38,+8.0718750000000000e+01,B-
102604,1302,38,+7.4812500000000000e+01,C
102604,1304,38,+8.0750000000000000e+01,B-
102604,1305,38,+8.2968750000000000e+01,B-
102604,1306,38,+7.6125000000000000e+01,C
102605,1239,38,+8.7375000000000000e+01,B+
102607,1232,38,+9.2062500000000000e+01,A-
102607,1136,38,+9.0562500000000000e+01,A-
102607,1139,38,+8.9750000000000000e+01,B+
102607,1143,38,+8.8031250000000000e+01,B+
102610,1420,38,+7.8968750000000000e+01,C+
102610,1307,38,+8.5312500000000000e+01,B
102610,1309,38,+7.8843750000000000e+01,C+
102621,1300,38,+9.2531250000000000e+01,A-
102621,1304,38,+9.4156250000000000e+01,A
102623,1141,38,+8.6531250000000000e+01,B
102623,1142,38,+9.0156250000000000e+01,A-
102623,1148,38,+8.8125000000000000e+01,B+
102623,1154,38,+8.9531250000000000e+01,B+
102624,1228,38,+9.0468750000000000e+01,A-
102624,1136,38,+9.1406250000000000e+01,A-
102624,1236,38,+9.3281250000000000e+01,A
102636,1345,38,+8.1281250000000000e+01,B-
102636,1347,38,+7.5250000000000000e+01,C
102636,1352,38,+7.9750000000000000e+01,C+
102636,1356,38,+8.2812500000000000e+01,B-
102648,1268,38,+9.2562500000000000e+01,A-
102648,1123,38,+9.1125000000000000e+01,A-
102648,1273,38,+9.4593750000000000e+01,A
102648,1307,38,+9.3406250000000000e+01,A
102648,1131,38,+9.1875000000000000e+01,A-
102650,1411,38,+9.5187500000000000e+01,A
102650,1415,38,+9.0406250000000000e+01,A-
102657,1410,38,+9.0531250000000000e+01,A-
102657,1411,38,+9.1843750000000000e+01,A-
102657,1412,38,+9.2531250000000000e+01,A-
102657,1413,38,+9.3968750000000000e+01,A
102657,1415,38,+8.7843750000000000e+01,B+
102663,1301,38,+8.4062500000000000e+01,B
102663,1304,38,+8.8656250000000000e+01,B+
102663,1305,38,+8.0906250000000000e+01,B-
102663,1307,38,+9.0562500000000000e+01,A-
102665,1119,38,+8.4000000000000000e+01,B
102665,1415,38,+8.4937500000000000e+01,B
102665,1416,38,+8.1031250000000000e+01,B-
102665,1417,38,+7.9968750000000000e+01,C+
102665,1418,38,+7.7125000000000000e+01,C+
102716,1414,38,+8.8093750000000000e+01,B+
102716,1415,38,+9.0937500000000000e+01,A-
102716,1416,38,+8.9093750000000000e+01,B+
102716,1417,38,+8.9000000000000000e+01,B+
102716,1418,38,+9.0000000000000000e+01,A-
102719,1304,38,+8.3531250000000000e+01,B
102719,1305,38,+9.1218750000000000e+01,A-
102719,1306,38,+8.4812500000000000e+01,B
102725,1356,38,+9.4375000000000000e+01,A
102725,1357,38,+9.3562500000000000e+01,A
102725,1358,38,+9.9500000000000000e+01,A+
102725,1361,38,+9.5968750000000000e+01,A
102725,1363,38,+9.8281250000000000e+01,A+
102726,1339,38,+8.9562500000000000e+01,B+
102726,1301,38,+8.9531250000000000e+01,B+
102726,1302,38,+8.5968750000000000e+01,B
102726,1304,38,+8.5593750000000000e+01,B
102726,1305,38,+8.8312500000000000e+01,B+
102739,1239,38,+8.7750000000000000e+01,B+
102745,1233,38,+8.6968750000000000e+01,B
102745,1235,38,+8.8437500000000000e+01,B+
102745,1137,38,+8.3593750000000000e+01,B
102745,1138,38,+9.2875000000000000e+01,A-
102748,1241,38,+8.3125000000000000e+01,B
102748,1151,38,+8.0656250000000000e+01,B-
102748,1153,38,+8.4000000000000000e+01,B
102748,1154,38,+7.8843750000000000e+01,C+
102753,1416,38,+8.8875000000000000e+01,B+
102753,1417,38,+8.9750000000000000e+01,B+
102753,1418,38,+8.3875000000000000e+01,B
102755,1302,38,+9.2343750000000000e+01,A-
102769,1412,38,+8.2156250000000000e+01,B-
102769,1413,38,+8.0875000000000000e+01,B-
102769,1415,38,+8.2187500000000000e+01,B-
102769,1416,38,+8.1093750000000000e+01,B-
102781,1349,38,+9.4656250000000000e+01,A
102781,1355,38,+9.5187500000000000e+01,A
102781,1356,38,+9.7343750000000000e+01,A+
102781,1363,38,+9.5781250000000000e+01,A
102783,1131,38,+8.8375000000000000e+01,B+
102783,1145,38,+8.7500000000000000e+01,B+
102783,1150,38,+9.0906250000000000e+01,A-
102783,1154,38,+8.4875000000000000e+01,B
102802,1363,38,+9.2843750000000000e+01,A-
102805,1370,38,+8.4000000000000000e+01,B
102809,1239,38,+9.2812500000000000e+01,A-
102818,1297,38,+8.0000000000000000e+01,B-
102818,1115,38,+7.9718750000000000e+01,C+
102818,1299,38,+7.8875000000000000e+01,C+
102818,1300,38,+8.2937500000000000e+01,B-
102818,1304,38,+8.1687500000000000e+01,B-
102840,1361,38,+9.8750000000000000e+01,A+
102840,1363,38,+9.4562500000000000e+01,A
102840,1366,38,+9.1906250000000000e+01,A-
102840,1367,38,+9.7125000000000000e+01,A+
102840,1369,38,+1.0015625000000000e+02,A+
102854,1300,38,+9.0937500000000000e+01,A-
102854,1301,38,+8.9000000000000000e+01,B+
102854,1220,38,+8.5968750000000000e+01,B
102854,1304,38,+8.7875000000000000e+01,B+
102864,1305,38,+7.8656250000000000e+01,C+
102864,1306,38,+7.9718750000000000e+01,C+
102864,1307,38,+7.5125000000000000e+01,C
102864,1309,38,+8.0875000000000000e+01,B-
102865,1306,38,+8.4062500000000000e+01,B
102865,1307,38,+8.4406250000000000e+01,B
101891,1371,38,+8.7937500000000000e+01,B+
102871,1139,38,+8.4093750000000000e+01,B
102871,1140,38,+8.1718750000000000e+01,B-
102871,1241,38,+7.9468750000000000e+01,C+
102871,1142,38,+8.0343750000000000e+01,B-
102871,1147,38,+8.4281250000000000e+01,B
102884,1236,38,+9.6500000000000000e+01,A
102884,1137,38,+9.7000000000000000e+01,A+
102884,1138,38,+9.9625000000000000e+01,A+
102888,1237,38,+8.0718750000000000e+01,B-
102888,1138,38,+8.8125000000000000e+01,B+
102888,1241,38,+7.8656250000000000e+01,C+
102897,1300,38,+9.0687500000000000e+01,A-
102897,1301,38,+8.9781250000000000e+01,B+
102897,1302,38,+8.9937500000000000e+01,B+
101891,1373,38,+9.1125000000000000e+01,A-
101891,1382,38,+8.5156250000000000e+01,B
102897,1304,38,+9.1562500000000000e+01,A-
102897,1305,38,+8.6500000000000000e+01,B
102901,1299,38,+8.2437500000000000e+01,B-
102901,1300,38,+8.3093750000000000e+01,B
102901,1118,38,+7.7312500000000000e+01,C+
102902,1222,38,+8.2062500000000000e+01,B-
102902,1305,38,+8.4875000000000000e+01,B
102902,1310,38,+8.0812500000000000e+01,B-
102902,1311,38,+8.4656250000000000e+01,B
102902,1312,38,+8.4937500000000000e+01,B
102905,1134,38,+8.8343750000000000e+01,B+
102905,1236,38,+8.7187500000000000e+01,B+
102905,1360,38,+8.6781250000000000e+01,B
102907,1300,38,+8.2000000000000000e+01,B-
102907,1341,38,+7.8812500000000000e+01,C+
102907,1343,38,+7.9562500000000000e+01,C+
102907,1304,38,+8.2218750000000000e+01,B-
102907,1305,38,+8.1156250000000000e+01,B-
102917,1147,38,+8.8187500000000000e+01,B+
102917,1154,38,+9.2593750000000000e+01,A-
101891,1383,38,+8.6468750000000000e+01,B
102930,1123,38,+9.6750000000000000e+01,A
102930,1349,38,+9.8718750000000000e+01,A+
102930,1352,38,+9.7687500000000000e+01,A+
102936,1228,38,+8.2218750000000000e+01,B-
102946,1411,38,+8.9343750000000000e+01,B+
102946,1413,38,+8.8843750000000000e+01,B+
102946,1414,38,+9.3031250000000000e+01,A
102963,1129,38,+8.7250000000000000e+01,B+
102969,1344,38,+8.3968750000000000e+01,B
102969,1306,38,+7.8718750000000000e+01,C+
102985,1413,38,+9.7875000000000000e+01,A+
102985,1414,38,+9.1187500000000000e+01,A-
102985,1415,38,+9.4625000000000000e+01,A
102985,1417,38,+9.7656250000000000e+01,A+
102985,1418,38,+9.8156250000000000e+01,A+
102994,1125,38,+8.1906250000000000e+01,B-
102994,1225,38,+8.6500000000000000e+01,B
102994,1128,38,+8.4656250000000000e+01,B
102994,1131,38,+8.5406250000000000e+01,B
102994,1353,38,+8.2218750000000000e+01,B-
103005,1269,38,+9.1187500000000000e+01,A-
103005,1270,38,+9.3218750000000000e+01,A
103005,1272,38,+9.0218750000000000e+01,A-
103005,1222,38,+9.6031250000000000e+01,A
103009,1103,38,+9.0562500000000000e+01,A-
103009,1293,38,+9.0125000000000000e+01,A-
103009,1286,38,+9.3218750000000000e+01,A
103010,1407,38,+8.0187500000000000e+01,B-
103011,1117,38,+9.2187500000000000e+01,A-
103011,1219,38,+9.0156250000000000e+01,A-
103011,1220,38,+9.1718750000000000e+01,A-
103011,1273,38,+9.0468750000000000e+01,A-
103012,1407,38,+9.6468750000000000e+01,A
103012,1408,38,+9.3125000000000000e+01,A
103012,1410,38,+9.3187500000000000e+01,A
103012,1411,38,+9.1468750000000000e+01,A-
103037,1332,38,+9.2437500000000000e+01,A-
103037,1333,38,+9.2468750000000000e+01,A-
103037,1326,38,+9.4312500000000000e+01,A
103037,1334,38,+9.1468750000000000e+01,A-
103037,1327,38,+9.4562500000000000e+01,A
103055,1254,38,+8.4750000000000000e+01,B
103055,1262,38,+7.8250000000000000e+01,C+
103055,1213,38,+8.1093750000000000e+01,B-
103055,1265,38,+8.0281250000000000e+01,B-
103066,1415,38,+8.0062500000000000e+01,B-
103066,1220,38,+7.6468750000000000e+01,C
103068,1293,38,+8.2781250000000000e+01,B-
103068,1286,38,+7.9500000000000000e+01,C+
103070,1116,38,+9.4968750000000000e+01,A
103070,1268,38,+8.8531250000000000e+01,B+
103087,1120,38,+8.5875000000000000e+01,B
103087,1124,38,+8.3437500000000000e+01,B
103087,1225,38,+8.9843750000000000e+01,B+
103097,1343,38,+8.6812500000000000e+01,B
103097,1271,38,+8.8687500000000000e+01,B+
103097,1345,38,+8.6656250000000000e+01,B
103097,1346,38,+8.8468750000000000e+01,B+
103097,1349,38,+8.4843750000000000e+01,B
103108,1202,38,+8.9562500000000000e+01,B+
103108,1210,38,+8.4500000000000000e+01,B
103108,1261,38,+8.9531250000000000e+01,B+
103108,1211,38,+8.6468750000000000e+01,B
103110,1393,38,+8.8468750000000000e+01,B+
103110,1405,38,+8.7375000000000000e+01,B+
103110,1394,38,+8.7343750000000000e+01,B+
103110,1406,38,+8.6218750000000000e+01,B
103116,1262,38,+8.3500000000000000e+01,B
103116,1113,38,+8.5000000000000000e+01,B
103116,1296,38,+7.9312500000000000e+01,C+
103116,1214,38,+7.6812500000000000e+01,C
103116,1116,38,+7.5031250000000000e+01,C
103120,1265,38,+9.2906250000000000e+01,A-
103120,1116,38,+8.8500000000000000e+01,B+
103120,1117,38,+8.8843750000000000e+01,B+
103120,1118,38,+9.3625000000000000e+01,A
103129,1305,38,+7.7000000000000000e+01,C+
103129,1346,38,+8.1781250000000000e+01,B-
103129,1421,38,+8.1968750000000000e+01,B-
103134,1398,38,+9.3437500000000000e+01,A
103134,1406,38,+9.4687500000000000e+01,A
103134,1399,38,+9.6406250000000000e+01,A
103134,1407,38,+9.3031250000000000e+01,A
103134,1400,38,+9.8843750000000000e+01,A+
103135,1286,38,+5.4062500000000000e+01,F
103135,1294,38,+5.9468750000000000e+01,F
103135,1287,38,+5.8875000000000000e+01,F
103135,1296,38,+5.2000000000000000e+01,F
103135,1297,38,+5.6312500000000000e+01,F
103140,1292,38,+9.3281250000000000e+01,A
103140,1285,38,+9.3250000000000000e+01,A
103140,1399,38,+9.3187500000000000e+01,A
103140,1286,38,+9.3218750000000000e+01,A
103148,1285,38,+8.6875000000000000e+01,B
103148,1293,38,+9.1562500000000000e+01,A-
103148,1286,38,+7.8968750000000000e+01,C+
103148,1294,38,+9.0093750000000000e+01,A-
101898,1313,38,+5.9156250000000000e+01,F
103171,1341,38,+7.7562500000000000e+01,C+
103171,1343,38,+7.9281250000000000e+01,C+
103191,1211,38,+8.9437500000000000e+01,B+
103191,1414,38,+9.1375000000000000e+01,A-
103191,1270,38,+8.7187500000000000e+01,B+
103191,1221,38,+8.4000000000000000e+01,B
101898,1143,38,+5.6562500000000000e+01,F
103202,1339,38,+8.9250000000000000e+01,B+
103202,1341,38,+8.8406250000000000e+01,B+
103202,1343,38,+9.1000000000000000e+01,A-
103202,1345,38,+8.6093750000000000e+01,B
103202,1347,38,+8.6875000000000000e+01,B
103227,1255,38,+9.0062500000000000e+01,A-
103234,1399,38,+9.0750000000000000e+01,A-
103234,1113,38,+9.5125000000000000e+01,A
103249,1229,38,+9.1593750000000000e+01,A-
103249,1353,38,+8.7625000000000000e+01,B+
103249,1355,38,+8.6656250000000000e+01,B
103257,1407,38,+7.8093750000000000e+01,C+
103257,1400,38,+8.4343750000000000e+01,B
103257,1401,38,+8.0781250000000000e+01,B-
103258,1400,38,+8.4812500000000000e+01,B
103258,1118,38,+8.4125000000000000e+01,B
103263,1112,38,+9.0375000000000000e+01,A-
103275,1326,38,+8.3843750000000000e+01,B
103275,1265,38,+8.8000000000000000e+01,B+
103297,1296,38,+7.8187500000000000e+01,C+
103300,1263,38,+8.5843750000000000e+01,B
103300,1268,38,+8.2812500000000000e+01,B-
103300,1270,38,+8.0500000000000000e+01,B-
103300,1224,38,+8.4468750000000000e+01,B
103307,1293,38,+8.8718750000000000e+01,B+
103307,1286,38,+9.1187500000000000e+01,A-
103307,1294,38,+8.7843750000000000e+01,B+
103339,1263,38,+8.9593750000000000e+01,B+
103339,1213,38,+9.0000000000000000e+01,A-
103339,1116,38,+8.7781250000000000e+01,B+
103359,1280,38,+8.5937500000000000e+01,B
103359,1292,38,+8.7156250000000000e+01,B+
103359,1285,38,+8.2468750000000000e+01,B-
103359,1293,38,+8.8656250000000000e+01,B+
103367,1297,38,+8.0656250000000000e+01,B-
103367,1116,38,+9.1312500000000000e+01,A-
103381,1413,38,+8.5875000000000000e+01,B
103381,1415,38,+8.4500000000000000e+01,B
103381,1345,38,+8.6250000000000000e+01,B
103381,1305,38,+8.5062500000000000e+01,B
103385,1335,38,+8.3218750000000000e+01,B
103385,1336,38,+8.5125000000000000e+01,B
103385,1337,38,+8.5312500000000000e+01,B
103385,1339,38,+7.5562500000000000e+01,C
103400,1253,38,+9.2406250000000000e+01,A-
103400,1261,38,+9.3250000000000000e+01,A
103400,1204,38,+8.9187500000000000e+01,B+
103400,1255,38,+9.2468750000000000e+01,A-
103403,1262,38,+8.4843750000000000e+01,B
103403,1265,38,+7.9125000000000000e+01,C+
103403,1116,38,+8.1406250000000000e+01,B-
103403,1266,38,+8.4875000000000000e+01,B
103450,1345,38,+9.3781250000000000e+01,A
103450,1347,38,+9.4031250000000000e+01,A
103450,1354,38,+9.6406250000000000e+01,A
103468,1295,38,+9.0218750000000000e+01,A-
103468,1297,38,+9.2343750000000000e+01,A-
103468,1299,38,+8.7437500000000000e+01,B+
103468,1300,38,+8.3312500000000000e+01,B
103469,1341,38,+9.3031250000000000e+01,A
103469,1344,38,+8.9375000000000000e+01,B+
103469,1345,38,+9.0375000000000000e+01,A-
103469,1310,38,+9.3531250000000000e+01,A
103469,1354,38,+9.0812500000000000e+01,A-
103476,1272,38,+8.4750000000000000e+01,B
103496,1112,38,+8.0031250000000000e+01,B-
103496,1262,38,+8.3562500000000000e+01,B
103496,1113,38,+8.2937500000000000e+01,B-
101916,1382,38,+9.0156250000000000e+01,A-
103507,1393,38,+8.7531250000000000e+01,B+
103507,1252,38,+9.1281250000000000e+01,A-
103512,1293,38,+9.0187500000000000e+01,A-
103512,1286,38,+8.9593750000000000e+01,B+
103512,1294,38,+8.8406250000000000e+01,B+
103512,1296,38,+9.4812500000000000e+01,A
103512,1265,38,+9.3062500000000000e+01,A
103520,1393,38,+9.1406250000000000e+01,A-
103520,1405,38,+8.7375000000000000e+01,B+
103520,1398,38,+9.2343750000000000e+01,A-
101916,1187,38,+8.8000000000000000e+01,B+
103527,1119,38,+8.3000000000000000e+01,B
103527,1120,38,+8.7250000000000000e+01,B+
103527,1270,38,+8.7218750000000000e+01,B+
103535,1293,38,+8.9562500000000000e+01,B+
103535,1286,38,+8.8375000000000000e+01,B+
103535,1294,38,+8.7500000000000000e+01,B+
103535,1287,38,+9.3062500000000000e+01,A
101919,1166,38,+9.7375000000000000e+01,A+
101919,1171,38,+1.0053125000000000e+02,A+
103544,1266,38,+8.9500000000000000e+01,B+
103544,1216,38,+9.2906250000000000e+01,A-
103544,1267,38,+8.9687500000000000e+01,B+
103544,1119,38,+9.1531250000000000e+01,A-
103555,1339,38,+8.7031250000000000e+01,B+
103555,1268,38,+8.7531250000000000e+01,B+
103555,1219,38,+8.8468750000000000e+01,B+
103555,1121,38,+8.8218750000000000e+01,B+
103562,1335,38,+9.9031250000000000e+01,A+
101919,1180,38,+9.6156250000000000e+01,A
103596,1294,38,+8.8406250000000000e+01,B+
103596,1287,38,+8.3687500000000000e+01,B
103596,1295,38,+8.6500000000000000e+01,B
103596,1296,38,+7.8718750000000000e+01,C+
103597,1394,38,+7.5343750000000000e+01,C
103597,1406,38,+8.3437500000000000e+01,B
103597,1400,38,+8.2187500000000000e+01,B-
103597,1408,38,+8.2968750000000000e+01,B-
103601,1292,38,+8.4562500000000000e+01,B
103601,1285,38,+8.8968750000000000e+01,B+
103601,1286,38,+8.4406250000000000e+01,B
103601,1294,38,+9.0593750000000000e+01,A-
103601,1287,38,+8.6187500000000000e+01,B
103621,1406,38,+8.3093750000000000e+01,B
103621,1400,38,+7.6437500000000000e+01,C
103621,1408,38,+7.7750000000000000e+01,C+
103621,1401,38,+7.9656250000000000e+01,C+
103635,1294,38,+8.2531250000000000e+01,B-
103635,1287,38,+8.6531250000000000e+01,B
103635,1295,38,+8.5218750000000000e+01,B
103635,1296,38,+8.5187500000000000e+01,B
103636,1344,38,+9.4250000000000000e+01,A
103636,1345,38,+9.3718750000000000e+01,A
103636,1349,38,+9.1375000000000000e+01,A-
103646,1204,38,+8.6218750000000000e+01,B
103646,1205,38,+8.6468750000000000e+01,B
103646,1117,38,+8.6062500000000000e+01,B
103649,1103,38,+9.2125000000000000e+01,A-
103649,1399,38,+9.4593750000000000e+01,A
103649,1407,38,+9.4906250000000000e+01,A
103649,1400,38,+9.1531250000000000e+01,A-
103649,1401,38,+9.4906250000000000e+01,A
103651,1406,38,+8.6531250000000000e+01,B
103651,1400,38,+8.3968750000000000e+01,B
103651,1204,38,+8.6750000000000000e+01,B
103651,1408,38,+8.8875000000000000e+01,B+
103651,1410,38,+8.4375000000000000e+01,B
103657,1393,38,+9.6062500000000000e+01,A
103657,1405,38,+9.6468750000000000e+01,A
103657,1406,38,+9.5156250000000000e+01,A
103667,1401,38,+8.3093750000000000e+01,B
103667,1295,38,+8.3593750000000000e+01,B
103672,1203,38,+9.8250000000000000e+01,A+
103672,1261,38,+9.0531250000000000e+01,A-
103672,1213,38,+9.7875000000000000e+01,A+
103681,1406,38,+7.9468750000000000e+01,C+
103681,1399,38,+8.5062500000000000e+01,B
103681,1407,38,+7.7406250000000000e+01,C+
103685,1405,38,+8.1218750000000000e+01,B-
103685,1398,38,+7.7343750000000000e+01,C+
103685,1406,38,+8.4187500000000000e+01,B
103685,1399,38,+7.8656250000000000e+01,C+
103685,1407,38,+8.1812500000000000e+01,B-
103695,1341,38,+8.9687500000000000e+01,B+
103695,1346,38,+9.8812500000000000e+01,A+
103695,1347,38,+9.8375000000000000e+01,A+
103695,1353,38,+9.9625000000000000e+01,A+
103706,1334,38,+8.7968750000000000e+01,B+
103713,1226,38,+9.4437500000000000e+01,A
103713,1230,38,+9.7906250000000000e+01,A+
103713,1131,38,+9.7000000000000000e+01,A+
103713,1231,38,+9.8343750000000000e+01,A+
103720,1269,38,+8.8375000000000000e+01,B+
103720,1121,38,+8.6968750000000000e+01,B
103720,1221,38,+8.4312500000000000e+01,B
103720,1123,38,+8.8437500000000000e+01,B+
103720,1223,38,+9.0750000000000000e+01,A-
103729,1394,38,+8.5937500000000000e+01,B
103729,1406,38,+9.2562500000000000e+01,A-
103729,1285,38,+8.5718750000000000e+01,B
103729,1407,38,+8.5593750000000000e+01,B
103740,1285,38,+9.0531250000000000e+01,A-
103740,1294,38,+8.7125000000000000e+01,B+
103740,1287,38,+8.1718750000000000e+01,B-
103740,1295,38,+9.0531250000000000e+01,A-
103743,1294,38,+8.9812500000000000e+01,B+
103743,1297,38,+8.9625000000000000e+01,B+
103743,1299,38,+8.7281250000000000e+01,B+
103747,1399,38,+8.2812500000000000e+01,B-
103747,1400,38,+8.6406250000000000e+01,B
103747,1401,38,+9.2281250000000000e+01,A-
103747,1409,38,+8.6031250000000000e+01,B
103761,1222,38,+9.4000000000000000e+01,A
103761,1273,38,+9.1156250000000000e+01,A-
103761,1126,38,+9.0687500000000000e+01,A-
103761,1129,38,+9.4843750000000000e+01,A
103784,1265,38,+9.0500000000000000e+01,A-
103784,1117,38,+8.8906250000000000e+01,B+
103784,1269,38,+8.5187500000000000e+01,B
103784,1221,38,+9.0406250000000000e+01,A-
103784,1225,38,+9.2687500000000000e+01,A-
101931,1370,38,+8.9625000000000000e+01,B+
101931,1371,38,+9.0875000000000000e+01,A-
101931,1375,38,+9.0000000000000000e+01,A-
103798,1297,38,+8.3875000000000000e+01,B
103798,1215,38,+8.1375000000000000e+01,B-
103798,1216,38,+8.2718750000000000e+01,B-
103798,1121,38,+7.6375000000000000e+01,C
103799,1113,38,+9.3031250000000000e+01,A
101931,1377,38,+8.6062500000000000e+01,B
103818,1333,38,+8.9906250000000000e+01,B+
103818,1293,38,+8.3375000000000000e+01,B
103818,1334,38,+8.0937500000000000e+01,B-
103818,1335,38,+8.5250000000000000e+01,B
103828,1336,38,+8.0500000000000000e+01,B-
103836,1336,38,+8.8625000000000000e+01,B+
103836,1339,38,+8.9312500000000000e+01,B+
103836,1341,38,+9.1531250000000000e+01,A-
103847,1213,38,+9.0375000000000000e+01,A-
103847,1265,38,+9.1968750000000000e+01,A-
103847,1116,38,+9.5000000000000000e+01,A
103852,1325,38,+8.4593750000000000e+01,B
103852,1334,38,+8.2093750000000000e+01,B-
103852,1327,38,+8.3812500000000000e+01,B
103857,1406,38,+8.7625000000000000e+01,B+
103857,1407,38,+8.7250000000000000e+01,B+
103857,1408,38,+9.1656250000000000e+01,A-
103857,1409,38,+9.2312500000000000e+01,A-
103863,1394,38,+7.9281250000000000e+01,C+
103863,1407,38,+8.4406250000000000e+01,B
103863,1400,38,+8.1468750000000000e+01,B-
103863,1408,38,+8.0531250000000000e+01,B-
103891,1222,38,+9.1593750000000000e+01,A-
103904,1225,38,+8.0687500000000000e+01,B-
103924,1293,38,+7.7812500000000000e+01,C+
103924,1286,38,+7.6031250000000000e+01,C
103924,1295,38,+7.6125000000000000e+01,C
103924,1297,38,+7.4968750000000000e+01,C
101941,1170,38,+8.5968750000000000e+01,B
103928,1334,38,+9.2843750000000000e+01,A-
103928,1339,38,+8.8562500000000000e+01,B+
103928,1414,38,+9.1031250000000000e+01,A-
103939,1333,38,+8.8468750000000000e+01,B+
103939,1113,38,+8.5812500000000000e+01,B
103942,1121,38,+8.9656250000000000e+01,B+
103942,1221,38,+9.0250000000000000e+01,A-
103942,1222,38,+9.1750000000000000e+01,A-
103943,1260,38,+7.9093750000000000e+01,C+
103943,1253,38,+8.4375000000000000e+01,B
103943,1115,38,+8.0875000000000000e+01,B-
103948,1339,38,+9.0500000000000000e+01,A-
103948,1341,38,+9.0156250000000000e+01,A-
103948,1343,38,+9.1843750000000000e+01,A-
103948,1345,38,+9.4062500000000000e+01,A
103952,1399,38,+8.1250000000000000e+01,B-
103952,1400,38,+7.9437500000000000e+01,C+
103952,1408,38,+8.3125000000000000e+01,B
103952,1401,38,+8.2562500000000000e+01,B-
103955,1292,38,+8.5843750000000000e+01,B
103955,1285,38,+8.3968750000000000e+01,B
103955,1293,38,+8.4093750000000000e+01,B
103955,1294,38,+8.3968750000000000e+01,B
103975,1398,38,+8.8687500000000000e+01,B+
103975,1399,38,+8.8812500000000000e+01,B+
103975,1400,38,+8.4312500000000000e+01,B
103975,1408,38,+8.7437500000000000e+01,B+
103980,1119,38,+8.6031250000000000e+01,B
103980,1220,38,+8.7562500000000000e+01,B+
103980,1273,38,+8.7781250000000000e+01,B+
103989,1341,38,+9.8468750000000000e+01,A+
103989,1343,38,+9.5406250000000000e+01,A
103989,1344,38,+9.5656250000000000e+01,A
103989,1346,38,+9.8843750000000000e+01,A+
103990,1399,38,+8.6562500000000000e+01,B
103990,1407,38,+8.9562500000000000e+01,B+
103990,1400,38,+8.9812500000000000e+01,B+
104019,1391,38,+8.7218750000000000e+01,B+
104019,1404,38,+8.9062500000000000e+01,B+
104019,1201,38,+9.2343750000000000e+01,A-
104020,1200,38,+9.1187500000000000e+01,A-
104020,1392,38,+9.2437500000000000e+01,A-
104020,1404,38,+9.4937500000000000e+01,A
104020,1393,38,+9.5625000000000000e+01,A
104046,1322,38,+9.6812500000000000e+01,A
104046,1318,38,+9.3468750000000000e+01,A
104046,1330,38,+9.0093750000000000e+01,A-
104046,1320,38,+9.4312500000000000e+01,A
104057,1330,38,+8.6156250000000000e+01,B
104057,1324,38,+8.2062500000000000e+01,B-
104057,1332,38,+7.9843750000000000e+01,C+
104066,1323,38,+8.7187500000000000e+01,B+
104066,1324,38,+9.2375000000000000e+01,A-
104066,1332,38,+8.6343750000000000e+01,B
104070,1322,38,+8.6062500000000000e+01,B
104070,1330,38,+7.9375000000000000e+01,C+
104070,1319,38,+8.0000000000000000e+01,B-
104094,1282,38,+9.7281250000000000e+01,A+
104094,1290,38,+9.6156250000000000e+01,A
104094,1283,38,+9.8562500000000000e+01,A+
104094,1279,38,+9.2843750000000000e+01,A-
104105,1402,38,+8.8187500000000000e+01,B+
104109,1290,38,+8.8687500000000000e+01,B+
104109,1279,38,+9.0781250000000000e+01,A-
104121,1283,38,+8.3625000000000000e+01,B
104121,1279,38,+8.9406250000000000e+01,B+
104121,1291,38,+8.9750000000000000e+01,B+
104121,1284,38,+9.1125000000000000e+01,A-
104161,1196,38,+8.7343750000000000e+01,B+
104161,1101,38,+9.1937500000000000e+01,A-
104161,1251,38,+8.8343750000000000e+01,B+
104167,1282,38,+8.8625000000000000e+01,B+
104167,1290,38,+8.4906250000000000e+01,B
104167,1283,38,+8.8687500000000000e+01,B+
104176,1289,38,+8.0750000000000000e+01,B-
104176,1290,38,+8.2125000000000000e+01,B-
104176,1291,38,+8.3875000000000000e+01,B
104189,1323,38,+8.6562500000000000e+01,B
104189,1319,38,+8.9406250000000000e+01,B+
104189,1325,38,+9.0343750000000000e+01,A-
104197,1250,38,+8.2187500000000000e+01,B-
104197,1252,38,+8.6750000000000000e+01,B
104197,1204,38,+8.2937500000000000e+01,B-
104206,1329,38,+7.7437500000000000e+01,C+
104206,1318,38,+8.0437500000000000e+01,B-
104231,1291,38,+9.6781250000000000e+01,A
104231,1197,38,+9.9781250000000000e+01,A+
104245,1251,38,+8.8250000000000000e+01,B+
104245,1097,38,+9.0812500000000000e+01,A-
104257,1330,38,+8.7500000000000000e+01,B+
104270,1402,38,+9.7656250000000000e+01,A+
104270,1395,38,+9.7093750000000000e+01,A+
104270,1391,38,+9.5687500000000000e+01,A
104270,1403,38,+9.6812500000000000e+01,A
104270,1396,38,+9.5906250000000000e+01,A
104278,1207,38,+9.0375000000000000e+01,A-
104278,1246,38,+8.8500000000000000e+01,B+
104278,1101,38,+8.9656250000000000e+01,B+
104278,1258,38,+8.9812500000000000e+01,B+
104297,1289,38,+8.8406250000000000e+01,B+
104297,1282,38,+8.6906250000000000e+01,B
104299,1391,38,+8.3968750000000000e+01,B
104299,1095,38,+8.3343750000000000e+01,B
104299,1403,38,+7.6906250000000000e+01,C
104299,1396,38,+8.2843750000000000e+01,B-
104299,1392,38,+8.3687500000000000e+01,B
104319,1095,38,+9.8062500000000000e+01,A+
104319,1398,38,+9.6812500000000000e+01,A
104331,1402,38,+9.3000000000000000e+01,A
104331,1395,38,+9.2062500000000000e+01,A-
104331,1391,38,+9.1500000000000000e+01,A-
104346,1391,38,+8.8656250000000000e+01,B+
104346,1403,38,+9.2437500000000000e+01,A-
104346,1392,38,+9.3031250000000000e+01,A
104346,1404,38,+9.3500000000000000e+01,A
104346,1405,38,+9.4062500000000000e+01,A
104362,1395,38,+9.1406250000000000e+01,A-
104362,1391,38,+8.8656250000000000e+01,B+
104362,1396,38,+9.1031250000000000e+01,A-
104387,1391,38,+9.3281250000000000e+01,A
104387,1392,38,+9.3187500000000000e+01,A
104393,1290,38,+9.1218750000000000e+01,A-
104393,1283,38,+9.2187500000000000e+01,A-
104393,1291,38,+9.4312500000000000e+01,A
101963,1379,38,+8.2750000000000000e+01,B-
101963,1161,38,+7.9968750000000000e+01,C+
104399,1095,38,+9.4843750000000000e+01,A
104409,1199,38,+8.8656250000000000e+01,B+
104409,1391,38,+8.4000000000000000e+01,B
104409,1403,38,+8.6062500000000000e+01,B
104409,1396,38,+8.9750000000000000e+01,B+
104409,1392,38,+9.0343750000000000e+01,A-
104423,1282,38,+8.8812500000000000e+01,B+
104423,1246,38,+8.7281250000000000e+01,B+
104423,1279,38,+8.8968750000000000e+01,B+
104423,1284,38,+8.6656250000000000e+01,B
104423,1280,38,+8.7156250000000000e+01,B+
104434,1403,38,+6.2875000000000000e+01,D
104434,1282,38,+5.4562500000000000e+01,F
104434,1396,38,+5.5781250000000000e+01,F
104436,1247,38,+9.3593750000000000e+01,A
104436,1331,38,+9.2281250000000000e+01,A-
104436,1259,38,+9.0843750000000000e+01,A-
104442,1281,38,+5.1187500000000000e+01,F
104442,1277,38,+6.1500000000000000e+01,D
104442,1282,38,+5.7312500000000000e+01,F
104446,1330,38,+9.0281250000000000e+01,A-
104446,1319,38,+8.5093750000000000e+01,B
104448,1322,38,+8.6781250000000000e+01,B
104448,1200,38,+8.4843750000000000e+01,B
104448,1279,38,+8.6500000000000000e+01,B
104453,1282,38,+8.0906250000000000e+01,B-
104453,1290,38,+8.9625000000000000e+01,B+
104453,1279,38,+8.8562500000000000e+01,B+
104466,1396,38,+8.7812500000000000e+01,B+
104466,1330,38,+8.7218750000000000e+01,B+
104468,1250,38,+8.9218750000000000e+01,B+
104468,1200,38,+9.1343750000000000e+01,A-
104483,1319,38,+8.0687500000000000e+01,B-
104483,1252,38,+8.4468750000000000e+01,B
104483,1320,38,+8.9625000000000000e+01,B+
104483,1325,38,+8.2687500000000000e+01,B-
104484,1281,38,+8.2906250000000000e+01,B-
104484,1395,38,+8.3218750000000000e+01,B
104484,1391,38,+8.0843750000000000e+01,B-
104484,1403,38,+8.0718750000000000e+01,B-
104484,1392,38,+8.1656250000000000e+01,B-
104488,1318,38,+8.9093750000000000e+01,B+
104488,1319,38,+8.8281250000000000e+01,B+
104488,1331,38,+9.7468750000000000e+01,A+
104491,1282,38,+8.6156250000000000e+01,B
104491,1290,38,+8.1031250000000000e+01,B-
104491,1283,38,+8.2875000000000000e+01,B-
104491,1279,38,+7.9656250000000000e+01,C+
104495,1395,38,+8.0656250000000000e+01,B-
104495,1391,38,+8.2500000000000000e+01,B-
104495,1392,38,+7.8375000000000000e+01,C+
104495,1404,38,+8.4781250000000000e+01,B
104507,1403,38,+8.1375000000000000e+01,B-
104507,1396,38,+8.0750000000000000e+01,B-
104507,1392,38,+7.9218750000000000e+01,C+
104507,1404,38,+8.5937500000000000e+01,B
104515,1245,38,+8.0500000000000000e+01,B-
104515,1289,38,+8.0906250000000000e+01,B-
104517,1323,38,+8.3812500000000000e+01,B
104517,1324,38,+8.7250000000000000e+01,B+
104527,1291,38,+9.1312500000000000e+01,A-
104527,1324,38,+9.1937500000000000e+01,A-
104527,1320,38,+8.9343750000000000e+01,B+
104528,1316,38,+8.1125000000000000e+01,B-
104528,1206,38,+7.8187500000000000e+01,C+
104546,1107,38,+8.6625000000000000e+01,B
104546,1246,38,+8.3437500000000000e+01,B
104547,1282,38,+8.1968750000000000e+01,B-
104547,1290,38,+8.4312500000000000e+01,B
104547,1283,38,+8.4843750000000000e+01,B
101974,1167,38,+7.8281250000000000e+01,C+
104551,1107,38,+7.4906250000000000e+01,C
104551,1322,38,+7.4812500000000000e+01,C
104551,1246,38,+7.5375000000000000e+01,C
104551,1251,38,+7.4437500000000000e+01,C
104551,1201,38,+7.5500000000000000e+01,C
104561,1405,38,+8.6750000000000000e+01,B
104561,1197,38,+8.7281250000000000e+01,B+
104561,1292,38,+9.0218750000000000e+01,A-
101974,1168,38,+8.2937500000000000e+01,B-
101974,1169,38,+8.3718750000000000e+01,B
101974,1179,38,+8.5312500000000000e+01,B
101974,1183,38,+8.0375000000000000e+01,B-
104578,1330,38,+9.9750000000000000e+01,A+
104578,1323,38,+9.8656250000000000e+01,A+
104578,1283,38,+9.9781250000000000e+01,A+
104590,1199,38,+8.7968750000000000e+01,B+
104607,1249,38,+8.4062500000000000e+01,B
104607,1199,38,+8.3937500000000000e+01,B
104607,1196,38,+8.7906250000000000e+01,B+
104620,1200,38,+8.8187500000000000e+01,B+
104620,1246,38,+9.0968750000000000e+01,A-
104620,1196,38,+8.9812500000000000e+01,B+
104620,1202,38,+9.0156250000000000e+01,A-
104626,1329,38,+9.1281250000000000e+01,A-
104637,1281,38,+8.6625000000000000e+01,B
104637,1277,38,+8.3187500000000000e+01,B
104637,1107,38,+8.2250000000000000e+01,B-
104637,1282,38,+8.2781250000000000e+01,B-
104641,1289,38,+8.5437500000000000e+01,B
104641,1396,38,+8.6343750000000000e+01,B
104641,1282,38,+9.3968750000000000e+01,A
104645,1246,38,+8.2343750000000000e+01,B-
104647,1283,38,+8.3093750000000000e+01,B
104647,1279,38,+8.5843750000000000e+01,B
104647,1291,38,+9.0687500000000000e+01,A-
104647,1280,38,+8.7250000000000000e+01,B+
104654,1282,38,+9.7718750000000000e+01,A+
104657,1249,38,+9.1250000000000000e+01,A-
104672,1283,38,+8.8593750000000000e+01,B+
104672,1279,38,+8.8656250000000000e+01,B+
104672,1197,38,+8.5781250000000000e+01,B
104672,1292,38,+8.6406250000000000e+01,B
104690,1395,38,+8.8437500000000000e+01,B+
104690,1249,38,+8.9593750000000000e+01,B+
104690,1391,38,+8.9718750000000000e+01,B+
104690,1403,38,+8.5687500000000000e+01,B
104699,1396,38,+8.3968750000000000e+01,B
104699,1392,38,+8.7125000000000000e+01,B+
104699,1404,38,+8.4343750000000000e+01,B
104699,1101,38,+8.6781250000000000e+01,B
104706,1291,38,+8.7718750000000000e+01,B+
104706,1324,38,+9.3250000000000000e+01,A
104708,1392,38,+8.8437500000000000e+01,B+
104708,1404,38,+8.1843750000000000e+01,B-
104708,1393,38,+8.9250000000000000e+01,B+
104708,1405,38,+8.5468750000000000e+01,B
104724,1403,38,+8.5968750000000000e+01,B
104724,1396,38,+8.5968750000000000e+01,B
104724,1392,38,+8.5000000000000000e+01,B
104724,1393,38,+8.3312500000000000e+01,B
104733,1282,38,+8.9875000000000000e+01,B+
104733,1290,38,+8.6062500000000000e+01,B
104733,1283,38,+8.7375000000000000e+01,B+
104733,1279,38,+9.1562500000000000e+01,A-
104733,1284,38,+8.4531250000000000e+01,B
104740,1281,38,+7.7125000000000000e+01,C+
104743,1252,38,+8.8437500000000000e+01,B+
104774,1395,38,+7.8406250000000000e+01,C+
104774,1403,38,+8.4750000000000000e+01,B
104776,1330,38,+8.9562500000000000e+01,B+
104776,1323,38,+7.9562500000000000e+01,C+
104776,1319,38,+8.8687500000000000e+01,B+
104776,1331,38,+8.6000000000000000e+01,B
104776,1332,38,+8.3937500000000000e+01,B
104794,1391,38,+9.1062500000000000e+01,A-
104794,1396,38,+8.6187500000000000e+01,B
104794,1404,38,+8.8843750000000000e+01,B+
104800,1391,38,+8.5750000000000000e+01,B
104800,1403,38,+8.8593750000000000e+01,B+
104800,1396,38,+8.9312500000000000e+01,B+
104807,1282,38,+8.1750000000000000e+01,B-
104807,1290,38,+8.3187500000000000e+01,B
104807,1283,38,+8.5968750000000000e+01,B
104807,1279,38,+8.3593750000000000e+01,B
104817,1396,38,+8.6125000000000000e+01,B
104817,1404,38,+8.2281250000000000e+01,B-
104817,1398,38,+8.2843750000000000e+01,B-
104817,1102,38,+8.5187500000000000e+01,B
104851,1392,38,+9.0562500000000000e+01,A-
104851,1404,38,+8.5125000000000000e+01,B
104878,1318,38,+5.6625000000000000e+01,F
104878,1319,38,+5.9062500000000000e+01,F
104878,1291,38,+5.6906250000000000e+01,F
104878,1102,38,+6.2156250000000000e+01,D
104878,1252,38,+6.1406250000000000e+01,D
104884,1391,38,+8.6000000000000000e+01,B
104884,1396,38,+8.9281250000000000e+01,B+
104884,1392,38,+8.7468750000000000e+01,B+
104902,1245,38,+8.5718750000000000e+01,B
104902,1250,38,+8.9343750000000000e+01,B+
104902,1200,38,+8.9843750000000000e+01,B+
104902,1096,38,+8.6437500000000000e+01,B
104905,1250,38,+7.5875000000000000e+01,C
104905,1197,38,+8.2031250000000000e+01,B-
104915,1321,38,+8.1375000000000000e+01,B-
104919,1095,38,+9.0937500000000000e+01,A-
104919,1391,38,+8.4437500000000000e+01,B
104919,1404,38,+9.0062500000000000e+01,A-
104925,1099,38,+8.7718750000000000e+01,B+
104925,1246,38,+8.8375000000000000e+01,B+
104925,1247,38,+8.0750000000000000e+01,B-
104926,1329,38,+9.6343750000000000e+01,A
104926,1318,38,+9.7218750000000000e+01,A+
104926,1323,38,+9.7218750000000000e+01,A+
104926,1319,38,+1.0103125000000000e+02,A+
104957,1247,38,+8.6687500000000000e+01,B
104964,1199,38,+8.2187500000000000e+01,B-
104964,1207,38,+8.7312500000000000e+01,B+
104977,1321,38,+8.3718750000000000e+01,B
104977,1318,38,+8.5687500000000000e+01,B
101994,1176,38,+8.4656250000000000e+01,B
101994,1179,38,+8.5687500000000000e+01,B
101994,1183,38,+8.5750000000000000e+01,B
104984,1290,38,+8.4031250000000000e+01,B
104997,1277,38,+8.7062500000000000e+01,B+
104997,1290,38,+7.8531250000000000e+01,C+
104997,1283,38,+8.5750000000000000e+01,B
104997,1101,38,+8.0000000000000000e+01,B-
101994,1189,38,+8.8406250000000000e+01,B+
103000,1296,39,+9.6125000000000000e+01,A
103000,1297,39,+9.5031250000000000e+01,A
103000,1299,39,+9.2031250000000000e+01,A-
103000,1300,39,+9.3687500000000000e+01,A
102013,1168,39,+8.7875000000000000e+01,B+
102013,1170,39,+9.1062500000000000e+01,A-
102126,1309,39,+8.7968750000000000e+01,B+
102126,1310,39,+8.2250000000000000e+01,B-
102137,1421,39,+1.0012500000000000e+02,A+
102137,1422,39,+9.2062500000000000e+01,A-
102137,1240,39,+9.8718750000000000e+01,A+
102399,1241,39,+8.3500000000000000e+01,B
102452,1422,39,+5.7531250000000000e+01,F
102461,1240,39,+8.3250000000000000e+01,B
102461,1141,39,+7.7062500000000000e+01,C+
102461,1143,39,+8.5625000000000000e+01,B
102461,1157,39,+8.8531250000000000e+01,B+
102480,1368,39,+9.6406250000000000e+01,A
102480,1369,39,+9.7343750000000000e+01,A+
102480,1377,39,+9.8750000000000000e+01,A+
102480,1380,39,+9.9031250000000000e+01,A+
102521,1307,39,+8.9843750000000000e+01,B+
102521,1310,39,+8.6750000000000000e+01,B
102521,1311,39,+9.0968750000000000e+01,A-
102521,1312,39,+8.9281250000000000e+01,B+
102588,1148,39,+8.5187500000000000e+01,B
102588,1154,39,+8.9937500000000000e+01,B+
102607,1145,39,+8.8375000000000000e+01,B+
102607,1159,39,+9.1781250000000000e+01,A-
102636,1357,39,+7.9125000000000000e+01,C+
102636,1360,39,+8.2250000000000000e+01,B-
102636,1366,39,+8.4500000000000000e+01,B
102636,1367,39,+8.4906250000000000e+01,B
102636,1368,39,+8.3625000000000000e+01,B
102650,1418,39,+9.3750000000000000e+01,A
102650,1420,39,+9.3218750000000000e+01,A
102650,1421,39,+9.0031250000000000e+01,A-
102748,1155,39,+8.4093750000000000e+01,B
102748,1161,39,+8.4687500000000000e+01,B
102769,1418,39,+8.1718750000000000e+01,B-
102769,1420,39,+8.0750000000000000e+01,B-
102769,1422,39,+7.6843750000000000e+01,C
102783,1162,39,+9.2093750000000000e+01,A-
102783,1165,39,+9.0468750000000000e+01,A-
102783,1168,39,+8.7750000000000000e+01,B+
102802,1374,39,+8.9562500000000000e+01,B+
102840,1370,39,+9.8500000000000000e+01,A+
102840,1372,39,+9.7281250000000000e+01,A+
102897,1345,39,+9.0093750000000000e+01,A-
102897,1307,39,+9.0000000000000000e+01,A-
102897,1310,39,+8.3593750000000000e+01,B
102897,1311,39,+8.8093750000000000e+01,B+
102905,1150,39,+9.0687500000000000e+01,A-
102905,1375,39,+9.0031250000000000e+01,A-
103011,1125,39,+9.0312500000000000e+01,A-
103011,1225,39,+9.2812500000000000e+01,A-
103011,1126,39,+9.2625000000000000e+01,A-
103011,1129,39,+9.4187500000000000e+01,A
103039,1341,39,+8.0156250000000000e+01,B-
103068,1287,39,+8.2656250000000000e+01,B-
103068,1296,39,+8.2750000000000000e+01,B-
103068,1297,39,+7.5468750000000000e+01,C
103068,1299,39,+8.3562500000000000e+01,B
103068,1300,39,+8.2187500000000000e+01,B-
103110,1399,39,+8.8875000000000000e+01,B+
103110,1407,39,+8.9750000000000000e+01,B+
103134,1401,39,+9.2562500000000000e+01,A-
103134,1409,39,+9.3718750000000000e+01,A
103134,1410,39,+9.3468750000000000e+01,A
103140,1294,39,+9.2500000000000000e+01,A-
103148,1112,39,+8.4906250000000000e+01,B
103148,1287,39,+9.1250000000000000e+01,A-
103148,1295,39,+8.9812500000000000e+01,B+
103171,1344,39,+8.4062500000000000e+01,B
103258,1129,39,+8.7375000000000000e+01,B+
103339,1225,39,+8.8375000000000000e+01,B+
103367,1354,39,+8.2843750000000000e+01,B-
103468,1302,39,+8.7406250000000000e+01,B+
103468,1304,39,+9.2312500000000000e+01,A-
103476,1307,39,+8.2125000000000000e+01,B-
103476,1232,39,+8.2968750000000000e+01,B-
103596,1297,39,+8.5000000000000000e+01,B
103596,1299,39,+8.8562500000000000e+01,B+
103596,1301,39,+9.0281250000000000e+01,A-
103672,1229,39,+9.6687500000000000e+01,A
103695,1360,39,+9.6625000000000000e+01,A
103706,1230,39,+9.2875000000000000e+01,A-
103798,1221,39,+7.2406250000000000e+01,C
103798,1126,39,+8.2281250000000000e+01,B-
103857,1410,39,+8.9937500000000000e+01,B+
103857,1411,39,+9.2906250000000000e+01,A-
104057,1334,39,+8.1812500000000000e+01,B-
104057,1335,39,+8.1875000000000000e+01,B-
104057,1336,39,+8.2031250000000000e+01,B-
104299,1404,39,+7.8468750000000000e+01,C+
104299,1393,39,+8.1625000000000000e+01,B-
104299,1405,39,+8.2062500000000000e+01,B-
104299,1252,39,+8.9125000000000000e+01,B+
104346,1394,39,+9.2250000000000000e+01,A-
104346,1406,39,+8.6500000000000000e+01,B
104423,1292,39,+8.3250000000000000e+01,B
104423,1406,39,+8.3875000000000000e+01,B
104423,1285,39,+8.5656250000000000e+01,B
104446,1332,39,+9.2937500000000000e+01,A-
104446,1325,39,+8.9781250000000000e+01,B+
104446,1326,39,+9.2062500000000000e+01,A-
104453,1291,39,+8.6312500000000000e+01,B
104453,1284,39,+8.3968750000000000e+01,B
104453,1285,39,+8.6406250000000000e+01,B
104507,1393,39,+8.1375000000000000e+01,B-
104546,1284,39,+8.8156250000000000e+01,B+
104607,1253,39,+9.0281250000000000e+01,A-
104607,1400,39,+9.0156250000000000e+01,A-
104607,1104,39,+8.7062500000000000e+01,B+
104672,1285,39,+9.0250000000000000e+01,A-
104672,1293,39,+8.6812500000000000e+01,B
104672,1286,39,+8.5750000000000000e+01,B
104690,1396,39,+8.7906250000000000e+01,B+
104724,1398,39,+8.3062500000000000e+01,B
104724,1394,39,+7.9250000000000000e+01,C+
104724,1406,39,+7.8625000000000000e+01,C+
104794,1405,39,+8.9468750000000000e+01,B+
104794,1394,39,+8.7218750000000000e+01,B+
104794,1399,39,+9.0093750000000000e+01,A-
104794,1407,39,+8.6687500000000000e+01,B
104884,1393,39,+8.4406250000000000e+01,B
104884,1331,39,+8.6593750000000000e+01,B
104884,1405,39,+8.5625000000000000e+01,B
104884,1398,39,+8.8937500000000000e+01,B+
104884,1394,39,+9.2468750000000000e+01,A-
104977,1251,39,+7.8125000000000000e+01,C+
104997,1292,39,+8.3906250000000000e+01,B
104997,1285,39,+8.4968750000000000e+01,B
104997,1286,39,+8.0625000000000000e+01,B-
105011,1090,39,+8.6625000000000000e+01,B
105011,1091,39,+8.7937500000000000e+01,B+
105011,1094,39,+8.5562500000000000e+01,B
105014,1274,39,+8.0062500000000000e+01,B-
105014,1275,39,+7.7968750000000000e+01,C+
105014,1281,39,+8.0437500000000000e+01,B-
105050,1090,39,+8.0750000000000000e+01,B-
105050,1242,39,+8.2781250000000000e+01,B-
105050,1091,39,+8.1812500000000000e+01,B-
105051,1389,39,+8.1250000000000000e+01,B-
105051,1402,39,+7.9875000000000000e+01,C+
105051,1395,39,+8.3812500000000000e+01,B
105054,1090,39,+8.5125000000000000e+01,B
105054,1242,39,+8.2812500000000000e+01,B-
105064,1194,39,+9.2843750000000000e+01,A-
105064,1200,39,+9.7781250000000000e+01,A+
105065,1094,39,+9.4250000000000000e+01,A
105065,1316,39,+9.8437500000000000e+01,A+
105065,1321,39,+9.6031250000000000e+01,A
105078,1314,39,+8.1000000000000000e+01,B-
105078,1315,39,+8.7656250000000000e+01,B+
105078,1322,39,+9.1031250000000000e+01,A-
105097,1388,39,+9.5062500000000000e+01,A
105097,1389,39,+9.1156250000000000e+01,A-
105097,1390,39,+8.9968750000000000e+01,B+
105097,1395,39,+9.1968750000000000e+01,A-
105104,1274,39,+7.8125000000000000e+01,C+
105104,1275,39,+7.3062500000000000e+01,C
105104,1093,39,+7.6156250000000000e+01,C
105104,1277,39,+7.9718750000000000e+01,C+
105109,1315,39,+8.2218750000000000e+01,B-
105109,1316,39,+7.6312500000000000e+01,C
105109,1322,39,+8.1875000000000000e+01,B-
105111,1389,39,+8.1843750000000000e+01,B-
105111,1395,39,+8.0406250000000000e+01,B-
105111,1206,39,+8.2843750000000000e+01,B-
105111,1391,39,+8.0187500000000000e+01,B-
105127,1274,39,+6.1437500000000000e+01,D
105127,1275,39,+6.1156250000000000e+01,D
105127,1281,39,+5.9843750000000000e+01,F
105131,1090,39,+9.0000000000000000e+01,A-
105131,1092,39,+8.9625000000000000e+01,B+
105131,1192,39,+8.8468750000000000e+01,B+
105131,1091,39,+8.6406250000000000e+01,B
105144,1090,39,+8.7562500000000000e+01,B+
105144,1091,39,+8.4593750000000000e+01,B
105157,1395,39,+8.4093750000000000e+01,B
105157,1206,39,+8.3031250000000000e+01,B
105157,1249,39,+8.2750000000000000e+01,B-
105179,1256,39,+8.8687500000000000e+01,B+
105179,1206,39,+8.7562500000000000e+01,B+
105198,1314,39,+8.8562500000000000e+01,B+
105198,1207,39,+8.6875000000000000e+01,B
105198,1102,39,+8.4093750000000000e+01,B
105212,1090,39,+9.0375000000000000e+01,A-
105212,1091,39,+9.1718750000000000e+01,A-
105214,1274,39,+8.4468750000000000e+01,B
105214,1275,39,+8.6718750000000000e+01,B
105214,1199,39,+8.8843750000000000e+01,B+
105226,1090,39,+8.7000000000000000e+01,B+
105226,1091,39,+9.0625000000000000e+01,A-
105236,1274,39,+8.6625000000000000e+01,B
105236,1275,39,+9.0781250000000000e+01,A-
105236,1289,39,+8.8625000000000000e+01,B+
105257,1275,39,+8.7843750000000000e+01,B+
105257,1277,39,+8.7843750000000000e+01,B+
105257,1289,39,+8.4656250000000000e+01,B
105266,1388,39,+8.6031250000000000e+01,B
105266,1389,39,+7.5468750000000000e+01,C
105266,1390,39,+8.0812500000000000e+01,B-
105267,1274,39,+9.0406250000000000e+01,A-
105267,1389,39,+8.7875000000000000e+01,B+
105267,1275,39,+9.1906250000000000e+01,A-
105288,1090,39,+8.1156250000000000e+01,B-
105288,1091,39,+7.9312500000000000e+01,C+
105302,1274,39,+8.3718750000000000e+01,B
105302,1194,39,+8.6250000000000000e+01,B
105302,1206,39,+8.4343750000000000e+01,B
105307,1090,39,+9.0281250000000000e+01,A-
105307,1242,39,+9.1406250000000000e+01,A-
105307,1091,39,+9.5000000000000000e+01,A
105309,1090,39,+9.0125000000000000e+01,A-
105309,1091,39,+8.8593750000000000e+01,B+
105313,1274,39,+8.8937500000000000e+01,B+
105313,1275,39,+8.6343750000000000e+01,B
105315,1314,39,+9.6750000000000000e+01,A
105315,1315,39,+9.6406250000000000e+01,A
105315,1328,39,+9.7312500000000000e+01,A+
105315,1321,39,+9.3031250000000000e+01,A
105317,1314,39,+8.8468750000000000e+01,B+
105317,1315,39,+8.2406250000000000e+01,B-
105317,1243,39,+8.9312500000000000e+01,B+
105351,1388,39,+8.4125000000000000e+01,B
105351,1389,39,+8.3937500000000000e+01,B
105351,1402,39,+7.8968750000000000e+01,C+
105368,1388,39,+8.5531250000000000e+01,B
105368,1322,39,+8.9593750000000000e+01,B+
105368,1330,39,+8.3281250000000000e+01,B
105371,1388,39,+9.3781250000000000e+01,A
105371,1192,39,+9.0968750000000000e+01,A-
105371,1389,39,+9.1156250000000000e+01,A-
105387,1314,39,+8.1281250000000000e+01,B-
105387,1315,39,+7.9312500000000000e+01,C+
105387,1316,39,+8.3531250000000000e+01,B
105387,1328,39,+8.6875000000000000e+01,B
105388,1094,39,+9.2375000000000000e+01,A-
105388,1249,39,+9.0968750000000000e+01,A-
105388,1277,39,+8.9968750000000000e+01,B+
105411,1388,39,+4.9406250000000000e+01,F
105411,1389,39,+5.0875000000000000e+01,F
105411,1395,39,+5.1687500000000000e+01,F
105411,1391,39,+5.2062500000000000e+01,F
105418,1242,39,+8.8812500000000000e+01,B+
105418,1389,39,+8.9781250000000000e+01,B+
105418,1248,39,+8.8906250000000000e+01,B+
105418,1390,39,+9.0750000000000000e+01,A-
105419,1242,39,+8.8250000000000000e+01,B+
105419,1093,39,+9.1187500000000000e+01,A-
105419,1315,39,+8.3468750000000000e+01,B
105420,1090,39,+8.8750000000000000e+01,B+
105420,1091,39,+8.3250000000000000e+01,B
105425,1277,39,+7.7062500000000000e+01,C+
105431,1090,39,+9.5156250000000000e+01,A
105431,1314,39,+8.5937500000000000e+01,B
105434,1090,39,+8.3468750000000000e+01,B
105434,1091,39,+8.7937500000000000e+01,B+
105453,1092,39,+9.1281250000000000e+01,A-
105453,1099,39,+9.0718750000000000e+01,A-
105453,1095,39,+9.2250000000000000e+01,A-
105473,1242,39,+9.0343750000000000e+01,A-
105473,1315,39,+8.9093750000000000e+01,B+
105497,1090,39,+9.2031250000000000e+01,A-
105497,1091,39,+8.7687500000000000e+01,B+
105505,1090,39,+8.8218750000000000e+01,B+
105505,1091,39,+8.9031250000000000e+01,B+
105522,1274,39,+9.2156250000000000e+01,A-
105522,1281,39,+9.1031250000000000e+01,A-
105522,1289,39,+8.9406250000000000e+01,B+
105522,1282,39,+9.5781250000000000e+01,A
105526,1092,39,+7.6968750000000000e+01,C
105526,1090,39,+8.3125000000000000e+01,B
105526,1091,39,+8.4375000000000000e+01,B
105532,1274,39,+9.1187500000000000e+01,A-
105532,1281,39,+9.0375000000000000e+01,A-
105532,1277,39,+8.9562500000000000e+01,B+
105548,1388,39,+8.8437500000000000e+01,B+
105548,1402,39,+9.1312500000000000e+01,A-
105548,1391,39,+8.7218750000000000e+01,B+
105554,1389,39,+8.4000000000000000e+01,B
105554,1390,39,+8.6156250000000000e+01,B
105554,1402,39,+8.8968750000000000e+01,B+
105554,1194,39,+8.7906250000000000e+01,B+
105556,1314,39,+8.2218750000000000e+01,B-
105556,1321,39,+8.1218750000000000e+01,B-
105563,1090,39,+8.7125000000000000e+01,B+
105563,1091,39,+9.1406250000000000e+01,A-
105563,1107,39,+8.8625000000000000e+01,B+
105564,1274,39,+9.3156250000000000e+01,A
105564,1206,39,+9.4968750000000000e+01,A
105564,1249,39,+9.6531250000000000e+01,A
105584,1093,39,+9.0218750000000000e+01,A-
105584,1250,39,+9.1343750000000000e+01,A-
105584,1096,39,+8.7531250000000000e+01,B+
105584,1197,39,+8.7562500000000000e+01,B+
105585,1090,39,+8.6343750000000000e+01,B
105585,1091,39,+8.8218750000000000e+01,B+
105587,1389,39,+7.7437500000000000e+01,C+
105587,1193,39,+7.8937500000000000e+01,C+
105587,1390,39,+7.8750000000000000e+01,C+
105587,1402,39,+8.6406250000000000e+01,B
105587,1395,39,+8.3125000000000000e+01,B
105599,1274,39,+9.2125000000000000e+01,A-
105599,1402,39,+9.1687500000000000e+01,A-
105599,1281,39,+9.0937500000000000e+01,A-
105599,1277,39,+9.0218750000000000e+01,A-
105600,1090,39,+8.6437500000000000e+01,B
105600,1091,39,+8.8562500000000000e+01,B+
105614,1389,39,+8.2593750000000000e+01,B-
105614,1390,39,+7.7937500000000000e+01,C+
105614,1402,39,+8.2687500000000000e+01,B-
105614,1395,39,+8.4187500000000000e+01,B
105618,1090,39,+8.6031250000000000e+01,B
105618,1091,39,+8.5531250000000000e+01,B
105618,1277,39,+8.7312500000000000e+01,B+
105621,1315,39,+8.8656250000000000e+01,B+
105621,1316,39,+8.5531250000000000e+01,B
105621,1395,39,+8.7906250000000000e+01,B+
105621,1321,39,+8.8031250000000000e+01,B+
105639,1274,39,+9.0875000000000000e+01,A-
105640,1090,39,+8.7843750000000000e+01,B+
105640,1314,39,+8.3500000000000000e+01,B
105640,1091,39,+8.8625000000000000e+01,B+
105642,1249,39,+8.0531250000000000e+01,B-
105651,1093,39,+8.2437500000000000e+01,B-
105651,1281,39,+8.0812500000000000e+01,B-
105651,1289,39,+8.3062500000000000e+01,B
105651,1107,39,+7.9906250000000000e+01,C+
105651,1282,39,+8.1500000000000000e+01,B-
105662,1090,39,+7.3968750000000000e+01,C
105662,1091,39,+8.1781250000000000e+01,B-
105666,1248,39,+8.0562500000000000e+01,B-
105666,1328,39,+8.6187500000000000e+01,B
105666,1206,39,+8.1937500000000000e+01,B-
105666,1095,39,+8.0718750000000000e+01,B-
105681,1256,39,+8.9250000000000000e+01,B+
105681,1101,39,+9.1531250000000000e+01,A-
105691,1090,39,+8.1750000000000000e+01,B-
105691,1091,39,+8.0906250000000000e+01,B-
105730,1094,39,+9.0468750000000000e+01,A-
105730,1194,39,+8.2968750000000000e+01,B-
105730,1099,39,+8.1406250000000000e+01,B-
105730,1256,39,+8.9031250000000000e+01,B+
105730,1391,39,+8.6312500000000000e+01,B
105752,1321,39,+8.7062500000000000e+01,B+
105752,1330,39,+8.4343750000000000e+01,B
105757,1275,39,+8.2625000000000000e+01,B-
105757,1281,39,+8.8125000000000000e+01,B+
105757,1277,39,+8.9437500000000000e+01,B+
105757,1282,39,+8.5281250000000000e+01,B
105762,1090,39,+8.3781250000000000e+01,B
105762,1093,39,+8.2500000000000000e+01,B-
105762,1091,39,+8.2781250000000000e+01,B-
105778,1192,39,+9.9656250000000000e+01,A+
105778,1093,39,+9.8593750000000000e+01,A+
105778,1094,39,+9.1500000000000000e+01,A-
105781,1315,39,+8.3218750000000000e+01,B
105781,1321,39,+8.4562500000000000e+01,B
105787,1275,39,+8.7500000000000000e+01,B+
105787,1091,39,+8.9656250000000000e+01,B+
105805,1316,39,+7.7906250000000000e+01,C+
105805,1328,39,+8.1500000000000000e+01,B-
105805,1329,39,+8.7093750000000000e+01,B+
105824,1090,39,+8.7843750000000000e+01,B+
105824,1389,39,+9.3156250000000000e+01,A
105824,1390,39,+8.3187500000000000e+01,B
105824,1402,39,+8.7437500000000000e+01,B+
105850,1274,39,+7.7968750000000000e+01,C+
105850,1277,39,+8.3250000000000000e+01,B
105867,1193,39,+8.9656250000000000e+01,B+
105867,1390,39,+8.9250000000000000e+01,B+
105867,1402,39,+9.1656250000000000e+01,A-
105867,1281,39,+9.0093750000000000e+01,A-
105869,1389,39,+9.2625000000000000e+01,A-
105869,1390,39,+9.6250000000000000e+01,A
105872,1316,39,+9.8062500000000000e+01,A+
105872,1322,39,+9.1375000000000000e+01,A-
105895,1275,39,+8.7875000000000000e+01,B+
105895,1281,39,+8.8312500000000000e+01,B+
105895,1199,39,+9.0250000000000000e+01,A-
105895,1277,39,+9.0031250000000000e+01,A-
105906,1274,39,+8.3906250000000000e+01,B
105906,1275,39,+8.4312500000000000e+01,B
105906,1281,39,+7.9093750000000000e+01,C+
105925,1242,39,+9.2281250000000000e+01,A-
105925,1192,39,+8.5000000000000000e+01,B
105927,1275,39,+8.2656250000000000e+01,B-
105927,1277,39,+7.9218750000000000e+01,C+
105944,1242,39,+9.8031250000000000e+01,A+
105946,1388,39,+8.3593750000000000e+01,B
105946,1389,39,+7.9656250000000000e+01,C+
105946,1390,39,+8.5625000000000000e+01,B
105946,1402,39,+8.3593750000000000e+01,B
105950,1090,39,+8.7125000000000000e+01,B+
105950,1091,39,+9.1375000000000000e+01,A-
105951,1192,39,+9.0406250000000000e+01,A-
105951,1243,39,+9.1875000000000000e+01,A-
105965,1250,39,+9.0156250000000000e+01,A-
105965,1200,39,+8.5250000000000000e+01,B
105967,1206,39,+8.4312500000000000e+01,B
105967,1245,39,+8.6187500000000000e+01,B
105972,1274,39,+9.7625000000000000e+01,A+
105972,1275,39,+9.7781250000000000e+01,A+
105972,1281,39,+9.7500000000000000e+01,A+
105972,1277,39,+9.5156250000000000e+01,A
105974,1314,39,+5.9218750000000000e+01,F
105974,1315,39,+5.3750000000000000e+01,F
105974,1316,39,+5.8125000000000000e+01,F
105974,1321,39,+5.6375000000000000e+01,F
105989,1274,39,+9.0468750000000000e+01,A-
105989,1275,39,+8.9843750000000000e+01,B+
105989,1194,39,+9.0437500000000000e+01,A-
105989,1281,39,+9.2937500000000000e+01,A-
105993,1193,39,+7.7843750000000000e+01,C+
105993,1248,39,+7.8187500000000000e+01,C+
105993,1207,39,+8.1093750000000000e+01,B-
105999,1388,39,+9.0687500000000000e+01,A-
105999,1321,39,+8.9406250000000000e+01,B+
105999,1391,39,+8.5750000000000000e+01,B
105999,1403,39,+8.7406250000000000e+01,B+
104019,1103,39,+8.5875000000000000e+01,B
104020,1405,39,+9.4593750000000000e+01,A
104020,1398,39,+9.0500000000000000e+01,A-
104020,1394,39,+8.9281250000000000e+01,B+
104046,1325,39,+9.1250000000000000e+01,A-
104046,1326,39,+9.2562500000000000e+01,A-
104046,1327,39,+9.3468750000000000e+01,A
104046,1336,39,+9.0218750000000000e+01,A-
104057,1341,39,+8.5187500000000000e+01,B
104066,1325,39,+8.1468750000000000e+01,B-
104066,1334,39,+8.9750000000000000e+01,B+
104066,1287,39,+8.5843750000000000e+01,B
104066,1262,39,+8.7000000000000000e+01,B+
104066,1336,39,+8.6906250000000000e+01,B
104070,1405,39,+8.0125000000000000e+01,B-
104070,1098,39,+8.3000000000000000e+01,B
104070,1326,39,+8.0843750000000000e+01,B-
104094,1280,39,+9.6468750000000000e+01,A
104094,1285,39,+9.3031250000000000e+01,A
104094,1210,39,+9.6281250000000000e+01,A
104094,1286,39,+9.9625000000000000e+01,A+
104109,1280,39,+9.0125000000000000e+01,A-
104109,1292,39,+9.0718750000000000e+01,A-
104109,1285,39,+8.9750000000000000e+01,B+
104109,1293,39,+9.0375000000000000e+01,A-
104121,1280,39,+8.6750000000000000e+01,B
104121,1260,39,+8.7250000000000000e+01,B+
104121,1286,39,+8.8937500000000000e+01,B+
104121,1294,39,+8.2843750000000000e+01,B-
104161,1399,39,+8.5781250000000000e+01,B
104161,1205,39,+9.3000000000000000e+01,A
104161,1213,39,+9.5281250000000000e+01,A
104167,1291,39,+8.6937500000000000e+01,B
104167,1398,39,+9.1343750000000000e+01,A-
104167,1280,39,+8.8312500000000000e+01,B+
104176,1284,39,+8.0000000000000000e+01,B-
104176,1280,39,+7.8593750000000000e+01,C+
104176,1292,39,+7.6562500000000000e+01,C
104176,1285,39,+7.6906250000000000e+01,C
104176,1293,39,+7.9531250000000000e+01,C+
104189,1326,39,+7.9968750000000000e+01,C+
104189,1341,39,+8.7250000000000000e+01,B+
104189,1344,39,+9.0093750000000000e+01,A-
104189,1345,39,+8.7062500000000000e+01,B+
104197,1214,39,+7.9906250000000000e+01,C+
104197,1120,39,+7.5218750000000000e+01,C
104197,1220,39,+7.8437500000000000e+01,C+
104206,1323,39,+7.9468750000000000e+01,C+
104206,1331,39,+8.0625000000000000e+01,B-
104206,1325,39,+8.3375000000000000e+01,B
104231,1261,39,+9.8968750000000000e+01,A+
104245,1285,39,+8.6437500000000000e+01,B
104245,1104,39,+8.9468750000000000e+01,B+
104245,1267,39,+8.9781250000000000e+01,B+
104257,1210,39,+9.2437500000000000e+01,A-
104270,1392,39,+9.7750000000000000e+01,A+
104270,1404,39,+9.7156250000000000e+01,A+
104270,1393,39,+9.7062500000000000e+01,A+
104278,1208,39,+8.9843750000000000e+01,B+
104278,1247,39,+8.6468750000000000e+01,B
104278,1197,39,+8.7406250000000000e+01,B+
104278,1259,39,+9.0312500000000000e+01,A-
104297,1290,39,+8.4062500000000000e+01,B
104297,1283,39,+8.5437500000000000e+01,B
104297,1279,39,+8.6687500000000000e+01,B
104297,1291,39,+8.6875000000000000e+01,B
104297,1280,39,+9.0468750000000000e+01,A-
104299,1399,39,+8.3031250000000000e+01,B
104319,1210,39,+9.7187500000000000e+01,A+
104319,1112,39,+9.5093750000000000e+01,A
104319,1214,39,+9.6000000000000000e+01,A
104319,1266,39,+9.3218750000000000e+01,A
104319,1120,39,+9.6906250000000000e+01,A
104331,1403,39,+9.0281250000000000e+01,A-
104331,1396,39,+9.0500000000000000e+01,A-
104346,1398,39,+9.2812500000000000e+01,A-
104362,1392,39,+8.7000000000000000e+01,B+
104362,1404,39,+9.0531250000000000e+01,A-
104362,1393,39,+8.6312500000000000e+01,B
104387,1393,39,+9.3812500000000000e+01,A
104387,1405,39,+8.9156250000000000e+01,B+
104387,1398,39,+9.1656250000000000e+01,A-
104393,1284,39,+9.2843750000000000e+01,A-
104393,1292,39,+8.9312500000000000e+01,B+
104393,1293,39,+9.2343750000000000e+01,A-
104409,1404,39,+8.9187500000000000e+01,B+
104409,1393,39,+8.7656250000000000e+01,B+
104423,1286,39,+8.5281250000000000e+01,B
104425,1262,39,+8.6312500000000000e+01,B
104434,1393,39,+5.7625000000000000e+01,F
104434,1405,39,+5.4718750000000000e+01,F
104434,1398,39,+5.6437500000000000e+01,F
104436,1333,39,+8.5250000000000000e+01,B
104436,1261,39,+8.8375000000000000e+01,B+
104442,1283,39,+5.5531250000000000e+01,F
104442,1279,39,+5.4312500000000000e+01,F
104442,1291,39,+4.8093750000000000e+01,F
104442,1284,39,+5.5937500000000000e+01,F
104446,1327,39,+8.9156250000000000e+01,B+
104449,1283,39,+8.3250000000000000e+01,B
104449,1291,39,+8.0437500000000000e+01,B-
104449,1284,39,+8.4625000000000000e+01,B
104449,1280,39,+8.5187500000000000e+01,B
104468,1258,39,+9.0656250000000000e+01,A-
104468,1247,39,+8.2843750000000000e+01,B-
104483,1333,39,+8.5437500000000000e+01,B
104483,1326,39,+8.1343750000000000e+01,B-
104483,1327,39,+8.4906250000000000e+01,B
104484,1404,39,+8.6656250000000000e+01,B
104484,1393,39,+8.4218750000000000e+01,B
104484,1405,39,+8.1125000000000000e+01,B-
104488,1320,39,+8.9625000000000000e+01,B+
104488,1341,39,+8.7656250000000000e+01,B+
104488,1418,39,+9.0093750000000000e+01,A-
104491,1291,39,+8.0468750000000000e+01,B-
104491,1284,39,+8.1437500000000000e+01,B-
104491,1280,39,+8.5812500000000000e+01,B
104495,1405,39,+8.1343750000000000e+01,B-
104495,1252,39,+8.2406250000000000e+01,B-
104495,1394,39,+8.4687500000000000e+01,B
104495,1406,39,+8.6312500000000000e+01,B
104498,1327,39,+8.9562500000000000e+01,B+
104498,1335,39,+8.5437500000000000e+01,B
104498,1263,39,+8.7812500000000000e+01,B+
104507,1405,39,+8.3625000000000000e+01,B
104507,1398,39,+8.9125000000000000e+01,B+
104507,1394,39,+8.2281250000000000e+01,B-
104515,1290,39,+7.6125000000000000e+01,C
104515,1283,39,+7.8500000000000000e+01,C+
104515,1279,39,+8.6656250000000000e+01,B
104515,1291,39,+8.5750000000000000e+01,B
104517,1325,39,+8.2250000000000000e+01,B-
104517,1333,39,+8.2218750000000000e+01,B-
104517,1326,39,+8.3406250000000000e+01,B
104517,1327,39,+8.7468750000000000e+01,B+
104517,1336,39,+8.1375000000000000e+01,B-
104527,1333,39,+8.9312500000000000e+01,B+
104527,1336,39,+9.1375000000000000e+01,A-
104527,1214,39,+9.1468750000000000e+01,A-
104527,1339,39,+9.2968750000000000e+01,A-
104527,1341,39,+9.6375000000000000e+01,A
104528,1207,39,+7.9781250000000000e+01,C+
104546,1202,39,+8.8656250000000000e+01,B+
104546,1103,39,+8.4625000000000000e+01,B
104547,1279,39,+8.5093750000000000e+01,B
104547,1291,39,+8.3906250000000000e+01,B
104547,1284,39,+8.6718750000000000e+01,B
104547,1292,39,+8.2812500000000000e+01,B-
104551,1203,39,+7.7312500000000000e+01,C+
104578,1332,39,+9.9968750000000000e+01,A+
104578,1325,39,+9.5593750000000000e+01,A
104578,1327,39,+9.9656250000000000e+01,A+
104597,1208,39,+8.2500000000000000e+01,B-
104597,1332,39,+7.8343750000000000e+01,C+
104620,1261,39,+8.6250000000000000e+01,B
104620,1213,39,+8.9312500000000000e+01,B+
104637,1290,39,+8.0656250000000000e+01,B-
104637,1283,39,+8.7750000000000000e+01,B+
104637,1279,39,+8.4531250000000000e+01,B
104637,1291,39,+8.3125000000000000e+01,B
104641,1283,39,+9.4343750000000000e+01,A
104641,1279,39,+8.9562500000000000e+01,B+
104641,1284,39,+8.8281250000000000e+01,B+
104641,1280,39,+9.1531250000000000e+01,A-
104645,1319,39,+9.2250000000000000e+01,A-
104647,1292,39,+8.9906250000000000e+01,B+
104647,1285,39,+8.6968750000000000e+01,B
104647,1293,39,+8.7593750000000000e+01,B+
104647,1286,39,+8.8250000000000000e+01,B+
104647,1294,39,+8.8562500000000000e+01,B+
104654,1280,39,+9.3843750000000000e+01,A
104654,1292,39,+9.8031250000000000e+01,A+
104654,1103,39,+9.8906250000000000e+01,A+
104657,1250,39,+9.4968750000000000e+01,A
104671,1320,39,+8.7125000000000000e+01,B+
104671,1332,39,+9.0281250000000000e+01,A-
104671,1326,39,+9.0156250000000000e+01,A-
104671,1254,39,+9.4312500000000000e+01,A
104671,1336,39,+8.7500000000000000e+01,B+
104672,1294,39,+8.6218750000000000e+01,B
104690,1404,39,+8.3500000000000000e+01,B
104690,1398,39,+9.1687500000000000e+01,A-
104690,1406,39,+8.6312500000000000e+01,B
104699,1393,39,+8.5250000000000000e+01,B
104699,1097,39,+8.5437500000000000e+01,B
104699,1405,39,+9.1500000000000000e+01,A-
104699,1398,39,+9.0218750000000000e+01,A-
104706,1332,39,+8.8718750000000000e+01,B+
104706,1326,39,+9.0375000000000000e+01,A-
104708,1394,39,+8.8437500000000000e+01,B+
104708,1406,39,+8.6187500000000000e+01,B
104708,1399,39,+8.7093750000000000e+01,B+
104708,1407,39,+8.9750000000000000e+01,B+
104733,1292,39,+9.0562500000000000e+01,A-
104733,1285,39,+8.3093750000000000e+01,B
104733,1293,39,+8.5187500000000000e+01,B
104740,1318,39,+7.8031250000000000e+01,C+
104740,1279,39,+8.2812500000000000e+01,B-
104740,1291,39,+8.3937500000000000e+01,B
104743,1400,39,+8.7281250000000000e+01,B+
104743,1211,39,+8.2187500000000000e+01,B-
104743,1254,39,+9.0406250000000000e+01,A-
104774,1392,39,+8.1718750000000000e+01,B-
104774,1404,39,+8.3531250000000000e+01,B
104774,1196,39,+8.3250000000000000e+01,B
104776,1334,39,+8.9812500000000000e+01,B+
104776,1337,39,+8.9593750000000000e+01,B+
104776,1339,39,+8.2656250000000000e+01,B-
104794,1400,39,+8.7906250000000000e+01,B+
104800,1392,39,+8.8250000000000000e+01,B+
104800,1404,39,+8.3750000000000000e+01,B
104800,1393,39,+8.7750000000000000e+01,B+
104800,1394,39,+8.1093750000000000e+01,B-
104807,1291,39,+8.5000000000000000e+01,B
104807,1284,39,+8.2062500000000000e+01,B-
104807,1292,39,+8.5093750000000000e+01,B
104807,1285,39,+8.1000000000000000e+01,B-
104817,1394,39,+8.3718750000000000e+01,B
104817,1399,39,+8.2031250000000000e+01,B-
104817,1407,39,+7.9218750000000000e+01,C+
104817,1400,39,+7.6781250000000000e+01,C
104817,1408,39,+7.9312500000000000e+01,C+
104851,1279,39,+9.2000000000000000e+01,A-
104851,1393,39,+8.9406250000000000e+01,B+
104851,1405,39,+8.6375000000000000e+01,B
104851,1398,39,+8.7250000000000000e+01,B+
104851,1394,39,+8.6531250000000000e+01,B
104878,1335,39,+5.7343750000000000e+01,F
104878,1336,39,+5.3343750000000000e+01,F
104878,1337,39,+6.1156250000000000e+01,D
104878,1411,39,+5.4031250000000000e+01,F
104902,1247,39,+8.9687500000000000e+01,B+
104902,1252,39,+8.6218750000000000e+01,B
104902,1320,39,+8.9031250000000000e+01,B+
104905,1259,39,+8.2062500000000000e+01,B-
104905,1103,39,+7.9843750000000000e+01,C+
104905,1203,39,+7.8750000000000000e+01,C+
104915,1318,39,+7.7781250000000000e+01,C+
104915,1330,39,+7.8218750000000000e+01,C+
104915,1323,39,+8.0375000000000000e+01,B-
104915,1332,39,+8.0750000000000000e+01,B-
104919,1393,39,+9.7031250000000000e+01,A+
104919,1405,39,+8.3093750000000000e+01,B
104919,1394,39,+8.6968750000000000e+01,B
104919,1406,39,+9.5156250000000000e+01,A
104925,1407,39,+8.5500000000000000e+01,B
104925,1104,39,+8.3406250000000000e+01,B
104925,1261,39,+8.5125000000000000e+01,B
104926,1327,39,+9.6812500000000000e+01,A
104957,1197,39,+9.1312500000000000e+01,A-
104957,1259,39,+8.3531250000000000e+01,B
104957,1103,39,+9.2250000000000000e+01,A-
104957,1260,39,+9.2125000000000000e+01,A-
104964,1101,39,+7.5937500000000000e+01,C
104984,1406,39,+9.0843750000000000e+01,A-
104997,1279,39,+8.5125000000000000e+01,B
104997,1280,39,+8.5656250000000000e+01,B
103005,1345,39,+9.4000000000000000e+01,A
103005,1126,39,+9.2375000000000000e+01,A-
103005,1227,39,+9.1406250000000000e+01,A-
103005,1129,39,+9.3531250000000000e+01,A
103007,1295,39,+8.5218750000000000e+01,B
103007,1265,39,+8.9937500000000000e+01,B+
103009,1294,39,+8.8156250000000000e+01,B+
103009,1287,39,+9.0125000000000000e+01,A-
103009,1295,39,+9.5968750000000000e+01,A
103009,1296,39,+9.5062500000000000e+01,A
103010,1337,39,+8.7843750000000000e+01,B+
103010,1299,39,+8.4031250000000000e+01,B
103010,1343,39,+8.3343750000000000e+01,B
103010,1222,39,+8.9937500000000000e+01,B+
103012,1412,39,+9.3781250000000000e+01,A
103012,1414,39,+9.2000000000000000e+01,A-
103012,1415,39,+9.4843750000000000e+01,A
103012,1416,39,+9.2250000000000000e+01,A-
103037,1341,39,+9.1656250000000000e+01,A-
103037,1418,39,+9.1468750000000000e+01,A-
103037,1349,39,+9.1156250000000000e+01,A-
103055,1117,39,+8.2125000000000000e+01,B-
103055,1220,39,+8.4375000000000000e+01,B
103055,1223,39,+8.0937500000000000e+01,B-
103055,1230,39,+8.5687500000000000e+01,B
103066,1307,39,+8.2843750000000000e+01,B-
103070,1120,39,+9.4406250000000000e+01,A
103070,1220,39,+9.0531250000000000e+01,A-
103070,1123,39,+9.1937500000000000e+01,A-
103070,1226,39,+8.7781250000000000e+01,B+
103070,1128,39,+9.3500000000000000e+01,A
103087,1231,39,+9.1531250000000000e+01,A-
103087,1236,39,+8.8968750000000000e+01,B+
103087,1137,39,+8.5000000000000000e+01,B
103097,1351,39,+8.3093750000000000e+01,B
103097,1354,39,+8.8562500000000000e+01,B+
103097,1355,39,+8.7093750000000000e+01,B+
103108,1112,39,+8.1781250000000000e+01,B-
103108,1287,39,+8.4593750000000000e+01,B
103108,1262,39,+9.1937500000000000e+01,A-
103110,1400,39,+8.6187500000000000e+01,B
103110,1334,39,+9.0406250000000000e+01,A-
103116,1117,39,+8.4750000000000000e+01,B
103116,1221,39,+7.1843750000000000e+01,C
103116,1124,39,+8.2281250000000000e+01,B-
103116,1129,39,+7.7500000000000000e+01,C+
103120,1269,39,+8.8281250000000000e+01,B+
103120,1219,39,+8.7875000000000000e+01,B+
103120,1120,39,+8.8625000000000000e+01,B+
103120,1220,39,+9.0468750000000000e+01,A-
103120,1222,39,+8.4093750000000000e+01,B
103129,1229,39,+8.0906250000000000e+01,B-
103129,1133,39,+8.2062500000000000e+01,B-
103134,1411,39,+9.7406250000000000e+01,A+
103134,1337,39,+9.5156250000000000e+01,A
103135,1301,39,+5.5281250000000000e+01,F
103135,1302,39,+5.3218750000000000e+01,F
103135,1305,39,+5.1593750000000000e+01,F
103135,1306,39,+5.0281250000000000e+01,F
103140,1296,39,+9.0656250000000000e+01,A-
103140,1299,39,+9.3718750000000000e+01,A
103140,1300,39,+9.2843750000000000e+01,A-
103148,1296,39,+9.0156250000000000e+01,A-
103171,1354,39,+7.5562500000000000e+01,C
103191,1272,39,+8.6843750000000000e+01,B
103191,1222,39,+8.5656250000000000e+01,B
103191,1223,39,+8.8875000000000000e+01,B+
103202,1349,39,+8.8531250000000000e+01,B+
103202,1351,39,+9.0468750000000000e+01,A-
103202,1311,39,+8.5156250000000000e+01,B
103213,1269,39,+8.6125000000000000e+01,B
103213,1306,39,+8.8562500000000000e+01,B+
103227,1273,39,+9.0843750000000000e+01,A-
103234,1267,39,+9.1750000000000000e+01,A-
103234,1417,39,+9.2125000000000000e+01,A-
103234,1345,39,+9.0843750000000000e+01,A-
103249,1357,39,+9.1093750000000000e+01,A-
103249,1358,39,+8.5500000000000000e+01,B
103249,1360,39,+8.5843750000000000e+01,B
103249,1367,39,+9.0312500000000000e+01,A-
103257,1409,39,+8.2625000000000000e+01,B-
103257,1410,39,+8.3156250000000000e+01,B
103257,1411,39,+8.2281250000000000e+01,B-
103257,1412,39,+8.2437500000000000e+01,B-
103257,1415,39,+8.3375000000000000e+01,B
103263,1296,39,+9.0187500000000000e+01,A-
103263,1411,39,+9.3093750000000000e+01,A
103297,1273,39,+8.4843750000000000e+01,B
103297,1310,39,+8.5843750000000000e+01,B
103297,1129,39,+8.5468750000000000e+01,B
103300,1347,39,+8.0156250000000000e+01,B-
103300,1130,39,+8.3750000000000000e+01,B
103300,1233,39,+8.1187500000000000e+01,B-
103300,1137,39,+7.8937500000000000e+01,C+
103307,1287,39,+9.1968750000000000e+01,A-
103307,1295,39,+8.7468750000000000e+01,B+
103307,1296,39,+8.9718750000000000e+01,B+
103307,1297,39,+8.8875000000000000e+01,B+
103340,1125,39,+9.4468750000000000e+01,A
103359,1286,39,+8.9375000000000000e+01,B+
103359,1287,39,+8.7937500000000000e+01,B+
103359,1295,39,+8.7750000000000000e+01,B+
103359,1296,39,+8.4218750000000000e+01,B
103359,1299,39,+8.9375000000000000e+01,B+
103367,1345,39,+7.8125000000000000e+01,C+
103367,1346,39,+8.1718750000000000e+01,B-
103367,1309,39,+8.7218750000000000e+01,B+
103381,1130,39,+8.7406250000000000e+01,B+
103381,1353,39,+8.8593750000000000e+01,B+
103385,1341,39,+8.0562500000000000e+01,B-
103385,1344,39,+8.2218750000000000e+01,B-
103385,1347,39,+7.8531250000000000e+01,C+
103400,1413,39,+8.9125000000000000e+01,B+
103400,1269,39,+9.2375000000000000e+01,A-
103400,1272,39,+9.3625000000000000e+01,A
103400,1123,39,+9.4281250000000000e+01,A
103403,1216,39,+8.0093750000000000e+01,B-
103403,1269,39,+8.5187500000000000e+01,B
103403,1224,39,+8.6406250000000000e+01,B
103403,1228,39,+8.5656250000000000e+01,B
103448,1129,39,+9.6875000000000000e+01,A
103450,1233,39,+8.9781250000000000e+01,B+
103450,1357,39,+8.9781250000000000e+01,B+
103450,1358,39,+9.0312500000000000e+01,A-
103450,1361,39,+9.0625000000000000e+01,A-
103468,1305,39,+9.4031250000000000e+01,A
103468,1306,39,+9.0500000000000000e+01,A-
103469,1355,39,+9.2875000000000000e+01,A-
103469,1358,39,+9.3375000000000000e+01,A
103476,1138,39,+7.9093750000000000e+01,C+
103496,1265,39,+8.6031250000000000e+01,B
103496,1268,39,+8.6812500000000000e+01,B
103496,1224,39,+8.4468750000000000e+01,B
103503,1297,39,+8.9781250000000000e+01,B+
103503,1299,39,+9.1375000000000000e+01,A-
103503,1414,39,+9.2781250000000000e+01,A-
103503,1301,39,+8.9937500000000000e+01,B+
103507,1286,39,+8.5468750000000000e+01,B
103507,1414,39,+8.3156250000000000e+01,B
103512,1117,39,+9.1593750000000000e+01,A-
103512,1299,39,+9.2718750000000000e+01,A-
103512,1300,39,+9.1406250000000000e+01,A-
103512,1301,39,+9.1625000000000000e+01,A-
103520,1406,39,+8.2968750000000000e+01,B-
103520,1399,39,+8.3656250000000000e+01,B
103520,1407,39,+8.9625000000000000e+01,B+
103520,1408,39,+8.1781250000000000e+01,B-
103527,1221,39,+8.5718750000000000e+01,B
103527,1124,39,+8.9906250000000000e+01,B+
103527,1224,39,+8.6375000000000000e+01,B
103527,1225,39,+8.8187500000000000e+01,B+
103535,1295,39,+8.8375000000000000e+01,B+
103535,1410,39,+9.1937500000000000e+01,A-
103535,1297,39,+8.8000000000000000e+01,B+
103535,1300,39,+8.9343750000000000e+01,B+
103535,1301,39,+8.6000000000000000e+01,B
103544,1271,39,+9.1218750000000000e+01,A-
103544,1223,39,+9.2968750000000000e+01,A-
103544,1420,39,+8.9437500000000000e+01,B+
103554,1230,39,+8.6687500000000000e+01,B
103555,1305,39,+8.8093750000000000e+01,B+
103555,1273,39,+8.5437500000000000e+01,B
103555,1125,39,+8.5343750000000000e+01,B
103555,1310,39,+8.3437500000000000e+01,B
103562,1341,39,+1.0003125000000000e+02,A+
103562,1344,39,+9.2937500000000000e+01,A-
103562,1349,39,+9.5937500000000000e+01,A
103562,1311,39,+9.6312500000000000e+01,A
103562,1352,39,+9.9125000000000000e+01,A+
103597,1401,39,+8.6250000000000000e+01,B
103597,1409,39,+8.0875000000000000e+01,B-
103597,1414,39,+8.3937500000000000e+01,B
103601,1295,39,+8.9531250000000000e+01,B+
103601,1296,39,+8.6781250000000000e+01,B
103601,1299,39,+8.9531250000000000e+01,B+
103601,1300,39,+9.0718750000000000e+01,A-
103621,1409,39,+8.1500000000000000e+01,B-
103621,1410,39,+8.2500000000000000e+01,B-
103621,1411,39,+8.0625000000000000e+01,B-
103635,1297,39,+8.8593750000000000e+01,B+
103635,1299,39,+9.0843750000000000e+01,A-
103635,1119,39,+8.3593750000000000e+01,B
103636,1354,39,+9.1843750000000000e+01,A-
103636,1355,39,+9.4531250000000000e+01,A
103636,1356,39,+9.4156250000000000e+01,A
103636,1360,39,+9.6343750000000000e+01,A
103646,1220,39,+8.9343750000000000e+01,B+
103646,1121,39,+8.9343750000000000e+01,B+
103646,1345,39,+8.8687500000000000e+01,B+
103646,1124,39,+8.8343750000000000e+01,B+
103649,1263,39,+9.2093750000000000e+01,A-
103649,1410,39,+9.1312500000000000e+01,A-
103649,1411,39,+9.3281250000000000e+01,A
103649,1337,39,+9.2000000000000000e+01,A-
103651,1411,39,+8.8906250000000000e+01,B+
103651,1265,39,+8.9906250000000000e+01,B+
103651,1413,39,+8.9593750000000000e+01,B+
103651,1414,39,+9.1250000000000000e+01,A-
103657,1399,39,+9.6656250000000000e+01,A
103657,1400,39,+9.4593750000000000e+01,A
103657,1408,39,+9.7718750000000000e+01,A+
103657,1401,39,+1.0021875000000000e+02,A+
103665,1415,39,+9.0500000000000000e+01,A-
103667,1120,39,+8.4625000000000000e+01,B
103667,1418,39,+8.0031250000000000e+01,B-
103672,1267,39,+9.4812500000000000e+01,A
103672,1271,39,+9.5562500000000000e+01,A
103672,1122,39,+9.6531250000000000e+01,A
103681,1400,39,+8.4812500000000000e+01,B
103681,1408,39,+7.5500000000000000e+01,C
103681,1409,39,+8.0125000000000000e+01,B-
103681,1410,39,+7.9062500000000000e+01,C+
103685,1400,39,+8.2156250000000000e+01,B-
103685,1410,39,+8.7062500000000000e+01,B+
103685,1411,39,+8.1125000000000000e+01,B-
103695,1356,39,+9.1281250000000000e+01,A-
103695,1357,39,+9.5031250000000000e+01,A
103713,1134,39,+9.7062500000000000e+01,A+
103713,1135,39,+9.7750000000000000e+01,A+
103713,1139,39,+9.1531250000000000e+01,A-
103720,1227,39,+9.0250000000000000e+01,A-
103720,1128,39,+8.8562500000000000e+01,B+
103720,1129,39,+8.9656250000000000e+01,B+
103720,1131,39,+8.5531250000000000e+01,B
103729,1400,39,+8.7343750000000000e+01,B+
103729,1211,39,+9.1281250000000000e+01,A-
103729,1408,39,+8.1437500000000000e+01,B-
103740,1297,39,+8.2000000000000000e+01,B-
103740,1299,39,+8.3156250000000000e+01,B
103740,1301,39,+9.1531250000000000e+01,A-
103743,1300,39,+8.4750000000000000e+01,B
103743,1301,39,+8.9406250000000000e+01,B+
103743,1304,39,+8.2093750000000000e+01,B-
103747,1410,39,+8.8906250000000000e+01,B+
103747,1411,39,+8.4718750000000000e+01,B
103747,1412,39,+8.8937500000000000e+01,B+
103747,1413,39,+8.7218750000000000e+01,B+
103761,1352,39,+9.6718750000000000e+01,A
103761,1134,39,+8.5968750000000000e+01,B
103761,1236,39,+9.4468750000000000e+01,A
103784,1227,39,+8.8468750000000000e+01,B+
103784,1228,39,+9.0875000000000000e+01,A-
103784,1229,39,+9.0156250000000000e+01,A-
103798,1129,39,+8.0312500000000000e+01,B-
103798,1230,39,+8.0312500000000000e+01,B-
103812,1131,39,+8.5437500000000000e+01,B
103812,1231,39,+9.2937500000000000e+01,A-
103812,1132,39,+9.3468750000000000e+01,A
103812,1134,39,+9.1062500000000000e+01,A-
103818,1345,39,+8.8437500000000000e+01,B+
103818,1346,39,+8.7531250000000000e+01,B+
103828,1346,39,+8.1312500000000000e+01,B-
103828,1349,39,+7.6875000000000000e+01,C
103828,1354,39,+7.9656250000000000e+01,C+
103836,1351,39,+8.8250000000000000e+01,B+
103836,1356,39,+8.6125000000000000e+01,B
103847,1220,39,+9.0375000000000000e+01,A-
103847,1126,39,+8.9406250000000000e+01,B+
103847,1228,39,+9.0031250000000000e+01,A-
103847,1229,39,+9.5000000000000000e+01,A
103852,1339,39,+8.2250000000000000e+01,B-
103852,1343,39,+8.4531250000000000e+01,B
103852,1345,39,+8.1906250000000000e+01,B-
103856,1354,39,+8.8312500000000000e+01,B+
103856,1355,39,+9.3906250000000000e+01,A
103856,1356,39,+9.2000000000000000e+01,A-
103856,1361,39,+9.0625000000000000e+01,A-
103857,1412,39,+8.8187500000000000e+01,B+
103857,1413,39,+8.8375000000000000e+01,B+
103863,1409,39,+8.0218750000000000e+01,B-
103863,1410,39,+7.7531250000000000e+01,C+
103863,1411,39,+8.1687500000000000e+01,B-
103863,1412,39,+8.1156250000000000e+01,B-
103891,1227,39,+8.6750000000000000e+01,B
103904,1226,39,+8.1750000000000000e+01,B-
103904,1311,39,+8.0218750000000000e+01,B-
103924,1299,39,+7.8906250000000000e+01,C+
103924,1301,39,+7.6593750000000000e+01,C
103924,1302,39,+7.4593750000000000e+01,C
103924,1304,39,+7.5031250000000000e+01,C
103928,1345,39,+9.3750000000000000e+01,A
103928,1349,39,+9.1468750000000000e+01,A-
103928,1353,39,+9.4093750000000000e+01,A
103928,1356,39,+8.8187500000000000e+01,B+
103928,1357,39,+9.3031250000000000e+01,A
103929,1272,39,+8.6000000000000000e+01,B
103929,1123,39,+8.8687500000000000e+01,B+
103929,1223,39,+8.6500000000000000e+01,B
103929,1226,39,+9.1093750000000000e+01,A-
103929,1231,39,+9.3781250000000000e+01,A
103939,1263,39,+9.3406250000000000e+01,A
103939,1220,39,+8.7375000000000000e+01,B+
103939,1221,39,+9.0656250000000000e+01,A-
103939,1273,39,+8.7375000000000000e+01,B+
103939,1124,39,+8.7062500000000000e+01,B+
103942,1123,39,+8.7593750000000000e+01,B+
103942,1273,39,+8.8062500000000000e+01,B+
103942,1224,39,+8.3593750000000000e+01,B
103942,1125,39,+8.8687500000000000e+01,B+
103942,1226,39,+9.0125000000000000e+01,A-
103943,1216,39,+8.3000000000000000e+01,B
103943,1271,39,+8.3843750000000000e+01,B
103943,1273,39,+8.6406250000000000e+01,B
103943,1346,39,+8.6937500000000000e+01,B
103943,1224,39,+8.4281250000000000e+01,B
103948,1273,39,+8.8656250000000000e+01,B+
103948,1347,39,+9.2500000000000000e+01,A-
103948,1349,39,+9.1750000000000000e+01,A-
103948,1356,39,+8.9406250000000000e+01,B+
103948,1136,39,+9.2687500000000000e+01,A-
103952,1410,39,+8.1062500000000000e+01,B-
103952,1412,39,+8.1250000000000000e+01,B-
103952,1266,39,+8.1562500000000000e+01,B-
103952,1413,39,+8.0937500000000000e+01,B-
103952,1414,39,+8.4531250000000000e+01,B
103955,1287,39,+8.3281250000000000e+01,B
103955,1295,39,+8.2968750000000000e+01,B-
103955,1296,39,+7.8187500000000000e+01,C+
103955,1297,39,+8.3781250000000000e+01,B
103955,1302,39,+8.5093750000000000e+01,B
103975,1335,39,+8.6625000000000000e+01,B
103975,1411,39,+8.7406250000000000e+01,B+
103975,1412,39,+8.6312500000000000e+01,B
103975,1413,39,+8.6593750000000000e+01,B
103980,1228,39,+8.6468750000000000e+01,B
103980,1130,39,+9.0062500000000000e+01,A-
103980,1131,39,+9.1562500000000000e+01,A-
103989,1128,39,+9.8500000000000000e+01,A+
103990,1408,39,+8.2437500000000000e+01,B-
103990,1401,39,+8.9187500000000000e+01,B+
103990,1409,39,+8.8062500000000000e+01,B+
103990,1410,39,+8.1687500000000000e+01,B-
102000,1156,39,+8.5250000000000000e+01,B
102000,1159,39,+8.6500000000000000e+01,B
102000,1172,39,+8.3500000000000000e+01,B
102003,1374,39,+8.9843750000000000e+01,B+
102003,1375,39,+9.2343750000000000e+01,A-
102003,1376,39,+8.3937500000000000e+01,B
102003,1377,39,+9.1156250000000000e+01,A-
102003,1379,39,+8.5687500000000000e+01,B
102012,1311,39,+9.0812500000000000e+01,A-
102012,1312,39,+9.0250000000000000e+01,A-
102012,1313,39,+9.1562500000000000e+01,A-
102013,1171,39,+8.9500000000000000e+01,B+
102013,1174,39,+7.9500000000000000e+01,C+
102013,1176,39,+8.5093750000000000e+01,B
102018,1306,39,+9.0875000000000000e+01,A-
102018,1421,39,+8.7250000000000000e+01,B+
102031,1140,39,+8.1312500000000000e+01,B-
102068,1310,39,+8.4718750000000000e+01,B
102068,1312,39,+8.9781250000000000e+01,B+
102070,1369,39,+8.5687500000000000e+01,B
102070,1370,39,+8.6093750000000000e+01,B
102070,1373,39,+8.8031250000000000e+01,B+
102098,1417,39,+7.8875000000000000e+01,C+
102098,1421,39,+8.5750000000000000e+01,B
102098,1422,39,+8.8531250000000000e+01,B+
102109,1307,39,+7.8375000000000000e+01,C+
102109,1309,39,+8.3593750000000000e+01,B
102109,1310,39,+7.8093750000000000e+01,C+
102109,1313,39,+7.4468750000000000e+01,C
102120,1381,39,+8.9406250000000000e+01,B+
102120,1159,39,+9.0281250000000000e+01,A-
102120,1167,39,+8.6937500000000000e+01,B
102126,1313,39,+8.5312500000000000e+01,B
102130,1224,39,+8.8687500000000000e+01,B+
102130,1421,39,+9.1656250000000000e+01,A-
102130,1422,39,+9.1625000000000000e+01,A-
102130,1231,39,+9.1281250000000000e+01,A-
102138,1145,39,+9.0687500000000000e+01,A-
102138,1154,39,+8.9937500000000000e+01,B+
102138,1157,39,+9.2031250000000000e+01,A-
102141,1422,39,+5.6531250000000000e+01,F
102164,1165,39,+8.0875000000000000e+01,B-
102164,1168,39,+8.1406250000000000e+01,B-
102185,1420,39,+8.3562500000000000e+01,B
102185,1131,39,+7.7968750000000000e+01,C+
102185,1153,39,+8.3281250000000000e+01,B
102213,1364,39,+9.4000000000000000e+01,A
102213,1372,39,+9.4343750000000000e+01,A
102213,1373,39,+9.4406250000000000e+01,A
102213,1153,39,+9.7187500000000000e+01,A+
102225,1143,39,+9.4062500000000000e+01,A
102225,1148,39,+9.0031250000000000e+01,A-
102225,1150,39,+9.6875000000000000e+01,A
102225,1373,39,+9.1250000000000000e+01,A-
102230,1309,39,+8.7937500000000000e+01,B+
102230,1310,39,+8.5375000000000000e+01,B
102230,1311,39,+8.0031250000000000e+01,B-
102230,1312,39,+7.9718750000000000e+01,C+
102230,1313,39,+8.5343750000000000e+01,B
102233,1307,39,+5.6968750000000000e+01,F
102233,1309,39,+5.7312500000000000e+01,F
102233,1313,39,+5.5593750000000000e+01,F
102256,1415,39,+8.9343750000000000e+01,B+
102256,1416,39,+8.8250000000000000e+01,B+
102256,1418,39,+8.5937500000000000e+01,B
102256,1420,39,+8.6468750000000000e+01,B
102278,1157,39,+8.5750000000000000e+01,B
102278,1159,39,+8.5218750000000000e+01,B
102278,1161,39,+8.8531250000000000e+01,B+
102285,1306,39,+8.6937500000000000e+01,B
102285,1307,39,+8.9843750000000000e+01,B+
102285,1309,39,+8.9187500000000000e+01,B+
102285,1311,39,+9.0093750000000000e+01,A-
102316,1309,39,+8.0031250000000000e+01,B-
102316,1310,39,+8.0218750000000000e+01,B-
102316,1311,39,+7.6062500000000000e+01,C
102316,1312,39,+7.8343750000000000e+01,C+
102318,1310,39,+8.7187500000000000e+01,B+
102318,1311,39,+9.0968750000000000e+01,A-
102318,1312,39,+9.1500000000000000e+01,A-
102318,1313,39,+9.1906250000000000e+01,A-
102320,1304,39,+8.9750000000000000e+01,B+
102320,1305,39,+9.1062500000000000e+01,A-
102320,1307,39,+9.3093750000000000e+01,A
102320,1312,39,+9.1843750000000000e+01,A-
102331,1145,39,+8.8468750000000000e+01,B+
102363,1366,39,+9.7312500000000000e+01,A+
102363,1372,39,+9.5968750000000000e+01,A
102363,1373,39,+9.5375000000000000e+01,A
102365,1311,39,+8.7156250000000000e+01,B+
102365,1312,39,+9.0375000000000000e+01,A-
102365,1313,39,+9.0937500000000000e+01,A-
102368,1422,39,+9.1812500000000000e+01,A-
102368,1152,39,+8.9250000000000000e+01,B+
102369,1134,39,+9.6687500000000000e+01,A
102369,1142,39,+9.7468750000000000e+01,A+
102390,1421,39,+8.9843750000000000e+01,B+
102390,1233,39,+8.9156250000000000e+01,B+
102392,1364,39,+7.5875000000000000e+01,C
102392,1365,39,+7.9875000000000000e+01,C+
102392,1368,39,+8.1656250000000000e+01,B-
102392,1371,39,+7.7375000000000000e+01,C+
102392,1372,39,+8.5031250000000000e+01,B
102396,1367,39,+8.3093750000000000e+01,B
102396,1368,39,+8.5843750000000000e+01,B
102396,1369,39,+7.8281250000000000e+01,C+
102396,1375,39,+8.3875000000000000e+01,B
102399,1157,39,+8.8093750000000000e+01,B+
102415,1420,39,+8.6468750000000000e+01,B
102415,1421,39,+9.0718750000000000e+01,A-
102415,1422,39,+8.3500000000000000e+01,B
102415,1309,39,+9.0750000000000000e+01,A-
102443,1307,39,+8.9312500000000000e+01,B+
102443,1309,39,+7.9531250000000000e+01,C+
102443,1311,39,+8.7406250000000000e+01,B+
102443,1312,39,+8.5406250000000000e+01,B
102443,1313,39,+8.6125000000000000e+01,B
102449,1373,39,+8.8500000000000000e+01,B+
102449,1376,39,+8.2843750000000000e+01,B-
102449,1377,39,+8.8218750000000000e+01,B+
102452,1371,39,+5.6187500000000000e+01,F
102454,1418,39,+9.0718750000000000e+01,A-
102454,1273,39,+8.9593750000000000e+01,B+
102454,1421,39,+8.9312500000000000e+01,B+
102454,1422,39,+9.1875000000000000e+01,A-
102454,1227,39,+8.1750000000000000e+01,B-
102464,1418,39,+8.7187500000000000e+01,B+
102464,1345,39,+7.6875000000000000e+01,C
102465,1368,39,+8.8937500000000000e+01,B+
102465,1371,39,+8.9281250000000000e+01,B+
102465,1372,39,+9.1843750000000000e+01,A-
102465,1375,39,+9.3343750000000000e+01,A
102475,1307,39,+8.5031250000000000e+01,B
102475,1309,39,+8.1000000000000000e+01,B-
102475,1313,39,+8.3687500000000000e+01,B
102475,1233,39,+8.0875000000000000e+01,B-
102505,1143,39,+8.3781250000000000e+01,B
102505,1163,39,+8.1156250000000000e+01,B-
102505,1171,39,+8.1062500000000000e+01,B-
102510,1381,39,+8.3750000000000000e+01,B
102515,1421,39,+9.4218750000000000e+01,A
102515,1422,39,+9.3281250000000000e+01,A
102515,1156,39,+9.1031250000000000e+01,A-
102522,1148,39,+8.7750000000000000e+01,B+
102522,1151,39,+8.9812500000000000e+01,B+
102522,1162,39,+8.6656250000000000e+01,B
102536,1372,39,+9.1781250000000000e+01,A-
102536,1374,39,+9.3718750000000000e+01,A
102536,1376,39,+9.2281250000000000e+01,A-
102588,1159,39,+8.5156250000000000e+01,B
102588,1162,39,+8.7312500000000000e+01,B+
102595,1367,39,+8.6187500000000000e+01,B
102595,1368,39,+8.3875000000000000e+01,B
102595,1147,39,+8.0531250000000000e+01,B-
102595,1370,39,+7.6812500000000000e+01,C
102595,1372,39,+8.0875000000000000e+01,B-
102603,1138,39,+8.1406250000000000e+01,B-
102604,1311,39,+8.1000000000000000e+01,B-
102605,1147,39,+8.5187500000000000e+01,B
102610,1312,39,+8.3906250000000000e+01,B
102610,1313,39,+8.1531250000000000e+01,B-
102610,1357,39,+7.3937500000000000e+01,C
102610,1378,39,+7.8062500000000000e+01,C+
102621,1307,39,+9.3750000000000000e+01,A
102621,1309,39,+8.6156250000000000e+01,B
102621,1310,39,+9.2656250000000000e+01,A-
102621,1311,39,+9.2250000000000000e+01,A-
102623,1161,39,+8.3968750000000000e+01,B
102623,1162,39,+8.7250000000000000e+01,B+
102624,1155,39,+8.9625000000000000e+01,B+
102648,1139,39,+9.0468750000000000e+01,A-
102648,1154,39,+9.3062500000000000e+01,A
102657,1416,39,+9.0375000000000000e+01,A-
102657,1417,39,+9.3093750000000000e+01,A
102657,1418,39,+8.9281250000000000e+01,B+
102663,1311,39,+8.5906250000000000e+01,B
102663,1313,39,+8.3625000000000000e+01,B
102665,1346,39,+8.5187500000000000e+01,B
102665,1421,39,+7.9468750000000000e+01,C+
102665,1422,39,+8.5125000000000000e+01,B
102665,1139,39,+7.9906250000000000e+01,C+
102716,1345,39,+8.5156250000000000e+01,B
102716,1422,39,+8.9718750000000000e+01,B+
102719,1307,39,+9.0687500000000000e+01,A-
102719,1309,39,+8.8593750000000000e+01,B+
102719,1312,39,+8.7687500000000000e+01,B+
102725,1365,39,+9.6875000000000000e+01,A
102725,1366,39,+9.8906250000000000e+01,A+
102725,1368,39,+9.5093750000000000e+01,A
102725,1374,39,+9.5375000000000000e+01,A
102726,1306,39,+8.5968750000000000e+01,B
102726,1125,39,+9.0625000000000000e+01,A-
102726,1309,39,+8.8156250000000000e+01,B+
102739,1150,39,+9.2343750000000000e+01,A-
102745,1239,39,+9.1687500000000000e+01,A-
102745,1156,39,+8.4437500000000000e+01,B
102745,1157,39,+8.6500000000000000e+01,B
102745,1161,39,+9.1156250000000000e+01,A-
102748,1164,39,+8.2500000000000000e+01,B-
102753,1420,39,+8.7375000000000000e+01,B+
102753,1421,39,+8.7250000000000000e+01,B+
102753,1349,39,+8.7437500000000000e+01,B+
102755,1306,39,+8.9468750000000000e+01,B+
102755,1309,39,+9.1906250000000000e+01,A-
102755,1311,39,+8.9312500000000000e+01,B+
102755,1312,39,+8.7937500000000000e+01,B+
102781,1370,39,+9.1750000000000000e+01,A-
102781,1371,39,+9.6875000000000000e+01,A
102809,1364,39,+8.5875000000000000e+01,B
102818,1306,39,+8.4125000000000000e+01,B
102818,1307,39,+8.0968750000000000e+01,B-
102818,1309,39,+8.5187500000000000e+01,B
102818,1310,39,+8.0875000000000000e+01,B-
102840,1375,39,+9.5406250000000000e+01,A
102854,1305,39,+8.9593750000000000e+01,B+
102854,1311,39,+8.1781250000000000e+01,B-
102854,1312,39,+8.6937500000000000e+01,B
102864,1310,39,+8.0031250000000000e+01,B-
102864,1312,39,+7.8906250000000000e+01,C+
102864,1313,39,+8.3906250000000000e+01,B
102865,1309,39,+8.1281250000000000e+01,B-
102865,1310,39,+7.7593750000000000e+01,C+
102865,1311,39,+8.3593750000000000e+01,B
102865,1312,39,+8.7625000000000000e+01,B+
102871,1154,39,+7.9812500000000000e+01,C+
102871,1164,39,+8.3218750000000000e+01,B
102884,1161,39,+9.6250000000000000e+01,A
102884,1162,39,+9.8468750000000000e+01,A+
102884,1165,39,+9.8531250000000000e+01,A+
102888,1148,39,+8.5375000000000000e+01,B
102888,1151,39,+8.3531250000000000e+01,B
102888,1152,39,+8.9468750000000000e+01,B+
102897,1312,39,+8.9156250000000000e+01,B+
102901,1310,39,+7.7843750000000000e+01,C+
102901,1313,39,+8.0687500000000000e+01,B-
102901,1159,39,+8.6281250000000000e+01,B
102902,1313,39,+7.6375000000000000e+01,C
102907,1306,39,+8.6437500000000000e+01,B
102907,1307,39,+7.4812500000000000e+01,C
102907,1309,39,+8.1343750000000000e+01,B-
102907,1310,39,+9.0218750000000000e+01,A-
102917,1155,39,+8.7750000000000000e+01,B+
102917,1157,39,+9.1093750000000000e+01,A-
102917,1161,39,+8.5343750000000000e+01,B
102917,1162,39,+9.0468750000000000e+01,A-
102917,1163,39,+8.4906250000000000e+01,B
102930,1354,39,+9.8062500000000000e+01,A+
102930,1361,39,+1.0031250000000000e+02,A+
102930,1363,39,+9.7656250000000000e+01,A+
102946,1416,39,+9.0031250000000000e+01,A-
102946,1221,39,+8.1750000000000000e+01,B-
102946,1418,39,+8.7468750000000000e+01,B+
102963,1152,39,+8.9593750000000000e+01,B+
102969,1352,39,+8.2593750000000000e+01,B-
102969,1356,39,+8.5375000000000000e+01,B
102969,1358,39,+8.5125000000000000e+01,B
102985,1420,39,+9.7156250000000000e+01,A+
102985,1422,39,+9.8500000000000000e+01,A+
102994,1232,39,+7.6593750000000000e+01,C
102994,1139,39,+8.5156250000000000e+01,B
105014,1289,40,+7.8250000000000000e+01,C+
105014,1282,40,+8.4281250000000000e+01,B
105014,1290,40,+8.7656250000000000e+01,B+
105011,1194,40,+8.3593750000000000e+01,B
105014,1277,40,+8.1625000000000000e+01,B-
105051,1404,40,+8.4156250000000000e+01,B
105051,1330,40,+8.5968750000000000e+01,B
105051,1393,40,+8.3562500000000000e+01,B
105050,1256,40,+7.9187500000000000e+01,C+
105050,1207,40,+7.9750000000000000e+01,C+
105051,1392,40,+8.0718750000000000e+01,B-
105054,1091,40,+8.2000000000000000e+01,B-
105064,1258,40,+9.4468750000000000e+01,A
105064,1196,40,+9.9000000000000000e+01,A+
105065,1322,40,+9.6843750000000000e+01,A
105078,1318,40,+8.7656250000000000e+01,B+
105078,1331,40,+9.2375000000000000e+01,A-
105078,1259,40,+8.2843750000000000e+01,B-
105078,1320,40,+8.8187500000000000e+01,B+
105097,1392,40,+9.1437500000000000e+01,A-
105097,1404,40,+8.4312500000000000e+01,B
105097,1391,40,+9.0968750000000000e+01,A-
105104,1291,40,+7.7156250000000000e+01,C+
105104,1289,40,+7.8625000000000000e+01,C+
105104,1282,40,+7.6500000000000000e+01,C
105104,1200,40,+7.3812500000000000e+01,C
105109,1319,40,+8.2125000000000000e+01,B-
105109,1318,40,+8.4812500000000000e+01,B
105111,1404,40,+8.2250000000000000e+01,B-
105111,1405,40,+8.3718750000000000e+01,B
105111,1398,40,+7.4812500000000000e+01,C
105111,1403,40,+8.4843750000000000e+01,B
105111,1392,40,+8.3406250000000000e+01,B
105127,1289,40,+5.7343750000000000e+01,F
105127,1277,40,+5.9250000000000000e+01,F
102000,1176,40,+8.2093750000000000e+01,B-
105587,1403,40,+8.8281250000000000e+01,B+
105587,1396,40,+8.5062500000000000e+01,B
103000,1302,40,+9.1406250000000000e+01,A-
103000,1304,40,+9.1656250000000000e+01,A-
105867,1391,40,+8.8406250000000000e+01,B+
105867,1396,40,+8.3687500000000000e+01,B
105867,1404,40,+8.9000000000000000e+01,B+
105867,1393,40,+8.5906250000000000e+01,B
102013,1179,40,+8.3437500000000000e+01,B
102013,1182,40,+8.7625000000000000e+01,B+
102013,1187,40,+8.9406250000000000e+01,B+
105993,1247,40,+8.1312500000000000e+01,B-
105993,1261,40,+8.3156250000000000e+01,B
105993,1204,40,+8.1281250000000000e+01,B-
104197,1222,40,+8.4781250000000000e+01,B
104197,1273,40,+8.0843750000000000e+01,B-
104197,1306,40,+8.5750000000000000e+01,B
104641,1286,40,+9.2093750000000000e+01,A-
104641,1204,40,+9.1156250000000000e+01,A-
104708,1409,40,+8.8218750000000000e+01,B+
104708,1410,40,+8.9031250000000000e+01,B+
104905,1216,40,+8.6750000000000000e+01,B
104957,1117,40,+9.0437500000000000e+01,A-
103066,1239,40,+8.6375000000000000e+01,B
103257,1417,40,+8.3843750000000000e+01,B
103257,1418,40,+7.6906250000000000e+01,C
103257,1420,40,+7.9375000000000000e+01,C+
103448,1364,40,+9.3812500000000000e+01,A
103448,1152,40,+9.8937500000000000e+01,A+
103646,1140,40,+9.0781250000000000e+01,A-
103847,1132,40,+8.8062500000000000e+01,B+
103847,1138,40,+8.6843750000000000e+01,B
103975,1416,40,+9.1656250000000000e+01,A-
103975,1417,40,+8.6156250000000000e+01,B
102000,1179,40,+8.0656250000000000e+01,B-
102000,1180,40,+8.0687500000000000e+01,B-
102000,1181,40,+8.2406250000000000e+01,B-
102000,1191,40,+8.0906250000000000e+01,B-
102126,1374,40,+9.1031250000000000e+01,A-
102126,1187,40,+9.0906250000000000e+01,A-
102012,1382,40,+8.8500000000000000e+01,B+
102012,1171,40,+8.7781250000000000e+01,B+
102012,1174,40,+8.7656250000000000e+01,B+
102018,1156,40,+9.1406250000000000e+01,A-
102141,1241,40,+5.6125000000000000e+01,F
102031,1166,40,+8.1937500000000000e+01,B-
102031,1171,40,+7.5906250000000000e+01,C
102068,1376,40,+8.6125000000000000e+01,B
102070,1376,40,+9.0406250000000000e+01,A-
102070,1386,40,+8.8000000000000000e+01,B+
102070,1172,40,+8.3500000000000000e+01,B
102109,1241,40,+8.1625000000000000e+01,B-
105157,1207,40,+7.8625000000000000e+01,C+
105157,1250,40,+8.2156250000000000e+01,B-
102120,1169,40,+8.9375000000000000e+01,B+
102120,1181,40,+8.9687500000000000e+01,B+
102120,1185,40,+8.7562500000000000e+01,B+
102137,1143,40,+9.6437500000000000e+01,A
102137,1376,40,+9.5281250000000000e+01,A
102138,1382,40,+8.8000000000000000e+01,B+
102138,1169,40,+8.6531250000000000e+01,B
102138,1179,40,+8.3375000000000000e+01,B
102164,1177,40,+8.1218750000000000e+01,B-
102164,1180,40,+8.4750000000000000e+01,B
102213,1380,40,+9.1468750000000000e+01,A-
102213,1382,40,+8.8500000000000000e+01,B+
102225,1153,40,+9.9250000000000000e+01,A+
102225,1162,40,+9.8656250000000000e+01,A+
102225,1166,40,+9.9156250000000000e+01,A+
102225,1174,40,+9.3781250000000000e+01,A
102225,1182,40,+9.5906250000000000e+01,A
102230,1367,40,+8.4781250000000000e+01,B
102233,1164,40,+5.5718750000000000e+01,F
102247,1377,40,+7.9406250000000000e+01,C+
102247,1381,40,+8.4750000000000000e+01,B
102247,1181,40,+8.3500000000000000e+01,B
102256,1422,40,+8.5656250000000000e+01,B
105179,1107,40,+8.2937500000000000e+01,B-
105179,1207,40,+9.2312500000000000e+01,A-
105179,1250,40,+8.9062500000000000e+01,B+
102278,1177,40,+8.7187500000000000e+01,B+
102278,1180,40,+8.8906250000000000e+01,B+
102278,1187,40,+8.6218750000000000e+01,B
102278,1190,40,+8.9468750000000000e+01,B+
102285,1137,40,+8.9625000000000000e+01,B+
102316,1313,40,+8.2718750000000000e+01,B-
102320,1313,40,+8.7531250000000000e+01,B+
102320,1371,40,+8.8718750000000000e+01,B+
102331,1163,40,+7.9156250000000000e+01,C+
102363,1379,40,+9.6406250000000000e+01,A
102461,1171,40,+8.2843750000000000e+01,B-
102461,1172,40,+8.6937500000000000e+01,B
102461,1189,40,+8.0343750000000000e+01,B-
102363,1382,40,+9.8843750000000000e+01,A+
102365,1163,40,+8.6875000000000000e+01,B
102369,1145,40,+9.3781250000000000e+01,A
102480,1164,40,+9.8375000000000000e+01,A+
102480,1386,40,+9.9000000000000000e+01,A+
102392,1375,40,+8.2062500000000000e+01,B-
102392,1377,40,+7.8593750000000000e+01,C+
102392,1381,40,+8.4375000000000000e+01,B
102396,1377,40,+8.0343750000000000e+01,B-
102396,1381,40,+8.4000000000000000e+01,B
102399,1161,40,+8.7906250000000000e+01,B+
102399,1185,40,+8.7156250000000000e+01,B+
102399,1189,40,+8.4968750000000000e+01,B
105198,1252,40,+8.5750000000000000e+01,B
105198,1210,40,+8.8906250000000000e+01,B+
102415,1313,40,+9.2625000000000000e+01,A-
102415,1155,40,+8.8875000000000000e+01,B+
102449,1379,40,+9.1062500000000000e+01,A-
102449,1381,40,+8.8406250000000000e+01,B+
102449,1386,40,+8.7281250000000000e+01,B+
102454,1233,40,+8.7375000000000000e+01,B+
102464,1371,40,+8.0718750000000000e+01,B-
102464,1157,40,+8.2875000000000000e+01,B-
102465,1379,40,+9.0218750000000000e+01,A-
102465,1386,40,+8.9656250000000000e+01,B+
102588,1165,40,+8.9031250000000000e+01,B+
105212,1259,40,+8.6343750000000000e+01,B
102475,1368,40,+8.2656250000000000e+01,B-
102607,1162,40,+8.9125000000000000e+01,B+
102607,1166,40,+8.9281250000000000e+01,B+
102607,1168,40,+9.2656250000000000e+01,A-
102505,1175,40,+8.4093750000000000e+01,B
105214,1289,40,+8.8187500000000000e+01,B+
105214,1282,40,+8.9656250000000000e+01,B+
105214,1290,40,+8.6343750000000000e+01,B
105214,1283,40,+8.6781250000000000e+01,B
105214,1279,40,+8.5750000000000000e+01,B
102505,1181,40,+8.3250000000000000e+01,B
102505,1183,40,+8.7156250000000000e+01,B+
102505,1185,40,+8.3750000000000000e+01,B
102522,1163,40,+8.7125000000000000e+01,B+
102522,1170,40,+8.9312500000000000e+01,B+
102522,1171,40,+8.9281250000000000e+01,B+
102522,1180,40,+8.9531250000000000e+01,B+
102636,1374,40,+8.4500000000000000e+01,B
102636,1376,40,+8.1062500000000000e+01,B-
102636,1379,40,+8.4875000000000000e+01,B
102536,1380,40,+8.7593750000000000e+01,B+
102536,1381,40,+9.0906250000000000e+01,A-
102536,1189,40,+9.5406250000000000e+01,A
102650,1422,40,+9.2750000000000000e+01,A-
102588,1167,40,+8.9406250000000000e+01,B+
102588,1169,40,+9.2312500000000000e+01,A-
102588,1172,40,+8.9875000000000000e+01,B+
102588,1177,40,+8.6062500000000000e+01,B
102595,1376,40,+8.0156250000000000e+01,B-
102595,1381,40,+8.1781250000000000e+01,B-
102603,1153,40,+8.0531250000000000e+01,B-
102604,1152,40,+7.8500000000000000e+01,C+
102605,1181,40,+8.2312500000000000e+01,B-
105226,1404,40,+8.4437500000000000e+01,B
102607,1191,40,+9.3375000000000000e+01,A
102621,1312,40,+9.1375000000000000e+01,A-
102623,1169,40,+8.6343750000000000e+01,B
102624,1177,40,+8.9031250000000000e+01,B+
102624,1179,40,+9.0531250000000000e+01,A-
102624,1181,40,+9.3937500000000000e+01,A
102624,1182,40,+8.8906250000000000e+01,B+
102624,1190,40,+9.2156250000000000e+01,A-
102636,1386,40,+8.7218750000000000e+01,B+
102739,1169,40,+8.8031250000000000e+01,B+
102739,1191,40,+8.7218750000000000e+01,B+
102648,1165,40,+9.2531250000000000e+01,A-
102648,1167,40,+9.0468750000000000e+01,A-
102748,1168,40,+8.6562500000000000e+01,B
102748,1176,40,+8.4312500000000000e+01,B
102748,1182,40,+8.5625000000000000e+01,B
102648,1179,40,+9.0937500000000000e+01,A-
102657,1371,40,+9.1750000000000000e+01,A-
102657,1378,40,+8.9437500000000000e+01,B+
102657,1179,40,+8.9625000000000000e+01,B+
105236,1282,40,+8.7312500000000000e+01,B+
105236,1283,40,+9.1625000000000000e+01,A-
105236,1279,40,+8.5437500000000000e+01,B
105236,1291,40,+8.9125000000000000e+01,B+
102783,1175,40,+8.9937500000000000e+01,B+
102783,1181,40,+9.1031250000000000e+01,A-
102783,1187,40,+8.6531250000000000e+01,B
102805,1185,40,+8.6781250000000000e+01,B
102719,1313,40,+8.4062500000000000e+01,B
102725,1376,40,+9.8968750000000000e+01,A+
102725,1381,40,+9.0593750000000000e+01,A-
102726,1312,40,+8.8968750000000000e+01,B+
102726,1313,40,+8.9468750000000000e+01,B+
102726,1189,40,+8.3500000000000000e+01,B
102840,1376,40,+9.6250000000000000e+01,A
102840,1379,40,+9.5781250000000000e+01,A
102840,1382,40,+9.2843750000000000e+01,A-
102840,1168,40,+9.9625000000000000e+01,A+
102745,1165,40,+9.0156250000000000e+01,A-
102745,1167,40,+9.0281250000000000e+01,A-
102745,1183,40,+8.0843750000000000e+01,B-
102753,1365,40,+8.7343750000000000e+01,B+
102753,1377,40,+8.6875000000000000e+01,B
102755,1238,40,+9.0281250000000000e+01,A-
102769,1354,40,+7.6531250000000000e+01,C
102884,1172,40,+1.0056250000000000e+02,A+
102884,1174,40,+9.8531250000000000e+01,A+
102884,1191,40,+9.7718750000000000e+01,A+
102897,1157,40,+8.7468750000000000e+01,B+
102781,1377,40,+9.5906250000000000e+01,A
102781,1379,40,+9.8125000000000000e+01,A+
102781,1382,40,+9.0468750000000000e+01,A-
102781,1386,40,+9.8437500000000000e+01,A+
102809,1171,40,+9.0500000000000000e+01,A-
102818,1311,40,+8.3062500000000000e+01,B
102818,1312,40,+7.8843750000000000e+01,C+
102946,1421,40,+8.6968750000000000e+01,B
102854,1313,40,+8.6750000000000000e+01,B
102854,1241,40,+8.3687500000000000e+01,B
102854,1181,40,+8.9156250000000000e+01,B+
105257,1290,40,+8.8156250000000000e+01,B+
105257,1283,40,+8.9718750000000000e+01,B+
105257,1291,40,+8.6718750000000000e+01,B
102864,1163,40,+8.2250000000000000e+01,B-
102865,1372,40,+8.2062500000000000e+01,B-
103000,1309,40,+9.0531250000000000e+01,A-
102871,1165,40,+7.9718750000000000e+01,C+
102871,1177,40,+8.4750000000000000e+01,B
102871,1189,40,+7.6812500000000000e+01,C
102888,1166,40,+8.1468750000000000e+01,B-
103005,1134,40,+9.2687500000000000e+01,A-
103005,1147,40,+9.1843750000000000e+01,A-
103007,1123,40,+8.3781250000000000e+01,B
103007,1347,40,+8.8781250000000000e+01,B+
103009,1297,40,+8.8593750000000000e+01,B+
103009,1300,40,+9.3562500000000000e+01,A
103009,1118,40,+9.2531250000000000e+01,A-
103011,1130,40,+9.1375000000000000e+01,A-
103011,1236,40,+8.9718750000000000e+01,B+
103011,1238,40,+9.0562500000000000e+01,A-
103011,1140,40,+9.0375000000000000e+01,A-
103012,1418,40,+9.0593750000000000e+01,A-
103012,1420,40,+9.2437500000000000e+01,A-
103012,1421,40,+9.0093750000000000e+01,A-
102888,1182,40,+8.2937500000000000e+01,B-
103037,1351,40,+9.2750000000000000e+01,A-
103037,1360,40,+9.3093750000000000e+01,A
103039,1126,40,+8.3875000000000000e+01,B
102888,1190,40,+8.5000000000000000e+01,B
103055,1232,40,+7.9750000000000000e+01,C+
103055,1233,40,+8.1750000000000000e+01,B-
103055,1236,40,+8.3625000000000000e+01,B
103055,1237,40,+7.9250000000000000e+01,C+
103066,1312,40,+8.2906250000000000e+01,B-
105266,1395,40,+8.2312500000000000e+01,B-
105266,1391,40,+7.4718750000000000e+01,C
105266,1396,40,+8.0250000000000000e+01,B-
105266,1392,40,+7.8843750000000000e+01,C+
103068,1301,40,+7.8375000000000000e+01,C+
103068,1302,40,+8.1218750000000000e+01,B-
103068,1304,40,+8.1156250000000000e+01,B-
103068,1305,40,+8.0718750000000000e+01,B-
103070,1230,40,+8.9937500000000000e+01,B+
103070,1235,40,+9.5031250000000000e+01,A
103070,1239,40,+9.1906250000000000e+01,A-
105267,1281,40,+8.9218750000000000e+01,B+
105267,1282,40,+9.1875000000000000e+01,A-
105267,1290,40,+8.9781250000000000e+01,B+
105267,1283,40,+9.1375000000000000e+01,A-
103087,1140,40,+8.7593750000000000e+01,B+
103087,1240,40,+8.7031250000000000e+01,B+
103087,1147,40,+9.0750000000000000e+01,A-
103097,1357,40,+8.6531250000000000e+01,B
103108,1213,40,+8.6062500000000000e+01,B
103108,1115,40,+8.6343750000000000e+01,B
103108,1116,40,+8.9000000000000000e+01,B+
103108,1120,40,+8.7562500000000000e+01,B+
103110,1409,40,+9.1125000000000000e+01,A-
103110,1410,40,+9.0750000000000000e+01,A-
103110,1412,40,+8.4781250000000000e+01,B
103110,1413,40,+8.6906250000000000e+01,B
103116,1130,40,+8.6125000000000000e+01,B
103116,1231,40,+8.5468750000000000e+01,B
103116,1233,40,+7.5593750000000000e+01,C
103116,1238,40,+8.5000000000000000e+01,B
103120,1311,40,+9.2468750000000000e+01,A-
103120,1129,40,+9.0437500000000000e+01,A-
103120,1131,40,+9.0718750000000000e+01,A-
103120,1133,40,+8.9562500000000000e+01,B+
103129,1141,40,+7.7218750000000000e+01,C+
103134,1412,40,+9.6812500000000000e+01,A
103134,1413,40,+9.8500000000000000e+01,A+
103134,1414,40,+9.2656250000000000e+01,A-
103134,1415,40,+9.5125000000000000e+01,A
103135,1307,40,+5.3406250000000000e+01,F
103135,1421,40,+5.3937500000000000e+01,F
103135,1309,40,+5.6562500000000000e+01,F
103135,1310,40,+5.7562500000000000e+01,F
103135,1311,40,+5.8687500000000000e+01,F
103140,1301,40,+9.0531250000000000e+01,A-
103140,1302,40,+8.9781250000000000e+01,B+
103140,1305,40,+9.3687500000000000e+01,A
103140,1306,40,+9.3281250000000000e+01,A
103148,1297,40,+8.2937500000000000e+01,B-
103148,1300,40,+8.6218750000000000e+01,B
103148,1301,40,+8.1937500000000000e+01,B-
103148,1302,40,+8.6375000000000000e+01,B
103171,1355,40,+8.8312500000000000e+01,B+
103171,1358,40,+8.1500000000000000e+01,B-
103171,1364,40,+8.1187500000000000e+01,B-
103171,1365,40,+7.7156250000000000e+01,C+
103171,1367,40,+8.0906250000000000e+01,B-
103191,1139,40,+8.8593750000000000e+01,B+
103202,1354,40,+9.0406250000000000e+01,A-
103202,1355,40,+8.4531250000000000e+01,B
103202,1360,40,+8.2187500000000000e+01,B-
103202,1361,40,+8.6406250000000000e+01,B
103213,1140,40,+8.5843750000000000e+01,B
105288,1207,40,+8.0156250000000000e+01,B-
105288,1392,40,+8.3031250000000000e+01,B
103234,1349,40,+9.2937500000000000e+01,A-
103249,1368,40,+9.0937500000000000e+01,A-
103249,1369,40,+8.7875000000000000e+01,B+
103249,1370,40,+8.8562500000000000e+01,B+
103249,1371,40,+8.9625000000000000e+01,B+
103249,1372,40,+8.3968750000000000e+01,B
103257,1269,40,+8.2375000000000000e+01,B-
103263,1134,40,+9.2562500000000000e+01,A-
103275,1145,40,+8.2062500000000000e+01,B-
103275,1147,40,+8.8250000000000000e+01,B+
103297,1143,40,+8.0125000000000000e+01,B-
103300,1237,40,+8.2937500000000000e+01,B-
103300,1138,40,+7.9531250000000000e+01,C+
103300,1139,40,+8.3406250000000000e+01,B
103300,1140,40,+7.7593750000000000e+01,C+
103307,1299,40,+8.8500000000000000e+01,B+
103307,1301,40,+8.7312500000000000e+01,B+
103307,1305,40,+9.0875000000000000e+01,A-
105302,1207,40,+8.4687500000000000e+01,B
105302,1097,40,+8.4531250000000000e+01,B
103339,1241,40,+8.9187500000000000e+01,B+
103339,1372,40,+9.0875000000000000e+01,A-
103340,1143,40,+9.2062500000000000e+01,A-
102902,1151,40,+8.1593750000000000e+01,B-
103359,1301,40,+8.6750000000000000e+01,B
103359,1302,40,+8.6062500000000000e+01,B
103359,1304,40,+8.8687500000000000e+01,B+
103359,1306,40,+8.4562500000000000e+01,B
103359,1310,40,+8.4500000000000000e+01,B
105309,1251,40,+8.5062500000000000e+01,B
105309,1201,40,+8.5468750000000000e+01,B
103367,1239,40,+8.0656250000000000e+01,B-
103367,1241,40,+8.5437500000000000e+01,B
103381,1354,40,+8.5406250000000000e+01,B
103385,1349,40,+7.9812500000000000e+01,C+
103385,1356,40,+8.6375000000000000e+01,B
103385,1361,40,+8.3218750000000000e+01,B
103385,1365,40,+8.3562500000000000e+01,B
103400,1273,40,+9.1468750000000000e+01,A-
103400,1129,40,+9.1093750000000000e+01,A-
105313,1281,40,+7.9781250000000000e+01,C+
105313,1282,40,+8.9625000000000000e+01,B+
105313,1096,40,+8.4343750000000000e+01,B
105313,1283,40,+9.0187500000000000e+01,A-
103403,1134,40,+8.3406250000000000e+01,B
103403,1139,40,+8.6375000000000000e+01,B
105315,1107,40,+9.7562500000000000e+01,A+
105315,1318,40,+9.7812500000000000e+01,A+
105315,1330,40,+9.6312500000000000e+01,A
105315,1323,40,+9.3218750000000000e+01,A
105317,1328,40,+8.7781250000000000e+01,B+
105317,1321,40,+8.5468750000000000e+01,B
103450,1365,40,+9.7375000000000000e+01,A+
103450,1366,40,+8.9968750000000000e+01,B+
103450,1367,40,+9.2093750000000000e+01,A-
103450,1369,40,+9.0781250000000000e+01,A-
103450,1371,40,+9.1593750000000000e+01,A-
103468,1307,40,+8.9468750000000000e+01,B+
103468,1309,40,+8.7906250000000000e+01,B+
103468,1310,40,+9.1343750000000000e+01,A-
103469,1367,40,+8.6750000000000000e+01,B
103469,1371,40,+8.8968750000000000e+01,B+
103469,1372,40,+9.3312500000000000e+01,A
103469,1374,40,+8.9062500000000000e+01,B+
103476,1240,40,+8.1656250000000000e+01,B-
103476,1161,40,+7.9718750000000000e+01,C+
102905,1189,40,+8.6625000000000000e+01,B
102905,1191,40,+8.1718750000000000e+01,B-
103496,1366,40,+8.1250000000000000e+01,B-
103496,1145,40,+8.3312500000000000e+01,B
103496,1153,40,+8.5625000000000000e+01,B
103496,1154,40,+8.0593750000000000e+01,B-
103496,1155,40,+8.0125000000000000e+01,B-
103503,1302,40,+9.0781250000000000e+01,A-
103503,1304,40,+9.1281250000000000e+01,A-
103503,1305,40,+9.3625000000000000e+01,A
103503,1306,40,+9.6437500000000000e+01,A
103507,1313,40,+8.8593750000000000e+01,B+
103512,1302,40,+9.0875000000000000e+01,A-
103512,1305,40,+9.2718750000000000e+01,A-
103512,1306,40,+9.3375000000000000e+01,A
103520,1401,40,+8.5187500000000000e+01,B
103520,1409,40,+7.8718750000000000e+01,C+
103520,1410,40,+9.1125000000000000e+01,A-
103520,1412,40,+8.5625000000000000e+01,B
103527,1231,40,+8.8406250000000000e+01,B+
103527,1134,40,+8.8062500000000000e+01,B+
103527,1137,40,+8.1093750000000000e+01,B-
102907,1313,40,+7.7187500000000000e+01,C+
103535,1302,40,+8.9406250000000000e+01,B+
103535,1416,40,+8.9906250000000000e+01,B+
103535,1304,40,+9.0562500000000000e+01,A-
103535,1309,40,+8.5781250000000000e+01,B
103544,1130,40,+8.8468750000000000e+01,B+
103544,1353,40,+9.1500000000000000e+01,A-
103544,1132,40,+9.3562500000000000e+01,A
103544,1235,40,+9.3062500000000000e+01,A
103555,1231,40,+8.4562500000000000e+01,B
103555,1235,40,+8.8562500000000000e+01,B+
103555,1236,40,+9.0093750000000000e+01,A-
103555,1138,40,+8.9406250000000000e+01,B+
103562,1354,40,+9.7093750000000000e+01,A+
103562,1358,40,+9.6437500000000000e+01,A
103562,1237,40,+9.5843750000000000e+01,A
103562,1360,40,+8.9156250000000000e+01,B+
103562,1365,40,+9.6437500000000000e+01,A
103596,1302,40,+8.3968750000000000e+01,B
103596,1304,40,+9.0281250000000000e+01,A-
103596,1306,40,+8.3562500000000000e+01,B
103596,1307,40,+9.1187500000000000e+01,A-
103597,1415,40,+8.2218750000000000e+01,B-
103597,1270,40,+8.3406250000000000e+01,B
103597,1417,40,+8.4093750000000000e+01,B
103601,1304,40,+9.0156250000000000e+01,A-
103601,1305,40,+9.0718750000000000e+01,A-
103601,1306,40,+8.8125000000000000e+01,B+
103601,1309,40,+9.0906250000000000e+01,A-
103621,1302,40,+8.2000000000000000e+01,B-
103621,1417,40,+8.3468750000000000e+01,B
103621,1418,40,+8.6281250000000000e+01,B
103621,1420,40,+8.6093750000000000e+01,B
103621,1421,40,+8.3500000000000000e+01,B
103635,1302,40,+9.0656250000000000e+01,A-
103635,1304,40,+8.5562500000000000e+01,B
103635,1305,40,+7.5187500000000000e+01,C
103635,1309,40,+8.7500000000000000e+01,B+
103636,1361,40,+9.4625000000000000e+01,A
103636,1367,40,+9.1187500000000000e+01,A-
103636,1370,40,+9.2375000000000000e+01,A-
103636,1371,40,+9.0187500000000000e+01,A-
103646,1232,40,+8.5718750000000000e+01,B
103646,1135,40,+8.2406250000000000e+01,B-
103649,1412,40,+9.3781250000000000e+01,A
103649,1413,40,+9.1156250000000000e+01,A-
103649,1414,40,+9.1968750000000000e+01,A-
103649,1415,40,+9.0437500000000000e+01,A-
103651,1415,40,+9.0093750000000000e+01,A-
103651,1416,40,+8.9468750000000000e+01,B+
103651,1417,40,+8.9968750000000000e+01,B+
103651,1418,40,+8.6000000000000000e+01,B
103651,1420,40,+8.3531250000000000e+01,B
103657,1409,40,+9.4718750000000000e+01,A
103657,1411,40,+9.9625000000000000e+01,A+
103657,1412,40,+9.6437500000000000e+01,A
103657,1413,40,+9.6406250000000000e+01,A
103657,1414,40,+9.9343750000000000e+01,A+
103665,1375,40,+8.7812500000000000e+01,B+
103672,1130,40,+9.6625000000000000e+01,A
103672,1354,40,+9.7187500000000000e+01,A+
103672,1238,40,+9.0937500000000000e+01,A-
103672,1142,40,+9.7781250000000000e+01,A+
103672,1143,40,+9.7218750000000000e+01,A+
103681,1414,40,+8.0718750000000000e+01,B-
103681,1416,40,+8.3250000000000000e+01,B
103681,1302,40,+7.5781250000000000e+01,C
103681,1417,40,+8.6218750000000000e+01,B
103685,1412,40,+8.5031250000000000e+01,B
103685,1413,40,+8.4187500000000000e+01,B
103685,1414,40,+7.9437500000000000e+01,C+
103685,1119,40,+8.4250000000000000e+01,B
103685,1415,40,+8.4937500000000000e+01,B
103695,1361,40,+9.6062500000000000e+01,A
103695,1363,40,+9.8093750000000000e+01,A+
103695,1367,40,+9.5093750000000000e+01,A
103695,1371,40,+9.9875000000000000e+01,A+
105351,1395,40,+8.4687500000000000e+01,B
105351,1403,40,+7.7375000000000000e+01,C+
105351,1392,40,+8.5125000000000000e+01,B
105351,1404,40,+7.8906250000000000e+01,C+
103706,1354,40,+9.3500000000000000e+01,A
103706,1363,40,+9.4281250000000000e+01,A
103713,1239,40,+9.9687500000000000e+01,A+
103713,1143,40,+9.7375000000000000e+01,A+
103713,1145,40,+9.6312500000000000e+01,A
103713,1148,40,+1.0025000000000000e+02,A+
103720,1136,40,+8.6468750000000000e+01,B
103720,1240,40,+8.8593750000000000e+01,B+
103720,1241,40,+8.8781250000000000e+01,B+
103729,1401,40,+9.0687500000000000e+01,A-
103729,1410,40,+8.4781250000000000e+01,B
103729,1411,40,+9.1437500000000000e+01,A-
103729,1412,40,+8.5687500000000000e+01,B
103740,1304,40,+8.5937500000000000e+01,B
103740,1305,40,+8.2875000000000000e+01,B-
103740,1306,40,+8.6781250000000000e+01,B
103740,1307,40,+8.8281250000000000e+01,B+
103743,1305,40,+9.0875000000000000e+01,A-
103743,1346,40,+9.1937500000000000e+01,A-
103743,1306,40,+8.4625000000000000e+01,B
103743,1307,40,+9.0750000000000000e+01,A-
103747,1414,40,+9.1718750000000000e+01,A-
103747,1415,40,+8.6562500000000000e+01,B
103747,1416,40,+8.7500000000000000e+01,B+
103747,1417,40,+8.3343750000000000e+01,B
102917,1164,40,+8.1031250000000000e+01,B-
102917,1165,40,+9.1750000000000000e+01,A-
103761,1137,40,+9.4312500000000000e+01,A
103761,1238,40,+9.2562500000000000e+01,A-
103761,1152,40,+9.2281250000000000e+01,A-
102917,1170,40,+8.5812500000000000e+01,B
102917,1181,40,+8.8593750000000000e+01,B+
103784,1238,40,+9.0375000000000000e+01,A-
103784,1140,40,+8.9312500000000000e+01,B+
103784,1241,40,+8.9281250000000000e+01,B+
103798,1153,40,+8.4906250000000000e+01,B
103798,1155,40,+8.1687500000000000e+01,B-
103799,1230,40,+9.5875000000000000e+01,A
103812,1137,40,+8.7156250000000000e+01,B+
103812,1139,40,+8.7625000000000000e+01,B+
103818,1363,40,+8.9406250000000000e+01,B+
103818,1365,40,+8.7281250000000000e+01,B+
103818,1366,40,+8.9250000000000000e+01,B+
103828,1355,40,+8.6218750000000000e+01,B
103828,1363,40,+8.5875000000000000e+01,B
103828,1365,40,+8.6218750000000000e+01,B
103828,1368,40,+8.5781250000000000e+01,B
103828,1370,40,+8.5000000000000000e+01,B
105368,1323,40,+7.8531250000000000e+01,C+
105368,1319,40,+8.4031250000000000e+01,B
105368,1097,40,+8.4156250000000000e+01,B
105368,1331,40,+9.1906250000000000e+01,A-
105368,1325,40,+8.5312500000000000e+01,B
103836,1357,40,+9.1531250000000000e+01,A-
103836,1358,40,+8.6312500000000000e+01,B
103836,1363,40,+8.6031250000000000e+01,B
103836,1143,40,+8.7125000000000000e+01,B+
105371,1402,40,+9.3625000000000000e+01,A
105371,1395,40,+8.9656250000000000e+01,B+
105371,1396,40,+9.1000000000000000e+01,A-
103852,1353,40,+8.5750000000000000e+01,B
103852,1139,40,+8.0187500000000000e+01,B-
103852,1361,40,+8.3437500000000000e+01,B
103852,1364,40,+7.7593750000000000e+01,C+
103856,1139,40,+8.7531250000000000e+01,B+
103856,1363,40,+9.1343750000000000e+01,A-
103856,1365,40,+8.7531250000000000e+01,B+
103856,1369,40,+8.8093750000000000e+01,B+
103857,1268,40,+9.2218750000000000e+01,A-
103857,1415,40,+9.2625000000000000e+01,A-
103857,1416,40,+8.9781250000000000e+01,B+
103857,1417,40,+8.6125000000000000e+01,B
103857,1418,40,+8.9843750000000000e+01,B+
103863,1413,40,+8.5375000000000000e+01,B
103863,1414,40,+8.1187500000000000e+01,B-
103863,1341,40,+8.6718750000000000e+01,B
103863,1415,40,+8.7593750000000000e+01,B+
103863,1417,40,+8.0593750000000000e+01,B-
103891,1352,40,+8.3906250000000000e+01,B
103924,1305,40,+7.4375000000000000e+01,C
103924,1306,40,+7.6500000000000000e+01,C
103924,1307,40,+7.6093750000000000e+01,C
103924,1309,40,+7.5406250000000000e+01,C
103924,1310,40,+7.7906250000000000e+01,C+
103928,1361,40,+9.0656250000000000e+01,A-
103928,1365,40,+9.5125000000000000e+01,A
103928,1366,40,+9.3312500000000000e+01,A
103928,1369,40,+9.1656250000000000e+01,A-
103929,1137,40,+8.7593750000000000e+01,B+
103929,1138,40,+8.6500000000000000e+01,B
103929,1240,40,+8.5750000000000000e+01,B
103939,1125,40,+8.4187500000000000e+01,B
103939,1312,40,+8.8968750000000000e+01,B+
103939,1136,40,+8.6062500000000000e+01,B
103942,1232,40,+9.1125000000000000e+01,A-
103942,1133,40,+8.4750000000000000e+01,B
103943,1226,40,+7.5406250000000000e+01,C
103943,1230,40,+8.3593750000000000e+01,B
103943,1231,40,+7.9843750000000000e+01,C+
103943,1133,40,+8.0375000000000000e+01,B-
103948,1360,40,+8.8218750000000000e+01,B+
103948,1361,40,+9.0281250000000000e+01,A-
103948,1363,40,+8.6500000000000000e+01,B
103948,1365,40,+8.8843750000000000e+01,B+
103952,1415,40,+8.7343750000000000e+01,B+
103952,1417,40,+8.2812500000000000e+01,B-
103952,1418,40,+8.5718750000000000e+01,B
103952,1421,40,+8.4593750000000000e+01,B
103952,1422,40,+8.3187500000000000e+01,B
103955,1304,40,+8.4312500000000000e+01,B
103955,1305,40,+8.1781250000000000e+01,B-
103955,1307,40,+8.4468750000000000e+01,B
103955,1309,40,+7.8968750000000000e+01,C+
103975,1414,40,+8.6875000000000000e+01,B
103975,1415,40,+9.0968750000000000e+01,A-
105387,1329,40,+8.0687500000000000e+01,B-
105387,1318,40,+8.2531250000000000e+01,B-
103980,1133,40,+9.1656250000000000e+01,A-
103980,1134,40,+8.9000000000000000e+01,B+
103980,1135,40,+8.6875000000000000e+01,B
103980,1239,40,+8.9750000000000000e+01,B+
105388,1203,40,+9.3593750000000000e+01,A
105388,1254,40,+9.1281250000000000e+01,A-
103989,1355,40,+9.3593750000000000e+01,A
103989,1358,40,+9.7468750000000000e+01,A+
103989,1364,40,+9.9531250000000000e+01,A+
103989,1366,40,+9.9312500000000000e+01,A+
103990,1413,40,+8.6718750000000000e+01,B
103990,1415,40,+8.6781250000000000e+01,B
103990,1417,40,+8.5718750000000000e+01,B
103990,1418,40,+8.8937500000000000e+01,B+
102930,1369,40,+9.9343750000000000e+01,A+
102930,1372,40,+9.9656250000000000e+01,A+
104019,1215,40,+8.9906250000000000e+01,B+
104019,1267,40,+8.9437500000000000e+01,B+
102930,1375,40,+9.5375000000000000e+01,A
102930,1379,40,+9.8406250000000000e+01,A+
104020,1399,40,+9.1468750000000000e+01,A-
104020,1400,40,+9.4031250000000000e+01,A
104020,1408,40,+9.3000000000000000e+01,A
104046,1339,40,+9.1125000000000000e+01,A-
104046,1347,40,+9.2281250000000000e+01,A-
102930,1383,40,+9.7812500000000000e+01,A+
104057,1344,40,+8.3281250000000000e+01,B
104057,1347,40,+8.0468750000000000e+01,B-
104057,1126,40,+8.0562500000000000e+01,B-
104057,1353,40,+7.6406250000000000e+01,C
104066,1339,40,+8.7750000000000000e+01,B+
104066,1268,40,+8.8937500000000000e+01,B+
104066,1346,40,+8.6125000000000000e+01,B
104070,1287,40,+8.2125000000000000e+01,B-
104070,1337,40,+8.1343750000000000e+01,B-
104070,1341,40,+7.6781250000000000e+01,C
104094,1287,40,+1.0012500000000000e+02,A+
104094,1295,40,+9.7406250000000000e+01,A+
104105,1284,40,+8.9031250000000000e+01,B+
104105,1252,40,+8.4750000000000000e+01,B
104109,1294,40,+8.5687500000000000e+01,B
104109,1287,40,+9.1656250000000000e+01,A-
104109,1295,40,+8.8562500000000000e+01,B+
104109,1296,40,+8.8250000000000000e+01,B+
104121,1295,40,+8.6937500000000000e+01,B
104121,1296,40,+8.4625000000000000e+01,B
104121,1297,40,+8.6968750000000000e+01,B
105411,1403,40,+5.6718750000000000e+01,F
105411,1396,40,+6.0125000000000000e+01,D
105411,1392,40,+5.5812500000000000e+01,F
105411,1404,40,+5.5093750000000000e+01,F
104161,1117,40,+8.5406250000000000e+01,B
104161,1270,40,+8.9593750000000000e+01,B+
104161,1220,40,+9.0718750000000000e+01,A-
104161,1121,40,+9.1093750000000000e+01,A-
104161,1418,40,+9.0218750000000000e+01,A-
104167,1293,40,+8.9625000000000000e+01,B+
104167,1286,40,+9.1531250000000000e+01,A-
104167,1294,40,+8.6781250000000000e+01,B
104167,1287,40,+8.5500000000000000e+01,B
104167,1401,40,+9.0031250000000000e+01,A-
102936,1189,40,+8.4687500000000000e+01,B
104176,1286,40,+8.3281250000000000e+01,B
104176,1294,40,+7.8406250000000000e+01,C+
104176,1295,40,+8.7750000000000000e+01,B+
104176,1296,40,+8.7406250000000000e+01,B+
105418,1402,40,+8.3218750000000000e+01,B
105418,1395,40,+8.5437500000000000e+01,B
105418,1391,40,+8.6562500000000000e+01,B
104189,1125,40,+8.1937500000000000e+01,B-
104189,1349,40,+8.3718750000000000e+01,B
104197,1271,40,+7.7718750000000000e+01,C+
104197,1122,40,+8.3375000000000000e+01,B
105419,1249,40,+9.0125000000000000e+01,A-
104206,1253,40,+9.0093750000000000e+01,A-
104206,1407,40,+8.1843750000000000e+01,B-
104206,1326,40,+8.0750000000000000e+01,B-
104206,1334,40,+8.5187500000000000e+01,B
104206,1335,40,+8.2593750000000000e+01,B-
104231,1214,40,+9.5937500000000000e+01,A
104231,1268,40,+9.4875000000000000e+01,A
104231,1269,40,+9.8000000000000000e+01,A+
104231,1219,40,+9.5968750000000000e+01,A
104231,1416,40,+9.4750000000000000e+01,A
104245,1219,40,+9.0562500000000000e+01,A-
104245,1220,40,+9.2718750000000000e+01,A-
104245,1271,40,+8.6281250000000000e+01,B
104245,1304,40,+9.0562500000000000e+01,A-
105425,1282,40,+8.3031250000000000e+01,B
105425,1290,40,+8.7531250000000000e+01,B+
105425,1283,40,+7.7500000000000000e+01,C+
105425,1279,40,+7.9718750000000000e+01,C+
105425,1393,40,+8.7187500000000000e+01,B+
104257,1116,40,+8.7750000000000000e+01,B+
104270,1405,40,+9.7468750000000000e+01,A+
104270,1394,40,+9.9562500000000000e+01,A+
104270,1406,40,+9.5906250000000000e+01,A
104270,1399,40,+1.0056250000000000e+02,A+
104278,1202,40,+8.6000000000000000e+01,B
104278,1325,40,+8.3875000000000000e+01,B
104278,1103,40,+8.6875000000000000e+01,B
104278,1261,40,+8.8093750000000000e+01,B+
104278,1112,40,+8.8781250000000000e+01,B+
104297,1292,40,+8.6937500000000000e+01,B
104297,1293,40,+8.9968750000000000e+01,B+
104297,1286,40,+9.0343750000000000e+01,A-
104297,1294,40,+8.6375000000000000e+01,B
104297,1287,40,+8.5843750000000000e+01,B
104299,1400,40,+8.6906250000000000e+01,B
104299,1254,40,+8.1750000000000000e+01,B-
104299,1408,40,+8.5843750000000000e+01,B
104319,1121,40,+9.6656250000000000e+01,A
104319,1222,40,+9.3656250000000000e+01,A
105431,1192,40,+9.0718750000000000e+01,A-
105431,1091,40,+9.3531250000000000e+01,A
105431,1315,40,+9.0968750000000000e+01,A-
104331,1392,40,+9.2375000000000000e+01,A-
104331,1393,40,+9.3500000000000000e+01,A
104331,1405,40,+9.2625000000000000e+01,A-
104331,1284,40,+9.2906250000000000e+01,A-
104331,1398,40,+9.1281250000000000e+01,A-
104346,1399,40,+8.9093750000000000e+01,B+
104346,1400,40,+9.0718750000000000e+01,A-
104354,1211,40,+8.7343750000000000e+01,B+
104354,1408,40,+8.3312500000000000e+01,B
104362,1399,40,+8.6843750000000000e+01,B
104362,1400,40,+8.5187500000000000e+01,B
104362,1408,40,+8.7250000000000000e+01,B+
104362,1409,40,+8.4875000000000000e+01,B
104387,1406,40,+9.1031250000000000e+01,A-
104387,1399,40,+9.1625000000000000e+01,A-
104387,1407,40,+9.2625000000000000e+01,A-
104387,1400,40,+9.2562500000000000e+01,A-
104387,1408,40,+9.5187500000000000e+01,A
104393,1286,40,+9.4437500000000000e+01,A
104393,1408,40,+9.3875000000000000e+01,A
104393,1294,40,+9.2375000000000000e+01,A-
104393,1287,40,+9.5093750000000000e+01,A
104393,1295,40,+9.1062500000000000e+01,A-
104399,1216,40,+9.4468750000000000e+01,A
104399,1124,40,+9.0906250000000000e+01,A-
104409,1394,40,+8.7968750000000000e+01,B+
104409,1406,40,+9.0875000000000000e+01,A-
104409,1399,40,+8.8531250000000000e+01,B+
104409,1407,40,+8.6500000000000000e+01,B
104423,1294,40,+8.7437500000000000e+01,B+
104423,1287,40,+8.4875000000000000e+01,B
104425,1346,40,+8.8750000000000000e+01,B+
104434,1394,40,+5.8343750000000000e+01,F
104434,1406,40,+5.6625000000000000e+01,F
104434,1399,40,+5.6875000000000000e+01,F
104434,1400,40,+6.1437500000000000e+01,D
104436,1123,40,+9.1468750000000000e+01,A-
104436,1273,40,+9.4406250000000000e+01,A
104436,1226,40,+9.0250000000000000e+01,A-
104442,1280,40,+6.0406250000000000e+01,D
104442,1292,40,+5.4937500000000000e+01,F
104442,1285,40,+5.0031250000000000e+01,F
104442,1293,40,+5.2843750000000000e+01,F
104442,1286,40,+5.8000000000000000e+01,F
104446,1336,40,+9.3656250000000000e+01,A
104446,1337,40,+8.6718750000000000e+01,B
104446,1116,40,+9.3343750000000000e+01,A
104446,1343,40,+8.6781250000000000e+01,B
104448,1294,40,+8.5187500000000000e+01,B
104448,1299,40,+8.8406250000000000e+01,B+
104449,1292,40,+8.0500000000000000e+01,B-
104449,1285,40,+8.0593750000000000e+01,B-
104449,1293,40,+8.0750000000000000e+01,B-
104449,1294,40,+8.2781250000000000e+01,B-
104453,1293,40,+8.2437500000000000e+01,B-
104453,1287,40,+9.2031250000000000e+01,A-
104453,1296,40,+8.4250000000000000e+01,B
104453,1297,40,+8.8218750000000000e+01,B+
104468,1202,40,+8.6531250000000000e+01,B
104468,1203,40,+8.6812500000000000e+01,B
104468,1104,40,+8.8687500000000000e+01,B+
104468,1204,40,+8.6625000000000000e+01,B
105453,1207,40,+9.0750000000000000e+01,A-
105453,1200,40,+9.0812500000000000e+01,A-
104483,1205,40,+8.1937500000000000e+01,B-
104483,1336,40,+8.6593750000000000e+01,B
104483,1339,40,+8.2781250000000000e+01,B-
104483,1420,40,+8.6500000000000000e+01,B
104484,1406,40,+7.6250000000000000e+01,C
104484,1407,40,+8.3312500000000000e+01,B
104488,1345,40,+9.4250000000000000e+01,A
104488,1349,40,+9.1687500000000000e+01,A-
104488,1230,40,+8.8812500000000000e+01,B+
104491,1285,40,+8.2812500000000000e+01,B-
104491,1293,40,+8.3375000000000000e+01,B
104491,1287,40,+7.5000000000000000e+01,C
104495,1399,40,+8.2593750000000000e+01,B-
104495,1407,40,+8.3000000000000000e+01,B
104495,1400,40,+8.5375000000000000e+01,B
104495,1408,40,+8.4375000000000000e+01,B
104498,1339,40,+8.7000000000000000e+01,B+
104498,1343,40,+8.7687500000000000e+01,B+
104498,1344,40,+8.9500000000000000e+01,B+
104498,1345,40,+9.1406250000000000e+01,A-
104498,1346,40,+8.8375000000000000e+01,B+
104507,1406,40,+7.9750000000000000e+01,C+
104507,1400,40,+8.2562500000000000e+01,B-
104507,1401,40,+8.1500000000000000e+01,B-
104507,1409,40,+7.9093750000000000e+01,C+
104507,1410,40,+8.1656250000000000e+01,B-
104515,1197,40,+7.9250000000000000e+01,C+
104515,1292,40,+7.7750000000000000e+01,C+
104515,1285,40,+8.3875000000000000e+01,B
104517,1118,40,+7.8968750000000000e+01,C+
104517,1341,40,+8.0812500000000000e+01,B-
104517,1347,40,+8.1500000000000000e+01,B-
104517,1129,40,+8.3593750000000000e+01,B
104517,1353,40,+8.2625000000000000e+01,B-
104527,1345,40,+8.9343750000000000e+01,B+
104527,1346,40,+9.0562500000000000e+01,A-
104528,1202,40,+8.4812500000000000e+01,B
104528,1413,40,+8.6406250000000000e+01,B
104546,1253,40,+8.9156250000000000e+01,B+
104546,1104,40,+9.1218750000000000e+01,A-
104546,1262,40,+8.7968750000000000e+01,B+
104546,1263,40,+9.0937500000000000e+01,A-
104547,1286,40,+8.1968750000000000e+01,B-
104547,1326,40,+8.1843750000000000e+01,B-
104547,1294,40,+8.4000000000000000e+01,B
104547,1287,40,+8.1718750000000000e+01,B-
104551,1254,40,+7.5812500000000000e+01,C
104551,1113,40,+7.5625000000000000e+01,C
104551,1115,40,+7.7281250000000000e+01,C+
104561,1295,40,+8.4531250000000000e+01,B
104578,1335,40,+9.6968750000000000e+01,A
104578,1337,40,+9.6687500000000000e+01,A
104578,1341,40,+9.8718750000000000e+01,A+
104590,1284,40,+8.9468750000000000e+01,B+
104590,1400,40,+8.6750000000000000e+01,B
104597,1336,40,+8.4718750000000000e+01,B
104597,1219,40,+8.4718750000000000e+01,B
104597,1421,40,+8.1500000000000000e+01,B-
104607,1204,40,+8.8406250000000000e+01,B+
104607,1113,40,+8.8406250000000000e+01,B+
104607,1215,40,+8.1750000000000000e+01,B-
104607,1299,40,+8.4687500000000000e+01,B
102946,1312,40,+8.8468750000000000e+01,B+
105473,1319,40,+9.1531250000000000e+01,A-
105473,1331,40,+9.1625000000000000e+01,A-
105473,1320,40,+9.0937500000000000e+01,A-
104620,1120,40,+8.6375000000000000e+01,B
104620,1271,40,+8.8218750000000000e+01,B+
104620,1123,40,+8.2593750000000000e+01,B-
104620,1223,40,+8.9687500000000000e+01,B+
104637,1284,40,+8.0906250000000000e+01,B-
104637,1280,40,+7.8437500000000000e+01,C+
104637,1292,40,+8.3281250000000000e+01,B
104637,1285,40,+8.4156250000000000e+01,B
104637,1293,40,+8.3562500000000000e+01,B
104641,1292,40,+9.1312500000000000e+01,A-
104641,1285,40,+8.8781250000000000e+01,B+
104645,1325,40,+8.9312500000000000e+01,B+
104647,1296,40,+8.7781250000000000e+01,B+
104647,1300,40,+8.8593750000000000e+01,B+
104647,1301,40,+8.6437500000000000e+01,B
104654,1293,40,+9.7343750000000000e+01,A+
104654,1286,40,+9.3562500000000000e+01,A
104654,1294,40,+9.3062500000000000e+01,A
104654,1287,40,+9.7000000000000000e+01,A+
104654,1295,40,+9.7843750000000000e+01,A+
104657,1292,40,+8.9312500000000000e+01,B+
104671,1339,40,+9.0875000000000000e+01,A-
104671,1341,40,+9.2843750000000000e+01,A-
104671,1344,40,+9.0250000000000000e+01,A-
104672,1287,40,+8.8343750000000000e+01,B+
104672,1205,40,+8.6281250000000000e+01,B
104672,1295,40,+8.6937500000000000e+01,B
104672,1296,40,+8.3062500000000000e+01,B
104690,1400,40,+9.0468750000000000e+01,A-
104690,1408,40,+8.7531250000000000e+01,B+
104690,1409,40,+8.8437500000000000e+01,B+
104690,1410,40,+7.6781250000000000e+01,C
104690,1411,40,+9.0093750000000000e+01,A-
104699,1394,40,+8.5843750000000000e+01,B
104699,1098,40,+9.0843750000000000e+01,A-
104699,1406,40,+8.9187500000000000e+01,B+
104699,1399,40,+8.5343750000000000e+01,B
104699,1407,40,+8.6062500000000000e+01,B
104706,1327,40,+8.8250000000000000e+01,B+
104706,1339,40,+9.1750000000000000e+01,A-
104706,1341,40,+8.8968750000000000e+01,B+
104706,1347,40,+8.8937500000000000e+01,B+
104708,1400,40,+8.8750000000000000e+01,B+
104708,1287,40,+8.4750000000000000e+01,B
104724,1407,40,+7.6687500000000000e+01,C
104724,1400,40,+8.1437500000000000e+01,B-
104724,1408,40,+8.5875000000000000e+01,B
104733,1286,40,+9.1187500000000000e+01,A-
104733,1294,40,+8.8812500000000000e+01,B+
104740,1284,40,+8.2187500000000000e+01,B-
104740,1280,40,+8.1781250000000000e+01,B-
104740,1286,40,+7.9593750000000000e+01,C+
104740,1294,40,+7.8531250000000000e+01,C+
104743,1327,40,+8.3593750000000000e+01,B
104743,1205,40,+8.2218750000000000e+01,B-
104743,1265,40,+8.9250000000000000e+01,B+
104743,1118,40,+8.9093750000000000e+01,B+
104774,1393,40,+8.4843750000000000e+01,B
104774,1405,40,+8.6187500000000000e+01,B
104774,1398,40,+7.8531250000000000e+01,C+
104774,1202,40,+8.2562500000000000e+01,B-
104776,1343,40,+8.7562500000000000e+01,B+
104776,1345,40,+8.9312500000000000e+01,B+
104776,1346,40,+9.1468750000000000e+01,A-
104794,1211,40,+8.7093750000000000e+01,B+
104794,1408,40,+8.8500000000000000e+01,B+
104794,1334,40,+8.7156250000000000e+01,B+
104794,1401,40,+8.9812500000000000e+01,B+
104794,1409,40,+8.5343750000000000e+01,B
104800,1406,40,+8.8000000000000000e+01,B+
104800,1407,40,+8.7312500000000000e+01,B+
104800,1400,40,+9.2312500000000000e+01,A-
104800,1408,40,+8.9187500000000000e+01,B+
104800,1401,40,+8.8625000000000000e+01,B+
104807,1286,40,+8.3562500000000000e+01,B
104807,1294,40,+7.7406250000000000e+01,C+
104807,1295,40,+7.4312500000000000e+01,C
104817,1401,40,+8.3093750000000000e+01,B
104817,1409,40,+7.6593750000000000e+01,C
104817,1412,40,+8.4343750000000000e+01,B
104817,1413,40,+8.3218750000000000e+01,B
104817,1414,40,+8.6687500000000000e+01,B
104851,1406,40,+8.8593750000000000e+01,B+
104851,1399,40,+8.5281250000000000e+01,B
104851,1407,40,+9.0687500000000000e+01,A-
104851,1400,40,+8.9750000000000000e+01,B+
104851,1408,40,+8.7281250000000000e+01,B+
104878,1341,40,+6.0000000000000000e+01,D
104878,1343,40,+6.0125000000000000e+01,D
104878,1344,40,+5.5125000000000000e+01,F
104878,1346,40,+6.1718750000000000e+01,D
104878,1347,40,+5.5656250000000000e+01,F
105505,1282,40,+8.7500000000000000e+01,B+
105505,1200,40,+8.8125000000000000e+01,B+
104884,1407,40,+8.2750000000000000e+01,B-
104884,1400,40,+9.1625000000000000e+01,A-
104884,1401,40,+8.6906250000000000e+01,B
104902,1203,40,+8.8906250000000000e+01,B+
104902,1254,40,+9.0187500000000000e+01,A-
104902,1216,40,+8.6250000000000000e+01,B
104905,1204,40,+8.3312500000000000e+01,B
104915,1325,40,+8.5125000000000000e+01,B
104915,1335,40,+8.0718750000000000e+01,B-
104915,1113,40,+8.1906250000000000e+01,B-
104915,1336,40,+8.2718750000000000e+01,B-
104919,1400,40,+9.0500000000000000e+01,A-
104919,1408,40,+9.2062500000000000e+01,A-
104919,1401,40,+9.4062500000000000e+01,A
104919,1409,40,+8.9687500000000000e+01,B+
104925,1262,40,+8.7187500000000000e+01,B+
104925,1115,40,+8.5937500000000000e+01,B
104925,1216,40,+8.5093750000000000e+01,B
104925,1267,40,+8.6125000000000000e+01,B
104926,1337,40,+9.6281250000000000e+01,A
104926,1339,40,+9.5468750000000000e+01,A
104926,1341,40,+9.2125000000000000e+01,A-
104926,1346,40,+9.8875000000000000e+01,A+
104957,1287,40,+8.9906250000000000e+01,B+
104957,1262,40,+9.1812500000000000e+01,A-
104957,1205,40,+8.6031250000000000e+01,B
104957,1214,40,+8.9281250000000000e+01,B+
104964,1319,40,+8.5093750000000000e+01,B
104977,1335,40,+8.7406250000000000e+01,B+
104977,1121,40,+8.6781250000000000e+01,B
104997,1294,40,+8.5125000000000000e+01,B
104997,1287,40,+8.3531250000000000e+01,B
104997,1295,40,+8.3875000000000000e+01,B
104997,1113,40,+8.1000000000000000e+01,B-
104997,1296,40,+8.3218750000000000e+01,B
105522,1290,40,+9.3406250000000000e+01,A
105522,1283,40,+9.4437500000000000e+01,A
105522,1279,40,+8.9781250000000000e+01,B+
105522,1291,40,+9.3968750000000000e+01,A
105526,1322,40,+8.4718750000000000e+01,B
105532,1289,40,+8.5468750000000000e+01,B
105532,1282,40,+8.9656250000000000e+01,B+
105548,1403,40,+9.0843750000000000e+01,A-
105548,1396,40,+9.0875000000000000e+01,A-
105548,1392,40,+9.1500000000000000e+01,A-
105554,1395,40,+9.2937500000000000e+01,A-
105554,1391,40,+8.5343750000000000e+01,B
105554,1403,40,+8.5531250000000000e+01,B
105554,1392,40,+8.3250000000000000e+01,B
105556,1330,40,+7.9437500000000000e+01,C+
105556,1102,40,+8.3218750000000000e+01,B
105556,1332,40,+8.6968750000000000e+01,B
105563,1403,40,+8.5968750000000000e+01,B
105563,1279,40,+8.3312500000000000e+01,B
105563,1102,40,+8.6812500000000000e+01,B
105564,1199,40,+9.6593750000000000e+01,A
105584,1102,40,+8.9593750000000000e+01,B+
105584,1103,40,+8.7843750000000000e+01,B+
105584,1255,40,+7.8156250000000000e+01,C+
105584,1296,40,+8.4812500000000000e+01,B
105584,1339,40,+8.9500000000000000e+01,B+
105585,1403,40,+9.2750000000000000e+01,A-
105587,1391,40,+7.9937500000000000e+01,C+
105599,1403,40,+9.1656250000000000e+01,A-
105599,1282,40,+9.5781250000000000e+01,A
105599,1290,40,+9.1843750000000000e+01,A-
105614,1391,40,+8.4531250000000000e+01,B
105614,1396,40,+8.2406250000000000e+01,B-
105614,1392,40,+8.2968750000000000e+01,B-
105614,1404,40,+8.2812500000000000e+01,B-
105621,1277,40,+7.8375000000000000e+01,C+
105621,1318,40,+8.9593750000000000e+01,B+
105621,1208,40,+8.9687500000000000e+01,B+
105621,1324,40,+9.1468750000000000e+01,A-
105639,1277,40,+9.3375000000000000e+01,A
105639,1282,40,+9.3906250000000000e+01,A
105639,1290,40,+9.1593750000000000e+01,A-
105642,1247,40,+7.9281250000000000e+01,C+
105642,1260,40,+8.2156250000000000e+01,B-
105651,1290,40,+7.9218750000000000e+01,C+
105651,1279,40,+8.2406250000000000e+01,B-
105651,1291,40,+8.4687500000000000e+01,B
105651,1284,40,+7.7750000000000000e+01,C+
105651,1280,40,+7.7437500000000000e+01,C+
105662,1099,40,+8.2437500000000000e+01,B-
105666,1096,40,+8.5000000000000000e+01,B
105666,1196,40,+7.8062500000000000e+01,C+
105681,1252,40,+8.9093750000000000e+01,B+
105681,1202,40,+9.1125000000000000e+01,A-
105691,1316,40,+7.7218750000000000e+01,C+
105730,1202,40,+8.4531250000000000e+01,B
105730,1103,40,+8.7218750000000000e+01,B+
105730,1253,40,+9.0187500000000000e+01,A-
105752,1331,40,+8.9906250000000000e+01,B+
105752,1332,40,+9.1406250000000000e+01,A-
105757,1290,40,+8.7718750000000000e+01,B+
105757,1283,40,+8.3250000000000000e+01,B
105757,1279,40,+8.8625000000000000e+01,B+
105762,1207,40,+8.2343750000000000e+01,B-
105762,1200,40,+8.3687500000000000e+01,B
105778,1199,40,+9.4468750000000000e+01,A
105778,1282,40,+9.3718750000000000e+01,A
105778,1207,40,+9.8625000000000000e+01,A+
105778,1096,40,+9.2812500000000000e+01,A-
105781,1318,40,+7.9187500000000000e+01,C+
105781,1330,40,+8.6625000000000000e+01,B
105781,1319,40,+7.8625000000000000e+01,C+
105787,1281,40,+9.2031250000000000e+01,A-
105787,1277,40,+8.5875000000000000e+01,B
105787,1282,40,+8.9875000000000000e+01,B+
105787,1290,40,+8.8937500000000000e+01,B+
105805,1322,40,+8.5562500000000000e+01,B
105805,1318,40,+8.3625000000000000e+01,B
105805,1330,40,+7.9062500000000000e+01,C+
105805,1290,40,+8.1343750000000000e+01,B-
105805,1323,40,+8.2687500000000000e+01,B-
105824,1395,40,+8.9750000000000000e+01,B+
105824,1256,40,+8.7156250000000000e+01,B+
105824,1403,40,+8.8093750000000000e+01,B+
105824,1392,40,+8.9187500000000000e+01,B+
102969,1371,40,+8.4781250000000000e+01,B
102969,1376,40,+8.2187500000000000e+01,B-
102969,1379,40,+7.9250000000000000e+01,C+
105850,1289,40,+8.2937500000000000e+01,B-
105850,1279,40,+7.9937500000000000e+01,C+
105869,1402,40,+9.2406250000000000e+01,A-
105869,1395,40,+9.0781250000000000e+01,A-
105869,1391,40,+9.6437500000000000e+01,A
105872,1324,40,+9.2656250000000000e+01,A-
105872,1320,40,+9.7406250000000000e+01,A+
105872,1332,40,+9.5187500000000000e+01,A
105895,1289,40,+9.1281250000000000e+01,A-
105895,1101,40,+8.8812500000000000e+01,B+
105895,1283,40,+8.9031250000000000e+01,B+
105906,1321,40,+7.9312500000000000e+01,C+
105906,1289,40,+8.6937500000000000e+01,B
105906,1290,40,+8.1375000000000000e+01,B-
105906,1283,40,+8.1593750000000000e+01,B-
105925,1245,40,+8.8093750000000000e+01,B+
105925,1200,40,+8.1125000000000000e+01,B-
105925,1246,40,+8.6625000000000000e+01,B
105927,1282,40,+8.6281250000000000e+01,B
105927,1283,40,+8.1656250000000000e+01,B-
105927,1279,40,+8.0937500000000000e+01,B-
105944,1107,40,+9.7343750000000000e+01,A+
105944,1207,40,+9.8562500000000000e+01,A+
105944,1251,40,+9.7625000000000000e+01,A+
105944,1201,40,+9.4906250000000000e+01,A
105946,1395,40,+8.3562500000000000e+01,B
105946,1391,40,+8.0906250000000000e+01,B-
105946,1403,40,+8.0781250000000000e+01,B-
105951,1107,40,+9.1125000000000000e+01,A-
105951,1329,40,+8.7656250000000000e+01,B+
105951,1250,40,+9.3750000000000000e+01,A
105951,1251,40,+9.2625000000000000e+01,A-
105965,1323,40,+8.7500000000000000e+01,B+
105965,1208,40,+8.8000000000000000e+01,B+
105965,1251,40,+8.9375000000000000e+01,B+
105965,1097,40,+8.5531250000000000e+01,B
105967,1201,40,+8.8531250000000000e+01,B+
105967,1097,40,+8.5500000000000000e+01,B
105972,1289,40,+9.7687500000000000e+01,A+
105972,1282,40,+1.0075000000000000e+02,A+
105974,1101,40,+6.0781250000000000e+01,D
105974,1320,40,+5.3531250000000000e+01,F
105989,1277,40,+9.1718750000000000e+01,A-
105989,1282,40,+9.1281250000000000e+01,A-
105989,1283,40,+9.3625000000000000e+01,A
105993,1096,40,+8.2687500000000000e+01,B-
105999,1329,40,+9.1937500000000000e+01,A-
105999,1392,40,+9.0812500000000000e+01,A-
105999,1393,40,+8.8718750000000000e+01,B+
102994,1155,40,+7.9500000000000000e+01,C+
102994,1171,40,+7.9687500000000000e+01,C+
105109,1320,41,+8.4718750000000000e+01,B
105144,1200,41,+8.8843750000000000e+01,B+
105144,1404,41,+9.1562500000000000e+01,A-
105157,1260,41,+8.3093750000000000e+01,B
105157,1254,41,+8.0031250000000000e+01,B-
105198,1255,41,+8.6406250000000000e+01,B
105198,1115,41,+8.4500000000000000e+01,B
105198,1117,41,+8.8593750000000000e+01,B+
105198,1269,41,+8.7906250000000000e+01,B+
105212,1213,41,+8.5750000000000000e+01,B
105214,1284,41,+8.5875000000000000e+01,B
105214,1280,41,+8.9343750000000000e+01,B+
105214,1292,41,+8.7250000000000000e+01,B+
105214,1285,41,+9.0937500000000000e+01,A-
105226,1260,41,+8.5093750000000000e+01,B
105236,1284,41,+8.3625000000000000e+01,B
105236,1280,41,+8.7562500000000000e+01,B+
105236,1292,41,+8.9031250000000000e+01,B+
105236,1294,41,+8.8812500000000000e+01,B+
105257,1252,41,+8.4906250000000000e+01,B
105257,1280,41,+8.7062500000000000e+01,B+
105257,1292,41,+9.1500000000000000e+01,A-
105257,1285,41,+8.8218750000000000e+01,B+
103000,1310,41,+8.8937500000000000e+01,B+
103000,1311,41,+9.5812500000000000e+01,A
103000,1312,41,+9.4968750000000000e+01,A
103039,1153,41,+8.2468750000000000e+01,B-
105266,1404,41,+8.4812500000000000e+01,B
105266,1405,41,+8.3843750000000000e+01,B
103068,1307,41,+8.5281250000000000e+01,B
103068,1309,41,+8.5031250000000000e+01,B
103068,1310,41,+8.3562500000000000e+01,B
103068,1311,41,+8.1125000000000000e+01,B-
103087,1155,41,+9.0062500000000000e+01,A-
103087,1381,41,+8.7406250000000000e+01,B+
103087,1162,41,+8.1968750000000000e+01,B-
103087,1165,41,+8.9031250000000000e+01,B+
103134,1420,41,+9.3593750000000000e+01,A
103140,1309,41,+9.1312500000000000e+01,A-
103140,1311,41,+9.5625000000000000e+01,A
103140,1312,41,+9.1250000000000000e+01,A-
103140,1313,41,+9.3062500000000000e+01,A
103258,1154,41,+8.0312500000000000e+01,B-
103339,1159,41,+8.9500000000000000e+01,B+
105307,1398,41,+9.3531250000000000e+01,A
103359,1313,41,+9.3562500000000000e+01,A
103359,1241,41,+9.0406250000000000e+01,A-
103367,1372,41,+8.1500000000000000e+01,B-
105309,1197,41,+8.6250000000000000e+01,B
105313,1284,41,+8.6531250000000000e+01,B
105313,1280,41,+8.4031250000000000e+01,B
105313,1292,41,+8.9500000000000000e+01,B+
105313,1285,41,+9.0531250000000000e+01,A-
103476,1176,41,+8.5656250000000000e+01,B
103503,1309,41,+9.1843750000000000e+01,A-
103503,1310,41,+8.9406250000000000e+01,B+
103503,1313,41,+9.2406250000000000e+01,A-
103512,1128,41,+9.5781250000000000e+01,A
103512,1310,41,+9.1593750000000000e+01,A-
103512,1313,41,+9.0406250000000000e+01,A-
103512,1360,41,+9.2093750000000000e+01,A-
103596,1310,41,+9.1000000000000000e+01,A-
103596,1311,41,+8.8937500000000000e+01,B+
103596,1312,41,+8.7343750000000000e+01,B+
103672,1153,41,+9.2093750000000000e+01,A-
103672,1167,41,+9.6562500000000000e+01,A
103695,1374,41,+9.6718750000000000e+01,A
103695,1377,41,+9.8406250000000000e+01,A+
103695,1378,41,+9.4843750000000000e+01,A
103695,1379,41,+1.0018750000000000e+02,A+
103695,1380,41,+9.4843750000000000e+01,A
105351,1393,41,+8.3031250000000000e+01,B
105351,1405,41,+8.0500000000000000e+01,B-
105351,1398,41,+8.2562500000000000e+01,B-
103720,1152,41,+9.1625000000000000e+01,A-
103812,1153,41,+8.5937500000000000e+01,B
103812,1154,41,+8.7656250000000000e+01,B+
105368,1336,41,+9.1687500000000000e+01,A-
105368,1341,41,+8.8718750000000000e+01,B+
105371,1392,41,+9.3312500000000000e+01,A
105371,1404,41,+9.0000000000000000e+01,A-
105371,1393,41,+9.1750000000000000e+01,A-
105371,1405,41,+9.0593750000000000e+01,A-
105371,1398,41,+9.4218750000000000e+01,A
103852,1366,41,+7.9875000000000000e+01,C+
103852,1367,41,+7.8781250000000000e+01,C+
103852,1372,41,+8.4593750000000000e+01,B
103852,1376,41,+8.4062500000000000e+01,B
103852,1377,41,+8.3593750000000000e+01,B
103856,1373,41,+8.6843750000000000e+01,B
103856,1377,41,+9.3468750000000000e+01,A
103856,1378,41,+9.3000000000000000e+01,A
103856,1379,41,+9.2312500000000000e+01,A-
103857,1420,41,+8.7187500000000000e+01,B+
105387,1320,41,+7.6750000000000000e+01,C
105387,1326,41,+8.4750000000000000e+01,B
105387,1334,41,+7.7312500000000000e+01,C+
105387,1335,41,+8.1656250000000000e+01,B-
105388,1112,41,+9.0343750000000000e+01,A-
105388,1255,41,+8.8968750000000000e+01,B+
105388,1267,41,+9.3968750000000000e+01,A
104020,1401,41,+8.7343750000000000e+01,B+
104057,1354,41,+8.2437500000000000e+01,B-
104057,1356,41,+8.2062500000000000e+01,B-
104121,1299,41,+9.0531250000000000e+01,A-
104121,1300,41,+8.9156250000000000e+01,B+
105411,1393,41,+5.6375000000000000e+01,F
105411,1405,41,+5.5187500000000000e+01,F
105411,1398,41,+5.7468750000000000e+01,F
105425,1291,41,+8.3125000000000000e+01,B
105425,1280,41,+8.3843750000000000e+01,B
105425,1292,41,+8.5750000000000000e+01,B
104299,1401,41,+8.3156250000000000e+01,B
104299,1409,41,+8.2187500000000000e+01,B-
104299,1410,41,+8.2937500000000000e+01,B-
104299,1413,41,+8.2437500000000000e+01,B-
104299,1414,41,+8.5250000000000000e+01,B
104331,1400,41,+9.0750000000000000e+01,A-
104331,1408,41,+9.3968750000000000e+01,A
104331,1401,41,+9.0406250000000000e+01,A-
105434,1196,41,+8.8281250000000000e+01,B+
104346,1211,41,+8.9812500000000000e+01,B+
104399,1232,41,+9.1031250000000000e+01,A-
104399,1133,41,+9.1125000000000000e+01,A-
104423,1295,41,+8.8375000000000000e+01,B+
104423,1296,41,+8.9718750000000000e+01,B+
104423,1297,41,+8.5968750000000000e+01,B
104423,1299,41,+8.6750000000000000e+01,B
104436,1128,41,+9.2375000000000000e+01,A-
104436,1230,41,+9.2125000000000000e+01,A-
104436,1313,41,+8.9968750000000000e+01,B+
104436,1231,41,+9.4093750000000000e+01,A
104436,1233,41,+9.1000000000000000e+01,A-
104446,1346,41,+9.1062500000000000e+01,A-
104446,1421,41,+9.1593750000000000e+01,A-
104449,1296,41,+8.3968750000000000e+01,B
104449,1300,41,+8.4062500000000000e+01,B
104468,1266,41,+8.1656250000000000e+01,B-
104468,1267,41,+8.6250000000000000e+01,B
104468,1122,41,+8.1937500000000000e+01,B-
105453,1208,41,+8.7687500000000000e+01,B+
105453,1102,41,+9.1531250000000000e+01,A-
104484,1400,41,+8.3625000000000000e+01,B
104484,1408,41,+8.3687500000000000e+01,B
104546,1267,41,+8.9656250000000000e+01,B+
104546,1270,41,+8.6656250000000000e+01,B
104546,1271,41,+9.0343750000000000e+01,A-
104546,1224,41,+9.0968750000000000e+01,A-
104561,1341,41,+8.5968750000000000e+01,B
104561,1420,41,+9.1968750000000000e+01,A-
105473,1325,41,+8.8781250000000000e+01,B+
105473,1333,41,+8.9343750000000000e+01,B+
105473,1261,41,+8.7218750000000000e+01,B+
105473,1335,41,+9.0093750000000000e+01,A-
105473,1336,41,+9.4593750000000000e+01,A
104671,1345,41,+9.1187500000000000e+01,A-
104690,1412,41,+7.7593750000000000e+01,C+
104690,1413,41,+8.7656250000000000e+01,B+
104690,1414,41,+8.7250000000000000e+01,B+
104690,1415,41,+8.7687500000000000e+01,B+
104699,1104,41,+8.8500000000000000e+01,B+
104699,1400,41,+8.5781250000000000e+01,B
104699,1401,41,+8.9093750000000000e+01,B+
104699,1409,41,+8.7000000000000000e+01,B+
105497,1247,41,+8.7937500000000000e+01,B+
104884,1409,41,+8.8781250000000000e+01,B+
104884,1410,41,+8.5750000000000000e+01,B
104884,1411,41,+9.0343750000000000e+01,A-
104915,1339,41,+7.6187500000000000e+01,C
104915,1343,41,+8.0468750000000000e+01,B-
104915,1346,41,+8.3187500000000000e+01,B
104997,1115,41,+8.2562500000000000e+01,B-
104997,1297,41,+8.1781250000000000e+01,B-
104997,1299,41,+8.0937500000000000e+01,B-
104997,1301,41,+7.6625000000000000e+01,C
104997,1302,41,+8.1031250000000000e+01,B-
105522,1280,41,+9.4562500000000000e+01,A
105522,1292,41,+9.0718750000000000e+01,A-
105532,1291,41,+8.9593750000000000e+01,B+
105532,1284,41,+9.0812500000000000e+01,A-
105532,1280,41,+8.9250000000000000e+01,B+
105532,1285,41,+8.5437500000000000e+01,B
105532,1293,41,+8.8250000000000000e+01,B+
105548,1393,41,+9.1906250000000000e+01,A-
105548,1398,41,+9.1375000000000000e+01,A-
105584,1118,41,+8.3218750000000000e+01,B
105662,1324,41,+8.8000000000000000e+01,B+
105662,1332,41,+7.7156250000000000e+01,C+
105781,1324,41,+8.4187500000000000e+01,B
105805,1320,41,+8.8687500000000000e+01,B+
105872,1325,41,+9.2531250000000000e+01,A-
105872,1326,41,+9.4625000000000000e+01,A
105944,1197,41,+9.5875000000000000e+01,A
105972,1279,41,+9.5406250000000000e+01,A
105972,1291,41,+9.6593750000000000e+01,A
105999,1247,41,+8.9906250000000000e+01,B+
105999,1405,41,+8.9906250000000000e+01,B+
105999,1398,41,+8.7250000000000000e+01,B+
105999,1252,41,+8.8968750000000000e+01,B+
106001,1389,41,+8.9375000000000000e+01,B+
106001,1390,41,+9.1750000000000000e+01,A-
106001,1402,41,+9.2750000000000000e+01,A-
106001,1391,41,+9.2437500000000000e+01,A-
106006,1274,41,+8.9343750000000000e+01,B+
106006,1275,41,+8.7781250000000000e+01,B+
106006,1281,41,+8.8062500000000000e+01,B+
106008,1090,41,+8.0406250000000000e+01,B-
106008,1091,41,+8.2187500000000000e+01,B-
106020,1274,41,+9.1812500000000000e+01,A-
106020,1281,41,+8.4437500000000000e+01,B
106020,1095,41,+8.6875000000000000e+01,B
106020,1277,41,+8.6343750000000000e+01,B
106025,1248,41,+9.6781250000000000e+01,A
106025,1095,41,+9.5343750000000000e+01,A
106034,1274,41,+8.8250000000000000e+01,B+
106034,1389,41,+8.1500000000000000e+01,B-
106038,1389,41,+8.1468750000000000e+01,B-
106038,1390,41,+8.4000000000000000e+01,B
106038,1402,41,+8.0500000000000000e+01,B-
106038,1395,41,+8.0843750000000000e+01,B-
106043,1194,41,+9.2312500000000000e+01,A-
106043,1199,41,+8.8531250000000000e+01,B+
106047,1274,41,+8.8187500000000000e+01,B+
106047,1281,41,+9.0593750000000000e+01,A-
106047,1249,41,+8.7187500000000000e+01,B+
106047,1277,41,+9.0187500000000000e+01,A-
106059,1389,41,+8.0468750000000000e+01,B-
106059,1390,41,+7.8812500000000000e+01,C+
106059,1402,41,+8.4218750000000000e+01,B
106059,1391,41,+8.5187500000000000e+01,B
106063,1274,41,+8.8656250000000000e+01,B+
106063,1275,41,+8.8937500000000000e+01,B+
106065,1090,41,+8.4531250000000000e+01,B
106065,1091,41,+8.0875000000000000e+01,B-
106067,1388,41,+8.6906250000000000e+01,B
106067,1389,41,+8.9062500000000000e+01,B+
106067,1390,41,+9.1750000000000000e+01,A-
106067,1402,41,+8.4062500000000000e+01,B
106075,1092,41,+9.1656250000000000e+01,A-
106075,1107,41,+8.7062500000000000e+01,B+
106087,1192,41,+9.0125000000000000e+01,A-
106087,1193,41,+8.5812500000000000e+01,B
106087,1248,41,+8.8781250000000000e+01,B+
106099,1388,41,+9.3562500000000000e+01,A
106099,1389,41,+9.1468750000000000e+01,A-
106099,1402,41,+9.3031250000000000e+01,A
106099,1395,41,+9.2250000000000000e+01,A-
106106,1242,41,+8.2031250000000000e+01,B-
106106,1099,41,+7.7500000000000000e+01,C+
106106,1199,41,+8.2718750000000000e+01,B-
106111,1389,41,+8.2468750000000000e+01,B-
106111,1256,41,+8.2250000000000000e+01,B-
106111,1200,41,+8.2812500000000000e+01,B-
106127,1315,41,+8.5000000000000000e+01,B
106127,1321,41,+8.8812500000000000e+01,B+
106127,1329,41,+8.9000000000000000e+01,B+
106127,1318,41,+8.9000000000000000e+01,B+
106133,1274,41,+9.2312500000000000e+01,A-
106133,1316,41,+9.4500000000000000e+01,A
106133,1328,41,+9.0500000000000000e+01,A-
106133,1321,41,+9.2906250000000000e+01,A-
106148,1274,41,+9.0406250000000000e+01,A-
106148,1275,41,+8.7812500000000000e+01,B+
106148,1390,41,+8.8500000000000000e+01,B+
106148,1281,41,+8.7187500000000000e+01,B+
106166,1192,41,+8.5156250000000000e+01,B
106166,1248,41,+8.4937500000000000e+01,B
106178,1315,41,+7.8687500000000000e+01,C+
106178,1316,41,+9.0156250000000000e+01,A-
106178,1107,41,+9.0343750000000000e+01,A-
106191,1388,41,+8.4343750000000000e+01,B
106191,1389,41,+8.1750000000000000e+01,B-
106191,1390,41,+8.7281250000000000e+01,B+
106191,1402,41,+9.1406250000000000e+01,A-
106194,1314,41,+9.7031250000000000e+01,A+
106194,1095,41,+9.7968750000000000e+01,A+
106194,1329,41,+9.7687500000000000e+01,A+
106210,1092,41,+8.7875000000000000e+01,B+
106210,1093,41,+9.0343750000000000e+01,A-
106210,1194,41,+9.0375000000000000e+01,A-
106215,1090,41,+9.0062500000000000e+01,A-
106215,1091,41,+8.7875000000000000e+01,B+
106218,1192,41,+8.5125000000000000e+01,B
106218,1243,41,+8.3750000000000000e+01,B
106218,1245,41,+7.7812500000000000e+01,C+
106233,1315,41,+8.9375000000000000e+01,B+
106247,1388,41,+9.5687500000000000e+01,A
106247,1389,41,+1.0015625000000000e+02,A+
106247,1193,41,+9.8937500000000000e+01,A+
106247,1390,41,+9.8812500000000000e+01,A+
106251,1389,41,+7.8843750000000000e+01,C+
106251,1390,41,+8.1750000000000000e+01,B-
106251,1402,41,+8.0031250000000000e+01,B-
106255,1389,41,+8.9281250000000000e+01,B+
106255,1390,41,+8.8468750000000000e+01,B+
106255,1402,41,+8.9343750000000000e+01,B+
106286,1274,41,+9.2281250000000000e+01,A-
106286,1281,41,+9.1718750000000000e+01,A-
106286,1277,41,+9.4812500000000000e+01,A
106290,1094,41,+8.7750000000000000e+01,B+
106290,1199,41,+8.5875000000000000e+01,B
106290,1107,41,+8.8718750000000000e+01,B+
106290,1246,41,+9.0187500000000000e+01,A-
106311,1388,41,+8.8000000000000000e+01,B+
106311,1389,41,+8.7375000000000000e+01,B+
106311,1395,41,+8.3500000000000000e+01,B
106311,1391,41,+8.6281250000000000e+01,B
106312,1275,41,+9.3531250000000000e+01,A
106312,1281,41,+8.9593750000000000e+01,B+
106312,1277,41,+9.1125000000000000e+01,A-
106321,1315,41,+8.1156250000000000e+01,B-
106321,1322,41,+8.4125000000000000e+01,B
106321,1318,41,+8.1875000000000000e+01,B-
106321,1392,41,+8.0906250000000000e+01,B-
106323,1248,41,+8.3312500000000000e+01,B
106323,1099,41,+8.4812500000000000e+01,B
106323,1206,41,+8.2875000000000000e+01,B-
106323,1250,41,+7.8875000000000000e+01,C+
106323,1258,41,+8.4593750000000000e+01,B
106325,1090,41,+9.8781250000000000e+01,A+
106325,1091,41,+9.9562500000000000e+01,A+
106327,1388,41,+9.2656250000000000e+01,A-
106327,1242,41,+9.1906250000000000e+01,A-
106327,1389,41,+9.0968750000000000e+01,A-
106338,1090,41,+8.9625000000000000e+01,B+
106340,1274,41,+8.0625000000000000e+01,B-
106340,1275,41,+8.7250000000000000e+01,B+
106340,1281,41,+8.7187500000000000e+01,B+
106340,1277,41,+8.7781250000000000e+01,B+
106402,1388,41,+5.3125000000000000e+01,F
106402,1389,41,+5.7625000000000000e+01,F
106402,1390,41,+5.8625000000000000e+01,F
106402,1402,41,+5.9375000000000000e+01,F
106407,1242,41,+8.6343750000000000e+01,B
106407,1193,41,+8.6656250000000000e+01,B
106424,1388,41,+8.7781250000000000e+01,B+
106424,1389,41,+8.7312500000000000e+01,B+
106424,1390,41,+8.4125000000000000e+01,B
106470,1314,41,+8.5343750000000000e+01,B
106470,1316,41,+8.3875000000000000e+01,B
106470,1328,41,+8.1968750000000000e+01,B-
106472,1090,41,+8.0593750000000000e+01,B-
106472,1091,41,+8.1468750000000000e+01,B-
106478,1245,41,+8.0125000000000000e+01,B-
106484,1274,41,+8.6687500000000000e+01,B
106484,1275,41,+9.0187500000000000e+01,A-
106485,1274,41,+8.5343750000000000e+01,B
106485,1275,41,+8.5531250000000000e+01,B
106485,1395,41,+8.3812500000000000e+01,B
106493,1090,41,+9.2906250000000000e+01,A-
106493,1091,41,+9.1656250000000000e+01,A-
106502,1274,41,+8.7656250000000000e+01,B+
106502,1090,41,+8.6468750000000000e+01,B
106502,1091,41,+8.5125000000000000e+01,B
106518,1090,41,+9.1875000000000000e+01,A-
106518,1091,41,+9.3437500000000000e+01,A
106521,1090,41,+9.3125000000000000e+01,A
106521,1091,41,+9.3718750000000000e+01,A
106521,1248,41,+9.2750000000000000e+01,A-
106527,1092,41,+8.1656250000000000e+01,B-
106527,1314,41,+7.8281250000000000e+01,C+
106527,1321,41,+8.0875000000000000e+01,B-
106542,1090,41,+9.1562500000000000e+01,A-
106542,1091,41,+9.0125000000000000e+01,A-
106585,1099,41,+7.7125000000000000e+01,C+
106592,1092,41,+8.8968750000000000e+01,B+
106592,1242,41,+8.4250000000000000e+01,B
106592,1206,41,+8.9656250000000000e+01,B+
106592,1249,41,+8.9000000000000000e+01,B+
106598,1314,41,+9.1937500000000000e+01,A-
106598,1315,41,+8.8843750000000000e+01,B+
106598,1316,41,+9.4218750000000000e+01,A
106598,1329,41,+8.9468750000000000e+01,B+
106616,1091,41,+8.6437500000000000e+01,B
106616,1281,41,+8.7562500000000000e+01,B+
106616,1322,41,+8.7093750000000000e+01,B+
106632,1388,41,+8.3875000000000000e+01,B
106632,1390,41,+8.9593750000000000e+01,B+
106632,1402,41,+8.4093750000000000e+01,B
106632,1395,41,+8.9875000000000000e+01,B+
106651,1388,41,+8.9093750000000000e+01,B+
106651,1390,41,+7.3468750000000000e+01,C
106651,1402,41,+8.2250000000000000e+01,B-
106660,1328,41,+8.8343750000000000e+01,B+
106660,1322,41,+8.7156250000000000e+01,B+
106673,1314,41,+8.7343750000000000e+01,B+
106677,1090,41,+9.2968750000000000e+01,A-
106677,1091,41,+9.2218750000000000e+01,A-
106699,1092,41,+8.6562500000000000e+01,B
106706,1090,41,+9.1593750000000000e+01,A-
106706,1314,41,+9.0343750000000000e+01,A-
106706,1091,41,+9.2531250000000000e+01,A-
106713,1274,41,+9.1437500000000000e+01,A-
106713,1242,41,+8.7843750000000000e+01,B+
106713,1275,41,+9.1937500000000000e+01,A-
106713,1389,41,+9.2750000000000000e+01,A-
106713,1281,41,+8.9625000000000000e+01,B+
106714,1274,41,+8.7187500000000000e+01,B+
106714,1275,41,+8.2968750000000000e+01,B-
106714,1281,41,+9.0250000000000000e+01,A-
106718,1092,41,+8.2968750000000000e+01,B-
106718,1256,41,+9.0500000000000000e+01,A-
106718,1396,41,+8.7781250000000000e+01,B+
106725,1090,41,+8.8750000000000000e+01,B+
106725,1091,41,+9.4437500000000000e+01,A
106730,1090,41,+9.2031250000000000e+01,A-
106730,1091,41,+9.1125000000000000e+01,A-
106732,1316,41,+8.4218750000000000e+01,B
106732,1328,41,+8.7187500000000000e+01,B+
106732,1321,41,+8.6343750000000000e+01,B
106740,1274,41,+8.7968750000000000e+01,B+
106740,1092,41,+8.3656250000000000e+01,B
106740,1242,41,+8.2187500000000000e+01,B-
106740,1093,41,+9.2187500000000000e+01,A-
106744,1243,41,+9.8781250000000000e+01,A+
106744,1193,41,+9.5562500000000000e+01,A
106745,1092,41,+7.4468750000000000e+01,C
106745,1242,41,+7.3218750000000000e+01,C
106745,1192,41,+8.0437500000000000e+01,B-
106754,1249,41,+8.7562500000000000e+01,B+
106754,1250,41,+8.7500000000000000e+01,B+
106754,1096,41,+9.2062500000000000e+01,A-
106754,1197,41,+8.6062500000000000e+01,B
106755,1388,41,+8.4156250000000000e+01,B
106755,1389,41,+8.5250000000000000e+01,B
106755,1390,41,+7.8125000000000000e+01,C+
106756,1090,41,+9.6625000000000000e+01,A
106756,1091,41,+9.4437500000000000e+01,A
106759,1274,41,+7.6781250000000000e+01,C
106759,1281,41,+8.2500000000000000e+01,B-
106759,1277,41,+8.3312500000000000e+01,B
106762,1315,41,+8.0187500000000000e+01,B-
106762,1275,41,+8.2656250000000000e+01,B-
106788,1090,41,+8.3218750000000000e+01,B
106788,1388,41,+8.4562500000000000e+01,B
106788,1389,41,+8.2781250000000000e+01,B-
106792,1328,41,+8.3062500000000000e+01,B
106792,1404,41,+8.6531250000000000e+01,B
106795,1090,41,+8.9062500000000000e+01,B+
106795,1192,41,+9.1437500000000000e+01,A-
106795,1091,41,+8.8093750000000000e+01,B+
106818,1090,41,+8.9187500000000000e+01,B+
106818,1091,41,+8.9781250000000000e+01,B+
106835,1275,41,+8.9656250000000000e+01,B+
106835,1281,41,+8.8687500000000000e+01,B+
106835,1277,41,+9.0593750000000000e+01,A-
106835,1289,41,+9.1406250000000000e+01,A-
106838,1388,41,+8.9875000000000000e+01,B+
106838,1390,41,+8.3718750000000000e+01,B
106838,1402,41,+8.6125000000000000e+01,B
106839,1192,41,+9.3687500000000000e+01,A
106839,1243,41,+9.1531250000000000e+01,A-
106839,1206,41,+9.3625000000000000e+01,A
106865,1388,41,+8.2312500000000000e+01,B-
106865,1389,41,+8.1812500000000000e+01,B-
106865,1390,41,+8.3437500000000000e+01,B
106865,1402,41,+8.2781250000000000e+01,B-
106867,1274,41,+8.6406250000000000e+01,B
106867,1314,41,+8.8656250000000000e+01,B+
106867,1316,41,+8.6375000000000000e+01,B
106867,1391,41,+9.3406250000000000e+01,A
106867,1322,41,+8.8218750000000000e+01,B+
106868,1328,41,+9.6968750000000000e+01,A
106871,1274,41,+9.0687500000000000e+01,A-
106871,1275,41,+9.0500000000000000e+01,A-
106871,1395,41,+9.1562500000000000e+01,A-
106879,1314,41,+8.4125000000000000e+01,B
106879,1315,41,+8.1812500000000000e+01,B-
106879,1316,41,+8.0875000000000000e+01,B-
106879,1328,41,+8.3937500000000000e+01,B
106879,1322,41,+8.1812500000000000e+01,B-
106883,1090,41,+9.2906250000000000e+01,A-
106883,1091,41,+8.7718750000000000e+01,B+
106891,1388,41,+9.0750000000000000e+01,A-
106891,1390,41,+9.4156250000000000e+01,A
106891,1395,41,+9.2125000000000000e+01,A-
106891,1391,41,+9.5218750000000000e+01,A
106891,1403,41,+8.9656250000000000e+01,B+
106903,1388,41,+9.0343750000000000e+01,A-
106903,1390,41,+9.2968750000000000e+01,A-
106903,1395,41,+8.5625000000000000e+01,B
106903,1391,41,+8.7000000000000000e+01,B+
106904,1092,41,+8.9531250000000000e+01,B+
106904,1093,41,+8.7625000000000000e+01,B+
106904,1206,41,+8.8968750000000000e+01,B+
106916,1093,41,+8.5593750000000000e+01,B
106916,1099,41,+8.9843750000000000e+01,B+
106916,1277,41,+8.5687500000000000e+01,B
106931,1090,41,+8.5562500000000000e+01,B
106931,1091,41,+7.4093750000000000e+01,C
106939,1274,41,+8.4750000000000000e+01,B
106939,1281,41,+8.1656250000000000e+01,B-
106939,1282,41,+8.3593750000000000e+01,B
106975,1314,41,+8.6125000000000000e+01,B
106975,1323,41,+8.9375000000000000e+01,B+
106993,1090,41,+8.5656250000000000e+01,B
106993,1091,41,+8.7312500000000000e+01,B+
105011,1283,41,+8.3593750000000000e+01,B
105014,1279,41,+8.3156250000000000e+01,B
105014,1291,41,+8.2781250000000000e+01,B-
105014,1284,41,+7.9562500000000000e+01,C+
105050,1398,41,+8.3093750000000000e+01,B
105050,1252,41,+8.3312500000000000e+01,B
105050,1253,41,+7.4906250000000000e+01,C
105051,1405,41,+7.7593750000000000e+01,C+
105051,1398,41,+8.0218750000000000e+01,B-
105051,1394,41,+7.7500000000000000e+01,C+
105064,1211,41,+9.5468750000000000e+01,A
105064,1212,41,+9.5781250000000000e+01,A
105064,1263,41,+9.8562500000000000e+01,A+
105064,1265,41,+9.8093750000000000e+01,A+
105065,1332,41,+9.3718750000000000e+01,A
105065,1325,41,+9.7000000000000000e+01,A+
105065,1411,41,+8.4250000000000000e+01,B
105065,1339,41,+9.4312500000000000e+01,A
105065,1343,41,+9.6406250000000000e+01,A
105078,1332,41,+8.8812500000000000e+01,B+
105078,1325,41,+9.0375000000000000e+01,A-
105078,1326,41,+9.1562500000000000e+01,A-
105097,1405,41,+9.1968750000000000e+01,A-
105097,1398,41,+9.4406250000000000e+01,A
105097,1394,41,+9.0468750000000000e+01,A-
105104,1284,41,+7.7531250000000000e+01,C+
105104,1280,41,+7.6593750000000000e+01,C
105104,1293,41,+7.7812500000000000e+01,C+
105104,1286,41,+7.8093750000000000e+01,C+
105104,1294,41,+7.6406250000000000e+01,C
105109,1394,41,+7.7343750000000000e+01,C+
105109,1332,41,+8.0000000000000000e+01,B-
105109,1325,41,+8.1906250000000000e+01,B-
105111,1394,41,+8.4281250000000000e+01,B
105111,1406,41,+8.1312500000000000e+01,B-
105111,1399,41,+7.9687500000000000e+01,C+
105127,1282,41,+5.7562500000000000e+01,F
105127,1290,41,+5.8031250000000000e+01,F
105127,1283,41,+5.4781250000000000e+01,F
105127,1279,41,+5.4937500000000000e+01,F
105127,1291,41,+5.7750000000000000e+01,F
105157,1196,41,+8.1562500000000000e+01,B-
105179,1097,41,+9.0250000000000000e+01,A-
105179,1102,41,+8.7125000000000000e+01,B+
105179,1259,41,+8.1718750000000000e+01,B-
105266,1398,41,+8.4625000000000000e+01,B
105267,1279,41,+9.1968750000000000e+01,A-
105267,1284,41,+9.1406250000000000e+01,A-
105267,1280,41,+9.1625000000000000e+01,A-
105288,1102,41,+8.3906250000000000e+01,B
105302,1259,41,+8.7093750000000000e+01,B+
105302,1252,41,+8.3593750000000000e+01,B
105302,1253,41,+8.2031250000000000e+01,B-
105315,1325,41,+9.4406250000000000e+01,A
105315,1334,41,+9.5687500000000000e+01,A
105317,1320,41,+9.2218750000000000e+01,A-
105317,1334,41,+8.8750000000000000e+01,B+
105317,1336,41,+8.5906250000000000e+01,B
105411,1394,41,+5.8250000000000000e+01,F
105418,1392,41,+9.0593750000000000e+01,A-
105418,1393,41,+8.9531250000000000e+01,B+
105418,1394,41,+8.9312500000000000e+01,B+
105419,1101,41,+8.7875000000000000e+01,B+
105419,1405,41,+9.0125000000000000e+01,A-
105419,1197,41,+8.9406250000000000e+01,B+
105419,1259,41,+8.8781250000000000e+01,B+
105419,1203,41,+8.6500000000000000e+01,B
105420,1258,41,+8.2593750000000000e+01,B-
105431,1199,41,+9.2531250000000000e+01,A-
105453,1098,41,+9.1843750000000000e+01,A-
105453,1253,41,+9.1156250000000000e+01,A-
105453,1104,41,+9.2187500000000000e+01,A-
105522,1284,41,+9.6718750000000000e+01,A
105548,1404,41,+9.3031250000000000e+01,A
105548,1394,41,+9.6656250000000000e+01,A
105554,1405,41,+8.1718750000000000e+01,B-
105556,1293,41,+8.5468750000000000e+01,B
105556,1326,41,+8.0156250000000000e+01,B-
105556,1341,41,+8.9218750000000000e+01,B+
105556,1343,41,+9.0125000000000000e+01,A-
105564,1262,41,+9.7156250000000000e+01,A+
105564,1255,41,+9.6562500000000000e+01,A
105564,1205,41,+9.6781250000000000e+01,A
105584,1270,41,+8.9687500000000000e+01,B+
105584,1121,41,+8.8687500000000000e+01,B+
105584,1272,41,+8.8718750000000000e+01,B+
105587,1392,41,+8.1843750000000000e+01,B-
105587,1393,41,+8.3875000000000000e+01,B
105599,1279,41,+9.3031250000000000e+01,A
105599,1291,41,+9.1187500000000000e+01,A-
105599,1405,41,+9.0406250000000000e+01,A-
105599,1280,41,+9.2218750000000000e+01,A-
105599,1285,41,+9.5187500000000000e+01,A
105614,1405,41,+8.3125000000000000e+01,B
105614,1398,41,+7.5625000000000000e+01,C
105618,1320,41,+8.6343750000000000e+01,B
105621,1098,41,+8.9718750000000000e+01,B+
105621,1320,41,+8.8937500000000000e+01,B+
105621,1325,41,+8.7656250000000000e+01,B+
105621,1333,41,+8.6531250000000000e+01,B
105639,1283,41,+9.3781250000000000e+01,A
105639,1279,41,+9.6062500000000000e+01,A
105639,1284,41,+9.2437500000000000e+01,A-
105640,1258,41,+9.1812500000000000e+01,A-
105642,1211,41,+8.4562500000000000e+01,B
105642,1408,41,+8.2875000000000000e+01,B-
105651,1292,41,+8.1593750000000000e+01,B-
105651,1285,41,+8.2187500000000000e+01,B-
105651,1293,41,+8.4406250000000000e+01,B
105651,1286,41,+8.1718750000000000e+01,B-
105651,1287,41,+8.2468750000000000e+01,B-
105662,1283,41,+8.3656250000000000e+01,B
105666,1202,41,+8.1531250000000000e+01,B-
105666,1211,41,+8.4250000000000000e+01,B
105681,1103,41,+9.2000000000000000e+01,A-
105681,1253,41,+9.3812500000000000e+01,A
105681,1204,41,+9.3718750000000000e+01,A
105691,1259,41,+8.5187500000000000e+01,B
105730,1112,41,+8.8843750000000000e+01,B+
105730,1265,41,+8.8062500000000000e+01,B+
105730,1119,41,+9.0843750000000000e+01,A-
105752,1325,41,+8.2562500000000000e+01,B-
105752,1333,41,+8.8468750000000000e+01,B+
105752,1335,41,+8.5250000000000000e+01,B
105752,1336,41,+8.8843750000000000e+01,B+
105757,1284,41,+8.8312500000000000e+01,B+
105757,1280,41,+9.0000000000000000e+01,A-
105757,1292,41,+8.5843750000000000e+01,B
105757,1285,41,+8.8781250000000000e+01,B+
105778,1101,41,+9.7562500000000000e+01,A+
105778,1259,41,+9.9656250000000000e+01,A+
105781,1325,41,+8.4031250000000000e+01,B
105781,1333,41,+8.3750000000000000e+01,B
105787,1283,41,+9.0937500000000000e+01,A-
105787,1279,41,+8.6937500000000000e+01,B
105787,1291,41,+8.7875000000000000e+01,B+
105787,1284,41,+8.5531250000000000e+01,B
105805,1325,41,+7.9125000000000000e+01,C+
105805,1210,41,+8.0625000000000000e+01,B-
105824,1404,41,+8.9968750000000000e+01,B+
105824,1393,41,+8.8843750000000000e+01,B+
105824,1405,41,+8.9750000000000000e+01,B+
105824,1394,41,+8.2312500000000000e+01,B-
105850,1284,41,+7.7875000000000000e+01,C+
105850,1280,41,+7.8187500000000000e+01,C+
105850,1292,41,+8.3125000000000000e+01,B
105850,1285,41,+7.8718750000000000e+01,C+
105867,1405,41,+9.0781250000000000e+01,A-
105867,1394,41,+8.9093750000000000e+01,B+
105867,1406,41,+9.1781250000000000e+01,A-
105869,1403,41,+9.2375000000000000e+01,A-
105869,1396,41,+9.4343750000000000e+01,A
105869,1392,41,+9.2093750000000000e+01,A-
105872,1339,41,+9.7156250000000000e+01,A+
105895,1279,41,+9.3750000000000000e+01,A
105895,1291,41,+8.8500000000000000e+01,B+
105895,1284,41,+8.7906250000000000e+01,B+
105895,1280,41,+9.0906250000000000e+01,A-
105906,1280,41,+8.0812500000000000e+01,B-
105906,1292,41,+7.1593750000000000e+01,C
105906,1285,41,+7.5500000000000000e+01,C
105906,1293,41,+8.1343750000000000e+01,B-
105906,1286,41,+8.6281250000000000e+01,B
105925,1208,41,+9.1562500000000000e+01,A-
105925,1102,41,+8.9687500000000000e+01,B+
105925,1203,41,+9.1187500000000000e+01,A-
105927,1291,41,+8.0531250000000000e+01,B-
105927,1284,41,+8.3718750000000000e+01,B
105927,1292,41,+7.9531250000000000e+01,C+
105944,1320,41,+9.9031250000000000e+01,A+
105944,1261,41,+9.7343750000000000e+01,A+
105946,1396,41,+7.6062500000000000e+01,C
105946,1392,41,+8.0218750000000000e+01,B-
105946,1404,41,+8.1843750000000000e+01,B-
105951,1393,41,+9.3343750000000000e+01,A
105951,1197,41,+9.0250000000000000e+01,A-
105951,1103,41,+8.9937500000000000e+01,B+
105951,1253,41,+9.2156250000000000e+01,A-
105965,1103,41,+8.6062500000000000e+01,B
105965,1266,41,+9.1937500000000000e+01,A-
105967,1202,41,+8.5312500000000000e+01,B
105967,1098,41,+8.6875000000000000e+01,B
105974,1325,41,+6.0062500000000000e+01,D
105974,1203,41,+6.1781250000000000e+01,D
105974,1333,41,+6.1718750000000000e+01,D
105989,1208,41,+9.0843750000000000e+01,A-
105989,1284,41,+9.2312500000000000e+01,A-
105989,1252,41,+9.0718750000000000e+01,A-
105989,1293,41,+7.9625000000000000e+01,C+
105993,1112,41,+7.8906250000000000e+01,C+
105993,1212,41,+8.2343750000000000e+01,B-
105993,1263,41,+8.6562500000000000e+01,B
104020,1410,41,+9.2968750000000000e+01,A-
104020,1411,41,+9.2875000000000000e+01,A-
104020,1412,41,+9.4125000000000000e+01,A
104046,1349,41,+9.2500000000000000e+01,A-
104046,1355,41,+9.2718750000000000e+01,A-
104046,1360,41,+8.8718750000000000e+01,B+
104066,1347,41,+8.6625000000000000e+01,B
104066,1349,41,+8.5781250000000000e+01,B
104066,1351,41,+8.7062500000000000e+01,B+
104070,1349,41,+8.3843750000000000e+01,B
104070,1356,41,+7.8468750000000000e+01,C+
104070,1357,41,+8.3843750000000000e+01,B
104094,1296,41,+9.7781250000000000e+01,A+
104094,1300,41,+9.5218750000000000e+01,A
104094,1301,41,+9.8625000000000000e+01,A+
104094,1302,41,+9.3812500000000000e+01,A
104109,1297,41,+9.0562500000000000e+01,A-
104109,1299,41,+9.2781250000000000e+01,A-
104109,1300,41,+8.7593750000000000e+01,B+
104121,1301,41,+9.0437500000000000e+01,A-
104121,1302,41,+8.3718750000000000e+01,B
104161,1125,41,+9.0718750000000000e+01,A-
104161,1227,41,+9.4312500000000000e+01,A
104161,1229,41,+8.4218750000000000e+01,B
104167,1296,41,+8.6593750000000000e+01,B
104167,1299,41,+8.4218750000000000e+01,B
104167,1301,41,+9.0718750000000000e+01,A-
104176,1337,41,+8.6343750000000000e+01,B
104176,1299,41,+8.2218750000000000e+01,B-
104176,1300,41,+8.3750000000000000e+01,B
104176,1302,41,+7.6562500000000000e+01,C
104189,1352,41,+8.9250000000000000e+01,B+
104189,1355,41,+8.5937500000000000e+01,B
104189,1356,41,+8.6875000000000000e+01,B
104197,1225,41,+7.9593750000000000e+01,C+
104197,1132,41,+7.9218750000000000e+01,C+
104197,1233,41,+7.4812500000000000e+01,C
104206,1265,41,+8.2343750000000000e+01,B-
104206,1343,41,+7.9875000000000000e+01,C+
104206,1344,41,+7.7125000000000000e+01,C+
104206,1345,41,+7.7937500000000000e+01,C+
104231,1220,41,+9.8187500000000000e+01,A+
104231,1271,41,+9.8500000000000000e+01,A+
104231,1223,41,+9.6875000000000000e+01,A
104231,1133,41,+9.7093750000000000e+01,A+
104231,1134,41,+9.7781250000000000e+01,A+
104245,1273,41,+9.4156250000000000e+01,A
104245,1224,41,+9.4687500000000000e+01,A
104245,1232,41,+9.1093750000000000e+01,A-
104245,1356,41,+8.8156250000000000e+01,B+
104257,1271,41,+8.5562500000000000e+01,B
104257,1224,41,+8.7625000000000000e+01,B+
104270,1407,41,+9.8187500000000000e+01,A+
104270,1261,41,+9.4718750000000000e+01,A
104270,1408,41,+9.8750000000000000e+01,A+
104270,1412,41,+9.8375000000000000e+01,A+
104278,1115,41,+8.4937500000000000e+01,B
104278,1120,41,+8.6562500000000000e+01,B
104297,1296,41,+8.9843750000000000e+01,B+
104297,1297,41,+8.6875000000000000e+01,B
104297,1299,41,+8.5750000000000000e+01,B
104319,1228,41,+9.8406250000000000e+01,A+
104319,1230,41,+9.8437500000000000e+01,A+
104319,1131,41,+9.6468750000000000e+01,A
104319,1135,41,+9.4718750000000000e+01,A
104346,1408,41,+8.9343750000000000e+01,B+
104346,1409,41,+9.1468750000000000e+01,A-
104354,1299,41,+8.1625000000000000e+01,B-
104362,1113,41,+8.5281250000000000e+01,B
104362,1410,41,+8.8156250000000000e+01,B+
104362,1411,41,+9.0531250000000000e+01,A-
104362,1412,41,+8.7812500000000000e+01,B+
104387,1401,41,+9.1250000000000000e+01,A-
104387,1409,41,+9.3187500000000000e+01,A
104387,1410,41,+9.1906250000000000e+01,A-
104387,1411,41,+9.0593750000000000e+01,A-
104387,1412,41,+9.0812500000000000e+01,A-
104393,1296,41,+9.2781250000000000e+01,A-
104393,1299,41,+9.1468750000000000e+01,A-
104393,1300,41,+8.7937500000000000e+01,B+
104393,1414,41,+8.8406250000000000e+01,B+
104393,1301,41,+9.1843750000000000e+01,A-
104409,1113,41,+8.7156250000000000e+01,B+
104409,1410,41,+8.6343750000000000e+01,B
104409,1411,41,+8.2062500000000000e+01,B-
104409,1265,41,+8.9375000000000000e+01,B+
104434,1401,41,+6.0406250000000000e+01,D
104434,1409,41,+5.8187500000000000e+01,F
104434,1410,41,+5.6656250000000000e+01,F
104434,1412,41,+5.7718750000000000e+01,F
104434,1413,41,+5.5343750000000000e+01,F
104442,1408,41,+5.5625000000000000e+01,F
104442,1294,41,+6.0500000000000000e+01,D
104442,1295,41,+5.8093750000000000e+01,F
104442,1296,41,+5.4875000000000000e+01,F
104448,1414,41,+9.0062500000000000e+01,A-
104448,1273,41,+8.3937500000000000e+01,B
104448,1130,41,+8.7843750000000000e+01,B+
104449,1295,41,+8.5250000000000000e+01,B
104453,1300,41,+8.5187500000000000e+01,B
104453,1301,41,+7.6312500000000000e+01,C
104453,1269,41,+8.3031250000000000e+01,B
104453,1302,41,+8.8531250000000000e+01,B+
104453,1304,41,+8.6531250000000000e+01,B
104466,1205,41,+8.6562500000000000e+01,B
104466,1265,41,+8.6531250000000000e+01,B
104483,1349,41,+8.0062500000000000e+01,B-
104483,1352,41,+8.1718750000000000e+01,B-
104483,1353,41,+8.3312500000000000e+01,B
104483,1354,41,+7.8062500000000000e+01,C+
104484,1409,41,+8.1812500000000000e+01,B-
104488,1354,41,+9.0750000000000000e+01,A-
104488,1360,41,+8.9250000000000000e+01,B+
104488,1363,41,+9.3281250000000000e+01,A
104488,1366,41,+9.3093750000000000e+01,A
104491,1295,41,+8.4281250000000000e+01,B
104491,1296,41,+8.2375000000000000e+01,B-
104491,1301,41,+8.0343750000000000e+01,B-
104495,1409,41,+8.5218750000000000e+01,B
104495,1410,41,+8.5875000000000000e+01,B
104495,1297,41,+8.1875000000000000e+01,B-
104495,1413,41,+8.3812500000000000e+01,B
104498,1351,41,+8.5156250000000000e+01,B
104498,1354,41,+8.4343750000000000e+01,B
104498,1355,41,+8.8875000000000000e+01,B+
104498,1357,41,+8.7031250000000000e+01,B+
104507,1411,41,+8.5843750000000000e+01,B
104507,1412,41,+8.4125000000000000e+01,B
104507,1413,41,+7.8000000000000000e+01,C+
104507,1414,41,+8.1937500000000000e+01,B-
104507,1415,41,+8.6875000000000000e+01,B
104515,1286,41,+8.6187500000000000e+01,B
104515,1294,41,+8.8000000000000000e+01,B+
104515,1287,41,+8.1281250000000000e+01,B-
104515,1295,41,+8.6093750000000000e+01,B
104515,1296,41,+7.9750000000000000e+01,C+
104517,1355,41,+8.1656250000000000e+01,B-
104517,1356,41,+8.4218750000000000e+01,B
104517,1358,41,+8.1375000000000000e+01,B-
104517,1361,41,+8.5781250000000000e+01,B
104517,1363,41,+8.0718750000000000e+01,B-
104527,1349,41,+9.2781250000000000e+01,A-
104527,1360,41,+9.0531250000000000e+01,A-
104528,1119,41,+8.5343750000000000e+01,B
104547,1300,41,+8.0218750000000000e+01,B-
104547,1301,41,+7.7437500000000000e+01,C+
104547,1341,41,+7.8375000000000000e+01,C+
104547,1302,41,+8.2093750000000000e+01,B-
104551,1118,41,+7.6375000000000000e+01,C
104551,1271,41,+7.8375000000000000e+01,C+
104551,1272,41,+7.5656250000000000e+01,C
104551,1273,41,+7.2343750000000000e+01,C
104551,1223,41,+7.7250000000000000e+01,C+
104578,1343,41,+9.3125000000000000e+01,A
104578,1346,41,+9.8250000000000000e+01,A+
104578,1347,41,+9.9093750000000000e+01,A+
104590,1304,41,+9.0125000000000000e+01,A-
104590,1347,41,+8.9125000000000000e+01,B+
104597,1132,41,+8.7031250000000000e+01,B+
104607,1118,41,+8.9093750000000000e+01,B+
104607,1268,41,+8.8125000000000000e+01,B+
104607,1119,41,+8.7781250000000000e+01,B+
104607,1271,41,+8.9562500000000000e+01,B+
104620,1129,41,+8.6437500000000000e+01,B
104620,1311,41,+8.8312500000000000e+01,B+
104620,1131,41,+8.5406250000000000e+01,B
104620,1233,41,+8.5625000000000000e+01,B
104626,1339,41,+9.4281250000000000e+01,A
104626,1346,41,+9.2125000000000000e+01,A-
104637,1287,41,+8.2000000000000000e+01,B-
104637,1297,41,+8.0937500000000000e+01,B-
104637,1300,41,+7.9343750000000000e+01,C+
104641,1294,41,+8.2218750000000000e+01,B-
104641,1295,41,+9.3062500000000000e+01,A
104641,1297,41,+8.9375000000000000e+01,B+
104641,1299,41,+9.0281250000000000e+01,A-
104641,1300,41,+9.4218750000000000e+01,A
104647,1302,41,+8.8531250000000000e+01,B+
104647,1304,41,+8.6843750000000000e+01,B
104647,1305,41,+8.9062500000000000e+01,B+
104647,1306,41,+8.6500000000000000e+01,B
104654,1296,41,+9.8343750000000000e+01,A+
104654,1297,41,+1.0050000000000000e+02,A+
104654,1300,41,+9.8687500000000000e+01,A+
104654,1301,41,+9.5531250000000000e+01,A
104654,1302,41,+9.5406250000000000e+01,A
104657,1118,41,+9.1218750000000000e+01,A-
104671,1346,41,+9.1500000000000000e+01,A-
104671,1354,41,+8.6781250000000000e+01,B
104671,1356,41,+9.0218750000000000e+01,A-
104672,1300,41,+8.0312500000000000e+01,B-
104672,1301,41,+8.4531250000000000e+01,B
104672,1302,41,+9.2125000000000000e+01,A-
104672,1304,41,+8.4781250000000000e+01,B
104706,1349,41,+9.0437500000000000e+01,A-
104706,1351,41,+9.3843750000000000e+01,A
104706,1352,41,+9.6593750000000000e+01,A
104706,1355,41,+9.1656250000000000e+01,A-
104708,1411,41,+8.9875000000000000e+01,B+
104708,1412,41,+8.9625000000000000e+01,B+
104708,1414,41,+8.7062500000000000e+01,B+
104708,1415,41,+8.5750000000000000e+01,B
104724,1401,41,+7.9812500000000000e+01,C+
104724,1409,41,+8.3812500000000000e+01,B
104724,1410,41,+8.7250000000000000e+01,B+
104724,1411,41,+7.6906250000000000e+01,C
104733,1296,41,+8.5812500000000000e+01,B
104733,1297,41,+8.9687500000000000e+01,B+
104733,1299,41,+8.9375000000000000e+01,B+
104733,1300,41,+9.0625000000000000e+01,A-
104740,1295,41,+8.2562500000000000e+01,B-
104740,1297,41,+8.3375000000000000e+01,B
104740,1299,41,+8.6031250000000000e+01,B
104740,1300,41,+7.9718750000000000e+01,C+
104743,1223,41,+8.8281250000000000e+01,B+
104743,1125,41,+8.9750000000000000e+01,B+
104743,1135,41,+8.2312500000000000e+01,B-
104774,1399,41,+8.2468750000000000e+01,B-
104774,1407,41,+8.3375000000000000e+01,B
104774,1335,41,+8.3843750000000000e+01,B
104774,1409,41,+8.2500000000000000e+01,B-
104776,1347,41,+8.9281250000000000e+01,B+
104776,1349,41,+8.6843750000000000e+01,B
104776,1351,41,+8.9906250000000000e+01,B+
104776,1353,41,+8.2875000000000000e+01,B-
104794,1410,41,+8.8000000000000000e+01,B+
104794,1411,41,+9.1031250000000000e+01,A-
104794,1412,41,+9.0250000000000000e+01,A-
104794,1413,41,+8.7500000000000000e+01,B+
104800,1410,41,+9.0625000000000000e+01,A-
104800,1214,41,+8.2781250000000000e+01,B-
104800,1411,41,+9.2343750000000000e+01,A-
104800,1412,41,+8.6187500000000000e+01,B
104800,1413,41,+8.7312500000000000e+01,B+
104807,1296,41,+8.0375000000000000e+01,B-
104807,1297,41,+8.2406250000000000e+01,B-
104807,1267,41,+8.6125000000000000e+01,B
104807,1301,41,+7.8218750000000000e+01,C+
104817,1415,41,+8.1687500000000000e+01,B-
104817,1416,41,+8.3375000000000000e+01,B
104817,1418,41,+8.7531250000000000e+01,B+
104817,1420,41,+8.3562500000000000e+01,B
104851,1409,41,+8.8562500000000000e+01,B+
104851,1410,41,+9.0593750000000000e+01,A-
104851,1412,41,+9.1000000000000000e+01,A-
104851,1413,41,+8.6406250000000000e+01,B
104878,1227,41,+5.9375000000000000e+01,F
104878,1352,41,+5.7500000000000000e+01,F
104878,1353,41,+5.8000000000000000e+01,F
104884,1412,41,+8.7250000000000000e+01,B+
104902,1118,41,+8.6156250000000000e+01,B
104902,1269,41,+8.9437500000000000e+01,B+
104902,1270,41,+8.7250000000000000e+01,B+
104902,1122,41,+8.9625000000000000e+01,B+
104905,1120,41,+8.3187500000000000e+01,B
104905,1222,41,+8.5312500000000000e+01,B
104905,1225,41,+8.4125000000000000e+01,B
104919,1411,41,+9.2062500000000000e+01,A-
104919,1412,41,+8.8968750000000000e+01,B+
104919,1118,41,+9.0093750000000000e+01,A-
104919,1414,41,+9.3093750000000000e+01,A
104925,1349,41,+8.9281250000000000e+01,B+
104925,1228,41,+8.7875000000000000e+01,B+
104925,1130,41,+8.7062500000000000e+01,B+
104925,1230,41,+9.0187500000000000e+01,A-
104926,1349,41,+9.5625000000000000e+01,A
104926,1134,41,+9.4375000000000000e+01,A
104926,1357,41,+9.3531250000000000e+01,A
104926,1358,41,+9.7687500000000000e+01,A+
104957,1219,41,+9.2125000000000000e+01,A-
104957,1416,41,+9.1031250000000000e+01,A-
104957,1347,41,+9.2343750000000000e+01,A-
104957,1128,41,+8.7625000000000000e+01,B+
104957,1228,41,+8.7562500000000000e+01,B+
104977,1420,41,+9.1593750000000000e+01,A-
104984,1309,41,+9.0843750000000000e+01,A-
104984,1128,41,+8.7281250000000000e+01,B+
103005,1153,41,+9.2500000000000000e+01,A-
103005,1159,41,+9.5562500000000000e+01,A
103007,1166,41,+8.6375000000000000e+01,B
103009,1304,41,+8.8343750000000000e+01,B+
103009,1305,41,+8.8718750000000000e+01,B+
103009,1306,41,+8.8031250000000000e+01,B+
103009,1307,41,+9.2250000000000000e+01,A-
103009,1310,41,+9.1812500000000000e+01,A-
103011,1153,41,+9.1718750000000000e+01,A-
103011,1154,41,+9.0031250000000000e+01,A-
103012,1125,41,+9.5031250000000000e+01,A
103012,1422,41,+9.4718750000000000e+01,A
103037,1365,41,+9.2812500000000000e+01,A-
103037,1366,41,+9.4968750000000000e+01,A
103037,1368,41,+9.2968750000000000e+01,A-
103037,1370,41,+8.9343750000000000e+01,B+
103055,1159,41,+8.2093750000000000e+01,B-
103055,1163,41,+8.2625000000000000e+01,B-
103055,1168,41,+8.3781250000000000e+01,B
103066,1372,41,+8.2312500000000000e+01,B-
103066,1152,41,+8.3593750000000000e+01,B
103070,1241,41,+9.3062500000000000e+01,A
103070,1145,41,+8.8937500000000000e+01,B+
103070,1151,41,+9.0562500000000000e+01,A-
103097,1364,41,+8.7468750000000000e+01,B+
103097,1365,41,+9.2343750000000000e+01,A-
103097,1369,41,+9.0875000000000000e+01,A-
103097,1372,41,+9.0437500000000000e+01,A-
103097,1373,41,+8.5906250000000000e+01,B
103108,1273,41,+8.9781250000000000e+01,B+
103108,1224,41,+8.8062500000000000e+01,B+
103108,1226,41,+8.6781250000000000e+01,B
103108,1311,41,+8.8875000000000000e+01,B+
103110,1416,41,+8.6281250000000000e+01,B
103110,1304,41,+8.6625000000000000e+01,B
103110,1420,41,+8.8656250000000000e+01,B+
103110,1421,41,+9.1250000000000000e+01,A-
103116,1140,41,+8.2281250000000000e+01,B-
103116,1141,41,+8.5125000000000000e+01,B
103116,1142,41,+7.7968750000000000e+01,C+
103116,1143,41,+8.2343750000000000e+01,B-
103120,1357,41,+9.2500000000000000e+01,A-
103120,1139,41,+9.4312500000000000e+01,A
103134,1422,41,+9.8468750000000000e+01,A+
103135,1312,41,+5.5125000000000000e+01,F
103135,1238,41,+5.5500000000000000e+01,F
103148,1304,41,+8.9781250000000000e+01,B+
103148,1306,41,+8.8656250000000000e+01,B+
103148,1307,41,+8.5843750000000000e+01,B
103148,1311,41,+9.1343750000000000e+01,A-
103148,1313,41,+8.5593750000000000e+01,B
103171,1372,41,+8.1093750000000000e+01,B-
103171,1377,41,+7.7375000000000000e+01,C+
103191,1143,41,+8.8593750000000000e+01,B+
103191,1147,41,+8.6062500000000000e+01,B
103191,1153,41,+8.5875000000000000e+01,B
103191,1164,41,+8.3375000000000000e+01,B
103202,1364,41,+8.8062500000000000e+01,B+
103202,1366,41,+8.9750000000000000e+01,B+
103202,1371,41,+8.4187500000000000e+01,B
103202,1372,41,+8.9812500000000000e+01,B+
103202,1374,41,+8.8000000000000000e+01,B+
103213,1153,41,+8.7250000000000000e+01,B+
103227,1367,41,+8.5218750000000000e+01,B
103234,1365,41,+9.1343750000000000e+01,A-
103249,1374,41,+8.9937500000000000e+01,B+
103249,1376,41,+8.7750000000000000e+01,B+
103249,1378,41,+8.7125000000000000e+01,B+
103249,1381,41,+8.4531250000000000e+01,B
103249,1382,41,+8.8937500000000000e+01,B+
103257,1421,41,+8.4093750000000000e+01,B
103257,1422,41,+7.9656250000000000e+01,C+
103275,1381,41,+8.5218750000000000e+01,B
103300,1241,41,+8.5000000000000000e+01,B
103300,1156,41,+7.7562500000000000e+01,C+
103300,1168,41,+8.3875000000000000e+01,B
103307,1307,41,+8.4937500000000000e+01,B
103307,1309,41,+8.7781250000000000e+01,B+
103367,1152,41,+8.8500000000000000e+01,B+
103381,1142,41,+8.8781250000000000e+01,B+
103381,1145,41,+9.0781250000000000e+01,A-
103385,1366,41,+8.1812500000000000e+01,B-
103385,1145,41,+7.5656250000000000e+01,C
103385,1368,41,+8.2000000000000000e+01,B-
103385,1369,41,+8.6187500000000000e+01,B
103400,1229,41,+9.1250000000000000e+01,A-
103400,1130,41,+9.4906250000000000e+01,A
103400,1236,41,+9.4437500000000000e+01,A
103400,1142,41,+9.3281250000000000e+01,A
103403,1150,41,+7.9093750000000000e+01,C+
103403,1170,41,+8.0468750000000000e+01,B-
103448,1153,41,+9.3718750000000000e+01,A
103450,1372,41,+9.5500000000000000e+01,A
103450,1374,41,+9.2343750000000000e+01,A-
103450,1375,41,+9.1843750000000000e+01,A-
103450,1376,41,+8.7656250000000000e+01,B+
103468,1311,41,+9.2406250000000000e+01,A-
103468,1312,41,+9.0000000000000000e+01,A-
103468,1313,41,+9.1031250000000000e+01,A-
103468,1360,41,+8.9781250000000000e+01,B+
103469,1375,41,+8.8562500000000000e+01,B+
103469,1380,41,+9.4968750000000000e+01,A
103469,1383,41,+8.9437500000000000e+01,B+
103496,1156,41,+7.9031250000000000e+01,C+
103496,1159,41,+8.2656250000000000e+01,B-
103496,1161,41,+8.0593750000000000e+01,B-
103496,1162,41,+7.7718750000000000e+01,C+
103503,1307,41,+9.0593750000000000e+01,A-
103520,1413,41,+8.9375000000000000e+01,B+
103520,1414,41,+8.5281250000000000e+01,B
103520,1415,41,+8.7031250000000000e+01,B+
103520,1417,41,+8.9093750000000000e+01,B+
103527,1237,41,+8.9593750000000000e+01,B+
103527,1238,41,+8.6468750000000000e+01,B
103527,1239,41,+8.9406250000000000e+01,B+
103535,1310,41,+8.7593750000000000e+01,B+
103535,1311,41,+9.1250000000000000e+01,A-
103535,1312,41,+8.1062500000000000e+01,B-
103535,1313,41,+9.0593750000000000e+01,A-
103544,1236,41,+9.1343750000000000e+01,A-
103544,1137,41,+8.8687500000000000e+01,B+
103544,1239,41,+9.1218750000000000e+01,A-
103544,1240,41,+9.2625000000000000e+01,A-
103544,1159,41,+9.0468750000000000e+01,A-
103555,1139,41,+8.9406250000000000e+01,B+
103555,1240,41,+8.5343750000000000e+01,B
103555,1373,41,+9.2125000000000000e+01,A-
103555,1152,41,+8.7812500000000000e+01,B+
103562,1372,41,+9.6718750000000000e+01,A
103562,1373,41,+9.8250000000000000e+01,A+
103562,1374,41,+9.2156250000000000e+01,A-
103562,1376,41,+9.3562500000000000e+01,A
103597,1418,41,+7.9781250000000000e+01,C+
103597,1420,41,+8.4750000000000000e+01,B
103597,1421,41,+8.4187500000000000e+01,B
103597,1422,41,+8.4000000000000000e+01,B
103601,1311,41,+8.3468750000000000e+01,B
103601,1312,41,+8.6500000000000000e+01,B
103601,1237,41,+9.2187500000000000e+01,A-
103621,1422,41,+8.2500000000000000e+01,B-
103635,1310,41,+8.6812500000000000e+01,B
103635,1312,41,+8.2156250000000000e+01,B-
103635,1313,41,+8.5718750000000000e+01,B
103636,1373,41,+8.9281250000000000e+01,B+
103636,1375,41,+9.2687500000000000e+01,A-
103636,1381,41,+9.0937500000000000e+01,A-
103636,1383,41,+9.0093750000000000e+01,A-
103646,1155,41,+8.6312500000000000e+01,B
103646,1156,41,+8.7593750000000000e+01,B+
103646,1159,41,+8.3125000000000000e+01,B
103649,1418,41,+9.2718750000000000e+01,A-
103649,1420,41,+9.0312500000000000e+01,A-
103649,1422,41,+9.0656250000000000e+01,A-
103651,1421,41,+9.0062500000000000e+01,A-
103651,1422,41,+8.9406250000000000e+01,B+
103657,1416,41,+9.8406250000000000e+01,A+
103657,1417,41,+9.8125000000000000e+01,A+
103657,1420,41,+9.6125000000000000e+01,A
103657,1421,41,+9.3875000000000000e+01,A
103665,1162,41,+8.6500000000000000e+01,B
103667,1168,41,+8.1468750000000000e+01,B-
103681,1418,41,+8.5875000000000000e+01,B
103681,1420,41,+8.3812500000000000e+01,B
103681,1422,41,+8.6031250000000000e+01,B
103685,1417,41,+8.0968750000000000e+01,B-
103685,1418,41,+8.0250000000000000e+01,B-
103685,1420,41,+8.1562500000000000e+01,B-
103685,1421,41,+8.4468750000000000e+01,B
103706,1379,41,+8.8437500000000000e+01,B+
103713,1371,41,+9.7937500000000000e+01,A+
103713,1154,41,+1.0093750000000000e+02,A+
103713,1157,41,+1.0078125000000000e+02,A+
103713,1162,41,+9.7187500000000000e+01,A+
103729,1413,41,+8.9218750000000000e+01,B+
103729,1415,41,+9.1218750000000000e+01,A-
103729,1416,41,+8.7468750000000000e+01,B+
103729,1417,41,+9.1125000000000000e+01,A-
103740,1310,41,+8.6937500000000000e+01,B
103740,1312,41,+8.9312500000000000e+01,B+
103740,1313,41,+9.1031250000000000e+01,A-
103740,1375,41,+8.0031250000000000e+01,B-
103743,1309,41,+8.4093750000000000e+01,B
103743,1310,41,+8.8562500000000000e+01,B+
103743,1311,41,+8.7750000000000000e+01,B+
103743,1312,41,+8.6093750000000000e+01,B
103743,1353,41,+8.8937500000000000e+01,B+
103747,1420,41,+8.5500000000000000e+01,B
103747,1421,41,+9.0125000000000000e+01,A-
103747,1309,41,+8.8281250000000000e+01,B+
103761,1161,41,+9.2937500000000000e+01,A-
103761,1166,41,+9.0781250000000000e+01,A-
103761,1172,41,+9.4000000000000000e+01,A
103784,1147,41,+8.8062500000000000e+01,B+
103784,1167,41,+8.6500000000000000e+01,B
103798,1162,41,+8.7156250000000000e+01,B+
103798,1163,41,+8.0937500000000000e+01,B-
103798,1166,41,+7.7875000000000000e+01,C+
103798,1179,41,+8.5562500000000000e+01,B
103818,1368,41,+8.1906250000000000e+01,B-
103818,1369,41,+8.2312500000000000e+01,B-
103818,1370,41,+8.7781250000000000e+01,B+
103818,1371,41,+8.2781250000000000e+01,B-
103818,1373,41,+8.8531250000000000e+01,B+
103828,1372,41,+8.1281250000000000e+01,B-
103828,1373,41,+8.1343750000000000e+01,B-
103828,1374,41,+8.1531250000000000e+01,B-
103828,1376,41,+8.7656250000000000e+01,B+
103828,1380,41,+7.9781250000000000e+01,C+
103836,1368,41,+8.8343750000000000e+01,B+
103836,1370,41,+9.0281250000000000e+01,A-
103836,1371,41,+8.9812500000000000e+01,B+
103836,1374,41,+8.7843750000000000e+01,B+
103836,1375,41,+8.5250000000000000e+01,B
103847,1239,41,+9.4000000000000000e+01,A
103847,1142,41,+8.9500000000000000e+01,B+
103847,1161,41,+9.0281250000000000e+01,A-
103847,1164,41,+9.1375000000000000e+01,A-
103856,1371,41,+9.2968750000000000e+01,A-
103857,1421,41,+9.2468750000000000e+01,A-
103857,1422,41,+8.8375000000000000e+01,B+
103857,1365,41,+9.0375000000000000e+01,A-
103863,1418,41,+7.8656250000000000e+01,C+
103863,1420,41,+8.1937500000000000e+01,B-
103863,1422,41,+7.7781250000000000e+01,C+
103904,1386,41,+8.1281250000000000e+01,B-
103924,1311,41,+7.6125000000000000e+01,C
103924,1313,41,+7.7562500000000000e+01,C+
103928,1371,41,+9.0656250000000000e+01,A-
103928,1374,41,+9.3312500000000000e+01,A
103928,1376,41,+8.9781250000000000e+01,B+
103929,1153,41,+8.8156250000000000e+01,B+
103929,1154,41,+8.9875000000000000e+01,B+
103939,1236,41,+8.8000000000000000e+01,B+
103939,1238,41,+8.7968750000000000e+01,B+
103939,1151,41,+9.0031250000000000e+01,A-
103942,1143,41,+9.1281250000000000e+01,A-
103942,1159,41,+8.7812500000000000e+01,B+
103943,1139,41,+8.1656250000000000e+01,B-
103943,1154,41,+8.2625000000000000e+01,B-
103943,1159,41,+8.5343750000000000e+01,B
103943,1381,41,+8.0781250000000000e+01,B-
103948,1369,41,+9.3437500000000000e+01,A
103948,1370,41,+9.1343750000000000e+01,A-
103948,1371,41,+9.1812500000000000e+01,A-
103948,1372,41,+9.0468750000000000e+01,A-
103948,1376,41,+8.9343750000000000e+01,B+
103952,1126,41,+8.3500000000000000e+01,B
103952,1368,41,+8.1500000000000000e+01,B-
103955,1310,41,+8.3875000000000000e+01,B
103955,1312,41,+8.6343750000000000e+01,B
103955,1239,41,+8.3781250000000000e+01,B
103975,1420,41,+8.3281250000000000e+01,B
103975,1421,41,+9.1906250000000000e+01,A-
103975,1422,41,+9.0375000000000000e+01,A-
103980,1164,41,+8.1062500000000000e+01,B-
103989,1371,41,+9.5250000000000000e+01,A
103989,1372,41,+9.9968750000000000e+01,A+
103989,1374,41,+9.8375000000000000e+01,A+
103989,1375,41,+9.5593750000000000e+01,A
103990,1420,41,+8.5437500000000000e+01,B
103990,1421,41,+8.9906250000000000e+01,B+
103990,1422,41,+8.8937500000000000e+01,B+
106001,1396,42,+9.3468750000000000e+01,A
106001,1392,42,+9.3687500000000000e+01,A
106001,1404,42,+8.8562500000000000e+01,B+
106006,1282,42,+8.9375000000000000e+01,B+
106008,1329,42,+7.7125000000000000e+01,C+
106025,1201,42,+9.9656250000000000e+01,A+
106025,1097,42,+9.7343750000000000e+01,A+
106025,1102,42,+9.8562500000000000e+01,A+
106038,1404,42,+8.1187500000000000e+01,B-
106047,1290,42,+8.8875000000000000e+01,B+
106047,1279,42,+8.5250000000000000e+01,B
106063,1289,42,+8.6437500000000000e+01,B
106065,1283,42,+8.3750000000000000e+01,B
106006,1277,42,+8.6218750000000000e+01,B
106006,1290,42,+8.6187500000000000e+01,B
106099,1403,42,+9.2500000000000000e+01,A-
106099,1396,42,+9.1906250000000000e+01,A-
106099,1392,42,+9.4156250000000000e+01,A
106148,1282,42,+8.8468750000000000e+01,B+
106148,1290,42,+8.5062500000000000e+01,B
106166,1202,42,+8.5218750000000000e+01,B
106713,1289,42,+9.0750000000000000e+01,A-
106713,1290,42,+9.1187500000000000e+01,A-
106754,1204,42,+8.7937500000000000e+01,B+
106754,1255,42,+8.9562500000000000e+01,B+
105054,1294,42,+8.2968750000000000e+01,B-
105011,1104,42,+8.2281250000000000e+01,B-
105014,1293,42,+7.9968750000000000e+01,C+
105014,1286,42,+7.8406250000000000e+01,C+
105014,1287,42,+7.9968750000000000e+01,C+
105014,1295,42,+8.7750000000000000e+01,B+
106020,1289,42,+8.9031250000000000e+01,B+
106020,1282,42,+8.7093750000000000e+01,B+
106020,1283,42,+9.0468750000000000e+01,A-
105051,1399,42,+7.7312500000000000e+01,C+
105051,1407,42,+8.6218750000000000e+01,B
105051,1400,42,+7.9218750000000000e+01,C+
105054,1300,42,+8.3500000000000000e+01,B
105111,1407,42,+7.9187500000000000e+01,C+
105064,1266,42,+9.4656250000000000e+01,A
105064,1216,42,+9.5250000000000000e+01,A
105064,1117,42,+9.8875000000000000e+01,A+
105065,1345,42,+9.7875000000000000e+01,A+
105065,1346,42,+9.8500000000000000e+01,A+
105065,1351,42,+9.5500000000000000e+01,A
105065,1354,42,+9.6593750000000000e+01,A
105065,1232,42,+9.9437500000000000e+01,A+
105078,1336,42,+9.0312500000000000e+01,A-
105131,1411,42,+8.6156250000000000e+01,B
105131,1413,42,+8.8718750000000000e+01,B+
105131,1418,42,+8.4781250000000000e+01,B
106034,1281,42,+8.3781250000000000e+01,B
106034,1277,42,+8.4406250000000000e+01,B
106034,1289,42,+8.3375000000000000e+01,B
106034,1282,42,+8.9312500000000000e+01,B+
105078,1304,42,+9.1843750000000000e+01,A-
105078,1345,42,+8.3968750000000000e+01,B
106038,1391,42,+8.3937500000000000e+01,B
106038,1095,42,+7.7343750000000000e+01,C+
106038,1403,42,+7.6750000000000000e+01,C
106038,1392,42,+8.2156250000000000e+01,B-
106043,1250,42,+8.7156250000000000e+01,B+
106043,1097,42,+8.5625000000000000e+01,B
106047,1289,42,+8.6750000000000000e+01,B
106047,1282,42,+9.0875000000000000e+01,A-
106059,1396,42,+8.1937500000000000e+01,B-
105157,1116,42,+8.2125000000000000e+01,B-
105157,1299,42,+8.3656250000000000e+01,B
106063,1281,42,+8.8062500000000000e+01,B+
106063,1277,42,+9.1062500000000000e+01,A-
105097,1406,42,+9.1718750000000000e+01,A-
105097,1399,42,+9.4187500000000000e+01,A
105097,1407,42,+8.9187500000000000e+01,B+
106067,1391,42,+8.9968750000000000e+01,B+
106067,1403,42,+8.6625000000000000e+01,B
106067,1396,42,+9.0625000000000000e+01,A-
106075,1096,42,+9.0281250000000000e+01,A-
106075,1196,42,+9.1187500000000000e+01,A-
106075,1101,42,+9.2062500000000000e+01,A-
105104,1287,42,+7.7437500000000000e+01,C+
105104,1295,42,+7.5562500000000000e+01,C
105179,1103,42,+8.9968750000000000e+01,B+
105104,1296,42,+7.7312500000000000e+01,C+
105104,1297,42,+7.9656250000000000e+01,C+
105104,1299,42,+7.3406250000000000e+01,C
105109,1410,42,+8.3218750000000000e+01,B
105109,1337,42,+8.3843750000000000e+01,B
105109,1341,42,+8.4593750000000000e+01,B
105109,1347,42,+8.1281250000000000e+01,B-
106087,1249,42,+8.6781250000000000e+01,B
106087,1097,42,+9.1687500000000000e+01,A-
105109,1349,42,+8.4437500000000000e+01,B
105111,1400,42,+7.8812500000000000e+01,C+
105111,1408,42,+8.3281250000000000e+01,B
105111,1401,42,+8.5656250000000000e+01,B
105111,1255,42,+8.4218750000000000e+01,B
106099,1391,42,+9.2531250000000000e+01,A-
105198,1224,42,+9.0062500000000000e+01,A-
105127,1293,42,+6.2062500000000000e+01,D
105127,1286,42,+5.2562500000000000e+01,F
105127,1327,42,+6.1406250000000000e+01,D
106106,1095,42,+8.1781250000000000e+01,B-
106106,1196,42,+8.3718750000000000e+01,B
106111,1196,42,+8.1187500000000000e+01,B-
106111,1323,42,+7.9312500000000000e+01,C+
106111,1097,42,+8.1343750000000000e+01,B-
105212,1299,42,+8.9906250000000000e+01,B+
105212,1118,42,+9.0375000000000000e+01,A-
105214,1293,42,+8.7625000000000000e+01,B+
105214,1286,42,+8.6437500000000000e+01,B
105214,1287,42,+8.3437500000000000e+01,B
105214,1296,42,+8.6093750000000000e+01,B
105144,1292,42,+8.1718750000000000e+01,B-
105144,1113,42,+9.0437500000000000e+01,A-
106127,1330,42,+8.2031250000000000e+01,B-
106127,1319,42,+8.9156250000000000e+01,B+
106127,1102,42,+8.5906250000000000e+01,B
106127,1324,42,+8.9312500000000000e+01,B+
105226,1412,42,+8.4000000000000000e+01,B
106133,1322,42,+9.0093750000000000e+01,A-
106133,1330,42,+9.2812500000000000e+01,A-
106133,1323,42,+9.5375000000000000e+01,A
105236,1295,42,+8.7750000000000000e+01,B+
105179,1113,42,+8.6968750000000000e+01,B
105179,1117,42,+8.6156250000000000e+01,B
106148,1277,42,+8.7812500000000000e+01,B+
105198,1271,42,+8.9062500000000000e+01,B+
105198,1273,42,+8.8187500000000000e+01,B+
106166,1245,42,+8.0125000000000000e+01,B-
106166,1201,42,+8.6500000000000000e+01,B
105257,1293,42,+8.7437500000000000e+01,B+
105257,1286,42,+8.7968750000000000e+01,B+
105257,1294,42,+8.8656250000000000e+01,B+
105257,1295,42,+8.7125000000000000e+01,B+
105257,1296,42,+9.1093750000000000e+01,A-
105214,1214,42,+8.6531250000000000e+01,B
105226,1221,42,+8.8968750000000000e+01,B+
103007,1167,42,+9.0312500000000000e+01,A-
105236,1297,42,+8.7156250000000000e+01,B+
105236,1299,42,+8.5406250000000000e+01,B
105236,1300,42,+8.9031250000000000e+01,B+
105236,1301,42,+8.3687500000000000e+01,B
103011,1177,42,+9.0031250000000000e+01,A-
103011,1183,42,+8.6531250000000000e+01,B
106178,1329,42,+8.7656250000000000e+01,B+
106178,1318,42,+9.0125000000000000e+01,A-
106178,1319,42,+8.7031250000000000e+01,B+
106178,1320,42,+8.7718750000000000e+01,B+
105599,1286,42,+9.5656250000000000e+01,A
105599,1294,42,+9.2437500000000000e+01,A-
105621,1119,42,+8.4562500000000000e+01,B
105666,1117,42,+8.7437500000000000e+01,B+
105927,1286,42,+7.8156250000000000e+01,C+
105927,1294,42,+8.2500000000000000e+01,B-
105951,1261,42,+9.0531250000000000e+01,A-
105951,1334,42,+9.2281250000000000e+01,A-
105951,1212,42,+9.4468750000000000e+01,A
105965,1271,42,+8.7906250000000000e+01,B+
105965,1222,42,+8.7406250000000000e+01,B+
104019,1240,42,+8.3062500000000000e+01,B
104046,1367,42,+9.3687500000000000e+01,A
104167,1307,42,+8.7187500000000000e+01,B+
104393,1306,42,+9.3406250000000000e+01,A
104409,1416,42,+8.7031250000000000e+01,B+
104409,1417,42,+8.7687500000000000e+01,B+
104442,1307,42,+5.6750000000000000e+01,F
103068,1312,42,+8.2468750000000000e+01,B-
103068,1370,42,+8.4625000000000000e+01,B
103068,1166,42,+7.9437500000000000e+01,C+
105266,1394,42,+8.3468750000000000e+01,B
105266,1406,42,+7.9750000000000000e+01,C+
105266,1400,42,+7.7218750000000000e+01,C+
104645,1309,42,+8.6875000000000000e+01,B
104645,1227,42,+8.9000000000000000e+01,B+
104657,1134,42,+9.2812500000000000e+01,A-
105267,1292,42,+9.2843750000000000e+01,A-
105267,1293,42,+8.8031250000000000e+01,B+
105267,1286,42,+8.8562500000000000e+01,B+
104733,1307,42,+9.0718750000000000e+01,A-
104774,1415,42,+8.2500000000000000e+01,B-
103087,1167,42,+8.6625000000000000e+01,B
103087,1169,42,+8.7218750000000000e+01,B+
103087,1179,42,+9.0312500000000000e+01,A-
103087,1191,42,+9.0281250000000000e+01,A-
104957,1145,42,+8.8156250000000000e+01,B+
104957,1151,42,+9.4406250000000000e+01,A
103000,1366,42,+8.9812500000000000e+01,B+
103005,1164,42,+9.2781250000000000e+01,A-
103005,1165,42,+8.8406250000000000e+01,B+
103005,1189,42,+9.0687500000000000e+01,A-
103005,1190,42,+9.4375000000000000e+01,A
103009,1312,42,+9.0312500000000000e+01,A-
103009,1313,42,+9.0031250000000000e+01,A-
103010,1179,42,+8.8625000000000000e+01,B+
103010,1190,42,+8.8625000000000000e+01,B+
103120,1166,42,+8.7968750000000000e+01,B+
103120,1168,42,+9.2750000000000000e+01,A-
103120,1172,42,+9.2562500000000000e+01,A-
103037,1373,42,+9.0156250000000000e+01,A-
103037,1379,42,+9.2281250000000000e+01,A-
103037,1380,42,+9.1156250000000000e+01,A-
103037,1381,42,+8.9531250000000000e+01,B+
103039,1171,42,+8.4937500000000000e+01,B
103055,1179,42,+8.5437500000000000e+01,B
103055,1183,42,+7.9750000000000000e+01,C+
106191,1391,42,+8.9031250000000000e+01,B+
106191,1403,42,+7.8937500000000000e+01,C+
106191,1396,42,+8.5156250000000000e+01,B
106191,1392,42,+8.4781250000000000e+01,B
103066,1170,42,+8.2656250000000000e+01,B-
103070,1157,42,+8.7718750000000000e+01,B+
103070,1170,42,+8.9968750000000000e+01,B+
103070,1190,42,+8.9625000000000000e+01,B+
106194,1322,42,+9.5218750000000000e+01,A
106194,1318,42,+9.7937500000000000e+01,A+
106194,1330,42,+9.8218750000000000e+01,A+
106194,1323,42,+9.8468750000000000e+01,A+
103097,1374,42,+8.2375000000000000e+01,B-
103097,1375,42,+8.5531250000000000e+01,B
103097,1379,42,+8.7656250000000000e+01,B+
103097,1382,42,+8.6937500000000000e+01,B
103097,1386,42,+8.6500000000000000e+01,B
103108,1136,42,+8.6218750000000000e+01,B
103108,1239,42,+9.3093750000000000e+01,A
103110,1422,42,+8.6937500000000000e+01,B
103110,1166,42,+8.9656250000000000e+01,B+
103116,1161,42,+8.3531250000000000e+01,B
103116,1163,42,+8.5281250000000000e+01,B
103116,1170,42,+7.9187500000000000e+01,C+
103120,1179,42,+8.6593750000000000e+01,B
103129,1176,42,+8.2218750000000000e+01,B-
105288,1400,42,+8.2187500000000000e+01,B-
105288,1268,42,+8.3156250000000000e+01,B
103134,1148,42,+9.8375000000000000e+01,A+
103135,1191,42,+4.7250000000000000e+01,F
103140,1142,42,+9.5062500000000000e+01,A
103148,1139,42,+8.9531250000000000e+01,B+
103171,1156,42,+8.3250000000000000e+01,B
103171,1383,42,+8.0687500000000000e+01,B-
103171,1386,42,+7.3468750000000000e+01,C
106210,1277,42,+8.7125000000000000e+01,B+
103191,1167,42,+8.8437500000000000e+01,B+
103191,1176,42,+8.6843750000000000e+01,B
103191,1177,42,+8.1531250000000000e+01,B-
103191,1183,42,+9.2093750000000000e+01,A-
103202,1377,42,+9.0812500000000000e+01,A-
105302,1265,42,+8.2625000000000000e+01,B-
105302,1215,42,+7.9343750000000000e+01,C+
105302,1266,42,+8.0000000000000000e+01,B-
105302,1120,42,+7.8593750000000000e+01,C+
103227,1373,42,+8.8625000000000000e+01,B+
103227,1151,42,+8.9437500000000000e+01,B+
106215,1199,42,+9.0625000000000000e+01,A-
106215,1318,42,+8.7687500000000000e+01,B+
103234,1168,42,+9.1656250000000000e+01,A-
103249,1383,42,+8.8593750000000000e+01,B+
105307,1203,42,+9.0843750000000000e+01,A-
105307,1211,42,+9.4937500000000000e+01,A
106218,1319,42,+8.1843750000000000e+01,B-
106218,1202,42,+8.3375000000000000e+01,B
106218,1103,42,+7.7531250000000000e+01,C+
103257,1370,42,+8.0718750000000000e+01,B-
103263,1174,42,+9.2500000000000000e+01,A-
103275,1174,42,+8.6031250000000000e+01,B
105309,1302,42,+9.1875000000000000e+01,A-
103297,1177,42,+8.4468750000000000e+01,B
103300,1169,42,+8.3781250000000000e+01,B
103300,1171,42,+8.1562500000000000e+01,B-
103300,1180,42,+8.8437500000000000e+01,B+
105313,1293,42,+9.0718750000000000e+01,A-
105313,1286,42,+8.7875000000000000e+01,B+
105313,1294,42,+8.7468750000000000e+01,B+
103300,1189,42,+8.1812500000000000e+01,B-
105313,1287,42,+9.1312500000000000e+01,A-
103307,1313,42,+8.5625000000000000e+01,B
103307,1376,42,+8.4031250000000000e+01,B
105315,1336,42,+9.8656250000000000e+01,A+
105315,1337,42,+9.7656250000000000e+01,A+
105315,1415,42,+9.3781250000000000e+01,A
105315,1349,42,+9.5906250000000000e+01,A
103339,1180,42,+8.9593750000000000e+01,B+
105317,1297,42,+9.1562500000000000e+01,A-
105317,1337,42,+8.4843750000000000e+01,B
105317,1341,42,+8.7406250000000000e+01,B+
105317,1344,42,+8.1625000000000000e+01,B-
103359,1153,42,+8.8375000000000000e+01,B+
103367,1166,42,+8.3312500000000000e+01,B
106233,1318,42,+9.1968750000000000e+01,A-
106233,1330,42,+8.8375000000000000e+01,B+
103476,1185,42,+8.2468750000000000e+01,B-
103381,1380,42,+9.0187500000000000e+01,A-
103381,1163,42,+8.9937500000000000e+01,B+
103381,1169,42,+8.3593750000000000e+01,B
103381,1175,42,+8.7437500000000000e+01,B+
103385,1371,42,+8.0156250000000000e+01,B-
103385,1373,42,+8.4093750000000000e+01,B
103385,1374,42,+8.0906250000000000e+01,B-
103385,1382,42,+8.3562500000000000e+01,B
103400,1157,42,+9.3062500000000000e+01,A
103400,1162,42,+9.1500000000000000e+01,A-
103403,1177,42,+8.3437500000000000e+01,B
103403,1189,42,+7.3687500000000000e+01,C
103450,1380,42,+9.0625000000000000e+01,A-
103450,1386,42,+9.0218750000000000e+01,A-
103469,1386,42,+9.1000000000000000e+01,A-
106247,1396,42,+9.4187500000000000e+01,A
103496,1175,42,+8.1187500000000000e+01,B-
103496,1177,42,+8.6656250000000000e+01,B
103496,1183,42,+8.0093750000000000e+01,B-
103596,1313,42,+8.6937500000000000e+01,B
103596,1153,42,+8.9968750000000000e+01,B+
106251,1391,42,+8.5750000000000000e+01,B
106251,1403,42,+8.8312500000000000e+01,B+
106251,1396,42,+8.3312500000000000e+01,B
106251,1392,42,+8.3125000000000000e+01,B
103507,1177,42,+8.5218750000000000e+01,B
103520,1422,42,+8.4500000000000000e+01,B
103520,1312,42,+8.5781250000000000e+01,B
103527,1152,42,+8.8000000000000000e+01,B+
103527,1168,42,+8.7250000000000000e+01,B+
103527,1181,42,+9.1343750000000000e+01,A-
106255,1395,42,+9.0937500000000000e+01,A-
106255,1391,42,+8.8593750000000000e+01,B+
106255,1396,42,+8.8656250000000000e+01,B+
106255,1392,42,+8.4312500000000000e+01,B
103544,1163,42,+9.2031250000000000e+01,A-
103544,1170,42,+8.9031250000000000e+01,B+
103544,1171,42,+9.5750000000000000e+01,A
103544,1181,42,+9.3781250000000000e+01,A
103555,1162,42,+8.8125000000000000e+01,B+
103555,1172,42,+8.9125000000000000e+01,B+
103555,1189,42,+9.2906250000000000e+01,A-
103562,1383,42,+9.4437500000000000e+01,A
103562,1386,42,+9.6968750000000000e+01,A
103672,1174,42,+9.9656250000000000e+01,A+
103672,1175,42,+9.5281250000000000e+01,A
103672,1180,42,+9.7406250000000000e+01,A+
103695,1381,42,+9.8843750000000000e+01,A+
103706,1169,42,+9.5843750000000000e+01,A
105351,1399,42,+7.9218750000000000e+01,C+
105351,1210,42,+8.0281250000000000e+01,B-
105351,1407,42,+8.2468750000000000e+01,B-
105351,1408,42,+8.5781250000000000e+01,B
103720,1168,42,+8.7531250000000000e+01,B+
103720,1174,42,+9.1500000000000000e+01,A-
103720,1179,42,+8.9937500000000000e+01,B+
103720,1190,42,+8.5625000000000000e+01,B
103635,1191,42,+9.0593750000000000e+01,A-
103646,1167,42,+9.0937500000000000e+01,A-
103646,1169,42,+9.0875000000000000e+01,A-
103646,1191,42,+9.1156250000000000e+01,A-
103649,1139,42,+8.9062500000000000e+01,B+
103649,1185,42,+9.2593750000000000e+01,A-
103657,1422,42,+9.3062500000000000e+01,A
103665,1180,42,+8.7156250000000000e+01,B+
103665,1191,42,+9.1031250000000000e+01,A-
103672,1189,42,+9.3906250000000000e+01,A
103681,1154,42,+7.8562500000000000e+01,C+
103685,1241,42,+8.9562500000000000e+01,B+
103685,1376,42,+8.8218750000000000e+01,B+
103685,1191,42,+7.4875000000000000e+01,C
103812,1170,42,+8.7187500000000000e+01,B+
103812,1176,42,+8.8312500000000000e+01,B+
103812,1177,42,+8.6187500000000000e+01,B
103812,1181,42,+8.9937500000000000e+01,B+
103695,1383,42,+9.9875000000000000e+01,A+
103695,1386,42,+9.4718750000000000e+01,A
106286,1289,42,+9.4312500000000000e+01,A
106286,1282,42,+9.3250000000000000e+01,A
105368,1343,42,+9.0750000000000000e+01,A-
105368,1304,42,+8.6843750000000000e+01,B
105368,1346,42,+8.0906250000000000e+01,B-
105368,1347,42,+8.2656250000000000e+01,B-
103713,1164,42,+9.7156250000000000e+01,A+
103713,1179,42,+9.7750000000000000e+01,A+
103713,1180,42,+9.1687500000000000e+01,A-
103713,1190,42,+9.9843750000000000e+01,A+
103729,1420,42,+8.8468750000000000e+01,B+
105371,1394,42,+9.2250000000000000e+01,A-
105371,1406,42,+9.1125000000000000e+01,A-
105371,1399,42,+9.0062500000000000e+01,A-
105371,1400,42,+8.9843750000000000e+01,B+
105371,1401,42,+8.8562500000000000e+01,B+
103729,1421,42,+8.6781250000000000e+01,B
103729,1168,42,+8.9031250000000000e+01,B+
103847,1190,42,+8.8156250000000000e+01,B+
103740,1187,42,+7.7406250000000000e+01,C+
103852,1378,42,+8.0437500000000000e+01,B-
103852,1381,42,+7.7625000000000000e+01,C+
103852,1383,42,+7.6468750000000000e+01,C
103747,1367,42,+8.8781250000000000e+01,B+
103856,1386,42,+9.0687500000000000e+01,A-
103856,1179,42,+9.4375000000000000e+01,A
106290,1258,42,+8.1875000000000000e+01,B-
106290,1201,42,+8.2468750000000000e+01,B-
106290,1394,42,+8.8468750000000000e+01,B+
103761,1175,42,+9.2187500000000000e+01,A-
103761,1190,42,+9.0187500000000000e+01,A-
103761,1191,42,+9.2031250000000000e+01,A-
103784,1170,42,+8.7843750000000000e+01,B+
103784,1180,42,+8.8531250000000000e+01,B+
103784,1181,42,+8.4500000000000000e+01,B
103798,1191,42,+7.7250000000000000e+01,C+
103799,1176,42,+9.1812500000000000e+01,A-
103799,1182,42,+9.2781250000000000e+01,A-
103799,1190,42,+9.2156250000000000e+01,A-
103818,1374,42,+8.9968750000000000e+01,B+
103818,1376,42,+9.1343750000000000e+01,A-
103818,1378,42,+8.9000000000000000e+01,B+
103818,1380,42,+9.1187500000000000e+01,A-
103929,1161,42,+8.2468750000000000e+01,B-
103929,1162,42,+8.9031250000000000e+01,B+
103828,1381,42,+8.0906250000000000e+01,B-
103828,1382,42,+8.0562500000000000e+01,B-
103828,1383,42,+8.4937500000000000e+01,B
103828,1165,42,+8.0593750000000000e+01,B-
103836,1377,42,+8.6343750000000000e+01,B
103836,1378,42,+9.0000000000000000e+01,A-
103836,1382,42,+8.1718750000000000e+01,B-
103836,1166,42,+8.8718750000000000e+01,B+
103847,1169,42,+9.3500000000000000e+01,A
103847,1170,42,+8.9375000000000000e+01,B+
103847,1185,42,+9.1937500000000000e+01,A-
105387,1337,42,+8.4968750000000000e+01,B
105387,1341,42,+8.2000000000000000e+01,B-
105387,1345,42,+8.0968750000000000e+01,B-
105387,1351,42,+8.0406250000000000e+01,B-
106311,1403,42,+9.1031250000000000e+01,A-
106311,1396,42,+8.7468750000000000e+01,B+
106311,1392,42,+8.5250000000000000e+01,B
105388,1118,42,+9.3531250000000000e+01,A
105388,1119,42,+9.7468750000000000e+01,A+
105388,1269,42,+9.4187500000000000e+01,A
105388,1272,42,+9.2468750000000000e+01,A-
106312,1290,42,+9.1875000000000000e+01,A-
106312,1283,42,+8.7281250000000000e+01,B+
106312,1284,42,+9.4031250000000000e+01,A
106312,1280,42,+9.4156250000000000e+01,A
104020,1413,42,+9.4218750000000000e+01,A
104020,1414,42,+9.3375000000000000e+01,A
104020,1415,42,+9.1781250000000000e+01,A-
104020,1416,42,+9.3218750000000000e+01,A
104020,1417,42,+9.3468750000000000e+01,A
104046,1361,42,+8.9750000000000000e+01,B+
104046,1366,42,+9.5593750000000000e+01,A
104057,1360,42,+7.8531250000000000e+01,C+
104057,1361,42,+8.1031250000000000e+01,B-
104057,1363,42,+8.0031250000000000e+01,B-
104066,1352,42,+8.8906250000000000e+01,B+
104066,1358,42,+8.5687500000000000e+01,B
104066,1361,42,+8.6500000000000000e+01,B
104066,1139,42,+8.5968750000000000e+01,B
104066,1364,42,+8.7468750000000000e+01,B+
104070,1360,42,+8.0250000000000000e+01,B-
104070,1363,42,+8.2906250000000000e+01,B-
104070,1366,42,+8.5187500000000000e+01,B
104070,1367,42,+8.7875000000000000e+01,B+
104070,1368,42,+8.3843750000000000e+01,B
106321,1320,42,+7.9718750000000000e+01,C+
106323,1102,42,+7.7593750000000000e+01,C+
106323,1253,42,+8.2906250000000000e+01,B-
104094,1304,42,+9.7406250000000000e+01,A+
104094,1305,42,+9.5906250000000000e+01,A
104094,1306,42,+9.6062500000000000e+01,A
104094,1420,42,+9.8468750000000000e+01,A+
104094,1307,42,+9.2656250000000000e+01,A-
104105,1134,42,+8.4187500000000000e+01,B
104109,1301,42,+8.3656250000000000e+01,B
104109,1302,42,+9.1531250000000000e+01,A-
104109,1304,42,+9.1750000000000000e+01,A-
104109,1305,42,+8.9312500000000000e+01,B+
104109,1306,42,+8.9468750000000000e+01,B+
106327,1402,42,+9.1375000000000000e+01,A-
106327,1395,42,+9.1937500000000000e+01,A-
106327,1391,42,+8.6718750000000000e+01,B
104121,1304,42,+8.7406250000000000e+01,B+
104121,1305,42,+8.1968750000000000e+01,B-
104121,1306,42,+9.1250000000000000e+01,A-
105411,1399,42,+5.6312500000000000e+01,F
105411,1407,42,+5.7437500000000000e+01,F
105411,1408,42,+5.6875000000000000e+01,F
105411,1401,42,+6.1281250000000000e+01,D
104161,1232,42,+9.1562500000000000e+01,A-
104161,1133,42,+8.9250000000000000e+01,B+
104161,1138,42,+9.1187500000000000e+01,A-
104161,1139,42,+9.5156250000000000e+01,A
104167,1302,42,+9.0531250000000000e+01,A-
104167,1304,42,+8.0250000000000000e+01,B-
104167,1305,42,+8.6656250000000000e+01,B
104167,1306,42,+9.0531250000000000e+01,A-
104176,1304,42,+7.9468750000000000e+01,C+
104176,1305,42,+8.4593750000000000e+01,B
104176,1307,42,+8.2875000000000000e+01,B-
104176,1309,42,+7.8406250000000000e+01,C+
104176,1310,42,+8.2468750000000000e+01,B-
105418,1406,42,+8.7281250000000000e+01,B+
105418,1399,42,+8.7125000000000000e+01,B+
105418,1407,42,+9.0125000000000000e+01,A-
105418,1400,42,+7.9968750000000000e+01,C+
105418,1408,42,+7.6656250000000000e+01,C
104189,1135,42,+8.9687500000000000e+01,B+
104189,1360,42,+8.8031250000000000e+01,B+
104189,1139,42,+8.9218750000000000e+01,B+
104189,1363,42,+8.4500000000000000e+01,B
104197,1134,42,+8.3843750000000000e+01,B
104197,1236,42,+8.4343750000000000e+01,B
104197,1238,42,+8.5593750000000000e+01,B
105419,1204,42,+8.8031250000000000e+01,B+
105419,1334,42,+8.9531250000000000e+01,B+
105419,1213,42,+8.8906250000000000e+01,B+
105419,1215,42,+8.7468750000000000e+01,B+
104197,1239,42,+8.0875000000000000e+01,B-
104206,1356,42,+8.2343750000000000e+01,B-
104206,1358,42,+8.4187500000000000e+01,B
104206,1361,42,+8.2406250000000000e+01,B-
105420,1113,42,+8.6687500000000000e+01,B
106338,1091,42,+8.7531250000000000e+01,B+
104231,1237,42,+9.9500000000000000e+01,A+
104231,1241,42,+9.9437500000000000e+01,A+
106340,1289,42,+8.7062500000000000e+01,B+
106340,1282,42,+8.8093750000000000e+01,B+
106340,1283,42,+8.2812500000000000e+01,B-
104245,1140,42,+9.1250000000000000e+01,A-
104245,1141,42,+9.4593750000000000e+01,A
104245,1148,42,+9.2218750000000000e+01,A-
104245,1159,42,+9.2968750000000000e+01,A-
104257,1361,42,+8.5968750000000000e+01,B
105425,1285,42,+7.8718750000000000e+01,C+
105425,1293,42,+8.4562500000000000e+01,B
105425,1294,42,+7.8562500000000000e+01,C+
105425,1295,42,+7.5750000000000000e+01,C
104270,1413,42,+9.0281250000000000e+01,A-
104270,1414,42,+9.8062500000000000e+01,A+
104270,1415,42,+9.9968750000000000e+01,A+
104270,1417,42,+9.7375000000000000e+01,A+
104278,1273,42,+8.9531250000000000e+01,B+
104278,1124,42,+8.7343750000000000e+01,B+
104278,1130,42,+9.1656250000000000e+01,A-
104297,1118,42,+8.8906250000000000e+01,B+
104297,1302,42,+9.0062500000000000e+01,A-
104297,1306,42,+8.8500000000000000e+01,B+
104299,1416,42,+8.0125000000000000e+01,B-
104299,1417,42,+7.3968750000000000e+01,C
104299,1122,42,+8.3031250000000000e+01,B
104319,1235,42,+9.5437500000000000e+01,A
104319,1237,42,+9.3718750000000000e+01,A
104319,1238,42,+9.1718750000000000e+01,A-
105431,1096,42,+9.0312500000000000e+01,A-
104331,1410,42,+9.1000000000000000e+01,A-
104331,1411,42,+9.0937500000000000e+01,A-
104331,1412,42,+9.0625000000000000e+01,A-
104331,1413,42,+9.0468750000000000e+01,A-
104331,1414,42,+9.3812500000000000e+01,A
105434,1098,42,+8.7843750000000000e+01,B+
105434,1407,42,+8.2687500000000000e+01,B-
104346,1411,42,+9.1781250000000000e+01,A-
104346,1412,42,+9.0468750000000000e+01,A-
104346,1415,42,+9.1687500000000000e+01,A-
104346,1416,42,+8.9031250000000000e+01,B+
104362,1413,42,+8.2031250000000000e+01,B-
104362,1414,42,+8.8937500000000000e+01,B+
104362,1416,42,+8.9093750000000000e+01,B+
104387,1413,42,+9.3500000000000000e+01,A
104387,1414,42,+9.1812500000000000e+01,A-
104387,1415,42,+9.2593750000000000e+01,A-
104387,1221,42,+9.3750000000000000e+01,A
104393,1302,42,+9.5531250000000000e+01,A
104393,1305,42,+9.5125000000000000e+01,A
104393,1309,42,+9.0531250000000000e+01,A-
104399,1137,42,+8.8531250000000000e+01,B+
104399,1239,42,+9.3343750000000000e+01,A
104409,1413,42,+8.6937500000000000e+01,B
104409,1414,42,+8.0562500000000000e+01,B-
104409,1415,42,+8.9125000000000000e+01,B+
104423,1301,42,+8.7906250000000000e+01,B+
104423,1302,42,+8.6843750000000000e+01,B
104423,1304,42,+9.1812500000000000e+01,A-
104423,1345,42,+8.9656250000000000e+01,B+
104434,1414,42,+6.1031250000000000e+01,D
104434,1416,42,+6.1125000000000000e+01,D
104434,1418,42,+6.1125000000000000e+01,D
104434,1420,42,+6.1375000000000000e+01,D
104436,1134,42,+8.7437500000000000e+01,B+
104436,1137,42,+9.1625000000000000e+01,A-
104436,1239,42,+9.2281250000000000e+01,A-
104442,1301,42,+5.8125000000000000e+01,F
104442,1304,42,+5.2781250000000000e+01,F
104442,1305,42,+5.4875000000000000e+01,F
104446,1353,42,+9.2000000000000000e+01,A-
104446,1354,42,+8.3625000000000000e+01,B
104446,1355,42,+9.2656250000000000e+01,A-
104446,1356,42,+8.8968750000000000e+01,B+
104446,1357,42,+8.6531250000000000e+01,B
104449,1302,42,+7.8593750000000000e+01,C+
104449,1304,42,+7.8625000000000000e+01,C+
104449,1305,42,+8.0156250000000000e+01,B-
104449,1306,42,+8.5312500000000000e+01,B
104449,1307,42,+7.8062500000000000e+01,C+
104453,1305,42,+8.6625000000000000e+01,B
104453,1306,42,+8.3187500000000000e+01,B
104453,1307,42,+8.6937500000000000e+01,B
104466,1341,42,+8.8906250000000000e+01,B+
104466,1417,42,+8.9437500000000000e+01,B+
104468,1123,42,+8.9687500000000000e+01,B+
104468,1125,42,+8.5812500000000000e+01,B
104468,1226,42,+8.5875000000000000e+01,B
104468,1128,42,+8.9250000000000000e+01,B+
105453,1261,42,+9.0281250000000000e+01,A-
105453,1254,42,+9.0218750000000000e+01,A-
105453,1212,42,+8.6031250000000000e+01,B
104483,1355,42,+7.9562500000000000e+01,C+
104483,1356,42,+8.4000000000000000e+01,B
104483,1358,42,+8.5281250000000000e+01,B
104483,1361,42,+7.8843750000000000e+01,C+
105453,1411,42,+8.7906250000000000e+01,B+
105453,1215,42,+9.1187500000000000e+01,A-
104484,1410,42,+7.8468750000000000e+01,C+
104484,1411,42,+7.9937500000000000e+01,C+
104484,1412,42,+7.9937500000000000e+01,C+
104488,1367,42,+9.0062500000000000e+01,A-
104488,1370,42,+9.1906250000000000e+01,A-
104488,1371,42,+9.4093750000000000e+01,A
104488,1373,42,+9.1656250000000000e+01,A-
104488,1374,42,+9.1312500000000000e+01,A-
104491,1302,42,+7.9656250000000000e+01,C+
104491,1304,42,+7.9468750000000000e+01,C+
104491,1307,42,+8.1250000000000000e+01,B-
104491,1309,42,+9.0000000000000000e+01,A-
104495,1414,42,+8.1125000000000000e+01,B-
104495,1415,42,+8.4281250000000000e+01,B
104495,1416,42,+8.2750000000000000e+01,B-
104495,1417,42,+8.5281250000000000e+01,B
104495,1418,42,+8.4656250000000000e+01,B
104498,1358,42,+8.1281250000000000e+01,B-
104498,1365,42,+8.8500000000000000e+01,B+
104498,1367,42,+8.4343750000000000e+01,B
104498,1368,42,+9.2156250000000000e+01,A-
104507,1119,42,+8.4031250000000000e+01,B
104507,1270,42,+8.2906250000000000e+01,B-
104507,1418,42,+8.6281250000000000e+01,B
104507,1421,42,+7.8562500000000000e+01,C+
104515,1302,42,+7.9781250000000000e+01,C+
104515,1305,42,+8.3312500000000000e+01,B
104515,1306,42,+8.7031250000000000e+01,B+
104515,1307,42,+8.3625000000000000e+01,B
104517,1142,42,+7.6468750000000000e+01,C
104517,1364,42,+8.4000000000000000e+01,B
104517,1366,42,+7.3906250000000000e+01,C
104517,1371,42,+7.8156250000000000e+01,C+
104527,1364,42,+9.2343750000000000e+01,A-
104527,1365,42,+8.9937500000000000e+01,B+
104527,1368,42,+9.3125000000000000e+01,A
104527,1370,42,+9.0750000000000000e+01,A-
104527,1373,42,+9.3468750000000000e+01,A
104546,1132,42,+8.9968750000000000e+01,B+
104546,1133,42,+8.7500000000000000e+01,B+
104546,1237,42,+9.0031250000000000e+01,A-
104547,1304,42,+8.1031250000000000e+01,B-
104547,1305,42,+8.0375000000000000e+01,B-
104547,1306,42,+8.2031250000000000e+01,B-
104547,1307,42,+8.2062500000000000e+01,B-
104551,1226,42,+7.6187500000000000e+01,C
104551,1228,42,+7.7343750000000000e+01,C+
104551,1232,42,+7.6625000000000000e+01,C
104551,1141,42,+7.6437500000000000e+01,C
104561,1357,42,+8.8625000000000000e+01,B+
104578,1237,42,+9.5250000000000000e+01,A
104578,1361,42,+9.2218750000000000e+01,A-
104578,1364,42,+9.2500000000000000e+01,A-
104578,1365,42,+9.7531250000000000e+01,A+
104578,1366,42,+9.3687500000000000e+01,A
104582,1230,42,+9.0218750000000000e+01,A-
104590,1139,42,+8.8031250000000000e+01,B+
104597,1364,42,+8.6843750000000000e+01,B
104607,1225,42,+8.8406250000000000e+01,B+
104607,1130,42,+7.9781250000000000e+01,C+
104607,1237,42,+8.1750000000000000e+01,B-
105473,1337,42,+9.2781250000000000e+01,A-
105473,1414,42,+9.2062500000000000e+01,A-
105473,1341,42,+9.3406250000000000e+01,A
105473,1343,42,+8.8312500000000000e+01,B+
105473,1122,42,+8.4187500000000000e+01,B
104620,1236,42,+8.5687500000000000e+01,B
104620,1141,42,+8.7031250000000000e+01,B+
104620,1142,42,+8.4312500000000000e+01,B
104637,1302,42,+7.8125000000000000e+01,C+
104637,1305,42,+7.7687500000000000e+01,C+
104637,1307,42,+8.0906250000000000e+01,B-
104637,1309,42,+8.1250000000000000e+01,B-
104637,1310,42,+8.3875000000000000e+01,B
104641,1301,42,+9.1750000000000000e+01,A-
104641,1302,42,+8.8125000000000000e+01,B+
104641,1305,42,+9.3625000000000000e+01,A
104641,1307,42,+9.0000000000000000e+01,A-
104645,1341,42,+9.2625000000000000e+01,A-
104645,1125,42,+8.7906250000000000e+01,B+
104647,1307,42,+8.9562500000000000e+01,B+
104647,1309,42,+8.8843750000000000e+01,B+
104647,1310,42,+8.4687500000000000e+01,B
104647,1311,42,+9.2406250000000000e+01,A-
104654,1304,42,+9.9156250000000000e+01,A+
104654,1306,42,+9.8812500000000000e+01,A+
104654,1307,42,+9.9281250000000000e+01,A+
104654,1309,42,+9.4656250000000000e+01,A
104654,1310,42,+9.5625000000000000e+01,A
104657,1225,42,+9.3187500000000000e+01,A
104671,1363,42,+9.2281250000000000e+01,A-
104671,1365,42,+8.2250000000000000e+01,B-
104672,1305,42,+8.7843750000000000e+01,B+
104672,1306,42,+8.9000000000000000e+01,B+
104672,1307,42,+8.5406250000000000e+01,B
104690,1416,42,+8.6312500000000000e+01,B
104690,1417,42,+8.7562500000000000e+01,B+
104690,1418,42,+9.1156250000000000e+01,A-
104690,1420,42,+8.3000000000000000e+01,B
106402,1395,42,+5.2625000000000000e+01,F
106402,1391,42,+5.5531250000000000e+01,F
106402,1403,42,+6.1093750000000000e+01,D
104699,1410,42,+9.0937500000000000e+01,A-
104699,1411,42,+9.1562500000000000e+01,A-
104699,1413,42,+8.8968750000000000e+01,B+
104699,1414,42,+9.0437500000000000e+01,A-
104706,1360,42,+8.8062500000000000e+01,B+
104706,1361,42,+8.6187500000000000e+01,B
104706,1364,42,+9.3656250000000000e+01,A
104706,1366,42,+9.1656250000000000e+01,A-
104708,1416,42,+8.8843750000000000e+01,B+
104708,1418,42,+9.0625000000000000e+01,A-
104708,1420,42,+9.2656250000000000e+01,A-
104724,1265,42,+8.1125000000000000e+01,B-
104724,1413,42,+8.2718750000000000e+01,B-
104724,1414,42,+7.8750000000000000e+01,C+
104724,1415,42,+7.9875000000000000e+01,C+
106407,1196,42,+8.8375000000000000e+01,B+
106407,1259,42,+8.5000000000000000e+01,B
104733,1302,42,+8.6906250000000000e+01,B
104733,1304,42,+8.8656250000000000e+01,B+
104733,1306,42,+8.3656250000000000e+01,B
104740,1302,42,+8.4593750000000000e+01,B
104740,1304,42,+8.2250000000000000e+01,B-
104740,1306,42,+8.2593750000000000e+01,B-
104740,1307,42,+7.7156250000000000e+01,C+
104743,1235,42,+8.5250000000000000e+01,B
104743,1138,42,+8.9468750000000000e+01,B+
104743,1238,42,+9.0062500000000000e+01,A-
104743,1139,42,+9.0406250000000000e+01,A-
104774,1410,42,+8.3562500000000000e+01,B
104774,1411,42,+8.6718750000000000e+01,B
104774,1412,42,+8.7937500000000000e+01,B+
104774,1413,42,+8.2031250000000000e+01,B-
104776,1355,42,+8.6718750000000000e+01,B
104776,1358,42,+8.7687500000000000e+01,B+
104776,1363,42,+8.3281250000000000e+01,B
104776,1365,42,+9.0031250000000000e+01,A-
103891,1165,42,+8.6437500000000000e+01,B
104794,1414,42,+8.8125000000000000e+01,B+
104794,1415,42,+9.1656250000000000e+01,A-
104794,1302,42,+8.9312500000000000e+01,B+
104794,1416,42,+8.6812500000000000e+01,B
104800,1414,42,+8.8906250000000000e+01,B+
104800,1416,42,+8.5875000000000000e+01,B
104807,1302,42,+8.0312500000000000e+01,B-
104807,1304,42,+8.0187500000000000e+01,B-
104807,1306,42,+8.2750000000000000e+01,B-
104807,1309,42,+7.6593750000000000e+01,C
104807,1310,42,+8.1062500000000000e+01,B-
104817,1421,42,+7.9843750000000000e+01,C+
104817,1422,42,+8.1406250000000000e+01,B-
105497,1400,42,+8.4718750000000000e+01,B
104851,1414,42,+9.0281250000000000e+01,A-
104851,1415,42,+8.2437500000000000e+01,B-
104851,1417,42,+8.9468750000000000e+01,B+
104851,1418,42,+8.8781250000000000e+01,B+
106424,1402,42,+8.9968750000000000e+01,B+
106424,1395,42,+8.7500000000000000e+01,B+
106424,1391,42,+9.0875000000000000e+01,A-
106424,1403,42,+8.9500000000000000e+01,B+
104878,1356,42,+5.6875000000000000e+01,F
104878,1357,42,+5.9500000000000000e+01,F
104878,1366,42,+5.5187500000000000e+01,F
105505,1285,42,+8.5781250000000000e+01,B
104884,1413,42,+8.1593750000000000e+01,B-
104884,1414,42,+8.8687500000000000e+01,B+
104884,1415,42,+8.9156250000000000e+01,B+
104884,1417,42,+8.7625000000000000e+01,B+
104884,1418,42,+9.0468750000000000e+01,A-
104902,1273,42,+8.7562500000000000e+01,B+
104902,1128,42,+8.9750000000000000e+01,B+
104902,1130,42,+8.6218750000000000e+01,B
104902,1131,42,+8.4843750000000000e+01,B
104905,1230,42,+8.3312500000000000e+01,B
104905,1135,42,+8.3187500000000000e+01,B
104905,1236,42,+8.2312500000000000e+01,B-
104915,1349,42,+8.1000000000000000e+01,B-
104915,1353,42,+8.0156250000000000e+01,B-
104915,1132,42,+8.5000000000000000e+01,B
104915,1363,42,+7.8625000000000000e+01,C+
104915,1365,42,+8.0593750000000000e+01,B-
104919,1415,42,+9.4000000000000000e+01,A
104919,1416,42,+9.2156250000000000e+01,A-
104919,1220,42,+9.0468750000000000e+01,A-
104919,1417,42,+9.5156250000000000e+01,A
104925,1231,42,+7.9406250000000000e+01,C+
104925,1240,42,+8.9437500000000000e+01,B+
104925,1142,42,+8.4281250000000000e+01,B
104926,1366,42,+9.4750000000000000e+01,A
104926,1367,42,+9.2343750000000000e+01,A-
104926,1369,42,+9.5562500000000000e+01,A
104957,1134,42,+8.9812500000000000e+01,B+
104957,1136,42,+9.0062500000000000e+01,A-
104977,1135,42,+8.8281250000000000e+01,B+
104997,1304,42,+8.2343750000000000e+01,B-
104997,1305,42,+8.5343750000000000e+01,B
104997,1306,42,+7.6093750000000000e+01,C
105522,1286,42,+9.2000000000000000e+01,A-
105522,1295,42,+9.1750000000000000e+01,A-
105522,1296,42,+9.2281250000000000e+01,A-
105526,1326,42,+7.4125000000000000e+01,C
105532,1286,42,+8.5000000000000000e+01,B
105532,1294,42,+9.1187500000000000e+01,A-
105532,1287,42,+8.9437500000000000e+01,B+
105532,1295,42,+8.7343750000000000e+01,B+
105532,1297,42,+8.5500000000000000e+01,B
105548,1399,42,+9.2031250000000000e+01,A-
105548,1333,42,+9.3218750000000000e+01,A
105548,1407,42,+9.2062500000000000e+01,A-
105548,1400,42,+8.9906250000000000e+01,B+
105548,1401,42,+9.1750000000000000e+01,A-
105554,1398,42,+9.0500000000000000e+01,A-
105554,1394,42,+8.3656250000000000e+01,B
105554,1406,42,+8.9656250000000000e+01,B+
105554,1399,42,+8.9500000000000000e+01,B+
105554,1407,42,+9.0656250000000000e+01,A-
105556,1345,42,+8.8437500000000000e+01,B+
105556,1346,42,+8.6625000000000000e+01,B
105556,1349,42,+8.8781250000000000e+01,B+
105556,1351,42,+8.6937500000000000e+01,B
105556,1352,42,+8.9375000000000000e+01,B+
105563,1407,42,+8.9843750000000000e+01,B+
105563,1408,42,+8.9593750000000000e+01,B+
105563,1412,42,+8.6593750000000000e+01,B
105564,1221,42,+9.4843750000000000e+01,A
105564,1122,42,+9.4906250000000000e+01,A
105564,1420,42,+9.5000000000000000e+01,A
105564,1125,42,+9.8406250000000000e+01,A+
105564,1126,42,+1.0018750000000000e+02,A+
105584,1228,42,+8.3812500000000000e+01,B
105584,1230,42,+8.5781250000000000e+01,B
105585,1407,42,+8.9000000000000000e+01,B+
105587,1398,42,+8.7000000000000000e+01,B+
105587,1394,42,+7.7625000000000000e+01,C+
105587,1406,42,+8.2406250000000000e+01,B-
105599,1293,42,+9.2531250000000000e+01,A-
105614,1407,42,+8.5250000000000000e+01,B
105614,1400,42,+8.4625000000000000e+01,B
105614,1401,42,+8.0218750000000000e+01,B-
105614,1409,42,+8.5500000000000000e+01,B
105614,1410,42,+8.4218750000000000e+01,B
105618,1334,42,+8.4656250000000000e+01,B
105621,1336,42,+8.8812500000000000e+01,B+
105621,1337,42,+8.5468750000000000e+01,B
105621,1341,42,+8.6750000000000000e+01,B
105639,1280,42,+9.1906250000000000e+01,A-
105639,1286,42,+8.9562500000000000e+01,B+
105642,1212,42,+8.1750000000000000e+01,B-
105642,1205,42,+8.5625000000000000e+01,B
105642,1263,42,+8.1062500000000000e+01,B-
105642,1216,42,+8.6843750000000000e+01,B
105651,1296,42,+7.7218750000000000e+01,C+
105651,1297,42,+8.5500000000000000e+01,B
105651,1299,42,+8.7062500000000000e+01,B+
105662,1210,42,+8.0562500000000000e+01,B-
105662,1294,42,+7.8156250000000000e+01,C+
105666,1115,42,+8.4031250000000000e+01,B
105666,1265,42,+8.8718750000000000e+01,B+
105666,1116,42,+8.1031250000000000e+01,B-
105681,1255,42,+8.7375000000000000e+01,B+
105681,1113,42,+9.0187500000000000e+01,A-
105681,1115,42,+9.4343750000000000e+01,A
105681,1117,42,+9.3500000000000000e+01,A
105691,1409,42,+8.7406250000000000e+01,B+
105730,1270,42,+9.0156250000000000e+01,A-
105730,1220,42,+8.7406250000000000e+01,B+
105730,1343,42,+8.6593750000000000e+01,B
105730,1272,42,+8.7031250000000000e+01,B+
105730,1224,42,+8.8562500000000000e+01,B+
106470,1321,42,+8.1968750000000000e+01,B-
106470,1323,42,+8.4718750000000000e+01,B
106470,1331,42,+8.0062500000000000e+01,B-
105752,1339,42,+8.5312500000000000e+01,B
105752,1341,42,+8.4968750000000000e+01,B
105752,1344,42,+8.6906250000000000e+01,B
105752,1345,42,+9.0375000000000000e+01,A-
105757,1104,42,+8.8062500000000000e+01,B+
105757,1286,42,+8.4906250000000000e+01,B
105757,1294,42,+8.4000000000000000e+01,B
105757,1287,42,+8.9093750000000000e+01,B+
105757,1295,42,+8.3343750000000000e+01,B
106472,1279,42,+8.1375000000000000e+01,B-
105778,1260,42,+9.4375000000000000e+01,A
105778,1210,42,+9.8906250000000000e+01,A+
105778,1112,42,+9.7562500000000000e+01,A+
105778,1115,42,+9.7718750000000000e+01,A+
105781,1327,42,+8.3875000000000000e+01,B
105781,1335,42,+8.3156250000000000e+01,B
105781,1341,42,+7.7812500000000000e+01,C+
105781,1346,42,+8.0093750000000000e+01,B-
105787,1292,42,+8.6500000000000000e+01,B
105787,1285,42,+8.6062500000000000e+01,B
105787,1294,42,+7.9843750000000000e+01,C+
105787,1287,42,+8.6437500000000000e+01,B
105805,1327,42,+7.9343750000000000e+01,C+
105805,1336,42,+8.3906250000000000e+01,B
105805,1337,42,+7.9687500000000000e+01,C+
105805,1341,42,+7.4562500000000000e+01,C
105805,1343,42,+7.6000000000000000e+01,C
106478,1097,42,+8.2562500000000000e+01,B-
105824,1406,42,+8.9187500000000000e+01,B+
105824,1399,42,+8.5281250000000000e+01,B
105824,1407,42,+8.8250000000000000e+01,B+
105824,1401,42,+8.4062500000000000e+01,B
105824,1409,42,+8.8062500000000000e+01,B+
105850,1293,42,+8.2781250000000000e+01,B-
105850,1294,42,+8.2656250000000000e+01,B-
105850,1287,42,+8.2875000000000000e+01,B-
105850,1295,42,+8.3968750000000000e+01,B
105850,1296,42,+8.3906250000000000e+01,B
106484,1289,42,+8.3812500000000000e+01,B
106484,1290,42,+8.4562500000000000e+01,B
106484,1279,42,+8.9281250000000000e+01,B+
105867,1399,42,+8.9937500000000000e+01,B+
105867,1400,42,+8.9875000000000000e+01,B+
105867,1408,42,+8.9062500000000000e+01,B+
105867,1401,42,+8.6656250000000000e+01,B
105867,1409,42,+8.4437500000000000e+01,B
105869,1405,42,+9.2218750000000000e+01,A-
105869,1394,42,+9.1062500000000000e+01,A-
105869,1406,42,+9.0593750000000000e+01,A-
106485,1289,42,+8.9968750000000000e+01,B+
106485,1282,42,+8.9781250000000000e+01,B+
106485,1290,42,+8.6031250000000000e+01,B
105872,1344,42,+9.6406250000000000e+01,A
105872,1346,42,+9.4593750000000000e+01,A
105872,1351,42,+9.6437500000000000e+01,A
105872,1352,42,+9.7062500000000000e+01,A+
105895,1292,42,+9.0968750000000000e+01,A-
105895,1285,42,+9.1593750000000000e+01,A-
105895,1293,42,+9.1156250000000000e+01,A-
105895,1287,42,+8.8843750000000000e+01,B+
105895,1295,42,+8.9750000000000000e+01,B+
105906,1294,42,+8.6468750000000000e+01,B
105906,1295,42,+8.2656250000000000e+01,B-
105925,1262,42,+8.7812500000000000e+01,B+
105925,1295,42,+8.8906250000000000e+01,B+
105925,1412,42,+8.6500000000000000e+01,B
105927,1285,42,+8.4062500000000000e+01,B
105927,1293,42,+8.4062500000000000e+01,B
105927,1333,42,+8.4281250000000000e+01,B
105944,1262,42,+9.4875000000000000e+01,A
105944,1269,42,+9.7593750000000000e+01,A+
105944,1416,42,+9.1343750000000000e+01,A-
105944,1223,42,+9.9281250000000000e+01,A+
105946,1405,42,+8.4875000000000000e+01,B
105946,1394,42,+8.2468750000000000e+01,B-
105946,1406,42,+8.0812500000000000e+01,B-
105946,1399,42,+8.3531250000000000e+01,B
105950,1205,42,+8.4281250000000000e+01,B
105950,1409,42,+8.6375000000000000e+01,B
105950,1266,42,+9.0625000000000000e+01,A-
105951,1203,42,+9.0125000000000000e+01,A-
105951,1104,42,+9.1656250000000000e+01,A-
105965,1270,42,+8.1656250000000000e+01,B-
105965,1121,42,+8.6781250000000000e+01,B
105967,1327,42,+9.2218750000000000e+01,A-
105967,1263,42,+7.9218750000000000e+01,C+
105967,1115,42,+8.4625000000000000e+01,B
105967,1266,42,+9.0250000000000000e+01,A-
105967,1117,42,+9.0406250000000000e+01,A-
105972,1284,42,+9.3625000000000000e+01,A
105972,1280,42,+9.2562500000000000e+01,A-
105972,1320,42,+9.9031250000000000e+01,A+
105972,1292,42,+9.8093750000000000e+01,A+
105974,1327,42,+5.4187500000000000e+01,F
105974,1336,42,+6.0750000000000000e+01,D
105974,1339,42,+5.5593750000000000e+01,F
105989,1326,42,+9.0656250000000000e+01,A-
105989,1294,42,+9.0937500000000000e+01,A-
105989,1287,42,+8.5593750000000000e+01,B
105989,1295,42,+8.9468750000000000e+01,B+
105993,1116,42,+8.7093750000000000e+01,B+
105993,1269,42,+8.0312500000000000e+01,B-
105999,1394,42,+8.9843750000000000e+01,B+
105999,1406,42,+8.8000000000000000e+01,B+
105999,1399,42,+9.2031250000000000e+01,A-
105999,1407,42,+8.9312500000000000e+01,B+
105999,1400,42,+8.6531250000000000e+01,B
106502,1096,42,+8.7531250000000000e+01,B+
106518,1319,42,+9.0937500000000000e+01,A-
106521,1402,42,+9.2625000000000000e+01,A-
106527,1330,42,+7.2625000000000000e+01,C
106527,1323,42,+8.3250000000000000e+01,B
106527,1324,42,+7.7843750000000000e+01,C+
106527,1332,42,+8.6281250000000000e+01,B
106542,1194,42,+9.1187500000000000e+01,A-
106585,1095,42,+7.9750000000000000e+01,C+
106585,1245,42,+8.1468750000000000e+01,B-
106585,1282,42,+8.3781250000000000e+01,B
106585,1207,42,+7.9937500000000000e+01,C+
106585,1200,42,+8.0406250000000000e+01,B-
106592,1323,42,+8.5187500000000000e+01,B
106592,1258,42,+9.1906250000000000e+01,A-
106598,1322,42,+9.0093750000000000e+01,A-
106598,1331,42,+8.8437500000000000e+01,B+
106598,1324,42,+8.7562500000000000e+01,B+
106598,1394,42,+9.4218750000000000e+01,A
106616,1202,42,+8.8875000000000000e+01,B+
106616,1261,42,+8.3562500000000000e+01,B
106632,1391,42,+8.3218750000000000e+01,B
106632,1396,42,+8.8656250000000000e+01,B+
106632,1392,42,+8.7250000000000000e+01,B+
106651,1391,42,+8.3468750000000000e+01,B
106651,1403,42,+8.5687500000000000e+01,B
106651,1392,42,+8.2468750000000000e+01,B-
106651,1404,42,+8.1625000000000000e+01,B-
106651,1405,42,+8.2843750000000000e+01,B-
106660,1323,42,+8.4593750000000000e+01,B
106660,1319,42,+8.9281250000000000e+01,B+
106673,1096,42,+8.7593750000000000e+01,B+
106673,1258,42,+8.8343750000000000e+01,B+
106673,1201,42,+8.4218750000000000e+01,B
106673,1252,42,+8.8500000000000000e+01,B+
106699,1101,42,+9.1718750000000000e+01,A-
106699,1259,42,+8.8531250000000000e+01,B+
106699,1103,42,+8.3437500000000000e+01,B
106699,1253,42,+8.7593750000000000e+01,B+
106706,1194,42,+9.0562500000000000e+01,A-
106706,1251,42,+9.0656250000000000e+01,A-
106713,1277,42,+8.7781250000000000e+01,B+
106714,1289,42,+8.8187500000000000e+01,B+
106714,1282,42,+8.9125000000000000e+01,B+
106714,1279,42,+8.6125000000000000e+01,B
106718,1103,42,+8.6156250000000000e+01,B
106718,1211,42,+8.5531250000000000e+01,B
106718,1115,42,+8.8437500000000000e+01,B+
106730,1322,42,+8.9468750000000000e+01,B+
106732,1322,42,+8.7281250000000000e+01,B+
106732,1203,42,+9.2218750000000000e+01,A-
106740,1245,42,+8.4812500000000000e+01,B
106740,1096,42,+8.4937500000000000e+01,B
106740,1246,42,+8.4437500000000000e+01,B
106740,1290,42,+9.3031250000000000e+01,A
106744,1246,42,+9.5375000000000000e+01,A
106745,1249,42,+8.2781250000000000e+01,B-
106745,1200,42,+8.0718750000000000e+01,B-
106745,1096,42,+7.9375000000000000e+01,C+
106745,1101,42,+8.5687500000000000e+01,B
103924,1189,42,+7.5812500000000000e+01,C
106754,1399,42,+9.1375000000000000e+01,A-
106754,1260,42,+8.5468750000000000e+01,B
106755,1391,42,+8.0750000000000000e+01,B-
106755,1403,42,+8.7062500000000000e+01,B+
106755,1396,42,+8.6593750000000000e+01,B
106759,1282,42,+8.1750000000000000e+01,B-
106759,1290,42,+7.7187500000000000e+01,C+
106759,1283,42,+8.3937500000000000e+01,B
106759,1291,42,+8.4750000000000000e+01,B
106759,1284,42,+8.3687500000000000e+01,B
106762,1330,42,+7.9531250000000000e+01,C+
106762,1323,42,+8.7781250000000000e+01,B+
106762,1324,42,+8.0968750000000000e+01,B-
106788,1316,42,+8.2875000000000000e+01,B-
106788,1402,42,+8.0406250000000000e+01,B-
106788,1395,42,+8.7062500000000000e+01,B+
106788,1391,42,+8.6062500000000000e+01,B
106788,1403,42,+8.5593750000000000e+01,B
106792,1330,42,+8.3781250000000000e+01,B
106792,1319,42,+8.7156250000000000e+01,B+
106792,1259,42,+8.4468750000000000e+01,B
106795,1208,42,+8.4125000000000000e+01,B
106795,1097,42,+8.7781250000000000e+01,B+
106818,1200,42,+8.9750000000000000e+01,B+
106835,1290,42,+8.9687500000000000e+01,B+
106835,1283,42,+8.4125000000000000e+01,B
106835,1279,42,+9.0250000000000000e+01,A-
106838,1395,42,+8.4343750000000000e+01,B
106838,1391,42,+8.9812500000000000e+01,B+
106838,1403,42,+8.9781250000000000e+01,B+
106838,1396,42,+9.2031250000000000e+01,A-
106839,1249,42,+9.3687500000000000e+01,A
106839,1250,42,+9.2156250000000000e+01,A-
106839,1196,42,+9.5281250000000000e+01,A
103928,1380,42,+9.4312500000000000e+01,A
103928,1382,42,+8.6562500000000000e+01,B
106865,1395,42,+8.4593750000000000e+01,B
106865,1391,42,+8.4093750000000000e+01,B
106865,1396,42,+8.1062500000000000e+01,B-
106867,1319,42,+9.0625000000000000e+01,A-
106867,1320,42,+8.8718750000000000e+01,B+
106868,1330,42,+9.9125000000000000e+01,A+
106868,1283,42,+9.7781250000000000e+01,A+
106868,1319,42,+9.8406250000000000e+01,A+
106868,1324,42,+9.3343750000000000e+01,A
106868,1326,42,+1.0096875000000000e+02,A+
106871,1277,42,+9.2718750000000000e+01,A-
106871,1289,42,+9.2343750000000000e+01,A-
106871,1282,42,+9.2312500000000000e+01,A-
106879,1318,42,+8.3968750000000000e+01,B
106879,1247,42,+7.9968750000000000e+01,C+
103928,1383,42,+9.3687500000000000e+01,A
103929,1169,42,+8.3750000000000000e+01,B
106891,1396,42,+9.3312500000000000e+01,A
106891,1392,42,+9.4625000000000000e+01,A
106891,1393,42,+9.4562500000000000e+01,A
106903,1403,42,+8.4281250000000000e+01,B
106903,1396,42,+8.8250000000000000e+01,B+
106903,1392,42,+8.7125000000000000e+01,B+
106904,1095,42,+8.9437500000000000e+01,B+
106904,1101,42,+9.3093750000000000e+01,A
106904,1201,42,+8.7437500000000000e+01,B+
103929,1189,42,+9.1937500000000000e+01,A-
106916,1250,42,+9.1312500000000000e+01,A-
106916,1200,42,+8.3468750000000000e+01,B
106916,1393,42,+9.0687500000000000e+01,A-
106931,1207,42,+8.3687500000000000e+01,B
106939,1290,42,+8.3281250000000000e+01,B
106939,1279,42,+8.2937500000000000e+01,B-
106975,1319,42,+8.8843750000000000e+01,B+
106975,1324,42,+9.1593750000000000e+01,A-
106975,1325,42,+8.9531250000000000e+01,B+
106975,1326,42,+8.5250000000000000e+01,B
106993,1322,42,+8.7843750000000000e+01,B+
103939,1157,42,+8.9500000000000000e+01,B+
103939,1170,42,+9.0281250000000000e+01,A-
103939,1185,42,+8.4875000000000000e+01,B
103942,1162,42,+8.8031250000000000e+01,B+
103942,1163,42,+8.7312500000000000e+01,B+
103942,1174,42,+8.6968750000000000e+01,B
103942,1183,42,+9.0437500000000000e+01,A-
103943,1162,42,+8.4000000000000000e+01,B
103943,1172,42,+8.0093750000000000e+01,B-
103943,1176,42,+7.6687500000000000e+01,C
103943,1187,42,+8.1750000000000000e+01,B-
103948,1380,42,+9.3093750000000000e+01,A
103948,1381,42,+8.9062500000000000e+01,B+
103948,1182,42,+9.3593750000000000e+01,A
103952,1163,42,+8.6187500000000000e+01,B
103955,1187,42,+8.2437500000000000e+01,B-
103980,1166,42,+8.7406250000000000e+01,B+
103980,1182,42,+7.8781250000000000e+01,C+
103980,1190,42,+8.6000000000000000e+01,B
103980,1191,42,+8.9468750000000000e+01,B+
103989,1378,42,+9.9468750000000000e+01,A+
103989,1379,42,+9.1718750000000000e+01,A-
103989,1382,42,+9.8312500000000000e+01,A+
103989,1383,42,+9.5250000000000000e+01,A
